PLAYER_ID,PLAYER_NAME,avg(FGM),avg(FGA),avg(FG3M),avg(FG3A),avg(FTM),avg(FTA),avg(OREB),avg(DREB),avg(REB),avg(AST),avg(STL),avg(BLK),avg(TO),avg(PF),avg(PTS),avg(PLUS_MINUS),sum(FGM),sum(FGA),sum(FG3M),sum(FG3A),sum(FTM),sum(FTA),sum(OREB),sum(DREB),sum(REB),sum(AST),sum(STL),sum(BLK),sum(TO),sum(PF),sum(PTS),sum(PLUS_MINUS),sum(ifminute),avg(seconds),sum(seconds)
202328,Greg Monroe,4.9480519480519485,9.064935064935066,0.0,0.03896103896103896,2.155844155844156,2.948051948051948,2.25974025974026,4.5064935064935066,6.766233766233766,2.220779220779221,0.987012987012987,0.4675324675324675,1.8311688311688312,2.25974025974026,12.051948051948052,-0.6753246753246753,381.0,698.0,0.0,3.0,166.0,227.0,174.0,347.0,521.0,171.0,76.0,36.0,141.0,174.0,928.0,-52.0,77,1387.8831168831168,106867.0
203115,Will Barton,5.151898734177215,11.582278481012658,1.6962025316455696,4.518987341772152,2.0632911392405062,2.7468354430379747,0.8987341772151899,3.670886075949367,4.569620253164557,3.8734177215189876,0.9620253164556962,0.569620253164557,1.5949367088607596,1.8860759493670887,14.063291139240507,-0.3670886075949367,407.0,915.0,134.0,357.0,163.0,217.0,71.0,290.0,361.0,306.0,76.0,45.0,126.0,149.0,1111.0,-29.0,79,1741.8101265822784,137603.0
1628470,Torrey Craig,1.0,2.5384615384615383,0.5384615384615384,1.6923076923076923,0.8461538461538461,1.0,0.3076923076923077,2.076923076923077,2.3846153846153846,0.7692307692307693,0.23076923076923078,0.23076923076923078,0.6923076923076923,1.5384615384615385,3.3846153846153846,-2.0,13.0,33.0,7.0,22.0,11.0,13.0,4.0,27.0,31.0,10.0,3.0,3.0,9.0,20.0,44.0,-26.0,13,837.0769230769231,10882.0
203895,Jordan McRae,1.411764705882353,3.3529411764705883,0.47058823529411764,1.5294117647058822,0.6470588235294118,0.8235294117647058,0.17647058823529413,0.7058823529411765,0.8823529411764706,0.35294117647058826,0.17647058823529413,0.17647058823529413,0.4117647058823529,0.7647058823529411,3.9411764705882355,-1.411764705882353,24.0,57.0,8.0,26.0,11.0,14.0,3.0,12.0,15.0,6.0,3.0,3.0,7.0,13.0,67.0,-24.0,17,596.8235294117648,10146.0
