PLAYER_ID,PLAYER_NAME,avg(FGM),avg(FGA),avg(FG3M),avg(FG3A),avg(FTM),avg(FTA),avg(OREB),avg(DREB),avg(REB),avg(AST),avg(STL),avg(BLK),avg(TO),avg(PF),avg(PTS),avg(PLUS_MINUS),sum(FGM),sum(FGA),sum(FG3M),sum(FG3A),sum(FTM),sum(FTA),sum(OREB),sum(DREB),sum(REB),sum(AST),sum(STL),sum(BLK),sum(TO),sum(PF),sum(PTS),sum(PLUS_MINUS),sum(ifminute),avg(seconds),sum(seconds)
201628,Bobby Brown,1.1818181818181819,3.022727272727273,0.7045454545454546,2.0,0.06818181818181818,0.09090909090909091,0.0,0.29545454545454547,0.29545454545454547,0.6136363636363636,0.13636363636363635,0.0,0.3181818181818182,0.25,3.1363636363636362,-2.0,52.0,133.0,31.0,88.0,3.0,4.0,0.0,13.0,13.0,27.0,6.0,0.0,14.0,11.0,138.0,-88.0,44,330.8636363636364,14558.0
1626175,Jordan Mickey,1.358974358974359,2.8461538461538463,0.10256410256410256,0.5128205128205128,0.48717948717948717,0.7435897435897436,0.6923076923076923,2.1794871794871793,2.871794871794872,0.358974358974359,0.2564102564102564,0.48717948717948717,0.6666666666666666,1.1025641025641026,3.3076923076923075,-0.717948717948718,53.0,111.0,4.0,20.0,19.0,29.0,27.0,85.0,112.0,14.0,10.0,19.0,26.0,43.0,129.0,-28.0,39,598.7179487179487,23350.0
202704,Reggie Jackson,5.45945945945946,12.662162162162161,1.2297297297297298,3.5405405405405403,2.189189189189189,2.5675675675675675,0.5675675675675675,1.9189189189189189,2.4864864864864864,5.22972972972973,0.6621621621621622,0.08108108108108109,2.22972972972973,2.2162162162162162,14.337837837837839,-3.1486486486486487,404.0,937.0,91.0,262.0,162.0,190.0,42.0,142.0,184.0,387.0,49.0,6.0,165.0,164.0,1061.0,-233.0,74,1628.418918918919,120503.0
