PLAYER_ID,PLAYER_NAME,avg(FGM),avg(FGA),avg(FG3M),avg(FG3A),avg(FTM),avg(FTA),avg(OREB),avg(DREB),avg(REB),avg(AST),avg(STL),avg(BLK),avg(TO),avg(PF),avg(PTS),avg(PLUS_MINUS),sum(FGM),sum(FGA),sum(FG3M),sum(FG3A),sum(FTM),sum(FTA),sum(OREB),sum(DREB),sum(REB),sum(AST),sum(STL),sum(BLK),sum(TO),sum(PF),sum(PTS),sum(PLUS_MINUS),sum(ifminute),avg(seconds),sum(seconds)
202348,Jordan Crawford,3.0,6.5,1.3,3.4,0.5,0.5,0.3,1.1,1.4,2.0,0.2,0.2,1.1,1.2,7.8,-5.7,30.0,65.0,13.0,34.0,5.0,5.0,3.0,11.0,14.0,20.0,2.0,2.0,11.0,12.0,78.0,-57.0,10,752.8,7528.0
200768,Kyle Lowry,5.195652173913044,11.91304347826087,2.989130434782609,7.423913043478261,2.9782608695652173,3.5,0.7391304347826086,4.554347826086956,5.293478260869565,6.978260869565218,1.1304347826086956,0.20652173913043478,2.4130434782608696,2.608695652173913,16.358695652173914,4.369565217391305,478.0,1096.0,275.0,683.0,274.0,322.0,68.0,419.0,487.0,642.0,104.0,19.0,222.0,240.0,1505.0,402.0,92,1938.9021739130435,178379.0
201599,DeAndre Jordan,4.814814814814815,7.432098765432099,0.0,0.0,2.382716049382716,4.1234567901234565,4.1234567901234565,10.901234567901234,15.024691358024691,1.4814814814814814,0.5185185185185185,0.8765432098765432,1.7654320987654322,2.654320987654321,12.012345679012345,-1.3703703703703705,390.0,602.0,0.0,0.0,193.0,334.0,334.0,883.0,1217.0,120.0,42.0,71.0,143.0,215.0,973.0,-111.0,81,1865.5432098765432,151109.0
1628372,Dennis Smith Jr.,5.72,14.453333333333333,1.5466666666666666,4.8133333333333335,1.8533333333333333,2.68,0.7066666666666667,2.96,3.6666666666666665,5.093333333333334,1.0533333333333332,0.26666666666666666,2.7733333333333334,2.1333333333333333,14.84,-4.613333333333333,429.0,1084.0,116.0,361.0,139.0,201.0,53.0,222.0,275.0,382.0,79.0,20.0,208.0,160.0,1113.0,-346.0,75,1731.1866666666667,129839.0
1628491,Derek Willis,1.0,2.0,1.0,1.0,0.0,0.0,0.0,1.0,1.0,0.0,0.0,1.0,0.0,0.0,3.0,5.0,1.0,2.0,1.0,1.0,0.0,0.0,0.0,1.0,1.0,0.0,0.0,1.0,0.0,0.0,3.0,5.0,1,129.0,129.0
1628241,Devin Williams,"","","","","","","","","","","","","","","","","","","","","","","","","","","","","","","","",0,"",""
