PLAYER_ID,PLAYER_NAME,avg(FGM),avg(FGA),avg(FG3M),avg(FG3A),avg(FTM),avg(FTA),avg(OREB),avg(DREB),avg(REB),avg(AST),avg(STL),avg(BLK),avg(TO),avg(PF),avg(PTS),avg(PLUS_MINUS),sum(FGM),sum(FGA),sum(FG3M),sum(FG3A),sum(FTM),sum(FTA),sum(OREB),sum(DREB),sum(REB),sum(AST),sum(STL),sum(BLK),sum(TO),sum(PF),sum(PTS),sum(PLUS_MINUS),sum(ifminute),avg(seconds),sum(seconds)
1628384,OG Anunoby,2.2906976744186047,4.77906976744186,1.0348837209302326,2.755813953488372,0.5581395348837209,0.9186046511627907,0.627906976744186,1.7906976744186047,2.4186046511627906,0.7674418604651163,0.686046511627907,0.20930232558139536,0.5930232558139535,1.8255813953488371,6.174418604651163,3.4651162790697674,197.0,411.0,89.0,237.0,48.0,79.0,54.0,154.0,208.0,66.0,59.0,18.0,51.0,157.0,531.0,298.0,86,1224.3953488372092,105298.0
203944,Julius Randle,6.079545454545454,10.977272727272727,0.13636363636363635,0.6022727272727273,3.647727272727273,5.1022727272727275,2.1363636363636362,5.806818181818182,7.943181818181818,2.4886363636363638,0.6022727272727273,0.5681818181818182,2.602272727272727,3.284090909090909,15.943181818181818,-1.25,535.0,966.0,12.0,53.0,321.0,449.0,188.0,511.0,699.0,219.0,53.0,50.0,229.0,289.0,1403.0,-110.0,88,1580.7727272727273,139108.0
