PLAYER_ID,PLAYER_NAME,avg(FGM),avg(FGA),avg(FG3M),avg(FG3A),avg(FTM),avg(FTA),avg(OREB),avg(DREB),avg(REB),avg(AST),avg(STL),avg(BLK),avg(TO),avg(PF),avg(PTS),avg(PLUS_MINUS),sum(FGM),sum(FGA),sum(FG3M),sum(FG3A),sum(FTM),sum(FTA),sum(OREB),sum(DREB),sum(REB),sum(AST),sum(STL),sum(BLK),sum(TO),sum(PF),sum(PTS),sum(PLUS_MINUS),sum(ifminute),avg(seconds),sum(seconds)
2617,Udonis Haslem,0.6875,1.25,0.0625,0.3125,0.4375,0.6875,0.5,1.4375,1.9375,0.5,0.3125,0.125,0.625,1.0625,1.875,-2.25,11.0,20.0,1.0,5.0,7.0,11.0,8.0,23.0,31.0,8.0,5.0,2.0,10.0,17.0,30.0,-36.0,16,486.6875,7787.0
1628455,Mike James,3.8285714285714287,9.628571428571428,0.8285714285714286,2.9714285714285715,2.2,2.8285714285714287,0.34285714285714286,2.3714285714285714,2.7142857142857144,3.657142857142857,0.9142857142857143,0.22857142857142856,1.4857142857142858,1.3142857142857143,10.685714285714285,-0.2571428571428571,134.0,337.0,29.0,104.0,77.0,99.0,12.0,83.0,95.0,128.0,32.0,8.0,52.0,46.0,374.0,-9.0,35,1242.7428571428572,43496.0
