PLAYER_ID,PLAYER_NAME,avg(FGM),avg(FGA),avg(FG3M),avg(FG3A),avg(FTM),avg(FTA),avg(OREB),avg(DREB),avg(REB),avg(AST),avg(STL),avg(BLK),avg(TO),avg(PF),avg(PTS),avg(PLUS_MINUS),sum(FGM),sum(FGA),sum(FG3M),sum(FG3A),sum(FTM),sum(FTA),sum(OREB),sum(DREB),sum(REB),sum(AST),sum(STL),sum(BLK),sum(TO),sum(PF),sum(PTS),sum(PLUS_MINUS),sum(ifminute),avg(seconds),sum(seconds)
203110,Draymond Green,3.9468085106382977,8.840425531914894,1.074468085106383,3.6808510638297873,1.872340425531915,2.4148936170212765,1.2553191489361701,6.9787234042553195,8.23404255319149,7.382978723404255,1.4893617021276595,1.3404255319148937,2.872340425531915,2.8617021276595747,10.840425531914894,5.425531914893617,371.0,831.0,101.0,346.0,176.0,227.0,118.0,656.0,774.0,694.0,140.0,126.0,270.0,269.0,1019.0,510.0,94,2029.6063829787233,190783.0
1627884,Derrick Jones Jr.,0.9166666666666666,2.2916666666666665,0.125,0.7916666666666666,0.6666666666666666,1.0,0.9166666666666666,0.75,1.6666666666666667,0.375,0.16666666666666666,0.5833333333333334,0.375,1.0833333333333333,2.625,-2.375,22.0,55.0,3.0,19.0,16.0,24.0,22.0,18.0,40.0,9.0,4.0,14.0,9.0,26.0,63.0,-57.0,24,673.7916666666666,16171.0
203493,Reggie Bullock,4.28125,8.78125,2.0,4.5,0.609375,0.765625,0.453125,2.0625,2.515625,1.546875,0.765625,0.203125,0.75,1.125,11.171875,0.25,274.0,562.0,128.0,288.0,39.0,49.0,29.0,132.0,161.0,99.0,49.0,13.0,48.0,72.0,715.0,16.0,64,1666.6875,106668.0
