PLAYER_ID,PLAYER_NAME,avg(FGM),avg(FGA),avg(FG3M),avg(FG3A),avg(FTM),avg(FTA),avg(OREB),avg(DREB),avg(REB),avg(AST),avg(STL),avg(BLK),avg(TO),avg(PF),avg(PTS),avg(PLUS_MINUS),sum(FGM),sum(FGA),sum(FG3M),sum(FG3A),sum(FTM),sum(FTA),sum(OREB),sum(DREB),sum(REB),sum(AST),sum(STL),sum(BLK),sum(TO),sum(PF),sum(PTS),sum(PLUS_MINUS),sum(ifminute),avg(seconds),sum(seconds)
1628454,Mike Young,0.0,0.5,0.0,0.0,0.5,1.0,1.0,1.0,2.0,0.0,0.0,0.0,0.0,0.5,0.5,-4.0,0.0,1.0,0.0,0.0,1.0,2.0,2.0,2.0,4.0,0.0,0.0,0.0,0.0,1.0,1.0,-8.0,2,294.0,588.0
101145,Monta Ellis,3.173076923076923,7.0576923076923075,0.5769230769230769,1.75,1.0192307692307692,1.5576923076923077,0.3269230769230769,2.1923076923076925,2.519230769230769,2.8846153846153846,0.9807692307692307,0.3076923076923077,1.5769230769230769,1.7884615384615385,7.9423076923076925,-0.9038461538461539,165.0,367.0,30.0,91.0,53.0,81.0,17.0,114.0,131.0,150.0,51.0,16.0,82.0,93.0,413.0,-47.0,52,1487.2692307692307,77338.0
2449,Luis Scola,1.5,3.6,0.6,1.8,0.7,0.9,1.1,2.6,3.7,1.3,0.5,0.0,0.8,1.9,4.3,0.4,15.0,36.0,6.0,18.0,7.0,9.0,11.0,26.0,37.0,13.0,5.0,0.0,8.0,19.0,43.0,4.0,10,760.3,7603.0
