PLAYER_ID,PLAYER_NAME,avg(FGM),avg(FGA),avg(FG3M),avg(FG3A),avg(FTM),avg(FTA),avg(OREB),avg(DREB),avg(REB),avg(AST),avg(STL),avg(BLK),avg(TO),avg(PF),avg(PTS),avg(PLUS_MINUS),sum(FGM),sum(FGA),sum(FG3M),sum(FG3A),sum(FTM),sum(FTA),sum(OREB),sum(DREB),sum(REB),sum(AST),sum(STL),sum(BLK),sum(TO),sum(PF),sum(PTS),sum(PLUS_MINUS),sum(ifminute),avg(seconds),sum(seconds)
1626185,Jarell Martin,1.96,4.46,0.28,0.86,0.94,1.1,1.0,2.22,3.22,0.48,0.5,0.6,0.66,2.18,5.14,-1.1,98.0,223.0,14.0,43.0,47.0,55.0,50.0,111.0,161.0,24.0,25.0,30.0,33.0,109.0,257.0,-55.0,50,906.26,45313.0
201961,Wayne Ellington,3.3,8.133333333333333,2.522222222222222,6.322222222222222,0.6555555555555556,0.7444444444444445,0.26666666666666666,1.9666666666666666,2.2333333333333334,0.9,0.5111111111111111,0.06666666666666667,0.4777777777777778,1.011111111111111,9.777777777777779,1.2444444444444445,297.0,732.0,227.0,569.0,59.0,67.0,24.0,177.0,201.0,81.0,46.0,6.0,43.0,91.0,880.0,112.0,90,1361.2555555555555,122513.0
202682,Derrick Williams,1.75,3.75,0.65,1.65,0.925,1.325,0.175,1.875,2.05,0.625,0.175,0.1,0.55,1.05,5.075,-1.6,70.0,150.0,26.0,66.0,37.0,53.0,7.0,75.0,82.0,25.0,7.0,4.0,22.0,42.0,203.0,-64.0,40,830.775,33231.0
101138,Brandon Bass,2.0625,3.65625,0.0,0.03125,1.65625,1.9375,0.90625,1.6875,2.59375,0.25,0.375,0.1875,0.5625,0.84375,5.78125,-2.03125,66.0,117.0,0.0,1.0,53.0,62.0,29.0,54.0,83.0,8.0,12.0,6.0,18.0,27.0,185.0,-65.0,32,639.21875,20455.0
