PLAYER_ID,PLAYER_NAME,avg(FGM),avg(FGA),avg(FG3M),avg(FG3A),avg(FTM),avg(FTA),avg(OREB),avg(DREB),avg(REB),avg(AST),avg(STL),avg(BLK),avg(TO),avg(PF),avg(PTS),avg(PLUS_MINUS),sum(FGM),sum(FGA),sum(FG3M),sum(FG3A),sum(FTM),sum(FTA),sum(OREB),sum(DREB),sum(REB),sum(AST),sum(STL),sum(BLK),sum(TO),sum(PF),sum(PTS),sum(PLUS_MINUS),sum(ifminute),avg(seconds),sum(seconds)
2037,Jamal Crawford,3.772727272727273,9.068181818181818,1.2613636363636365,3.7954545454545454,1.2954545454545454,1.4545454545454546,0.25,1.0795454545454546,1.3295454545454546,2.352272727272727,0.5340909090909091,0.10227272727272728,1.1931818181818181,1.1022727272727273,10.102272727272727,-1.5909090909090908,332.0,798.0,111.0,334.0,114.0,128.0,22.0,95.0,117.0,207.0,47.0,9.0,105.0,97.0,889.0,-140.0,88,1255.3295454545455,110469.0
1628403,Caleb Swanigan,1.0909090909090908,2.8484848484848486,0.06060606060606061,0.42424242424242425,0.6363636363636364,0.9696969696969697,0.8181818181818182,1.9393939393939394,2.757575757575758,0.5454545454545454,0.21212121212121213,0.09090909090909091,1.0,1.5151515151515151,2.878787878787879,0.030303030303030304,36.0,94.0,2.0,14.0,21.0,32.0,27.0,64.0,91.0,18.0,7.0,3.0,33.0,50.0,95.0,1.0,33,498.8484848484849,16462.0
2210,Richard Jefferson,0.782608695652174,2.0,0.08695652173913043,0.5217391304347826,0.4782608695652174,0.782608695652174,0.17391304347826086,1.0434782608695652,1.2173913043478262,0.782608695652174,0.17391304347826086,0.08695652173913043,0.34782608695652173,0.5217391304347826,2.130434782608696,-3.260869565217391,18.0,46.0,2.0,12.0,11.0,18.0,4.0,24.0,28.0,18.0,4.0,2.0,8.0,12.0,49.0,-75.0,23,596.7826086956521,13726.0
1627740,Henry Ellenson,1.6744186046511629,4.27906976744186,0.6046511627906976,1.744186046511628,0.7209302325581395,0.8837209302325582,0.32558139534883723,1.9069767441860466,2.2325581395348837,0.6511627906976745,0.13953488372093023,0.0,0.5581395348837209,0.627906976744186,4.674418604651163,0.46511627906976744,72.0,184.0,26.0,75.0,31.0,38.0,14.0,82.0,96.0,28.0,6.0,0.0,24.0,27.0,201.0,20.0,43,592.9302325581396,25496.0
