PLAYER_ID,PLAYER_NAME,avg(FGM),avg(FGA),avg(FG3M),avg(FG3A),avg(FTM),avg(FTA),avg(OREB),avg(DREB),avg(REB),avg(AST),avg(STL),avg(BLK),avg(TO),avg(PF),avg(PTS),avg(PLUS_MINUS),sum(FGM),sum(FGA),sum(FG3M),sum(FG3A),sum(FTM),sum(FTA),sum(OREB),sum(DREB),sum(REB),sum(AST),sum(STL),sum(BLK),sum(TO),sum(PF),sum(PTS),sum(PLUS_MINUS),sum(ifminute),avg(seconds),sum(seconds)
1627747,Caris LeVert,3.8674698795180724,8.481927710843374,1.1325301204819278,3.4457831325301207,1.6867469879518073,2.36144578313253,0.5783132530120482,3.0120481927710845,3.5903614457831323,2.927710843373494,1.0240963855421688,0.2289156626506024,1.6746987951807228,1.963855421686747,10.55421686746988,-2.253012048192771,321.0,704.0,94.0,286.0,140.0,196.0,48.0,250.0,298.0,243.0,85.0,19.0,139.0,163.0,876.0,-187.0,83,1488.0361445783133,123507.0
