PLAYER_ID,PLAYER_NAME,avg(FGM),avg(FGA),avg(FG3M),avg(FG3A),avg(FTM),avg(FTA),avg(OREB),avg(DREB),avg(REB),avg(AST),avg(STL),avg(BLK),avg(TO),avg(PF),avg(PTS),avg(PLUS_MINUS),sum(FGM),sum(FGA),sum(FG3M),sum(FG3A),sum(FTM),sum(FTA),sum(OREB),sum(DREB),sum(REB),sum(AST),sum(STL),sum(BLK),sum(TO),sum(PF),sum(PTS),sum(PLUS_MINUS),sum(ifminute),avg(seconds),sum(seconds)
201166,Aaron Brooks,1.4509803921568627,3.5098039215686274,0.6274509803921569,1.5490196078431373,0.3137254901960784,0.45098039215686275,0.19607843137254902,0.6274509803921569,0.8235294117647058,1.2941176470588236,0.19607843137254902,0.058823529411764705,0.6862745098039216,1.0784313725490196,3.843137254901961,-1.7254901960784315,74.0,179.0,32.0,79.0,16.0,23.0,10.0,32.0,42.0,66.0,10.0,3.0,35.0,55.0,196.0,-88.0,51,645.5882352941177,32925.0
1628379,Luke Kennard,2.4285714285714284,5.828571428571428,0.9714285714285714,2.3142857142857145,0.45714285714285713,0.6,0.2571428571428571,1.4,1.6571428571428573,1.1714285714285715,0.6,0.14285714285714285,0.8,1.1428571428571428,6.285714285714286,2.6857142857142855,85.0,204.0,34.0,81.0,16.0,21.0,9.0,49.0,58.0,41.0,21.0,5.0,28.0,40.0,220.0,94.0,35,1070.857142857143,37480.0
202720,Jon Leuer,3.4150943396226414,7.471698113207547,0.39622641509433965,1.5471698113207548,1.1320754716981132,1.3396226415094339,1.150943396226415,3.3962264150943398,4.547169811320755,1.2264150943396226,0.2830188679245283,0.33962264150943394,0.9433962264150944,1.830188679245283,8.358490566037736,-3.30188679245283,181.0,396.0,21.0,82.0,60.0,71.0,61.0,180.0,241.0,65.0,15.0,18.0,50.0,97.0,443.0,-175.0,53,1388.1132075471698,73570.0
202407,Elijah Millsap,0.8,2.4,0.2,0.6,0.8,1.2,0.6,0.8,1.4,0.2,0.2,0.0,0.4,0.6,2.6,1.8,4.0,12.0,1.0,3.0,4.0,6.0,3.0,4.0,7.0,1.0,1.0,0.0,2.0,3.0,13.0,9.0,5,478.2,2391.0
203199,DeQuan Jones,1.0,2.3333333333333335,0.0,0.3333333333333333,0.0,0.3333333333333333,0.0,1.3333333333333333,1.3333333333333333,0.3333333333333333,0.3333333333333333,0.0,1.0,1.0,2.0,-8.333333333333334,3.0,7.0,0.0,1.0,0.0,1.0,0.0,4.0,4.0,1.0,1.0,0.0,3.0,3.0,6.0,-25.0,3,682.3333333333334,2047.0
