PLAYER_ID,PLAYER_NAME,avg(FGM),avg(FGA),avg(FG3M),avg(FG3A),avg(FTM),avg(FTA),avg(OREB),avg(DREB),avg(REB),avg(AST),avg(STL),avg(BLK),avg(TO),avg(PF),avg(PTS),avg(PLUS_MINUS),sum(FGM),sum(FGA),sum(FG3M),sum(FG3A),sum(FTM),sum(FTA),sum(OREB),sum(DREB),sum(REB),sum(AST),sum(STL),sum(BLK),sum(TO),sum(PF),sum(PTS),sum(PLUS_MINUS),sum(ifminute),avg(seconds),sum(seconds)
1628369,Jayson Tatum,5.174757281553398,10.980582524271844,1.2815533980582525,3.1553398058252426,2.8932038834951457,3.495145631067961,0.5922330097087378,4.281553398058253,4.87378640776699,1.825242718446602,1.0679611650485437,0.6796116504854369,1.5533980582524272,2.203883495145631,14.524271844660195,4.29126213592233,533.0,1131.0,132.0,325.0,298.0,360.0,61.0,441.0,502.0,188.0,110.0,70.0,160.0,227.0,1496.0,442.0,103,1878.9320388349515,193530.0
1717,Dirk Nowitzki,4.432098765432099,9.679012345679013,1.7901234567901234,4.3580246913580245,1.2469135802469136,1.4074074074074074,0.2962962962962963,5.419753086419753,5.716049382716049,1.5802469135802468,0.5555555555555556,0.5925925925925926,0.654320987654321,1.8888888888888888,11.901234567901234,-0.48148148148148145,359.0,784.0,145.0,353.0,101.0,114.0,24.0,439.0,463.0,128.0,45.0,48.0,53.0,153.0,964.0,-39.0,81,1461.79012345679,118405.0
