PLAYER_ID,PLAYER_NAME,avg(FGM),avg(FGA),avg(FG3M),avg(FG3A),avg(FTM),avg(FTA),avg(OREB),avg(DREB),avg(REB),avg(AST),avg(STL),avg(BLK),avg(TO),avg(PF),avg(PTS),avg(PLUS_MINUS),sum(FGM),sum(FGA),sum(FG3M),sum(FG3A),sum(FTM),sum(FTA),sum(OREB),sum(DREB),sum(REB),sum(AST),sum(STL),sum(BLK),sum(TO),sum(PF),sum(PTS),sum(PLUS_MINUS),sum(ifminute),avg(seconds),sum(seconds)
201145,Jeff Green,3.5238095238095237,7.6,0.7142857142857143,2.361904761904762,2.3714285714285714,2.8,0.638095238095238,2.419047619047619,3.057142857142857,1.3428571428571427,0.5047619047619047,0.4857142857142857,0.9428571428571428,1.8095238095238095,10.133333333333333,0.7047619047619048,370.0,798.0,75.0,248.0,249.0,294.0,67.0,254.0,321.0,141.0,53.0,51.0,99.0,190.0,1064.0,74.0,105,1399.5714285714287,146955.0
202682,Derrick Williams,0.5,2.0,0.0,1.0,0.0,0.0,0.0,0.5,0.5,0.0,0.0,0.0,0.0,0.0,1.0,-2.5,1.0,4.0,0.0,2.0,0.0,0.0,0.0,1.0,1.0,0.0,0.0,0.0,0.0,0.0,2.0,-5.0,2,255.5,511.0
1627849,Daniel Ochefu,1.0,1.5,0.0,0.0,0.0,0.0,0.0,1.5,1.5,1.0,1.0,1.0,1.0,2.0,2.0,4.5,2.0,3.0,0.0,0.0,0.0,0.0,0.0,3.0,3.0,2.0,2.0,2.0,2.0,4.0,4.0,9.0,2,914.0,1828.0
