PLAYER_ID,PLAYER_NAME,avg(FGM),avg(FGA),avg(FG3M),avg(FG3A),avg(FTM),avg(FTA),avg(OREB),avg(DREB),avg(REB),avg(AST),avg(STL),avg(BLK),avg(TO),avg(PF),avg(PTS),avg(PLUS_MINUS),sum(FGM),sum(FGA),sum(FG3M),sum(FG3A),sum(FTM),sum(FTA),sum(OREB),sum(DREB),sum(REB),sum(AST),sum(STL),sum(BLK),sum(TO),sum(PF),sum(PTS),sum(PLUS_MINUS),sum(ifminute),avg(seconds),sum(seconds)
1713,Vince Carter,2.2133333333333334,5.573333333333333,1.2666666666666666,3.16,0.92,1.16,0.4533333333333333,2.04,2.493333333333333,1.52,0.6933333333333334,0.49333333333333335,0.6933333333333334,2.04,6.613333333333333,-0.4266666666666667,166.0,418.0,95.0,237.0,69.0,87.0,34.0,153.0,187.0,114.0,52.0,37.0,52.0,153.0,496.0,-32.0,75,1337.2933333333333,100297.0
203083,Andre Drummond,5.788235294117647,10.847058823529412,0.011764705882352941,0.09411764705882353,2.235294117647059,4.6117647058823525,4.694117647058824,9.870588235294118,14.564705882352941,2.235294117647059,1.5176470588235293,1.1647058823529413,2.1882352941176473,3.164705882352941,13.823529411764707,-1.611764705882353,492.0,922.0,1.0,8.0,190.0,392.0,399.0,839.0,1238.0,190.0,129.0,99.0,186.0,269.0,1175.0,-137.0,85,1858.7058823529412,157990.0
204098,Xavier Munford,"","","","","","","","","","","","","","","","","","","","","","","","","","","","","","","","",0,"",""
203138,Hollis Thompson,1.1,4.2,0.6,2.4,0.6,0.9,0.4,2.5,2.9,1.0,0.6,0.0,0.2,1.6,3.4,1.9,11.0,42.0,6.0,24.0,6.0,9.0,4.0,25.0,29.0,10.0,6.0,0.0,2.0,16.0,34.0,19.0,10,1174.0,11740.0
