PLAYER_ID,PLAYER_NAME,avg(FGM),avg(FGA),avg(FG3M),avg(FG3A),avg(FTM),avg(FTA),avg(OREB),avg(DREB),avg(REB),avg(AST),avg(STL),avg(BLK),avg(TO),avg(PF),avg(PTS),avg(PLUS_MINUS),sum(FGM),sum(FGA),sum(FG3M),sum(FG3A),sum(FTM),sum(FTA),sum(OREB),sum(DREB),sum(REB),sum(AST),sum(STL),sum(BLK),sum(TO),sum(PF),sum(PTS),sum(PLUS_MINUS),sum(ifminute),avg(seconds),sum(seconds)
203935,Marcus Smart,3.259259259259259,9.157407407407407,1.3425925925925926,4.2592592592592595,2.3055555555555554,2.9722222222222223,1.0,2.9166666666666665,3.9166666666666665,4.712962962962963,1.5277777777777777,0.5555555555555556,2.2037037037037037,2.574074074074074,10.166666666666666,2.185185185185185,352.0,989.0,145.0,460.0,249.0,321.0,108.0,315.0,423.0,509.0,165.0,60.0,238.0,278.0,1098.0,236.0,108,1806.1574074074074,195065.0
203084,Harrison Barnes,6.9655172413793105,15.10344827586207,1.0919540229885059,3.0689655172413794,3.2298850574712645,3.8850574712643677,1.0574712643678161,4.402298850574713,5.459770114942529,1.7586206896551724,0.6896551724137931,0.16091954022988506,1.4022988505747127,1.4597701149425288,18.25287356321839,-3.0229885057471266,606.0,1314.0,95.0,267.0,281.0,338.0,92.0,383.0,475.0,153.0,60.0,14.0,122.0,127.0,1588.0,-263.0,87,2063.6666666666665,179539.0
203500,Steven Adams,4.9186046511627906,8.244186046511627,0.0,0.023255813953488372,1.7325581395348837,3.0,4.116279069767442,3.86046511627907,7.976744186046512,1.0813953488372092,1.058139534883721,1.0930232558139534,1.6162790697674418,2.6511627906976742,11.569767441860465,2.4186046511627906,423.0,709.0,0.0,2.0,149.0,258.0,354.0,332.0,686.0,93.0,91.0,94.0,139.0,228.0,995.0,208.0,86,1843.3720930232557,158530.0
203918,Rodney Hood,4.694444444444445,11.73611111111111,2.1527777777777777,5.527777777777778,1.625,2.0416666666666665,0.2777777777777778,2.5833333333333335,2.861111111111111,1.4027777777777777,0.6944444444444444,0.16666666666666666,1.1805555555555556,2.125,13.166666666666666,-2.4166666666666665,338.0,845.0,155.0,398.0,117.0,147.0,20.0,186.0,206.0,101.0,50.0,12.0,85.0,153.0,948.0,-174.0,72,1561.9166666666667,112458.0
