PLAYER_ID,PLAYER_NAME,avg(FGM),avg(FGA),avg(FG3M),avg(FG3A),avg(FTM),avg(FTA),avg(OREB),avg(DREB),avg(REB),avg(AST),avg(STL),avg(BLK),avg(TO),avg(PF),avg(PTS),avg(PLUS_MINUS),sum(FGM),sum(FGA),sum(FG3M),sum(FG3A),sum(FTM),sum(FTA),sum(OREB),sum(DREB),sum(REB),sum(AST),sum(STL),sum(BLK),sum(TO),sum(PF),sum(PTS),sum(PLUS_MINUS),sum(ifminute),avg(seconds),sum(seconds)
2037,Jamal Crawford,3.989247311827957,9.56989247311828,1.2903225806451613,3.6989247311827955,1.881720430107527,2.129032258064516,0.22580645161290322,1.1397849462365592,1.3655913978494623,2.4731182795698925,0.6559139784946236,0.13978494623655913,1.4516129032258065,1.3763440860215055,11.150537634408602,-0.2903225806451613,371.0,890.0,120.0,344.0,175.0,198.0,21.0,106.0,127.0,230.0,61.0,13.0,135.0,128.0,1037.0,-27.0,93,1398.8602150537633,130094.0
203992,Bogdan Bogdanovic,3.7837837837837838,8.108108108108109,1.3243243243243243,3.5405405405405403,1.0,1.2972972972972974,0.2972972972972973,2.081081081081081,2.3783783783783785,2.4864864864864864,0.918918918918919,0.2702702702702703,1.6486486486486487,1.8108108108108107,9.891891891891891,-5.108108108108108,140.0,300.0,49.0,131.0,37.0,48.0,11.0,77.0,88.0,92.0,34.0,10.0,61.0,67.0,366.0,-189.0,37,1495.4864864864865,55333.0
201988,Patty Mills,3.298076923076923,7.836538461538462,1.7980769230769231,4.605769230769231,0.8557692307692307,1.0384615384615385,0.3076923076923077,1.5769230769230769,1.8846153846153846,3.144230769230769,0.7403846153846154,0.10576923076923077,1.2307692307692308,1.4038461538461537,9.25,2.3173076923076925,343.0,815.0,187.0,479.0,89.0,108.0,32.0,164.0,196.0,327.0,77.0,11.0,128.0,146.0,962.0,241.0,104,1389.8461538461538,144544.0
203146,Maalik Wayns,1.6666666666666667,4.666666666666667,0.8333333333333334,2.3333333333333335,0.3333333333333333,0.3333333333333333,0.16666666666666666,1.6666666666666667,1.8333333333333333,3.1666666666666665,0.16666666666666666,0.0,2.5,1.3333333333333333,4.5,3.1666666666666665,10.0,28.0,5.0,14.0,2.0,2.0,1.0,10.0,11.0,19.0,1.0,0.0,15.0,8.0,27.0,19.0,6,747.0,4482.0
2034,Mike Miller,0.375,1.1875,0.3125,1.0,0.125,0.125,0.125,2.0,2.125,1.125,0.125,0.0,0.75,0.5,1.1875,-0.625,6.0,19.0,5.0,16.0,2.0,2.0,2.0,32.0,34.0,18.0,2.0,0.0,12.0,8.0,19.0,-10.0,16,500.0,8000.0
