PLAYER_ID,PLAYER_NAME,avg(FGM),avg(FGA),avg(FG3M),avg(FG3A),avg(FTM),avg(FTA),avg(OREB),avg(DREB),avg(REB),avg(AST),avg(STL),avg(BLK),avg(TO),avg(PF),avg(PTS),avg(PLUS_MINUS),sum(FGM),sum(FGA),sum(FG3M),sum(FG3A),sum(FTM),sum(FTA),sum(OREB),sum(DREB),sum(REB),sum(AST),sum(STL),sum(BLK),sum(TO),sum(PF),sum(PTS),sum(PLUS_MINUS),sum(ifminute),avg(seconds),sum(seconds)
1627816,Alex Poythress,0.5357142857142857,1.2142857142857142,0.14285714285714285,0.42857142857142855,0.07142857142857142,0.14285714285714285,0.32142857142857145,0.5,0.8214285714285714,0.10714285714285714,0.10714285714285714,0.07142857142857142,0.07142857142857142,0.6071428571428571,1.2857142857142858,-0.9642857142857143,15.0,34.0,4.0,12.0,2.0,4.0,9.0,14.0,23.0,3.0,3.0,2.0,2.0,17.0,36.0,-27.0,28,299.0357142857143,8373.0
