PLAYER_ID,PLAYER_NAME,avg(FGM),avg(FGA),avg(FG3M),avg(FG3A),avg(FTM),avg(FTA),avg(OREB),avg(DREB),avg(REB),avg(AST),avg(STL),avg(BLK),avg(TO),avg(PF),avg(PTS),avg(PLUS_MINUS),sum(FGM),sum(FGA),sum(FG3M),sum(FG3A),sum(FTM),sum(FTA),sum(OREB),sum(DREB),sum(REB),sum(AST),sum(STL),sum(BLK),sum(TO),sum(PF),sum(PTS),sum(PLUS_MINUS),sum(ifminute),avg(seconds),sum(seconds)
1626220,Royce O'Neale,1.819277108433735,4.204819277108434,0.6385542168674698,1.819277108433735,0.8795180722891566,1.144578313253012,0.3614457831325301,3.036144578313253,3.397590361445783,1.3614457831325302,0.5662650602409639,0.25301204819277107,0.8674698795180723,1.6626506024096386,5.156626506024097,1.6746987951807228,151.0,349.0,53.0,151.0,73.0,95.0,30.0,252.0,282.0,113.0,47.0,21.0,72.0,138.0,428.0,139.0,83,1036.120481927711,85998.0
203546,Ian Clark,3.0114942528735633,6.781609195402299,0.8620689655172413,2.7011494252873565,0.6091954022988506,0.7816091954022989,0.14942528735632185,1.528735632183908,1.6781609195402298,1.4827586206896552,0.5287356321839081,0.13793103448275862,0.8045977011494253,1.6781609195402298,7.494252873563219,-0.27586206896551724,262.0,590.0,75.0,235.0,53.0,68.0,13.0,133.0,146.0,129.0,46.0,12.0,70.0,146.0,652.0,-24.0,87,1194.4942528735633,103921.0
202355,Hassan Whiteside,5.390625,9.96875,0.03125,0.03125,2.34375,3.375,3.0625,7.828125,10.890625,0.859375,0.625,1.640625,1.71875,2.5625,13.15625,-1.953125,345.0,638.0,2.0,2.0,150.0,216.0,196.0,501.0,697.0,55.0,40.0,105.0,110.0,164.0,842.0,-125.0,64,1441.859375,92279.0
1626192,Pat Connaughton,2.0,4.725274725274725,0.8901098901098901,2.5604395604395602,0.4725274725274725,0.5494505494505495,0.43956043956043955,1.4395604395604396,1.879120879120879,1.1538461538461537,0.2967032967032967,0.27472527472527475,0.5164835164835165,1.4725274725274726,5.362637362637362,1.4175824175824177,182.0,430.0,81.0,233.0,43.0,50.0,40.0,131.0,171.0,105.0,27.0,25.0,47.0,134.0,488.0,129.0,91,1084.9120879120878,98727.0
203488,Mike Muscala,2.6206896551724137,5.775862068965517,1.1206896551724137,3.103448275862069,1.103448275862069,1.206896551724138,1.0172413793103448,3.2241379310344827,4.241379310344827,0.9482758620689655,0.5689655172413793,0.4827586206896552,0.8103448275862069,1.4482758620689655,7.4655172413793105,-0.9137931034482759,152.0,335.0,65.0,180.0,64.0,70.0,59.0,187.0,246.0,55.0,33.0,28.0,47.0,84.0,433.0,-53.0,58,1172.6724137931035,68015.0
