PLAYER_ID,PLAYER_NAME,avg(FGM),avg(FGA),avg(FG3M),avg(FG3A),avg(FTM),avg(FTA),avg(OREB),avg(DREB),avg(REB),avg(AST),avg(STL),avg(BLK),avg(TO),avg(PF),avg(PTS),avg(PLUS_MINUS),sum(FGM),sum(FGA),sum(FG3M),sum(FG3A),sum(FTM),sum(FTA),sum(OREB),sum(DREB),sum(REB),sum(AST),sum(STL),sum(BLK),sum(TO),sum(PF),sum(PTS),sum(PLUS_MINUS),sum(ifminute),avg(seconds),sum(seconds)
201166,Aaron Brooks,0.8611111111111112,2.1944444444444446,0.3055555555555556,1.0,0.2777777777777778,0.4166666666666667,0.19444444444444445,0.2777777777777778,0.4722222222222222,0.6944444444444444,0.16666666666666666,0.0,0.3333333333333333,0.8611111111111112,2.3055555555555554,-2.1666666666666665,31.0,79.0,11.0,36.0,10.0,15.0,7.0,10.0,17.0,25.0,6.0,0.0,12.0,31.0,83.0,-78.0,36,355.47222222222223,12797.0
1627736,Malik Beasley,1.1791044776119404,2.8805970149253732,0.43283582089552236,1.2835820895522387,0.3283582089552239,0.5074626865671642,0.22388059701492538,0.9402985074626866,1.164179104477612,0.4626865671641791,0.2537313432835821,0.1044776119402985,0.373134328358209,0.5671641791044776,3.1194029850746268,-0.8955223880597015,79.0,193.0,29.0,86.0,22.0,34.0,15.0,63.0,78.0,31.0,17.0,7.0,25.0,38.0,209.0,-60.0,67,560.9402985074627,37583.0
1627742,Brandon Ingram,5.890625,12.703125,0.6875,1.828125,3.171875,4.65625,0.9375,4.296875,5.234375,3.75,0.765625,0.703125,2.53125,2.75,15.640625,-2.46875,377.0,813.0,44.0,117.0,203.0,298.0,60.0,275.0,335.0,240.0,49.0,45.0,162.0,176.0,1001.0,-158.0,64,1969.125,126024.0
1628494,T.J. Williams,0.6666666666666666,2.0,0.0,1.0,0.0,0.0,0.6666666666666666,0.0,0.6666666666666666,0.0,0.6666666666666666,0.3333333333333333,0.6666666666666666,1.3333333333333333,1.3333333333333333,-1.3333333333333333,2.0,6.0,0.0,3.0,0.0,0.0,2.0,0.0,2.0,0.0,2.0,1.0,2.0,4.0,4.0,-4.0,3,604.0,1812.0
