PLAYER_ID,PLAYER_NAME,avg(FGM),avg(FGA),avg(FG3M),avg(FG3A),avg(FTM),avg(FTA),avg(OREB),avg(DREB),avg(REB),avg(AST),avg(STL),avg(BLK),avg(TO),avg(PF),avg(PTS),avg(PLUS_MINUS),sum(FGM),sum(FGA),sum(FG3M),sum(FG3A),sum(FTM),sum(FTA),sum(OREB),sum(DREB),sum(REB),sum(AST),sum(STL),sum(BLK),sum(TO),sum(PF),sum(PTS),sum(PLUS_MINUS),sum(ifminute),avg(seconds),sum(seconds)
1627767,Cheick Diallo,1.8688524590163935,3.2950819672131146,0.0,0.0,0.8852459016393442,1.1967213114754098,0.8360655737704918,2.8852459016393444,3.721311475409836,0.32786885245901637,0.21311475409836064,0.3770491803278688,0.5573770491803278,1.639344262295082,4.622950819672131,-2.3114754098360657,114.0,201.0,0.0,0.0,54.0,73.0,51.0,176.0,227.0,20.0,13.0,23.0,34.0,100.0,282.0,-141.0,61,656.016393442623,40017.0
203998,Bruno Caboclo,0.75,3.0,0.3125,1.9375,0.3125,0.375,0.5,1.375,1.875,0.25,0.3125,0.3125,0.6875,0.6875,2.125,-0.625,12.0,48.0,5.0,31.0,5.0,6.0,8.0,22.0,30.0,4.0,5.0,5.0,11.0,11.0,34.0,-10.0,16,608.125,9730.0
203961,Eric Moreland,1.0,1.8985507246376812,0.0,0.0,0.15942028985507245,0.4492753623188406,1.318840579710145,3.0,4.318840579710145,1.2028985507246377,0.463768115942029,0.7536231884057971,0.6086956521739131,1.7536231884057971,2.1594202898550723,0.08695652173913043,69.0,131.0,0.0,0.0,11.0,31.0,91.0,207.0,298.0,83.0,32.0,52.0,42.0,121.0,149.0,6.0,69,741.9855072463768,51197.0
