PLAYER_ID,PLAYER_NAME,avg(FGM),avg(FGA),avg(FG3M),avg(FG3A),avg(FTM),avg(FTA),avg(OREB),avg(DREB),avg(REB),avg(AST),avg(STL),avg(BLK),avg(TO),avg(PF),avg(PTS),avg(PLUS_MINUS),sum(FGM),sum(FGA),sum(FG3M),sum(FG3A),sum(FTM),sum(FTA),sum(OREB),sum(DREB),sum(REB),sum(AST),sum(STL),sum(BLK),sum(TO),sum(PF),sum(PTS),sum(PLUS_MINUS),sum(ifminute),avg(seconds),sum(seconds)
201935,James Harden,8.666666666666666,19.947916666666668,3.5416666666666665,10.21875,9.208333333333334,10.71875,0.8020833333333334,5.770833333333333,6.572916666666667,9.791666666666666,1.7291666666666667,0.53125,5.229166666666667,2.84375,30.083333333333332,4.864583333333333,832.0,1915.0,340.0,981.0,884.0,1029.0,77.0,554.0,631.0,940.0,166.0,51.0,502.0,273.0,2888.0,467.0,96,2177.40625,209031.0
101109,Raymond Felton,2.782608695652174,6.5,0.6304347826086957,1.9891304347826086,0.5869565217391305,0.782608695652174,0.32608695652173914,2.0434782608695654,2.369565217391304,2.4782608695652173,0.717391304347826,0.1956521739130435,0.8913043478260869,1.25,6.782608695652174,-1.4673913043478262,256.0,598.0,58.0,183.0,54.0,72.0,30.0,188.0,218.0,228.0,66.0,18.0,82.0,115.0,624.0,-135.0,92,1183.141304347826,108849.0
1626195,Willy Hernangomez,3.6031746031746033,6.857142857142857,0.047619047619047616,0.2222222222222222,1.3492063492063493,2.0,2.4444444444444446,4.666666666666667,7.111111111111111,1.4761904761904763,0.6031746031746031,0.4603174603174603,1.492063492063492,2.1587301587301586,8.603174603174603,-1.0793650793650793,227.0,432.0,3.0,14.0,85.0,126.0,154.0,294.0,448.0,93.0,38.0,29.0,94.0,136.0,542.0,-68.0,63,1112.7619047619048,70104.0
201967,Dante Cunningham,2.4096385542168677,4.9879518072289155,0.891566265060241,2.5180722891566263,0.3132530120481928,0.5301204819277109,0.9397590361445783,3.0843373493975905,4.024096385542169,0.5421686746987951,0.5542168674698795,0.30120481927710846,0.3132530120481928,1.5542168674698795,6.024096385542169,-0.8554216867469879,200.0,414.0,74.0,209.0,26.0,44.0,78.0,256.0,334.0,45.0,46.0,25.0,26.0,129.0,500.0,-71.0,83,1424.5180722891566,118235.0
1627832,Fred VanVleet,1.7027027027027026,4.445945945945946,0.5945945945945946,1.6891891891891893,0.7567567567567568,0.9054054054054054,0.17567567567567569,1.4054054054054055,1.5810810810810811,1.9324324324324325,0.6486486486486487,0.13513513513513514,0.7432432432432432,1.3108108108108107,4.756756756756757,2.8783783783783785,126.0,329.0,44.0,125.0,56.0,67.0,13.0,104.0,117.0,143.0,48.0,10.0,55.0,97.0,352.0,213.0,74,773.0405405405405,57205.0
