PLAYER_ID,PLAYER_NAME,avg(FGM),avg(FGA),avg(FG3M),avg(FG3A),avg(FTM),avg(FTA),avg(OREB),avg(DREB),avg(REB),avg(AST),avg(STL),avg(BLK),avg(TO),avg(PF),avg(PTS),avg(PLUS_MINUS),sum(FGM),sum(FGA),sum(FG3M),sum(FG3A),sum(FTM),sum(FTA),sum(OREB),sum(DREB),sum(REB),sum(AST),sum(STL),sum(BLK),sum(TO),sum(PF),sum(PTS),sum(PLUS_MINUS),sum(ifminute),avg(seconds),sum(seconds)
1627780,Gary Payton II,1.4090909090909092,3.4545454545454546,0.22727272727272727,1.2727272727272727,0.5909090909090909,0.8181818181818182,0.22727272727272727,1.6818181818181819,1.9090909090909092,1.3636363636363635,0.36363636363636365,0.2727272727272727,0.7272727272727273,1.5,3.6363636363636362,-1.8181818181818181,31.0,76.0,5.0,28.0,13.0,18.0,5.0,37.0,42.0,30.0,8.0,6.0,16.0,33.0,80.0,-40.0,22,739.0454545454545,16259.0
202391,Jeremy Lin,4.586206896551724,10.931034482758621,1.7241379310344827,4.413793103448276,3.5517241379310347,4.103448275862069,0.3103448275862069,3.3793103448275863,3.689655172413793,4.551724137931035,0.896551724137931,0.3448275862068966,2.413793103448276,2.7586206896551726,14.448275862068966,0.0,133.0,317.0,50.0,128.0,103.0,119.0,9.0,98.0,107.0,132.0,26.0,10.0,70.0,80.0,419.0,0.0,29,1459.0,42311.0
1628410,Edmond Sumner,"","","","","","","","","","","","","","","","","","","","","","","","","","","","","","","","",0,"",""
