PLAYER_ID,PLAYER_NAME,avg(FGM),avg(FGA),avg(FG3M),avg(FG3A),avg(FTM),avg(FTA),avg(OREB),avg(DREB),avg(REB),avg(AST),avg(STL),avg(BLK),avg(TO),avg(PF),avg(PTS),avg(PLUS_MINUS),sum(FGM),sum(FGA),sum(FG3M),sum(FG3A),sum(FTM),sum(FTA),sum(OREB),sum(DREB),sum(REB),sum(AST),sum(STL),sum(BLK),sum(TO),sum(PF),sum(PTS),sum(PLUS_MINUS),sum(ifminute),avg(seconds),sum(seconds)
201567,Kevin Love,5.735632183908046,13.275862068965518,2.32183908045977,5.9655172413793105,3.8160919540229883,4.402298850574713,2.310344827586207,8.25287356321839,10.563218390804598,1.9655172413793103,0.8275862068965517,0.4482758620689655,1.8505747126436782,2.2758620689655173,17.60919540229885,2.6551724137931036,499.0,1155.0,202.0,519.0,332.0,383.0,201.0,718.0,919.0,171.0,72.0,39.0,161.0,198.0,1532.0,231.0,87,1813.183908045977,157747.0
202687,Bismack Biyombo,2.011111111111111,3.7666666666666666,0.0,0.011111111111111112,1.2777777777777777,2.111111111111111,1.6,4.044444444444444,5.644444444444445,0.6,0.24444444444444444,1.011111111111111,1.0222222222222221,2.2,5.3,-4.911111111111111,181.0,339.0,0.0,1.0,115.0,190.0,144.0,364.0,508.0,54.0,22.0,91.0,92.0,198.0,477.0,-442.0,90,1091.1777777777777,98206.0
1627772,Daniel Hamilton,1.5,5.75,0.25,2.0,1.75,2.0,1.25,3.25,4.5,2.75,0.0,0.0,1.75,0.75,5.0,-6.25,6.0,23.0,1.0,8.0,7.0,8.0,5.0,13.0,18.0,11.0,0.0,0.0,7.0,3.0,20.0,-25.0,4,907.5,3630.0
202620,Arinze Onuaku,0.3333333333333333,0.3333333333333333,0.0,0.0,0.0,0.0,0.6666666666666666,0.0,0.6666666666666666,0.6666666666666666,0.0,0.0,0.6666666666666666,0.0,0.6666666666666666,0.0,1.0,1.0,0.0,0.0,0.0,0.0,2.0,0.0,2.0,2.0,0.0,0.0,2.0,0.0,2.0,0.0,3,169.33333333333334,508.0
