PLAYER_ID,PLAYER_NAME,avg(FGM),avg(FGA),avg(FG3M),avg(FG3A),avg(FTM),avg(FTA),avg(OREB),avg(DREB),avg(REB),avg(AST),avg(STL),avg(BLK),avg(TO),avg(PF),avg(PTS),avg(PLUS_MINUS),sum(FGM),sum(FGA),sum(FG3M),sum(FG3A),sum(FTM),sum(FTA),sum(OREB),sum(DREB),sum(REB),sum(AST),sum(STL),sum(BLK),sum(TO),sum(PF),sum(PTS),sum(PLUS_MINUS),sum(ifminute),avg(seconds),sum(seconds)
200752,Rudy Gay,4.454545454545454,9.575757575757576,0.696969696969697,2.212121212121212,1.878787878787879,2.4545454545454546,1.303030303030303,3.8333333333333335,5.136363636363637,1.4090909090909092,0.8636363636363636,0.5909090909090909,1.3484848484848484,1.8636363636363635,11.484848484848484,1.0757575757575757,294.0,632.0,46.0,146.0,124.0,162.0,86.0,253.0,339.0,93.0,57.0,39.0,89.0,123.0,758.0,71.0,66,1341.1515151515152,88516.0
