PLAYER_ID,PLAYER_NAME,avg(FGM),avg(FGA),avg(FG3M),avg(FG3A),avg(FTM),avg(FTA),avg(OREB),avg(DREB),avg(REB),avg(AST),avg(STL),avg(BLK),avg(TO),avg(PF),avg(PTS),avg(PLUS_MINUS),sum(FGM),sum(FGA),sum(FG3M),sum(FG3A),sum(FTM),sum(FTA),sum(OREB),sum(DREB),sum(REB),sum(AST),sum(STL),sum(BLK),sum(TO),sum(PF),sum(PTS),sum(PLUS_MINUS),sum(ifminute),avg(seconds),sum(seconds)
201942,DeMar DeRozan,7.9787234042553195,17.51063829787234,1.074468085106383,3.5319148936170213,5.446808510638298,6.648936170212766,0.6914893617021277,3.148936170212766,3.8404255319148937,5.0638297872340425,1.0106382978723405,0.3191489361702128,2.1702127659574466,1.8936170212765957,22.47872340425532,4.095744680851064,750.0,1646.0,101.0,332.0,512.0,625.0,65.0,296.0,361.0,476.0,95.0,30.0,204.0,178.0,2113.0,385.0,94,2020.2978723404256,189908.0
203118,Mike Scott,3.686046511627907,6.976744186046512,0.8953488372093024,2.1511627906976742,0.7093023255813954,1.0232558139534884,0.7093023255813954,2.558139534883721,3.2674418604651163,1.0465116279069768,0.3023255813953488,0.12790697674418605,1.0930232558139534,1.9069767441860466,8.976744186046512,-0.7325581395348837,317.0,600.0,77.0,185.0,61.0,88.0,61.0,220.0,281.0,90.0,26.0,11.0,94.0,164.0,772.0,-63.0,86,1121.5116279069769,96450.0
1628411,Wes Iwundu,1.492537313432836,3.5522388059701493,0.14925373134328357,0.7761194029850746,0.6119402985074627,0.8656716417910447,0.5373134328358209,1.8656716417910448,2.4029850746268657,0.9402985074626866,0.5074626865671642,0.1791044776119403,0.5373134328358209,1.2985074626865671,3.746268656716418,-1.6567164179104477,100.0,238.0,10.0,52.0,41.0,58.0,36.0,125.0,161.0,63.0,34.0,12.0,36.0,87.0,251.0,-111.0,67,985.8805970149253,66054.0
