PLAYER_ID,PLAYER_NAME,avg(FGM),avg(FGA),avg(FG3M),avg(FG3A),avg(FTM),avg(FTA),avg(OREB),avg(DREB),avg(REB),avg(AST),avg(STL),avg(BLK),avg(TO),avg(PF),avg(PTS),avg(PLUS_MINUS),sum(FGM),sum(FGA),sum(FG3M),sum(FG3A),sum(FTM),sum(FTA),sum(OREB),sum(DREB),sum(REB),sum(AST),sum(STL),sum(BLK),sum(TO),sum(PF),sum(PTS),sum(PLUS_MINUS),sum(ifminute),avg(seconds),sum(seconds)
1626163,Frank Kaminsky,4.308641975308642,10.25925925925926,1.5308641975308641,4.333333333333333,1.5802469135802468,2.0864197530864197,0.5925925925925926,3.5555555555555554,4.148148148148148,1.8641975308641976,0.5925925925925926,0.38271604938271603,0.9135802469135802,1.7901234567901234,11.728395061728396,-1.0864197530864197,349.0,831.0,124.0,351.0,128.0,169.0,48.0,288.0,336.0,151.0,48.0,31.0,74.0,145.0,950.0,-88.0,81,1506.5061728395062,122027.0
203516,James Ennis III,2.3181818181818183,4.818181818181818,0.7159090909090909,1.9886363636363635,1.2386363636363635,1.5113636363636365,1.0681818181818181,2.7045454545454546,3.772727272727273,0.9545454545454546,0.6477272727272727,0.25,0.9545454545454546,2.159090909090909,6.590909090909091,-1.3522727272727273,204.0,424.0,63.0,175.0,109.0,133.0,94.0,238.0,332.0,84.0,57.0,22.0,84.0,190.0,580.0,-119.0,88,1364.5454545454545,120080.0
1628400,Semi Ojeleye,0.9487179487179487,2.7948717948717947,0.6923076923076923,2.051282051282051,0.38461538461538464,0.6153846153846154,0.5128205128205128,1.4871794871794872,2.0,0.20512820512820512,0.28205128205128205,0.0,0.38461538461538464,0.9487179487179487,2.9743589743589745,-2.4615384615384617,37.0,109.0,27.0,80.0,15.0,24.0,20.0,58.0,78.0,8.0,11.0,0.0,15.0,37.0,116.0,-96.0,39,872.5128205128206,34028.0
204037,Travis Wear,"","","","","","","","","","","","","","","","","","","","","","","","","","","","","","","","",0,"",""
201202,Joel Anthony,0.6153846153846154,1.0,0.0,0.0,0.23076923076923078,0.4230769230769231,0.5769230769230769,1.3846153846153846,1.9615384615384615,0.23076923076923078,0.11538461538461539,0.38461538461538464,0.2692307692307692,0.6153846153846154,1.4615384615384615,-1.0769230769230769,16.0,26.0,0.0,0.0,6.0,11.0,15.0,36.0,51.0,6.0,3.0,10.0,7.0,16.0,38.0,-28.0,26,419.5,10907.0
1628679,Daniel Dixon,0.0,0.0,0.0,0.0,2.0,2.0,0.0,1.0,1.0,0.0,0.0,0.0,0.0,0.0,2.0,2.0,0.0,0.0,0.0,0.0,2.0,2.0,0.0,1.0,1.0,0.0,0.0,0.0,0.0,0.0,2.0,2.0,1,12.0,12.0
