PLAYER_ID,PLAYER_NAME,avg(FGM),avg(FGA),avg(FG3M),avg(FG3A),avg(FTM),avg(FTA),avg(OREB),avg(DREB),avg(REB),avg(AST),avg(STL),avg(BLK),avg(TO),avg(PF),avg(PTS),avg(PLUS_MINUS),sum(FGM),sum(FGA),sum(FG3M),sum(FG3A),sum(FTM),sum(FTA),sum(OREB),sum(DREB),sum(REB),sum(AST),sum(STL),sum(BLK),sum(TO),sum(PF),sum(PTS),sum(PLUS_MINUS),sum(ifminute),avg(seconds),sum(seconds)
203505,Vander Blue,0.6,1.6,0.1,0.6,0.7,1.0,0.1,0.4,0.5,0.6,0.3,0.0,0.3,0.4,2.0,3.9,6.0,16.0,1.0,6.0,7.0,10.0,1.0,4.0,5.0,6.0,3.0,0.0,3.0,4.0,20.0,39.0,10,510.0,5100.0
1626205,Vincent Hunter,1.0,2.8333333333333335,0.0,0.3333333333333333,0.3333333333333333,0.3333333333333333,0.8333333333333334,0.8333333333333334,1.6666666666666667,0.0,0.16666666666666666,0.16666666666666666,0.16666666666666666,0.16666666666666666,2.3333333333333335,0.6666666666666666,6.0,17.0,0.0,2.0,2.0,2.0,5.0,5.0,10.0,0.0,1.0,1.0,1.0,1.0,14.0,4.0,6,248.5,1491.0
1628511,James Blackmon Jr.,1.25,3.25,0.5,1.75,0.0,0.0,0.0,1.5,1.5,0.75,0.5,0.0,0.0,0.0,3.0,2.0,5.0,13.0,2.0,7.0,0.0,0.0,0.0,6.0,6.0,3.0,2.0,0.0,0.0,0.0,12.0,8.0,4,337.25,1349.0
1628433,L.J. Peak,0.5,0.5,0.0,0.0,0.0,0.0,0.0,0.0,0.0,0.0,0.0,0.0,0.0,0.5,1.0,-2.5,1.0,1.0,0.0,0.0,0.0,0.0,0.0,0.0,0.0,0.0,0.0,0.0,0.0,1.0,2.0,-5.0,2,209.5,419.0
