PLAYER_ID,PLAYER_NAME,avg(FGM),avg(FGA),avg(FG3M),avg(FG3A),avg(FTM),avg(FTA),avg(OREB),avg(DREB),avg(REB),avg(AST),avg(STL),avg(BLK),avg(TO),avg(PF),avg(PTS),avg(PLUS_MINUS),sum(FGM),sum(FGA),sum(FG3M),sum(FG3A),sum(FTM),sum(FTA),sum(OREB),sum(DREB),sum(REB),sum(AST),sum(STL),sum(BLK),sum(TO),sum(PF),sum(PTS),sum(PLUS_MINUS),sum(ifminute),avg(seconds),sum(seconds)
1938,Manu Ginobili,2.9864864864864864,6.918918918918919,0.9594594594594594,2.9054054054054053,1.662162162162162,1.9864864864864864,0.33783783783783783,1.9864864864864864,2.324324324324324,2.5945945945945947,0.7432432432432432,0.22972972972972974,1.635135135135135,1.9594594594594594,8.594594594594595,1.1216216216216217,221.0,512.0,71.0,215.0,123.0,147.0,25.0,147.0,172.0,192.0,55.0,17.0,121.0,145.0,636.0,83.0,74,1190.554054054054,88101.0
1627780,Gary Payton II,1.4814814814814814,3.5185185185185186,0.2962962962962963,1.1851851851851851,0.4074074074074074,0.7037037037037037,0.5185185185185185,1.5925925925925926,2.111111111111111,1.0740740740740742,0.3333333333333333,0.14814814814814814,0.37037037037037035,1.3703703703703705,3.6666666666666665,0.6666666666666666,40.0,95.0,8.0,32.0,11.0,19.0,14.0,43.0,57.0,29.0,9.0,4.0,10.0,37.0,99.0,18.0,27,637.5925925925926,17215.0
