PLAYER_ID,PLAYER_NAME,avg(FGM),avg(FGA),avg(FG3M),avg(FG3A),avg(FTM),avg(FTA),avg(OREB),avg(DREB),avg(REB),avg(AST),avg(STL),avg(BLK),avg(TO),avg(PF),avg(PTS),avg(PLUS_MINUS),sum(FGM),sum(FGA),sum(FG3M),sum(FG3A),sum(FTM),sum(FTA),sum(OREB),sum(DREB),sum(REB),sum(AST),sum(STL),sum(BLK),sum(TO),sum(PF),sum(PTS),sum(PLUS_MINUS),sum(ifminute),avg(seconds),sum(seconds)
201563,Michael Beasley,5.461538461538462,10.846153846153847,0.44871794871794873,1.1666666666666667,1.6794871794871795,2.1666666666666665,1.3076923076923077,4.32051282051282,5.628205128205129,1.6923076923076923,0.5384615384615384,0.5769230769230769,1.9487179487179487,1.9871794871794872,13.051282051282051,-2.076923076923077,426.0,846.0,35.0,91.0,131.0,169.0,102.0,337.0,439.0,132.0,42.0,45.0,152.0,155.0,1018.0,-162.0,78,1346.179487179487,105002.0
1628176,LaDontae Henton,0.5,1.0,0.5,1.0,0.0,0.0,0.0,1.0,1.0,0.5,0.5,0.5,0.0,0.5,1.5,-4.5,1.0,2.0,1.0,2.0,0.0,0.0,0.0,2.0,2.0,1.0,1.0,1.0,0.0,1.0,3.0,-9.0,2,313.5,627.0
