PLAYER_ID,PLAYER_NAME,avg(FGM),avg(FGA),avg(FG3M),avg(FG3A),avg(FTM),avg(FTA),avg(OREB),avg(DREB),avg(REB),avg(AST),avg(STL),avg(BLK),avg(TO),avg(PF),avg(PTS),avg(PLUS_MINUS),sum(FGM),sum(FGA),sum(FG3M),sum(FG3A),sum(FTM),sum(FTA),sum(OREB),sum(DREB),sum(REB),sum(AST),sum(STL),sum(BLK),sum(TO),sum(PF),sum(PTS),sum(PLUS_MINUS),sum(ifminute),avg(seconds),sum(seconds)
203924,Jerami Grant,2.966666666666667,5.622222222222222,0.37777777777777777,1.3666666666666667,1.9111111111111112,2.8555555555555556,1.1,2.8222222222222224,3.922222222222222,0.7333333333333333,0.4111111111111111,0.9111111111111111,0.6777777777777778,1.9777777777777779,8.222222222222221,0.4444444444444444,267.0,506.0,34.0,123.0,172.0,257.0,99.0,254.0,353.0,66.0,37.0,82.0,61.0,178.0,740.0,40.0,90,1233.0333333333333,110973.0
1628391,D.J. Wilson,0.6923076923076923,1.5384615384615385,0.15384615384615385,0.5,0.23076923076923078,0.3076923076923077,0.19230769230769232,0.6538461538461539,0.8461538461538461,0.23076923076923078,0.15384615384615385,0.038461538461538464,0.2692307692307692,0.5384615384615384,1.7692307692307692,-2.923076923076923,18.0,40.0,4.0,13.0,6.0,8.0,5.0,17.0,22.0,6.0,4.0,1.0,7.0,14.0,46.0,-76.0,26,350.6923076923077,9118.0
203103,Perry Jones III,1.3333333333333333,4.666666666666667,0.0,1.3333333333333333,0.6666666666666666,0.6666666666666666,0.3333333333333333,2.6666666666666665,3.0,1.0,0.0,0.0,0.6666666666666666,1.6666666666666667,3.3333333333333335,-2.0,4.0,14.0,0.0,4.0,2.0,2.0,1.0,8.0,9.0,3.0,0.0,0.0,2.0,5.0,10.0,-6.0,3,913.6666666666666,2741.0
