PLAYER_ID,PLAYER_NAME,avg(FGM),avg(FGA),avg(FG3M),avg(FG3A),avg(FTM),avg(FTA),avg(OREB),avg(DREB),avg(REB),avg(AST),avg(STL),avg(BLK),avg(TO),avg(PF),avg(PTS),avg(PLUS_MINUS),sum(FGM),sum(FGA),sum(FG3M),sum(FG3A),sum(FTM),sum(FTA),sum(OREB),sum(DREB),sum(REB),sum(AST),sum(STL),sum(BLK),sum(TO),sum(PF),sum(PTS),sum(PLUS_MINUS),sum(ifminute),avg(seconds),sum(seconds)
1627854,Bryn Forbes,2.5842696629213484,6.157303370786517,1.0898876404494382,2.808988764044944,0.651685393258427,0.9662921348314607,0.15730337078651685,1.1573033707865168,1.3146067415730338,1.0112359550561798,0.3258426966292135,0.02247191011235955,0.43820224719101125,1.2808988764044944,6.910112359550562,1.6741573033707866,230.0,548.0,97.0,250.0,58.0,86.0,14.0,103.0,117.0,90.0,29.0,2.0,39.0,114.0,615.0,149.0,89,1120.7191011235955,99744.0
1628401,Derrick White,1.2916666666666667,2.625,0.4583333333333333,0.9166666666666666,0.6666666666666666,0.9166666666666666,0.20833333333333334,1.0,1.2083333333333333,0.625,0.25,0.2916666666666667,0.3333333333333333,0.5,3.7083333333333335,3.1666666666666665,31.0,63.0,11.0,22.0,16.0,22.0,5.0,24.0,29.0,15.0,6.0,7.0,8.0,12.0,89.0,76.0,24,528.0833333333334,12674.0
201229,Anthony Tolliver,2.768292682926829,5.926829268292683,1.9878048780487805,4.560975609756097,1.4024390243902438,1.7439024390243902,0.6463414634146342,2.402439024390244,3.048780487804878,1.1219512195121952,0.4268292682926829,0.25609756097560976,0.7439024390243902,1.8170731707317074,8.926829268292684,0.2073170731707317,227.0,486.0,163.0,374.0,115.0,143.0,53.0,197.0,250.0,92.0,35.0,21.0,61.0,149.0,732.0,17.0,82,1328.3536585365853,108925.0
203084,Harrison Barnes,6.925925925925926,15.506172839506172,1.5061728395061729,4.185185185185185,3.3580246913580245,4.074074074074074,0.9753086419753086,4.987654320987654,5.962962962962963,1.9259259259259258,0.6172839506172839,0.1728395061728395,1.4814814814814814,1.1975308641975309,18.71604938271605,-4.1234567901234565,561.0,1256.0,122.0,339.0,272.0,330.0,79.0,404.0,483.0,156.0,50.0,14.0,120.0,97.0,1516.0,-334.0,81,2022.8641975308642,163852.0
