PLAYER_ID,PLAYER_NAME,avg(FGM),avg(FGA),avg(FG3M),avg(FG3A),avg(FTM),avg(FTA),avg(OREB),avg(DREB),avg(REB),avg(AST),avg(STL),avg(BLK),avg(TO),avg(PF),avg(PTS),avg(PLUS_MINUS),sum(FGM),sum(FGA),sum(FG3M),sum(FG3A),sum(FTM),sum(FTA),sum(OREB),sum(DREB),sum(REB),sum(AST),sum(STL),sum(BLK),sum(TO),sum(PF),sum(PTS),sum(PLUS_MINUS),sum(ifminute),avg(seconds),sum(seconds)
202722,Davis Bertans,1.9655172413793103,4.655172413793103,1.1724137931034482,3.2528735632183907,0.6206896551724138,0.7586206896551724,0.22988505747126436,1.735632183908046,1.9655172413793103,0.9310344827586207,0.3793103448275862,0.3448275862068966,0.47126436781609193,1.2528735632183907,5.724137931034483,1.6206896551724137,171.0,405.0,102.0,283.0,54.0,66.0,20.0,151.0,171.0,81.0,33.0,30.0,41.0,109.0,498.0,141.0,87,857.4942528735633,74602.0
201967,Dante Cunningham,2.207792207792208,4.935064935064935,0.7792207792207793,2.2857142857142856,0.4025974025974026,0.6753246753246753,1.0389610389610389,2.948051948051948,3.987012987012987,0.6493506493506493,0.5324675324675324,0.38961038961038963,0.44155844155844154,1.5324675324675325,5.597402597402597,-1.5324675324675325,170.0,380.0,60.0,176.0,31.0,52.0,80.0,227.0,307.0,50.0,41.0,30.0,34.0,118.0,431.0,-118.0,77,1280.2337662337663,98578.0
202083,Wesley Matthews,4.373134328358209,10.791044776119403,2.328358208955224,6.208955223880597,1.2686567164179106,1.537313432835821,0.44776119402985076,2.716417910447761,3.1641791044776117,2.701492537313433,1.1492537313432836,0.2835820895522388,1.2985074626865671,2.208955223880597,12.343283582089553,-4.940298507462686,293.0,723.0,156.0,416.0,85.0,103.0,30.0,182.0,212.0,181.0,77.0,19.0,87.0,148.0,827.0,-331.0,67,1995.0,133665.0
