PLAYER_ID,PLAYER_NAME,avg(FGM),avg(FGA),avg(FG3M),avg(FG3A),avg(FTM),avg(FTA),avg(OREB),avg(DREB),avg(REB),avg(AST),avg(STL),avg(BLK),avg(TO),avg(PF),avg(PTS),avg(PLUS_MINUS),sum(FGM),sum(FGA),sum(FG3M),sum(FG3A),sum(FTM),sum(FTA),sum(OREB),sum(DREB),sum(REB),sum(AST),sum(STL),sum(BLK),sum(TO),sum(PF),sum(PTS),sum(PLUS_MINUS),sum(ifminute),avg(seconds),sum(seconds)
1628388,TJ Leaf,1.3333333333333333,2.736842105263158,0.38596491228070173,0.8245614035087719,0.21052631578947367,0.3157894736842105,0.5263157894736842,1.0701754385964912,1.5964912280701755,0.19298245614035087,0.08771929824561403,0.12280701754385964,0.19298245614035087,0.8596491228070176,3.263157894736842,-1.1929824561403508,76.0,156.0,22.0,47.0,12.0,18.0,30.0,61.0,91.0,11.0,5.0,7.0,11.0,49.0,186.0,-68.0,57,550.6140350877193,31385.0
1627852,Nicolas Brussino,0.7777777777777778,2.111111111111111,0.4444444444444444,1.4444444444444444,0.4444444444444444,0.4444444444444444,0.3333333333333333,1.2222222222222223,1.5555555555555556,0.3333333333333333,0.0,0.0,0.2222222222222222,0.2222222222222222,2.4444444444444446,-0.1111111111111111,7.0,19.0,4.0,13.0,4.0,4.0,3.0,11.0,14.0,3.0,0.0,0.0,2.0,2.0,22.0,-1.0,9,455.8888888888889,4103.0
