PLAYER_ID,PLAYER_NAME,avg(FGM),avg(FGA),avg(FG3M),avg(FG3A),avg(FTM),avg(FTA),avg(OREB),avg(DREB),avg(REB),avg(AST),avg(STL),avg(BLK),avg(TO),avg(PF),avg(PTS),avg(PLUS_MINUS),sum(FGM),sum(FGA),sum(FG3M),sum(FG3A),sum(FTM),sum(FTA),sum(OREB),sum(DREB),sum(REB),sum(AST),sum(STL),sum(BLK),sum(TO),sum(PF),sum(PTS),sum(PLUS_MINUS),sum(ifminute),avg(seconds),sum(seconds)
202694,Marcus Morris Sr.,5.061538461538461,12.153846153846153,1.4307692307692308,4.230769230769231,2.076923076923077,2.6615384615384614,0.9538461538461539,4.123076923076923,5.076923076923077,1.9076923076923078,0.5076923076923077,0.3076923076923077,1.0923076923076922,2.1538461538461537,13.63076923076923,-1.353846153846154,329.0,790.0,93.0,275.0,135.0,173.0,62.0,268.0,330.0,124.0,33.0,20.0,71.0,140.0,886.0,-88.0,65,1790.076923076923,116355.0
1626159,Justise Winslow,2.5454545454545454,6.090909090909091,0.5151515151515151,1.3333333333333333,0.8484848484848485,1.4545454545454546,0.9090909090909091,4.424242424242424,5.333333333333333,2.121212121212121,0.7272727272727273,0.42424242424242425,1.2424242424242424,1.878787878787879,6.454545454545454,-2.4242424242424243,84.0,201.0,17.0,44.0,28.0,48.0,30.0,146.0,176.0,70.0,24.0,14.0,41.0,62.0,213.0,-80.0,33,1377.2727272727273,45450.0
201582,Alexis Ajinca,2.3333333333333335,4.476190476190476,0.0,0.09523809523809523,0.9047619047619048,1.2380952380952381,1.1428571428571428,3.1904761904761907,4.333333333333333,0.23809523809523808,0.5714285714285714,0.42857142857142855,0.8095238095238095,2.1904761904761907,5.571428571428571,0.5238095238095238,49.0,94.0,0.0,2.0,19.0,26.0,24.0,67.0,91.0,5.0,12.0,9.0,17.0,46.0,117.0,11.0,21,888.3333333333334,18655.0
