PLAYER_ID,PLAYER_NAME,avg(FGM),avg(FGA),avg(FG3M),avg(FG3A),avg(FTM),avg(FTA),avg(OREB),avg(DREB),avg(REB),avg(AST),avg(STL),avg(BLK),avg(TO),avg(PF),avg(PTS),avg(PLUS_MINUS),sum(FGM),sum(FGA),sum(FG3M),sum(FG3A),sum(FTM),sum(FTA),sum(OREB),sum(DREB),sum(REB),sum(AST),sum(STL),sum(BLK),sum(TO),sum(PF),sum(PTS),sum(PLUS_MINUS),sum(ifminute),avg(seconds),sum(seconds)
201158,Marco Belinelli,4.186813186813187,9.626373626373626,1.8131868131868132,4.868131868131868,2.010989010989011,2.21978021978022,0.23076923076923078,1.6593406593406594,1.89010989010989,1.8681318681318682,0.8021978021978022,0.13186813186813187,1.0879120879120878,1.2197802197802199,12.197802197802197,0.13186813186813187,381.0,876.0,165.0,443.0,183.0,202.0,21.0,151.0,172.0,170.0,73.0,12.0,99.0,111.0,1110.0,12.0,91,1473.5604395604396,134094.0
201950,Jrue Holiday,7.712765957446808,15.5,1.5,4.48936170212766,2.276595744680851,2.9148936170212765,0.776595744680851,3.734042553191489,4.51063829787234,5.925531914893617,1.4574468085106382,0.7659574468085106,2.617021276595745,2.4680851063829787,19.20212765957447,3.265957446808511,725.0,1457.0,141.0,422.0,214.0,274.0,73.0,351.0,424.0,557.0,137.0,72.0,246.0,232.0,1805.0,307.0,94,2151.4893617021276,202240.0
