PLAYER_ID,PLAYER_NAME,avg(FGM),avg(FGA),avg(FG3M),avg(FG3A),avg(FTM),avg(FTA),avg(OREB),avg(DREB),avg(REB),avg(AST),avg(STL),avg(BLK),avg(TO),avg(PF),avg(PTS),avg(PLUS_MINUS),sum(FGM),sum(FGA),sum(FG3M),sum(FG3A),sum(FTM),sum(FTA),sum(OREB),sum(DREB),sum(REB),sum(AST),sum(STL),sum(BLK),sum(TO),sum(PF),sum(PTS),sum(PLUS_MINUS),sum(ifminute),avg(seconds),sum(seconds)
203506,Victor Oladipo,8.392857142857142,17.80952380952381,2.2142857142857144,5.928571428571429,3.892857142857143,4.916666666666667,0.6071428571428571,4.785714285714286,5.392857142857143,4.4523809523809526,2.3333333333333335,0.7261904761904762,2.9642857142857144,2.238095238095238,22.892857142857142,4.809523809523809,705.0,1496.0,186.0,498.0,327.0,413.0,51.0,402.0,453.0,374.0,196.0,61.0,249.0,188.0,1923.0,404.0,84,2042.952380952381,171608.0
201596,Mario Chalmers,2.5774647887323945,6.746478873239437,0.8028169014084507,2.8732394366197185,1.8591549295774648,2.183098591549296,0.19718309859154928,2.140845070422535,2.3380281690140845,2.971830985915493,1.1549295774647887,0.22535211267605634,1.8169014084507042,2.704225352112676,7.816901408450704,-0.4788732394366197,183.0,479.0,57.0,204.0,132.0,155.0,14.0,152.0,166.0,211.0,82.0,16.0,129.0,192.0,555.0,-34.0,71,1273.9014084507041,90447.0
203584,Troy Daniels,2.9759036144578315,7.337349397590361,2.3855421686746987,5.843373493975903,0.7108433734939759,0.8072289156626506,0.14457831325301204,1.4457831325301205,1.5903614457831325,0.5783132530120482,0.3253012048192771,0.060240963855421686,0.7349397590361446,1.7590361445783131,9.048192771084338,-5.072289156626506,247.0,609.0,198.0,485.0,59.0,67.0,12.0,120.0,132.0,48.0,27.0,5.0,61.0,146.0,751.0,-421.0,83,1240.44578313253,102957.0
202702,Kenneth Faried,2.5833333333333335,4.833333333333333,0.0,0.027777777777777776,1.2777777777777777,1.7777777777777777,1.9444444444444444,2.75,4.694444444444445,0.5277777777777778,0.4166666666666667,0.4722222222222222,0.75,1.5833333333333333,6.444444444444445,-1.8333333333333333,93.0,174.0,0.0,1.0,46.0,64.0,70.0,99.0,169.0,19.0,15.0,17.0,27.0,57.0,232.0,-66.0,36,872.5833333333334,31413.0
2735,Josh Childress,0.0,1.0,0.0,0.0,0.0,0.0,1.0,0.0,1.0,1.0,0.0,0.0,0.0,0.0,0.0,-9.0,0.0,1.0,0.0,0.0,0.0,0.0,1.0,0.0,1.0,1.0,0.0,0.0,0.0,0.0,0.0,-9.0,1,214.0,214.0
