PLAYER_ID,PLAYER_NAME,avg(FGM),avg(FGA),avg(FG3M),avg(FG3A),avg(FTM),avg(FTA),avg(OREB),avg(DREB),avg(REB),avg(AST),avg(STL),avg(BLK),avg(TO),avg(PF),avg(PTS),avg(PLUS_MINUS),sum(FGM),sum(FGA),sum(FG3M),sum(FG3A),sum(FTM),sum(FTA),sum(OREB),sum(DREB),sum(REB),sum(AST),sum(STL),sum(BLK),sum(TO),sum(PF),sum(PTS),sum(PLUS_MINUS),sum(ifminute),avg(seconds),sum(seconds)
202344,Trevor Booker,2.4177215189873418,4.6835443037974684,0.11392405063291139,0.46835443037974683,0.9746835443037974,1.3670886075949367,1.6329113924050633,2.962025316455696,4.594936708860759,1.1518987341772151,0.4177215189873418,0.3037974683544304,0.8607594936708861,1.8354430379746836,5.924050632911392,-0.34177215189873417,191.0,370.0,9.0,37.0,77.0,108.0,129.0,234.0,363.0,91.0,33.0,24.0,68.0,145.0,468.0,-27.0,79,984.1012658227849,77744.0
202933,Julyan Stone,0.32,0.76,0.24,0.68,0.04,0.08,0.12,1.2,1.32,1.44,0.28,0.12,0.32,0.96,0.92,1.32,8.0,19.0,6.0,17.0,1.0,2.0,3.0,30.0,33.0,36.0,7.0,3.0,8.0,24.0,23.0,33.0,25,513.8,12845.0
1627812,Yogi Ferrell,3.7954545454545454,8.863636363636363,1.6363636363636365,4.363636363636363,0.9886363636363636,1.2613636363636365,0.3181818181818182,2.659090909090909,2.977272727272727,2.4886363636363638,0.7727272727272727,0.10227272727272728,0.9772727272727273,1.8636363636363635,10.215909090909092,0.10227272727272728,334.0,780.0,144.0,384.0,87.0,111.0,28.0,234.0,262.0,219.0,68.0,9.0,86.0,164.0,899.0,9.0,88,1640.0113636363637,144321.0
202713,Kyle Singler,0.5384615384615384,1.9230769230769231,0.15384615384615385,0.46153846153846156,0.6923076923076923,1.3076923076923077,0.07692307692307693,1.0,1.0769230769230769,0.15384615384615385,0.07692307692307693,0.0,0.23076923076923078,0.3076923076923077,1.9230769230769231,0.6923076923076923,7.0,25.0,2.0,6.0,9.0,17.0,1.0,13.0,14.0,2.0,1.0,0.0,3.0,4.0,25.0,9.0,13,334.84615384615387,4353.0
