PLAYER_ID,PLAYER_NAME,avg(FGM),avg(FGA),avg(FG3M),avg(FG3A),avg(FTM),avg(FTA),avg(OREB),avg(DREB),avg(REB),avg(AST),avg(STL),avg(BLK),avg(TO),avg(PF),avg(PTS),avg(PLUS_MINUS),sum(FGM),sum(FGA),sum(FG3M),sum(FG3A),sum(FTM),sum(FTA),sum(OREB),sum(DREB),sum(REB),sum(AST),sum(STL),sum(BLK),sum(TO),sum(PF),sum(PTS),sum(PLUS_MINUS),sum(ifminute),avg(seconds),sum(seconds)
203710,C.J. Williams,1.8518518518518519,4.444444444444445,0.5555555555555556,1.8148148148148149,0.5555555555555556,0.6666666666666666,0.2962962962962963,1.2222222222222223,1.5185185185185186,1.0,0.6666666666666666,0.3333333333333333,0.5925925925925926,1.6666666666666667,4.814814814814815,-0.14814814814814814,50.0,120.0,15.0,49.0,15.0,18.0,8.0,33.0,41.0,27.0,18.0,9.0,16.0,45.0,130.0,-4.0,27,1061.9259259259259,28672.0
2561,David West,2.466666666666667,4.311111111111111,0.05555555555555555,0.15555555555555556,0.5888888888888889,0.8111111111111111,0.7444444444444445,2.577777777777778,3.3222222222222224,2.0555555555555554,0.5777777777777777,0.9222222222222223,0.9555555555555556,1.5777777777777777,5.5777777777777775,1.3888888888888888,222.0,388.0,5.0,14.0,53.0,73.0,67.0,232.0,299.0,185.0,52.0,83.0,86.0,142.0,502.0,125.0,90,795.1888888888889,71567.0
201937,Ricky Rubio,4.151162790697675,10.244186046511627,0.9651162790697675,3.1511627906976742,3.4767441860465116,3.895348837209302,0.5813953488372093,3.383720930232558,3.9651162790697674,7.674418604651163,1.6511627906976745,0.1511627906976744,3.0,2.6744186046511627,12.744186046511627,-0.37209302325581395,357.0,881.0,83.0,271.0,299.0,335.0,50.0,291.0,341.0,660.0,142.0,13.0,258.0,230.0,1096.0,-32.0,86,1890.860465116279,162614.0
