PLAYER_ID,PLAYER_NAME,avg(FGM),avg(FGA),avg(FG3M),avg(FG3A),avg(FTM),avg(FTA),avg(OREB),avg(DREB),avg(REB),avg(AST),avg(STL),avg(BLK),avg(TO),avg(PF),avg(PTS),avg(PLUS_MINUS),sum(FGM),sum(FGA),sum(FG3M),sum(FG3A),sum(FTM),sum(FTA),sum(OREB),sum(DREB),sum(REB),sum(AST),sum(STL),sum(BLK),sum(TO),sum(PF),sum(PTS),sum(PLUS_MINUS),sum(ifminute),avg(seconds),sum(seconds)
1627759,Jaylen Brown,3.61,7.7,1.05,2.87,1.5,2.39,0.74,3.35,4.09,1.04,0.72,0.27,1.28,2.3,9.77,1.13,361.0,770.0,105.0,287.0,150.0,239.0,74.0,335.0,409.0,104.0,72.0,27.0,128.0,230.0,977.0,113.0,100,1366.95,136695.0
1628416,Tyler Dorsey,0.875,2.875,0.5,1.5,0.375,0.4375,0.125,1.125,1.25,0.5625,0.125,0.125,0.625,0.4375,2.625,1.0625,14.0,46.0,8.0,24.0,6.0,7.0,2.0,18.0,20.0,9.0,2.0,2.0,10.0,7.0,42.0,17.0,16,561.0625,8977.0
204066,John Holland,1.5555555555555556,2.5555555555555554,1.1111111111111112,1.6666666666666667,0.4444444444444444,0.6666666666666666,0.0,0.5555555555555556,0.5555555555555556,0.3333333333333333,0.2222222222222222,0.0,0.5555555555555556,0.7777777777777778,4.666666666666667,-3.888888888888889,14.0,23.0,10.0,15.0,4.0,6.0,0.0,5.0,5.0,3.0,2.0,0.0,5.0,7.0,42.0,-35.0,9,563.7777777777778,5074.0
