PLAYER_ID,PLAYER_NAME,avg(FGM),avg(FGA),avg(FG3M),avg(FG3A),avg(FTM),avg(FTA),avg(OREB),avg(DREB),avg(REB),avg(AST),avg(STL),avg(BLK),avg(TO),avg(PF),avg(PTS),avg(PLUS_MINUS),sum(FGM),sum(FGA),sum(FG3M),sum(FG3A),sum(FTM),sum(FTA),sum(OREB),sum(DREB),sum(REB),sum(AST),sum(STL),sum(BLK),sum(TO),sum(PF),sum(PTS),sum(PLUS_MINUS),sum(ifminute),avg(seconds),sum(seconds)
1627835,Paul Zipser,2.050632911392405,5.2784810126582276,0.8227848101265823,2.4050632911392404,0.6455696202531646,0.8227848101265823,0.31645569620253167,2.7088607594936707,3.0253164556962027,0.9240506329113924,0.3924050632911392,0.3037974683544304,1.0,1.8987341772151898,5.569620253164557,-1.1518987341772151,162.0,417.0,65.0,190.0,51.0,65.0,25.0,214.0,239.0,73.0,31.0,24.0,79.0,150.0,440.0,-91.0,79,1174.4303797468353,92780.0
201583,Ryan Anderson,3.7906976744186047,9.19767441860465,2.4767441860465116,6.569767441860465,1.3255813953488371,1.6162790697674418,1.441860465116279,3.2209302325581395,4.662790697674419,0.8604651162790697,0.4186046511627907,0.2441860465116279,0.7441860465116279,2.0232558139534884,11.383720930232558,3.104651162790698,326.0,791.0,213.0,565.0,114.0,139.0,124.0,277.0,401.0,74.0,36.0,21.0,64.0,174.0,979.0,267.0,86,1710.6511627906978,147116.0
200782,P.J. Tucker,2.2604166666666665,5.552083333333333,1.0208333333333333,2.8958333333333335,0.71875,0.9270833333333334,1.34375,4.802083333333333,6.145833333333333,1.15625,1.21875,0.2708333333333333,0.8541666666666666,2.6770833333333335,6.260416666666667,2.625,217.0,533.0,98.0,278.0,69.0,89.0,129.0,461.0,590.0,111.0,117.0,26.0,82.0,257.0,601.0,252.0,96,1641.1145833333333,157547.0
1628469,Antonio Blakeney,2.2941176470588234,6.470588235294118,0.5882352941176471,2.235294117647059,1.0,1.411764705882353,0.17647058823529413,1.3529411764705883,1.5294117647058822,0.5882352941176471,0.11764705882352941,0.0,0.5294117647058824,0.8235294117647058,6.176470588235294,-5.0588235294117645,39.0,110.0,10.0,38.0,17.0,24.0,3.0,23.0,26.0,10.0,2.0,0.0,9.0,14.0,105.0,-86.0,17,780.0,13260.0
2564,Boris Diaw,2.0338983050847457,4.423728813559322,0.2711864406779661,1.0508474576271187,0.4576271186440678,0.6101694915254238,0.559322033898305,1.4576271186440677,2.016949152542373,2.2542372881355934,0.3389830508474576,0.2033898305084746,1.0,1.0169491525423728,4.796610169491525,-0.3559322033898305,120.0,261.0,16.0,62.0,27.0,36.0,33.0,86.0,119.0,133.0,20.0,12.0,59.0,60.0,283.0,-21.0,59,981.9830508474577,57937.0
