PLAYER_ID,PLAYER_NAME,avg(FGM),avg(FGA),avg(FG3M),avg(FG3A),avg(FTM),avg(FTA),avg(OREB),avg(DREB),avg(REB),avg(AST),avg(STL),avg(BLK),avg(TO),avg(PF),avg(PTS),avg(PLUS_MINUS),sum(FGM),sum(FGA),sum(FG3M),sum(FG3A),sum(FTM),sum(FTA),sum(OREB),sum(DREB),sum(REB),sum(AST),sum(STL),sum(BLK),sum(TO),sum(PF),sum(PTS),sum(PLUS_MINUS),sum(ifminute),avg(seconds),sum(seconds)
1626177,Dakari Johnson,0.6944444444444444,1.3333333333333333,0.0,0.0,0.3888888888888889,0.75,0.5,0.7222222222222222,1.2222222222222223,0.25,0.16666666666666666,0.25,0.16666666666666666,0.9166666666666666,1.7777777777777777,1.6111111111111112,25.0,48.0,0.0,0.0,14.0,27.0,18.0,26.0,44.0,9.0,6.0,9.0,6.0,33.0,64.0,58.0,36,331.5833333333333,11937.0
203580,Larry Drew II,0.6363636363636364,2.3636363636363638,0.2727272727272727,0.8181818181818182,0.0,0.0,0.36363636363636365,0.0,0.36363636363636365,1.0,0.09090909090909091,0.0,0.2727272727272727,0.5454545454545454,1.5454545454545454,-1.3636363636363635,7.0,26.0,3.0,9.0,0.0,0.0,4.0,0.0,4.0,11.0,1.0,0.0,3.0,6.0,17.0,-15.0,11,409.3636363636364,4503.0
