PLAYER_ID,PLAYER_NAME,avg(FGM),avg(FGA),avg(FG3M),avg(FG3A),avg(FTM),avg(FTA),avg(OREB),avg(DREB),avg(REB),avg(AST),avg(STL),avg(BLK),avg(TO),avg(PF),avg(PTS),avg(PLUS_MINUS),sum(FGM),sum(FGA),sum(FG3M),sum(FG3A),sum(FTM),sum(FTA),sum(OREB),sum(DREB),sum(REB),sum(AST),sum(STL),sum(BLK),sum(TO),sum(PF),sum(PTS),sum(PLUS_MINUS),sum(ifminute),avg(seconds),sum(seconds)
1627774,Jake Layman,0.7631578947368421,2.4473684210526314,0.3157894736842105,1.0,0.2894736842105263,0.3684210526315789,0.18421052631578946,0.6052631578947368,0.7894736842105263,0.2894736842105263,0.21052631578947367,0.13157894736842105,0.2894736842105263,0.7631578947368421,2.1315789473684212,-1.1842105263157894,29.0,93.0,12.0,38.0,11.0,14.0,7.0,23.0,30.0,11.0,8.0,5.0,11.0,29.0,81.0,-45.0,38,454.36842105263156,17266.0
2754,Tony Allen,3.0153846153846153,6.6923076923076925,0.2153846153846154,0.7538461538461538,0.7384615384615385,1.3384615384615384,1.7692307692307692,2.5846153846153848,4.3538461538461535,1.2153846153846153,1.1384615384615384,0.27692307692307694,1.2307692307692308,2.3230769230769233,6.984615384615385,-0.18461538461538463,196.0,435.0,14.0,49.0,48.0,87.0,115.0,168.0,283.0,79.0,74.0,18.0,80.0,151.0,454.0,-12.0,65,1286.0153846153846,83591.0
2225,Tony Parker,4.39344262295082,8.885245901639344,0.4262295081967213,1.1147540983606556,1.3114754098360655,1.8360655737704918,0.09836065573770492,1.8524590163934427,1.9508196721311475,4.295081967213115,0.5573770491803278,0.03278688524590164,1.4426229508196722,1.2459016393442623,10.524590163934427,2.098360655737705,268.0,542.0,26.0,68.0,80.0,112.0,6.0,113.0,119.0,262.0,34.0,2.0,88.0,76.0,642.0,128.0,61,1455.967213114754,88814.0
