PLAYER_ID,PLAYER_NAME,avg(FGM),avg(FGA),avg(FG3M),avg(FG3A),avg(FTM),avg(FTA),avg(OREB),avg(DREB),avg(REB),avg(AST),avg(STL),avg(BLK),avg(TO),avg(PF),avg(PTS),avg(PLUS_MINUS),sum(FGM),sum(FGA),sum(FG3M),sum(FG3A),sum(FTM),sum(FTA),sum(OREB),sum(DREB),sum(REB),sum(AST),sum(STL),sum(BLK),sum(TO),sum(PF),sum(PTS),sum(PLUS_MINUS),sum(ifminute),avg(seconds),sum(seconds)
201281,Andre Ingram,4.0,8.5,2.5,4.5,1.5,1.5,0.5,2.5,3.0,3.5,1.5,1.5,1.5,1.5,12.0,10.0,8.0,17.0,5.0,9.0,3.0,3.0,1.0,5.0,6.0,7.0,3.0,3.0,3.0,3.0,24.0,20.0,2,1924.0,3848.0
101112,Channing Frye,1.9473684210526316,4.105263157894737,0.7368421052631579,2.210526315789474,0.3333333333333333,0.3684210526315789,0.2631578947368421,2.456140350877193,2.719298245614035,0.7719298245614035,0.3333333333333333,0.22807017543859648,0.43859649122807015,1.368421052631579,4.964912280701754,1.4210526315789473,111.0,234.0,42.0,126.0,19.0,21.0,15.0,140.0,155.0,44.0,19.0,13.0,25.0,78.0,283.0,81.0,57,797.1052631578947,45435.0
1627746,Skal Labissiere,3.4696969696969697,7.742424242424242,0.30303030303030304,0.8939393939393939,1.5454545454545454,1.9696969696969697,1.5909090909090908,3.212121212121212,4.803030303030303,1.2424242424242424,0.45454545454545453,0.803030303030303,1.2878787878787878,2.287878787878788,8.787878787878787,-1.9393939393939394,229.0,511.0,20.0,59.0,102.0,130.0,105.0,212.0,317.0,82.0,30.0,53.0,85.0,151.0,580.0,-128.0,66,1262.4242424242425,83320.0
