PLAYER_ID,PLAYER_NAME,avg(FGM),avg(FGA),avg(FG3M),avg(FG3A),avg(FTM),avg(FTA),avg(OREB),avg(DREB),avg(REB),avg(AST),avg(STL),avg(BLK),avg(TO),avg(PF),avg(PTS),avg(PLUS_MINUS),sum(FGM),sum(FGA),sum(FG3M),sum(FG3A),sum(FTM),sum(FTA),sum(OREB),sum(DREB),sum(REB),sum(AST),sum(STL),sum(BLK),sum(TO),sum(PF),sum(PTS),sum(PLUS_MINUS),sum(ifminute),avg(seconds),sum(seconds)
203504,Trey Burke,5.361111111111111,10.666666666666666,1.0555555555555556,2.9166666666666665,1.0277777777777777,1.5833333333333333,0.3611111111111111,1.6111111111111112,1.9722222222222223,4.722222222222222,0.6666666666666666,0.1111111111111111,1.1944444444444444,1.1944444444444444,12.805555555555555,-2.25,193.0,384.0,38.0,105.0,37.0,57.0,13.0,58.0,71.0,170.0,24.0,4.0,43.0,43.0,461.0,-81.0,36,1307.75,47079.0
1626156,D'Angelo Russell,5.865384615384615,14.134615384615385,1.8461538461538463,5.673076923076923,2.019230769230769,2.730769230769231,0.5961538461538461,3.2115384615384617,3.8076923076923075,5.076923076923077,0.8653846153846154,0.36538461538461536,3.0,1.9230769230769231,15.596153846153847,-2.923076923076923,305.0,735.0,96.0,295.0,105.0,142.0,31.0,167.0,198.0,264.0,45.0,19.0,156.0,100.0,811.0,-152.0,52,1533.5192307692307,79743.0
1628517,Luke Petrasek,"","","","","","","","","","","","","","","","","","","","","","","","","","","","","","","","",0,"",""
