PLAYER_ID,PLAYER_NAME,avg(FGM),avg(FGA),avg(FG3M),avg(FG3A),avg(FTM),avg(FTA),avg(OREB),avg(DREB),avg(REB),avg(AST),avg(STL),avg(BLK),avg(TO),avg(PF),avg(PTS),avg(PLUS_MINUS),sum(FGM),sum(FGA),sum(FG3M),sum(FG3A),sum(FTM),sum(FTA),sum(OREB),sum(DREB),sum(REB),sum(AST),sum(STL),sum(BLK),sum(TO),sum(PF),sum(PTS),sum(PLUS_MINUS),sum(ifminute),avg(seconds),sum(seconds)
203948,Johnny O'Bryant III,1.894736842105263,4.5,0.3157894736842105,1.0,0.6578947368421053,0.8157894736842105,0.9210526315789473,1.5789473684210527,2.5,0.5,0.21052631578947367,0.13157894736842105,0.631578947368421,1.1842105263157894,4.7631578947368425,-2.1052631578947367,72.0,171.0,12.0,38.0,25.0,31.0,35.0,60.0,95.0,19.0,8.0,5.0,24.0,45.0,181.0,-80.0,38,607.1842105263158,23073.0
204014,Damjan Rudez,0.6071428571428571,1.8214285714285714,0.35714285714285715,1.2857142857142858,0.0,0.0,0.0,0.35714285714285715,0.35714285714285715,0.4642857142857143,0.14285714285714285,0.03571428571428571,0.07142857142857142,0.5357142857142857,1.5714285714285714,-1.9285714285714286,17.0,51.0,10.0,36.0,0.0,0.0,0.0,10.0,10.0,13.0,4.0,1.0,2.0,15.0,44.0,-54.0,28,387.32142857142856,10845.0
202730,Lavoy Allen,1.5675675675675675,2.945945945945946,0.0,0.0,0.5135135135135135,0.7297297297297297,2.0,2.081081081081081,4.081081081081081,0.8378378378378378,0.2972972972972973,0.43243243243243246,0.5945945945945946,1.2432432432432432,3.6486486486486487,0.0,58.0,109.0,0.0,0.0,19.0,27.0,74.0,77.0,151.0,31.0,11.0,16.0,22.0,46.0,135.0,0.0,37,855.027027027027,31636.0
