PLAYER_ID,PLAYER_NAME,avg(FGM),avg(FGA),avg(FG3M),avg(FG3A),avg(FTM),avg(FTA),avg(OREB),avg(DREB),avg(REB),avg(AST),avg(STL),avg(BLK),avg(TO),avg(PF),avg(PTS),avg(PLUS_MINUS),sum(FGM),sum(FGA),sum(FG3M),sum(FG3A),sum(FTM),sum(FTA),sum(OREB),sum(DREB),sum(REB),sum(AST),sum(STL),sum(BLK),sum(TO),sum(PF),sum(PTS),sum(PLUS_MINUS),sum(ifminute),avg(seconds),sum(seconds)
200826,J.J. Barea,4.075757575757576,9.363636363636363,1.6515151515151516,4.348484848484849,1.0454545454545454,1.393939393939394,0.21212121212121213,2.4393939393939394,2.6515151515151514,5.7727272727272725,0.45454545454545453,0.030303030303030304,1.9242424242424243,1.1363636363636365,10.848484848484848,1.0606060606060606,269.0,618.0,109.0,287.0,69.0,92.0,14.0,161.0,175.0,381.0,30.0,2.0,127.0,75.0,716.0,70.0,66,1264.8181818181818,83478.0
203463,Ben McLemore,3.0892857142857144,7.142857142857143,1.2142857142857142,3.0535714285714284,1.1428571428571428,1.5,0.375,2.0892857142857144,2.4642857142857144,0.9285714285714286,0.5,0.16071428571428573,1.0535714285714286,2.2857142857142856,8.535714285714286,-2.4107142857142856,173.0,400.0,68.0,171.0,64.0,84.0,21.0,117.0,138.0,52.0,28.0,9.0,59.0,128.0,478.0,-135.0,56,1186.767857142857,66459.0
202339,Eric Bledsoe,6.174603174603175,14.555555555555555,1.6031746031746033,4.825396825396825,5.380952380952381,6.5396825396825395,0.6825396825396826,3.5396825396825395,4.222222222222222,5.761904761904762,1.6031746031746033,0.5555555555555556,3.2857142857142856,2.2063492063492065,19.333333333333332,-0.3492063492063492,389.0,917.0,101.0,304.0,339.0,412.0,43.0,223.0,266.0,363.0,101.0,35.0,207.0,139.0,1218.0,-22.0,63,1917.126984126984,120779.0
203481,Jeff Withey,1.0909090909090908,2.3181818181818183,0.11363636363636363,0.4318181818181818,0.5227272727272727,0.75,0.9772727272727273,1.25,2.227272727272727,0.1590909090909091,0.25,0.4318181818181818,0.25,0.8863636363636364,2.8181818181818183,1.0,48.0,102.0,5.0,19.0,23.0,33.0,43.0,55.0,98.0,7.0,11.0,19.0,11.0,39.0,124.0,44.0,44,444.15909090909093,19543.0
