PLAYER_ID,PLAYER_NAME,avg(FGM),avg(FGA),avg(FG3M),avg(FG3A),avg(FTM),avg(FTA),avg(OREB),avg(DREB),avg(REB),avg(AST),avg(STL),avg(BLK),avg(TO),avg(PF),avg(PTS),avg(PLUS_MINUS),sum(FGM),sum(FGA),sum(FG3M),sum(FG3A),sum(FTM),sum(FTA),sum(OREB),sum(DREB),sum(REB),sum(AST),sum(STL),sum(BLK),sum(TO),sum(PF),sum(PTS),sum(PLUS_MINUS),sum(ifminute),avg(seconds),sum(seconds)
201160,Jason Smith,2.3026315789473686,4.723684210526316,0.6052631578947368,1.5921052631578947,0.6578947368421053,0.881578947368421,0.868421052631579,2.4210526315789473,3.289473684210526,0.4605263157894737,0.23684210526315788,0.7368421052631579,0.7105263157894737,2.1184210526315788,5.868421052631579,-0.02631578947368421,175.0,359.0,46.0,121.0,50.0,67.0,66.0,184.0,250.0,35.0,18.0,56.0,54.0,161.0,446.0,-2.0,76,874.8947368421053,66492.0
