PLAYER_ID,PLAYER_NAME,avg(FGM),avg(FGA),avg(FG3M),avg(FG3A),avg(FTM),avg(FTA),avg(OREB),avg(DREB),avg(REB),avg(AST),avg(STL),avg(BLK),avg(TO),avg(PF),avg(PTS),avg(PLUS_MINUS),sum(FGM),sum(FGA),sum(FG3M),sum(FG3A),sum(FTM),sum(FTA),sum(OREB),sum(DREB),sum(REB),sum(AST),sum(STL),sum(BLK),sum(TO),sum(PF),sum(PTS),sum(PLUS_MINUS),sum(ifminute),avg(seconds),sum(seconds)
1627362,Briante Weber,1.096774193548387,2.5483870967741935,0.12903225806451613,0.4838709677419355,0.45161290322580644,0.6774193548387096,0.3225806451612903,0.967741935483871,1.2903225806451613,1.0,0.5806451612903226,0.0967741935483871,0.4838709677419355,1.0,2.774193548387097,-2.5161290322580645,34.0,79.0,4.0,15.0,14.0,21.0,10.0,30.0,40.0,31.0,18.0,3.0,15.0,31.0,86.0,-78.0,31,586.1290322580645,18170.0
