PLAYER_ID,PLAYER_NAME,avg(FGM),avg(FGA),avg(FG3M),avg(FG3A),avg(FTM),avg(FTA),avg(OREB),avg(DREB),avg(REB),avg(AST),avg(STL),avg(BLK),avg(TO),avg(PF),avg(PTS),avg(PLUS_MINUS),sum(FGM),sum(FGA),sum(FG3M),sum(FG3A),sum(FTM),sum(FTA),sum(OREB),sum(DREB),sum(REB),sum(AST),sum(STL),sum(BLK),sum(TO),sum(PF),sum(PTS),sum(PLUS_MINUS),sum(ifminute),avg(seconds),sum(seconds)
1628380,Zach Collins,1.8533333333333333,4.64,0.5333333333333333,1.7733333333333334,0.56,0.8666666666666667,0.7466666666666667,2.6666666666666665,3.4133333333333336,0.8266666666666667,0.26666666666666666,0.4666666666666667,0.88,2.0933333333333333,4.8,0.16,139.0,348.0,40.0,133.0,42.0,65.0,56.0,200.0,256.0,62.0,20.0,35.0,66.0,157.0,360.0,12.0,75,977.6666666666666,73325.0
203687,Reggie Hearn,0.25,0.5,0.25,0.5,0.0,0.0,0.0,0.0,0.0,0.0,0.0,0.0,0.0,0.0,0.75,-1.0,1.0,2.0,1.0,2.0,0.0,0.0,0.0,0.0,0.0,0.0,0.0,0.0,0.0,0.0,3.0,-4.0,4,119.25,477.0
1627762,Joel Bolomboy,1.0,1.5,0.125,0.375,0.75,1.125,1.125,1.25,2.375,0.375,0.25,0.0,0.375,1.0,2.875,-0.75,8.0,12.0,1.0,3.0,6.0,9.0,9.0,10.0,19.0,3.0,2.0,0.0,3.0,8.0,23.0,-6.0,8,405.625,3245.0
