PLAYER_ID,PLAYER_NAME,avg(FGM),avg(FGA),avg(FG3M),avg(FG3A),avg(FTM),avg(FTA),avg(OREB),avg(DREB),avg(REB),avg(AST),avg(STL),avg(BLK),avg(TO),avg(PF),avg(PTS),avg(PLUS_MINUS),sum(FGM),sum(FGA),sum(FG3M),sum(FG3A),sum(FTM),sum(FTA),sum(OREB),sum(DREB),sum(REB),sum(AST),sum(STL),sum(BLK),sum(TO),sum(PF),sum(PTS),sum(PLUS_MINUS),sum(ifminute),avg(seconds),sum(seconds)
200757,Thabo Sefolosha,3.0,6.195121951219512,0.7804878048780488,2.1219512195121952,1.0731707317073171,1.3170731707317074,0.7317073170731707,3.3902439024390243,4.121951219512195,0.8536585365853658,1.3414634146341464,0.3170731707317073,0.8780487804878049,1.5853658536585367,7.853658536585366,0.9512195121951219,123.0,254.0,32.0,87.0,44.0,54.0,30.0,139.0,169.0,35.0,55.0,13.0,36.0,65.0,322.0,39.0,41,1236.0243902439024,50677.0
