PLAYER_ID,PLAYER_NAME,avg(FGM),avg(FGA),avg(FG3M),avg(FG3A),avg(FTM),avg(FTA),avg(OREB),avg(DREB),avg(REB),avg(AST),avg(STL),avg(BLK),avg(TO),avg(PF),avg(PTS),avg(PLUS_MINUS),sum(FGM),sum(FGA),sum(FG3M),sum(FG3A),sum(FTM),sum(FTA),sum(OREB),sum(DREB),sum(REB),sum(AST),sum(STL),sum(BLK),sum(TO),sum(PF),sum(PTS),sum(PLUS_MINUS),sum(ifminute),avg(seconds),sum(seconds)
2747,JR Smith,2.943396226415094,7.613207547169812,1.7830188679245282,4.839622641509434,0.5377358490566038,0.7547169811320755,0.37735849056603776,2.4716981132075473,2.849056603773585,1.669811320754717,0.8584905660377359,0.14150943396226415,0.9811320754716981,2.0660377358490565,8.20754716981132,-1.0754716981132075,312.0,807.0,189.0,513.0,57.0,80.0,40.0,262.0,302.0,177.0,91.0,15.0,104.0,219.0,870.0,-114.0,106,1707.311320754717,180975.0
1627747,Caris LeVert,4.506849315068493,10.315068493150685,1.178082191780822,3.4657534246575343,1.9452054794520548,2.7260273972602738,0.7534246575342466,2.904109589041096,3.6575342465753424,4.123287671232877,1.1369863013698631,0.3013698630136986,2.136986301369863,2.232876712328767,12.136986301369863,-3.5342465753424657,329.0,753.0,86.0,253.0,142.0,199.0,55.0,212.0,267.0,301.0,83.0,22.0,156.0,163.0,886.0,-258.0,73,1565.2054794520548,114260.0
1626780,Jonathan Gibson,3.5,5.75,1.5,3.0,0.0,0.0,0.0,0.75,0.75,1.0,0.0,0.0,0.75,1.25,8.5,-0.25,14.0,23.0,6.0,12.0,0.0,0.0,0.0,3.0,3.0,4.0,0.0,0.0,3.0,5.0,34.0,-1.0,4,599.0,2396.0
