PLAYER_ID,PLAYER_NAME,avg(FGM),avg(FGA),avg(FG3M),avg(FG3A),avg(FTM),avg(FTA),avg(OREB),avg(DREB),avg(REB),avg(AST),avg(STL),avg(BLK),avg(TO),avg(PF),avg(PTS),avg(PLUS_MINUS),sum(FGM),sum(FGA),sum(FG3M),sum(FG3A),sum(FTM),sum(FTA),sum(OREB),sum(DREB),sum(REB),sum(AST),sum(STL),sum(BLK),sum(TO),sum(PF),sum(PTS),sum(PLUS_MINUS),sum(ifminute),avg(seconds),sum(seconds)
203903,Jordan Clarkson,5.666666666666667,12.494252873563218,1.3448275862068966,4.080459770114943,1.793103448275862,2.2528735632183907,0.5862068965517241,2.3448275862068964,2.9310344827586206,2.9195402298850577,0.7931034482758621,0.05747126436781609,1.839080459770115,1.5747126436781609,14.471264367816092,-3.7241379310344827,493.0,1087.0,117.0,355.0,156.0,196.0,51.0,204.0,255.0,254.0,69.0,5.0,160.0,137.0,1259.0,-324.0,87,1591.0689655172414,138423.0
203994,Jusuf Nurkic,5.082191780821918,10.753424657534246,0.0,0.1506849315068493,2.5342465753424657,4.027397260273973,2.095890410958904,5.465753424657534,7.561643835616438,2.0547945205479454,0.7945205479452054,1.273972602739726,2.493150684931507,2.958904109589041,12.698630136986301,1.0273972602739727,371.0,785.0,0.0,11.0,185.0,294.0,153.0,399.0,552.0,150.0,58.0,93.0,182.0,216.0,927.0,75.0,73,1472.958904109589,107526.0
1628378,Donovan Mitchell,6.7631578947368425,15.473684210526315,2.1052631578947367,6.026315789473684,2.4473684210526314,2.8684210526315788,0.5526315789473685,2.6315789473684212,3.1842105263157894,3.3684210526315788,1.4473684210526316,0.42105263157894735,2.5,3.0789473684210527,18.07894736842105,0.5263157894736842,257.0,588.0,80.0,229.0,93.0,109.0,21.0,100.0,121.0,128.0,55.0,16.0,95.0,117.0,687.0,20.0,38,1827.6842105263158,69452.0
