PLAYER_ID,PLAYER_NAME,avg(FGM),avg(FGA),avg(FG3M),avg(FG3A),avg(FTM),avg(FTA),avg(OREB),avg(DREB),avg(REB),avg(AST),avg(STL),avg(BLK),avg(TO),avg(PF),avg(PTS),avg(PLUS_MINUS),sum(FGM),sum(FGA),sum(FG3M),sum(FG3A),sum(FTM),sum(FTA),sum(OREB),sum(DREB),sum(REB),sum(AST),sum(STL),sum(BLK),sum(TO),sum(PF),sum(PTS),sum(PLUS_MINUS),sum(ifminute),avg(seconds),sum(seconds)
1627875,Marcus Georges-Hunt,0.2916666666666667,0.7083333333333334,0.08333333333333333,0.25,0.4166666666666667,0.5833333333333334,0.08333333333333333,0.375,0.4583333333333333,0.25,0.16666666666666666,0.0,0.25,0.7083333333333334,1.0833333333333333,-1.7083333333333333,7.0,17.0,2.0,6.0,10.0,14.0,2.0,9.0,11.0,6.0,4.0,0.0,6.0,17.0,26.0,-41.0,24,293.1666666666667,7036.0
203498,Shabazz Muhammad,3.5135135135135136,7.351351351351352,0.5405405405405406,1.7432432432432432,1.6081081081081081,2.0945945945945947,0.972972972972973,1.662162162162162,2.635135135135135,0.4189189189189189,0.2972972972972973,0.06756756756756757,0.5540540540540541,1.1081081081081081,9.175675675675675,-2.391891891891892,260.0,544.0,40.0,129.0,119.0,155.0,72.0,123.0,195.0,31.0,22.0,5.0,41.0,82.0,679.0,-177.0,74,1066.8513513513512,78947.0
1627826,Ivica Zubac,3.0,5.5,0.0,0.09090909090909091,0.6363636363636364,1.0227272727272727,0.9318181818181818,2.9545454545454546,3.8863636363636362,0.7045454545454546,0.3181818181818182,0.8409090909090909,0.8409090909090909,1.5681818181818181,6.636363636363637,-3.227272727272727,132.0,242.0,0.0,4.0,28.0,45.0,41.0,130.0,171.0,31.0,14.0,37.0,37.0,69.0,292.0,-142.0,44,876.7045454545455,38575.0
203546,Ian Clark,2.4166666666666665,5.395833333333333,0.7916666666666666,2.2916666666666665,0.6041666666666666,0.7708333333333334,0.20833333333333334,1.3645833333333333,1.5729166666666667,1.1770833333333333,0.4791666666666667,0.0625,0.75,1.1458333333333333,6.229166666666667,-0.22916666666666666,232.0,518.0,76.0,220.0,58.0,74.0,20.0,131.0,151.0,113.0,46.0,6.0,72.0,110.0,598.0,-22.0,96,914.0,87744.0
203485,Lorenzo Brown,0.2727272727272727,1.6363636363636365,0.0,0.8181818181818182,0.18181818181818182,0.18181818181818182,0.2727272727272727,1.0,1.2727272727272727,1.0,0.2727272727272727,0.0,0.36363636363636365,0.45454545454545453,0.7272727272727273,2.0,3.0,18.0,0.0,9.0,2.0,2.0,3.0,11.0,14.0,11.0,3.0,0.0,4.0,5.0,8.0,22.0,11,400.3636363636364,4404.0
