PLAYER_ID,PLAYER_NAME,avg(FGM),avg(FGA),avg(FG3M),avg(FG3A),avg(FTM),avg(FTA),avg(OREB),avg(DREB),avg(REB),avg(AST),avg(STL),avg(BLK),avg(TO),avg(PF),avg(PTS),avg(PLUS_MINUS),sum(FGM),sum(FGA),sum(FG3M),sum(FG3A),sum(FTM),sum(FTA),sum(OREB),sum(DREB),sum(REB),sum(AST),sum(STL),sum(BLK),sum(TO),sum(PF),sum(PTS),sum(PLUS_MINUS),sum(ifminute),avg(seconds),sum(seconds)
203486,Mason Plumlee,3.0126582278481013,4.974683544303797,0.0,0.012658227848101266,1.1518987341772151,2.5063291139240507,1.8354430379746836,3.7088607594936707,5.544303797468355,1.9493670886075949,0.6455696202531646,1.0759493670886076,1.4303797468354431,2.4683544303797467,7.177215189873418,-0.31645569620253167,238.0,393.0,0.0,1.0,91.0,198.0,145.0,293.0,438.0,154.0,51.0,85.0,113.0,195.0,567.0,-25.0,79,1172.759493670886,92648.0
1628387,Ike Anigbogu,0.5833333333333334,1.0,0.0,0.0,0.5833333333333334,0.6666666666666666,0.4166666666666667,0.3333333333333333,0.75,0.16666666666666666,0.08333333333333333,0.4166666666666667,0.16666666666666666,0.08333333333333333,1.75,-1.75,7.0,12.0,0.0,0.0,7.0,8.0,5.0,4.0,9.0,2.0,1.0,5.0,2.0,1.0,21.0,-21.0,12,262.4166666666667,3149.0
1626151,Aaron Harrison,2.111111111111111,7.666666666666667,1.0,4.777777777777778,1.4444444444444444,1.8888888888888888,0.4444444444444444,2.2222222222222223,2.6666666666666665,1.2222222222222223,1.0,0.2222222222222222,0.3333333333333333,3.0,6.666666666666667,-8.0,19.0,69.0,9.0,43.0,13.0,17.0,4.0,20.0,24.0,11.0,9.0,2.0,3.0,27.0,60.0,-72.0,9,1555.0,13995.0
1628456,Jeremy Morgan,0.5,1.5,0.0,1.0,0.0,0.0,0.5,1.0,1.5,0.5,0.5,0.5,0.5,0.0,1.0,3.0,1.0,3.0,0.0,2.0,0.0,0.0,1.0,2.0,3.0,1.0,1.0,1.0,1.0,0.0,2.0,6.0,2,454.5,909.0
