PLAYER_ID,PLAYER_NAME,avg(FGM),avg(FGA),avg(FG3M),avg(FG3A),avg(FTM),avg(FTA),avg(OREB),avg(DREB),avg(REB),avg(AST),avg(STL),avg(BLK),avg(TO),avg(PF),avg(PTS),avg(PLUS_MINUS),sum(FGM),sum(FGA),sum(FG3M),sum(FG3A),sum(FTM),sum(FTA),sum(OREB),sum(DREB),sum(REB),sum(AST),sum(STL),sum(BLK),sum(TO),sum(PF),sum(PTS),sum(PLUS_MINUS),sum(ifminute),avg(seconds),sum(seconds)
101123,Gerald Green,2.26,5.12,1.04,2.64,0.8,0.94,0.2,1.42,1.62,0.52,0.3,0.08,0.58,1.32,6.36,-0.8,113.0,256.0,52.0,132.0,40.0,47.0,10.0,71.0,81.0,26.0,15.0,4.0,29.0,66.0,318.0,-40.0,50,784.28,39214.0
1627748,Thon Maker,1.630952380952381,3.880952380952381,0.4880952380952381,1.4880952380952381,0.7261904761904762,1.0714285714285714,0.9880952380952381,1.9642857142857142,2.9523809523809526,0.7380952380952381,0.40476190476190477,0.7023809523809523,0.5357142857142857,2.1785714285714284,4.476190476190476,-1.0714285714285714,137.0,326.0,41.0,125.0,61.0,90.0,83.0,165.0,248.0,62.0,34.0,59.0,45.0,183.0,376.0,-90.0,84,908.5119047619048,76315.0
203501,Tim Hardaway Jr.,6.05,13.5375,2.275,6.3375,2.5,3.1375,0.5625,3.0125,3.575,2.7125,0.9625,0.1875,1.7125,1.7125,16.875,1.1,484.0,1083.0,182.0,507.0,200.0,251.0,45.0,241.0,286.0,217.0,77.0,15.0,137.0,137.0,1350.0,88.0,80,1900.9375,152075.0
1628494,T.J. Williams,0.6666666666666666,2.0,0.0,1.0,0.0,0.0,0.6666666666666666,0.0,0.6666666666666666,0.0,0.6666666666666666,0.3333333333333333,0.6666666666666666,1.3333333333333333,1.3333333333333333,-1.3333333333333333,2.0,6.0,0.0,3.0,0.0,0.0,2.0,0.0,2.0,0.0,2.0,1.0,2.0,4.0,4.0,-4.0,3,604.0,1812.0
