PLAYER_ID,PLAYER_NAME,avg(FGM),avg(FGA),avg(FG3M),avg(FG3A),avg(FTM),avg(FTA),avg(OREB),avg(DREB),avg(REB),avg(AST),avg(STL),avg(BLK),avg(TO),avg(PF),avg(PTS),avg(PLUS_MINUS),sum(FGM),sum(FGA),sum(FG3M),sum(FG3A),sum(FTM),sum(FTA),sum(OREB),sum(DREB),sum(REB),sum(AST),sum(STL),sum(BLK),sum(TO),sum(PF),sum(PTS),sum(PLUS_MINUS),sum(ifminute),avg(seconds),sum(seconds)
1627846,Abdel Nader,1.2272727272727273,3.1818181818181817,0.45454545454545453,1.4545454545454546,0.22727272727272727,0.3181818181818182,0.36363636363636365,0.9090909090909091,1.2727272727272727,0.5,0.2727272727272727,0.22727272727272727,0.5909090909090909,0.8181818181818182,3.1363636363636362,-3.0454545454545454,27.0,70.0,10.0,32.0,5.0,7.0,8.0,20.0,28.0,11.0,6.0,5.0,13.0,18.0,69.0,-67.0,22,574.5454545454545,12640.0
1626204,Larry Nance Jr.,3.0923076923076924,5.938461538461539,0.12307692307692308,0.4307692307692308,1.2307692307692308,1.8153846153846154,2.2615384615384615,3.8615384615384616,6.123076923076923,1.5538461538461539,1.353846153846154,0.5230769230769231,0.9076923076923077,2.5692307692307694,7.538461538461538,-3.5076923076923077,201.0,386.0,8.0,28.0,80.0,118.0,147.0,251.0,398.0,101.0,88.0,34.0,59.0,167.0,490.0,-228.0,65,1330.2923076923078,86469.0
201163,Wilson Chandler,4.7272727272727275,10.519480519480519,1.3116883116883118,4.0,1.7792207792207793,2.2857142857142856,1.3636363636363635,4.285714285714286,5.64935064935065,2.038961038961039,0.7012987012987013,0.4935064935064935,1.5064935064935066,2.3376623376623376,12.545454545454545,0.7662337662337663,364.0,810.0,101.0,308.0,137.0,176.0,105.0,330.0,435.0,157.0,54.0,38.0,116.0,180.0,966.0,59.0,77,1832.4545454545455,141099.0
1626196,Josh Richardson,4.1571428571428575,9.657142857142857,1.4285714285714286,4.142857142857143,1.3714285714285714,1.7142857142857142,0.7285714285714285,2.4,3.1285714285714286,2.4714285714285715,1.3,0.9142857142857143,1.5857142857142856,2.5285714285714285,11.114285714285714,1.3,291.0,676.0,100.0,290.0,96.0,120.0,51.0,168.0,219.0,173.0,91.0,64.0,111.0,177.0,778.0,91.0,70,1898.8428571428572,132919.0
