PLAYER_ID,PLAYER_NAME,avg(FGM),avg(FGA),avg(FG3M),avg(FG3A),avg(FTM),avg(FTA),avg(OREB),avg(DREB),avg(REB),avg(AST),avg(STL),avg(BLK),avg(TO),avg(PF),avg(PTS),avg(PLUS_MINUS),sum(FGM),sum(FGA),sum(FG3M),sum(FG3A),sum(FTM),sum(FTA),sum(OREB),sum(DREB),sum(REB),sum(AST),sum(STL),sum(BLK),sum(TO),sum(PF),sum(PTS),sum(PLUS_MINUS),sum(ifminute),avg(seconds),sum(seconds)
1628462,Milos Teodosic,3.2653061224489797,7.857142857142857,1.9183673469387754,5.020408163265306,0.8571428571428571,1.0612244897959184,0.3469387755102041,2.3469387755102042,2.693877551020408,4.73469387755102,0.5510204081632653,0.14285714285714285,2.183673469387755,2.2653061224489797,9.306122448979592,2.306122448979592,160.0,385.0,94.0,246.0,42.0,52.0,17.0,115.0,132.0,232.0,27.0,7.0,107.0,111.0,456.0,113.0,49,1510.6530612244899,74022.0
