PLAYER_ID,PLAYER_NAME,avg(FGM),avg(FGA),avg(FG3M),avg(FG3A),avg(FTM),avg(FTA),avg(OREB),avg(DREB),avg(REB),avg(AST),avg(STL),avg(BLK),avg(TO),avg(PF),avg(PTS),avg(PLUS_MINUS),sum(FGM),sum(FGA),sum(FG3M),sum(FG3A),sum(FTM),sum(FTA),sum(OREB),sum(DREB),sum(REB),sum(AST),sum(STL),sum(BLK),sum(TO),sum(PF),sum(PTS),sum(PLUS_MINUS),sum(ifminute),avg(seconds),sum(seconds)
203497,Rudy Gobert,4.9855072463768115,7.942028985507246,0.0,0.0,3.63768115942029,5.434782608695652,3.1449275362318843,7.63768115942029,10.782608695652174,1.391304347826087,0.8115942028985508,2.2753623188405796,1.8985507246376812,2.8115942028985508,13.608695652173912,4.681159420289855,344.0,548.0,0.0,0.0,251.0,375.0,217.0,527.0,744.0,96.0,56.0,157.0,131.0,194.0,939.0,323.0,69,1960.2173913043478,135255.0
1627821,James Webb III,0.6,2.4,0.4,1.9,0.0,0.0,0.8,1.6,2.4,0.4,0.1,0.0,0.4,1.0,1.6,-2.6,6.0,24.0,4.0,19.0,0.0,0.0,8.0,16.0,24.0,4.0,1.0,0.0,4.0,10.0,16.0,-26.0,10,719.6,7196.0
1628516,Terry Henderson,1.0,4.0,1.0,2.5,1.0,1.0,0.5,1.5,2.0,1.0,0.5,1.5,1.0,1.5,4.0,3.0,2.0,8.0,2.0,5.0,2.0,2.0,1.0,3.0,4.0,2.0,1.0,3.0,2.0,3.0,8.0,6.0,2,1158.0,2316.0
