PLAYER_ID,PLAYER_NAME,avg(FGM),avg(FGA),avg(FG3M),avg(FG3A),avg(FTM),avg(FTA),avg(OREB),avg(DREB),avg(REB),avg(AST),avg(STL),avg(BLK),avg(TO),avg(PF),avg(PTS),avg(PLUS_MINUS),sum(FGM),sum(FGA),sum(FG3M),sum(FG3A),sum(FTM),sum(FTA),sum(OREB),sum(DREB),sum(REB),sum(AST),sum(STL),sum(BLK),sum(TO),sum(PF),sum(PTS),sum(PLUS_MINUS),sum(ifminute),avg(seconds),sum(seconds)
203991,Clint Capela,5.842105263157895,9.0,0.0,0.010526315789473684,1.9157894736842105,3.463157894736842,3.2736842105263158,7.6,10.873684210526315,0.9894736842105263,0.7789473684210526,1.8842105263157896,1.3578947368421053,2.4947368421052634,13.6,4.442105263157894,555.0,855.0,0.0,1.0,182.0,329.0,311.0,722.0,1033.0,94.0,74.0,179.0,129.0,237.0,1292.0,422.0,95,1680.6842105263158,159665.0
1627772,Daniel Hamilton,1.2222222222222223,3.6666666666666665,0.3333333333333333,1.4444444444444444,0.7777777777777778,0.8888888888888888,0.5555555555555556,2.0,2.5555555555555554,2.111111111111111,0.1111111111111111,0.0,1.0,0.5555555555555556,3.5555555555555554,-3.4444444444444446,11.0,33.0,3.0,13.0,7.0,8.0,5.0,18.0,23.0,19.0,1.0,0.0,9.0,5.0,32.0,-31.0,9,564.0,5076.0
1628407,Dwayne Bacon,1.5862068965517242,4.120689655172414,0.29310344827586204,0.9310344827586207,0.3620689655172414,0.4482758620689655,0.1206896551724138,2.4482758620689653,2.5689655172413794,0.7931034482758621,0.29310344827586204,0.034482758620689655,0.46551724137931033,0.8793103448275862,3.8275862068965516,0.4827586206896552,92.0,239.0,17.0,54.0,21.0,26.0,7.0,142.0,149.0,46.0,17.0,2.0,27.0,51.0,222.0,28.0,58,860.6034482758621,49915.0
