PLAYER_ID,PLAYER_NAME,avg(FGM),avg(FGA),avg(FG3M),avg(FG3A),avg(FTM),avg(FTA),avg(OREB),avg(DREB),avg(REB),avg(AST),avg(STL),avg(BLK),avg(TO),avg(PF),avg(PTS),avg(PLUS_MINUS),sum(FGM),sum(FGA),sum(FG3M),sum(FG3A),sum(FTM),sum(FTA),sum(OREB),sum(DREB),sum(REB),sum(AST),sum(STL),sum(BLK),sum(TO),sum(PF),sum(PTS),sum(PLUS_MINUS),sum(ifminute),avg(seconds),sum(seconds)
2772,Trevor Ariza,3.8636363636363638,9.420454545454545,2.397727272727273,6.613636363636363,1.1590909090909092,1.3977272727272727,0.5,3.8295454545454546,4.329545454545454,1.5,1.375,0.18181818181818182,0.75,2.034090909090909,11.284090909090908,5.568181818181818,340.0,829.0,211.0,582.0,102.0,123.0,44.0,337.0,381.0,132.0,121.0,16.0,66.0,179.0,993.0,490.0,88,2028.6136363636363,178518.0
1626161,Willie Cauley-Stein,5.189873417721519,10.443037974683545,0.0379746835443038,0.1518987341772152,2.037974683544304,3.2531645569620253,1.7468354430379747,5.1645569620253164,6.9113924050632916,2.2658227848101267,1.0126582278481013,0.8607594936708861,1.518987341772152,2.569620253164557,12.455696202531646,-4.3924050632911396,410.0,825.0,3.0,12.0,161.0,257.0,138.0,408.0,546.0,179.0,80.0,68.0,120.0,203.0,984.0,-347.0,79,1660.8227848101267,131205.0
1628467,Maxi Kleber,2.103896103896104,4.324675324675325,0.5974025974025974,1.87012987012987,0.5714285714285714,0.7662337662337663,0.987012987012987,2.220779220779221,3.207792207792208,0.7012987012987013,0.36363636363636365,0.6103896103896104,0.4675324675324675,1.5454545454545454,5.376623376623376,-1.5324675324675325,162.0,333.0,46.0,144.0,44.0,59.0,76.0,171.0,247.0,54.0,28.0,47.0,36.0,119.0,414.0,-118.0,77,991.025974025974,76309.0
