PLAYER_ID,PLAYER_NAME,avg(FGM),avg(FGA),avg(FG3M),avg(FG3A),avg(FTM),avg(FTA),avg(OREB),avg(DREB),avg(REB),avg(AST),avg(STL),avg(BLK),avg(TO),avg(PF),avg(PTS),avg(PLUS_MINUS),sum(FGM),sum(FGA),sum(FG3M),sum(FG3A),sum(FTM),sum(FTA),sum(OREB),sum(DREB),sum(REB),sum(AST),sum(STL),sum(BLK),sum(TO),sum(PF),sum(PTS),sum(PLUS_MINUS),sum(ifminute),avg(seconds),sum(seconds)
202692,Alec Burks,2.8026315789473686,6.644736842105263,0.8026315789473685,2.236842105263158,1.5921052631578947,1.855263157894737,0.2894736842105263,2.6710526315789473,2.960526315789474,1.1973684210526316,0.5657894736842105,0.11842105263157894,0.9078947368421053,1.131578947368421,8.0,0.19736842105263158,213.0,505.0,61.0,170.0,121.0,141.0,22.0,203.0,225.0,91.0,43.0,9.0,69.0,86.0,608.0,15.0,76,978.5,74366.0
202379,Jeremy Evans,0.5,0.75,0.25,0.25,0.25,1.0,0.25,0.0,0.25,0.0,0.5,0.25,0.25,0.25,1.5,-4.25,2.0,3.0,1.0,1.0,1.0,4.0,1.0,0.0,1.0,0.0,2.0,1.0,1.0,1.0,6.0,-17.0,4,313.0,1252.0
1627771,Michael Gbinije,1.0,4.5,0.25,2.5,1.0,1.0,0.5,0.25,0.75,0.0,0.0,0.0,0.5,0.75,3.25,-1.5,4.0,18.0,1.0,10.0,4.0,4.0,2.0,1.0,3.0,0.0,0.0,0.0,2.0,3.0,13.0,-6.0,4,451.0,1804.0
1628577,Rashawn Thomas,"","","","","","","","","","","","","","","","","","","","","","","","","","","","","","","","",0,"",""
