PLAYER_ID,PLAYER_NAME,avg(FGM),avg(FGA),avg(FG3M),avg(FG3A),avg(FTM),avg(FTA),avg(OREB),avg(DREB),avg(REB),avg(AST),avg(STL),avg(BLK),avg(TO),avg(PF),avg(PTS),avg(PLUS_MINUS),sum(FGM),sum(FGA),sum(FG3M),sum(FG3A),sum(FTM),sum(FTA),sum(OREB),sum(DREB),sum(REB),sum(AST),sum(STL),sum(BLK),sum(TO),sum(PF),sum(PTS),sum(PLUS_MINUS),sum(ifminute),avg(seconds),sum(seconds)
101150,Lou Williams,5.553191489361702,12.904255319148936,2.1702127659574466,5.819148936170213,4.468085106382978,5.042553191489362,0.44680851063829785,2.1595744680851063,2.606382978723404,3.351063829787234,0.7978723404255319,0.19148936170212766,2.074468085106383,1.2340425531914894,17.74468085106383,1.0106382978723405,522.0,1213.0,204.0,547.0,420.0,474.0,42.0,203.0,245.0,315.0,75.0,18.0,195.0,116.0,1668.0,95.0,94,1600.340425531915,150432.0
200768,Kyle Lowry,5.77027027027027,13.054054054054054,2.77027027027027,7.324324324324325,4.162162162162162,4.986486486486487,0.6486486486486487,4.445945945945946,5.094594594594595,6.648648648648648,1.2837837837837838,0.22972972972972974,2.581081081081081,2.608108108108108,18.472972972972972,3.5,427.0,966.0,205.0,542.0,308.0,369.0,48.0,329.0,377.0,492.0,95.0,17.0,191.0,193.0,1367.0,259.0,74,2083.1216216216217,154151.0
