TEAM_ID,PLAYER_ID,PLAYER_NAME,avg(FGM),avg(FGA),avg(FG3M),avg(FG3A),avg(FTM),avg(FTA),avg(OREB),avg(DREB),avg(REB),avg(AST),avg(STL),avg(BLK),avg(TO),avg(PF),avg(PTS),avg(PLUS_MINUS),sum(FGM),sum(FGA),sum(FG3M),sum(FG3A),sum(FTM),sum(FTA),sum(OREB),sum(DREB),sum(REB),sum(AST),sum(STL),sum(BLK),sum(TO),sum(PF),sum(PTS),sum(PLUS_MINUS),sum(ifminute),avg(seconds),sum(seconds)
1610612760,201566,Russell Westbrook,8.30379746835443,18.60759493670886,1.1518987341772151,3.759493670886076,5.506329113924051,6.860759493670886,1.1518987341772151,4.30379746835443,5.455696202531645,6.772151898734177,1.6708860759493671,0.21518987341772153,3.5443037974683542,2.1265822784810124,23.265822784810126,6.620253164556962,656.0,1470.0,91.0,297.0,435.0,542.0,91.0,340.0,431.0,535.0,132.0,17.0,280.0,168.0,1838.0,523.0,79,2021.987341772152,159737.0
1610612766,203077,Michael Kidd-Gilchrist,3.1095890410958904,7.095890410958904,0.0,0.1232876712328767,1.7534246575342465,2.4794520547945207,1.5342465753424657,3.8904109589041096,5.424657534246576,1.1506849315068493,0.6027397260273972,0.6712328767123288,1.2602739726027397,2.0547945205479454,7.972602739726027,-3.409090909090909,227.0,518.0,0.0,9.0,128.0,181.0,112.0,284.0,396.0,84.0,44.0,49.0,92.0,150.0,582.0,-225.0,73,1382.164383561644,100898.0
1610612757,201581,JJ Hickson,5.230769230769231,9.26923076923077,0.0,0.019230769230769232,2.3846153846153846,3.4038461538461537,2.8846153846153846,7.096153846153846,9.98076923076923,1.2115384615384615,0.6153846153846154,0.5961538461538461,1.9615384615384615,2.0576923076923075,12.846153846153847,-4.134615384615385,272.0,482.0,0.0,1.0,124.0,177.0,150.0,369.0,519.0,63.0,32.0,31.0,102.0,107.0,668.0,-215.0,52,1745.7307692307693,90778.0
