TEAM_ID,PLAYER_ID,PLAYER_NAME,avg(FGM),avg(FGA),avg(FG3M),avg(FG3A),avg(FTM),avg(FTA),avg(OREB),avg(DREB),avg(REB),avg(AST),avg(STL),avg(BLK),avg(TO),avg(PF),avg(PTS),avg(PLUS_MINUS),sum(FGM),sum(FGA),sum(FG3M),sum(FG3A),sum(FTM),sum(FTA),sum(OREB),sum(DREB),sum(REB),sum(AST),sum(STL),sum(BLK),sum(TO),sum(PF),sum(PTS),sum(PLUS_MINUS),sum(ifminute),avg(seconds),sum(seconds)
1610612753,203506,Victor Oladipo,4.589743589743589,11.35897435897436,0.8205128205128205,3.0,3.128205128205128,4.102564102564102,0.6410256410256411,3.871794871794872,4.512820512820513,3.8461538461538463,1.564102564102564,0.6153846153846154,3.2564102564102564,2.769230769230769,13.128205128205128,-4.258064516129032,179.0,443.0,32.0,117.0,122.0,160.0,25.0,151.0,176.0,150.0,61.0,24.0,127.0,108.0,512.0,-132.0,39,1454.3076923076924,56718.0
