TEAM_ID,PLAYER_ID,PLAYER_NAME,avg(FGM),avg(FGA),avg(FG3M),avg(FG3A),avg(FTM),avg(FTA),avg(OREB),avg(DREB),avg(REB),avg(AST),avg(STL),avg(BLK),avg(TO),avg(PF),avg(PTS),avg(PLUS_MINUS),sum(FGM),sum(FGA),sum(FG3M),sum(FG3A),sum(FTM),sum(FTA),sum(OREB),sum(DREB),sum(REB),sum(AST),sum(STL),sum(BLK),sum(TO),sum(PF),sum(PTS),sum(PLUS_MINUS),sum(ifminute),avg(seconds),sum(seconds)
1610612745,201600,Omer Asik,2.1228070175438596,4.175438596491228,0.0,0.0,1.4385964912280702,2.3684210526315788,2.2982456140350878,5.543859649122807,7.842105263157895,0.543859649122807,0.3157894736842105,0.7192982456140351,1.2982456140350878,2.263157894736842,5.684210526315789,1.2777777777777777,121.0,238.0,0.0,0.0,82.0,135.0,131.0,316.0,447.0,31.0,18.0,41.0,74.0,129.0,324.0,69.0,57,1191.5087719298247,67916.0
1610612753,203519,Adonis Thomas,0.75,2.25,0.0,0.75,0.25,0.25,0.0,0.75,0.75,0.5,0.0,0.0,0.0,0.5,1.75,2.0,3.0,9.0,0.0,3.0,1.0,1.0,0.0,3.0,3.0,2.0,0.0,0.0,0.0,2.0,7.0,8.0,4,365.5,1462.0
1610612742,203566,Mickey McConnell,0.6,2.0,0.0,0.2,0.6,0.6,0.0,0.6,0.6,1.4,0.4,0.0,0.4,1.0,1.8,"",3.0,10.0,0.0,1.0,3.0,3.0,0.0,3.0,3.0,7.0,2.0,0.0,2.0,5.0,9.0,"",5,8.8,44.0
