TEAM_ID,PLAYER_ID,PLAYER_NAME,avg(FGM),avg(FGA),avg(FG3M),avg(FG3A),avg(FTM),avg(FTA),avg(OREB),avg(DREB),avg(REB),avg(AST),avg(STL),avg(BLK),avg(TO),avg(PF),avg(PTS),avg(PLUS_MINUS),sum(FGM),sum(FGA),sum(FG3M),sum(FG3A),sum(FTM),sum(FTA),sum(OREB),sum(DREB),sum(REB),sum(AST),sum(STL),sum(BLK),sum(TO),sum(PF),sum(PTS),sum(PLUS_MINUS),sum(ifminute),avg(seconds),sum(seconds)
1610612739,2760,Anderson Varejao,2.973684210526316,6.394736842105263,0.0,0.13157894736842105,1.631578947368421,2.1052631578947367,3.0,5.7105263157894735,8.710526315789474,2.0,1.0526315789473684,0.7368421052631579,0.9736842105263158,2.4473684210526314,7.578947368421052,-1.6451612903225807,113.0,243.0,0.0,5.0,62.0,80.0,114.0,217.0,331.0,76.0,40.0,28.0,37.0,93.0,288.0,-51.0,38,1424.0526315789473,54114.0
1610612766,202399,Jeff Adrien,1.3134328358208955,2.9402985074626864,0.0,0.029850746268656716,1.0597014925373134,1.6417910447761195,1.3582089552238805,2.5074626865671643,3.8656716417910446,0.6119402985074627,0.3582089552238806,0.5373134328358209,0.44776119402985076,1.5522388059701493,3.6865671641791047,-1.796875,88.0,197.0,0.0,2.0,71.0,110.0,91.0,168.0,259.0,41.0,24.0,36.0,30.0,104.0,247.0,-115.0,67,789.2089552238806,52877.0
1610612762,2224,Jamaal Tinsley,1.2040816326530612,3.2857142857142856,0.4489795918367347,1.816326530612245,0.20408163265306123,0.32653061224489793,0.24489795918367346,1.3877551020408163,1.6326530612244898,3.7755102040816326,0.8571428571428571,0.16326530612244897,1.3061224489795917,1.510204081632653,3.061224489795918,-2.142857142857143,59.0,161.0,22.0,89.0,10.0,16.0,12.0,68.0,80.0,185.0,42.0,8.0,64.0,74.0,150.0,-105.0,49,1013.3265306122449,49653.0
