TEAM_ID,PLAYER_ID,PLAYER_NAME,avg(FGM),avg(FGA),avg(FG3M),avg(FG3A),avg(FTM),avg(FTA),avg(OREB),avg(DREB),avg(REB),avg(AST),avg(STL),avg(BLK),avg(TO),avg(PF),avg(PTS),avg(PLUS_MINUS),sum(FGM),sum(FGA),sum(FG3M),sum(FG3A),sum(FTM),sum(FTA),sum(OREB),sum(DREB),sum(REB),sum(AST),sum(STL),sum(BLK),sum(TO),sum(PF),sum(PTS),sum(PLUS_MINUS),sum(ifminute),avg(seconds),sum(seconds)
1610612762,203200,Justin Holiday,1.1428571428571428,3.142857142857143,0.42857142857142855,1.1428571428571428,0.7142857142857143,1.4285714285714286,0.14285714285714285,0.7142857142857143,0.8571428571428571,0.7142857142857143,0.2857142857142857,0.14285714285714285,0.42857142857142855,0.42857142857142855,3.4285714285714284,"",8.0,22.0,3.0,8.0,5.0,10.0,1.0,5.0,6.0,5.0,2.0,1.0,3.0,3.0,24.0,"",7,10.428571428571429,73.0
1610612755,202371,Gani Lawal,0.4,1.4,0.0,0.0,0.4,1.0,1.0,0.4,1.4,0.0,0.0,0.2,1.0,2.2,1.2,"",2.0,7.0,0.0,0.0,2.0,5.0,5.0,2.0,7.0,0.0,0.0,1.0,5.0,11.0,6.0,"",5,5.0,25.0
1610612749,202397,Ish Smith,0.85,2.2,0.2,0.5,0.0,0.0,0.05,0.75,0.8,1.65,0.4,0.15,0.55,0.65,1.9,0.3,17.0,44.0,4.0,10.0,0.0,0.0,1.0,15.0,16.0,33.0,8.0,3.0,11.0,13.0,38.0,6.0,20,448.2,8964.0
1610612764,2731,Emeka Okafor,4.627450980392157,9.470588235294118,0.0,0.0,1.5490196078431373,2.803921568627451,2.6666666666666665,7.117647058823529,9.784313725490197,1.3137254901960784,0.5882352941176471,0.7254901960784313,1.4705882352941178,1.9607843137254901,10.803921568627452,1.2352941176470589,236.0,483.0,0.0,0.0,79.0,143.0,136.0,363.0,499.0,67.0,30.0,37.0,75.0,100.0,551.0,63.0,51,1645.450980392157,83918.0
1610612742,202458,Justin Dentmon,0.0,1.0,0.0,0.0,0.0,0.0,0.0,0.0,0.0,0.0,0.0,0.0,0.0,0.0,0.0,-1.0,0.0,2.0,0.0,0.0,0.0,0.0,0.0,0.0,0.0,0.0,0.0,0.0,0.0,0.0,0.0,-2.0,2,131.0,262.0
1610612745,202335,Patrick Patterson,4.708333333333333,8.458333333333334,0.7916666666666666,2.0416666666666665,0.5,0.6666666666666666,1.5,3.2916666666666665,4.791666666666667,0.7916666666666666,0.2916666666666667,0.4166666666666667,0.5416666666666666,2.0,10.708333333333334,3.25,113.0,203.0,19.0,49.0,12.0,16.0,36.0,79.0,115.0,19.0,7.0,10.0,13.0,48.0,257.0,78.0,24,1423.2083333333333,34157.0
1610612742,201604,Chris Douglas-Roberts,0.0,0.5,0.0,0.0,1.0,1.0,0.0,0.5,0.5,0.5,0.0,0.0,0.0,0.0,1.0,-3.5,0.0,1.0,0.0,0.0,2.0,2.0,0.0,1.0,1.0,1.0,0.0,0.0,0.0,0.0,2.0,-7.0,2,227.5,455.0
