TEAM_ID,PLAYER_ID,PLAYER_NAME,avg(FGM),avg(FGA),avg(FG3M),avg(FG3A),avg(FTM),avg(FTA),avg(OREB),avg(DREB),avg(REB),avg(AST),avg(STL),avg(BLK),avg(TO),avg(PF),avg(PTS),avg(PLUS_MINUS),sum(FGM),sum(FGA),sum(FG3M),sum(FG3A),sum(FTM),sum(FTA),sum(OREB),sum(DREB),sum(REB),sum(AST),sum(STL),sum(BLK),sum(TO),sum(PF),sum(PTS),sum(PLUS_MINUS),sum(ifminute),avg(seconds),sum(seconds)
1610612741,2430,Carlos Boozer,6.79,14.34,0.0,0.03,2.62,3.43,2.29,7.13,9.42,2.04,0.79,0.35,2.5,3.12,16.2,-0.8804347826086957,679.0,1434.0,0.0,3.0,262.0,343.0,229.0,713.0,942.0,204.0,79.0,35.0,250.0,312.0,1620.0,-81.0,100,1816.88,181688.0
1610612751,2060,Marko Jaric,0.5,1.5,0.0,0.0,0.5,2.0,0.0,0.5,0.5,3.5,0.5,0.0,1.0,3.0,1.5,"",1.0,3.0,0.0,0.0,1.0,4.0,0.0,1.0,1.0,7.0,1.0,0.0,2.0,6.0,3.0,"",2,16.0,32.0
1610612747,2429,Dan Gadzuric,0.0,0.0,0.0,0.0,2.0,4.0,1.0,2.0,3.0,1.0,0.0,0.0,0.0,0.0,2.0,"",0.0,0.0,0.0,0.0,2.0,4.0,1.0,2.0,3.0,1.0,0.0,0.0,0.0,0.0,2.0,"",1,6.0,6.0
1610612745,201962,Toney Douglas,2.6842105263157894,6.526315789473684,0.8421052631578947,2.8947368421052633,1.0,1.2105263157894737,0.42105263157894735,1.368421052631579,1.7894736842105263,1.631578947368421,0.47368421052631576,0.05263157894736842,0.7368421052631579,2.0,7.2105263157894735,0.3684210526315789,51.0,124.0,16.0,55.0,19.0,23.0,8.0,26.0,34.0,31.0,9.0,1.0,14.0,38.0,137.0,7.0,19,941.6315789473684,17891.0
