TEAM_ID,PLAYER_ID,PLAYER_NAME,avg(FGM),avg(FGA),avg(FG3M),avg(FG3A),avg(FTM),avg(FTA),avg(OREB),avg(DREB),avg(REB),avg(AST),avg(STL),avg(BLK),avg(TO),avg(PF),avg(PTS),avg(PLUS_MINUS),sum(FGM),sum(FGA),sum(FG3M),sum(FG3A),sum(FTM),sum(FTA),sum(OREB),sum(DREB),sum(REB),sum(AST),sum(STL),sum(BLK),sum(TO),sum(PF),sum(PTS),sum(PLUS_MINUS),sum(ifminute),avg(seconds),sum(seconds)
1610612763,201584,Courtney Lee,4.107142857142857,8.767857142857142,0.9821428571428571,2.875,1.6964285714285714,1.9285714285714286,0.42857142857142855,2.2857142857142856,2.7142857142857144,1.6785714285714286,0.8928571428571429,0.375,0.9642857142857143,1.9642857142857142,10.892857142857142,1.3571428571428572,230.0,491.0,55.0,161.0,95.0,108.0,24.0,128.0,152.0,94.0,50.0,21.0,54.0,110.0,610.0,76.0,56,1813.375,101549.0
1610612746,1712,Antawn Jamison,1.3793103448275863,4.379310344827586,0.41379310344827586,1.896551724137931,0.8275862068965517,1.1379310344827587,0.5517241379310345,2.0344827586206895,2.586206896551724,0.3448275862068966,0.3793103448275862,0.13793103448275862,0.3103448275862069,1.3448275862068966,4.0,2.5,40.0,127.0,12.0,55.0,24.0,33.0,16.0,59.0,75.0,10.0,11.0,4.0,9.0,39.0,116.0,55.0,29,515.7241379310345,14956.0
1610612748,202363,Jarvis Varnado,0.8333333333333334,2.5,0.0,0.0,0.3333333333333333,0.3333333333333333,0.8333333333333334,1.5,2.3333333333333335,0.16666666666666666,0.0,0.3333333333333333,0.5,1.6666666666666667,2.0,"",5.0,15.0,0.0,0.0,2.0,2.0,5.0,9.0,14.0,1.0,0.0,2.0,3.0,10.0,12.0,"",6,9.833333333333334,59.0
1610612757,203494,Richard Howell,0.0,0.0,0.0,0.0,0.0,0.0,1.0,0.0,1.0,1.0,0.0,0.0,0.0,1.0,0.0,"",0.0,0.0,0.0,0.0,0.0,0.0,1.0,0.0,1.0,1.0,0.0,0.0,0.0,1.0,0.0,"",1,4.0,4.0
