TEAM_ID,PLAYER_ID,PLAYER_NAME,avg(FGM),avg(FGA),avg(FG3M),avg(FG3A),avg(FTM),avg(FTA),avg(OREB),avg(DREB),avg(REB),avg(AST),avg(STL),avg(BLK),avg(TO),avg(PF),avg(PTS),avg(PLUS_MINUS),sum(FGM),sum(FGA),sum(FG3M),sum(FG3A),sum(FTM),sum(FTA),sum(OREB),sum(DREB),sum(REB),sum(AST),sum(STL),sum(BLK),sum(TO),sum(PF),sum(PTS),sum(PLUS_MINUS),sum(ifminute),avg(seconds),sum(seconds)
1610612742,203499,Shane Larkin,1.2222222222222223,3.7777777777777777,0.2777777777777778,1.1666666666666667,0.3333333333333333,0.5555555555555556,0.2222222222222222,0.5555555555555556,0.7777777777777778,1.8333333333333333,0.8333333333333334,0.0,1.3333333333333333,1.0555555555555556,3.0555555555555554,2.3333333333333335,22.0,68.0,5.0,21.0,6.0,10.0,4.0,10.0,14.0,33.0,15.0,0.0,24.0,19.0,55.0,42.0,18,757.0,13626.0
1610612750,201593,Nikola Pekovic,6.273972602739726,11.876712328767123,0.0,0.0,3.9315068493150687,5.397260273972603,3.8219178082191783,4.945205479452055,8.767123287671232,0.8082191780821918,0.589041095890411,0.6438356164383562,1.4794520547945205,2.3698630136986303,16.47945205479452,0.39705882352941174,458.0,867.0,0.0,0.0,287.0,394.0,279.0,361.0,640.0,59.0,43.0,47.0,108.0,173.0,1203.0,27.0,73,1814.6849315068494,132472.0
1610612765,2746,Josh Smith,5.743589743589744,14.307692307692308,1.1025641025641026,4.051282051282051,2.1025641025641026,3.5641025641025643,1.3076923076923077,4.948717948717949,6.256410256410256,3.1794871794871793,1.5897435897435896,1.358974358974359,2.6923076923076925,2.41025641025641,14.692307692307692,-0.9393939393939394,224.0,558.0,43.0,158.0,82.0,139.0,51.0,193.0,244.0,124.0,62.0,53.0,105.0,94.0,573.0,-31.0,39,1778.051282051282,69344.0
1610612742,203495,Ricky Ledo,0.6666666666666666,2.5833333333333335,0.25,0.8333333333333334,0.16666666666666666,0.16666666666666666,0.08333333333333333,0.75,0.8333333333333334,0.3333333333333333,0.0,0.0,0.8333333333333334,0.3333333333333333,1.75,-0.3333333333333333,8.0,31.0,3.0,10.0,2.0,2.0,1.0,9.0,10.0,4.0,0.0,0.0,10.0,4.0,21.0,-2.0,12,82.5,990.0
