TEAM_ID,PLAYER_ID,PLAYER_NAME,avg(FGM),avg(FGA),avg(FG3M),avg(FG3A),avg(FTM),avg(FTA),avg(OREB),avg(DREB),avg(REB),avg(AST),avg(STL),avg(BLK),avg(TO),avg(PF),avg(PTS),avg(PLUS_MINUS),sum(FGM),sum(FGA),sum(FG3M),sum(FG3A),sum(FTM),sum(FTA),sum(OREB),sum(DREB),sum(REB),sum(AST),sum(STL),sum(BLK),sum(TO),sum(PF),sum(PTS),sum(PLUS_MINUS),sum(ifminute),avg(seconds),sum(seconds)
1610612748,201596,Mario Chalmers,3.19,7.17,1.04,2.89,1.5,2.02,0.43,2.24,2.67,4.59,1.59,0.22,2.12,2.83,8.92,3.4408602150537635,319.0,717.0,104.0,289.0,150.0,202.0,43.0,224.0,267.0,459.0,159.0,22.0,212.0,283.0,892.0,320.0,100,1629.27,162927.0
1610612755,202323,Evan Turner,6.47457627118644,15.288135593220339,0.6610169491525424,2.4237288135593222,3.6440677966101696,4.440677966101695,0.9661016949152542,5.11864406779661,6.084745762711864,3.6779661016949152,0.9661016949152542,0.11864406779661017,2.9152542372881354,2.694915254237288,17.25423728813559,-5.962962962962963,382.0,902.0,39.0,143.0,215.0,262.0,57.0,302.0,359.0,217.0,57.0,7.0,172.0,159.0,1018.0,-322.0,59,1920.4237288135594,113305.0
