TEAM_ID,PLAYER_ID,PLAYER_NAME,avg(FGM),avg(FGA),avg(FG3M),avg(FG3A),avg(FTM),avg(FTA),avg(OREB),avg(DREB),avg(REB),avg(AST),avg(STL),avg(BLK),avg(TO),avg(PF),avg(PTS),avg(PLUS_MINUS),sum(FGM),sum(FGA),sum(FG3M),sum(FG3A),sum(FTM),sum(FTA),sum(OREB),sum(DREB),sum(REB),sum(AST),sum(STL),sum(BLK),sum(TO),sum(PF),sum(PTS),sum(PLUS_MINUS),sum(ifminute),avg(seconds),sum(seconds)
1610612751,101187,Alan Anderson,3.026315789473684,7.078947368421052,1.2894736842105263,3.3684210526315788,1.394736842105263,1.6578947368421053,0.6052631578947368,2.0789473684210527,2.6842105263157894,1.0,0.8421052631578947,0.13157894736842105,0.8421052631578947,1.894736842105263,8.736842105263158,-2.806451612903226,115.0,269.0,49.0,128.0,53.0,63.0,23.0,79.0,102.0,38.0,32.0,5.0,32.0,72.0,332.0,-87.0,38,1241.078947368421,47161.0
1610612741,1737,Nazr Mohammed,1.173913043478261,2.9130434782608696,0.0,0.021739130434782608,0.532608695652174,0.7391304347826086,1.2934782608695652,1.8695652173913044,3.1630434782608696,0.41304347826086957,0.29347826086956524,0.6195652173913043,0.5,1.5434782608695652,2.880434782608696,-0.19047619047619047,108.0,268.0,0.0,2.0,49.0,68.0,119.0,172.0,291.0,38.0,27.0,57.0,46.0,142.0,265.0,-16.0,92,591.6086956521739,54428.0
1610612743,2738,Andre Iguodala,4.944444444444445,10.777777777777779,1.1851851851851851,3.574074074074074,1.9259259259259258,3.5555555555555554,1.1111111111111112,4.277777777777778,5.388888888888889,6.037037037037037,2.0,0.6296296296296297,2.4444444444444446,1.5185185185185186,13.0,5.37037037037037,267.0,582.0,64.0,193.0,104.0,192.0,60.0,231.0,291.0,326.0,108.0,34.0,132.0,82.0,702.0,290.0,54,2118.203703703704,114383.0
