TEAM_ID,PLAYER_ID,PLAYER_NAME,avg(FGM),avg(FGA),avg(FG3M),avg(FG3A),avg(FTM),avg(FTA),avg(OREB),avg(DREB),avg(REB),avg(AST),avg(STL),avg(BLK),avg(TO),avg(PF),avg(PTS),avg(PLUS_MINUS),sum(FGM),sum(FGA),sum(FG3M),sum(FG3A),sum(FTM),sum(FTA),sum(OREB),sum(DREB),sum(REB),sum(AST),sum(STL),sum(BLK),sum(TO),sum(PF),sum(PTS),sum(PLUS_MINUS),sum(ifminute),avg(seconds),sum(seconds)
1610612741,2550,Kirk Hinrich,3.3734939759036147,8.506024096385541,1.1686746987951808,3.253012048192771,1.2650602409638554,1.6867469879518073,0.3855421686746988,2.3132530120481927,2.6987951807228914,3.8795180722891565,1.036144578313253,0.3493975903614458,1.6506024096385543,2.8674698795180724,9.180722891566266,1.435897435897436,280.0,706.0,97.0,270.0,105.0,140.0,32.0,192.0,224.0,322.0,86.0,29.0,137.0,238.0,762.0,112.0,83,1652.3493975903614,137145.0
