TEAM_ID,PLAYER_ID,PLAYER_NAME,avg(FGM),avg(FGA),avg(FG3M),avg(FG3A),avg(FTM),avg(FTA),avg(OREB),avg(DREB),avg(REB),avg(AST),avg(STL),avg(BLK),avg(TO),avg(PF),avg(PTS),avg(PLUS_MINUS),sum(FGM),sum(FGA),sum(FG3M),sum(FG3A),sum(FTM),sum(FTA),sum(OREB),sum(DREB),sum(REB),sum(AST),sum(STL),sum(BLK),sum(TO),sum(PF),sum(PTS),sum(PLUS_MINUS),sum(ifminute),avg(seconds),sum(seconds)
1610612758,203112,Quincy Acy,1.6666666666666667,2.4444444444444446,0.0,0.2222222222222222,0.7777777777777778,0.8888888888888888,0.7777777777777778,2.4444444444444446,3.2222222222222223,0.2222222222222222,0.1111111111111111,0.4444444444444444,0.2222222222222222,2.111111111111111,4.111111111111111,-0.4444444444444444,15.0,22.0,0.0,2.0,7.0,8.0,7.0,22.0,29.0,2.0,1.0,4.0,2.0,19.0,37.0,-4.0,9,823.0,7407.0
1610612742,203109,Jae Crowder,1.8314606741573034,4.393258426966292,0.8089887640449438,2.235955056179775,0.5056179775280899,0.7640449438202247,0.4943820224719101,1.9101123595505618,2.404494382022472,1.1573033707865168,0.7191011235955056,0.29213483146067415,0.651685393258427,1.3932584269662922,4.977528089887641,0.5802469135802469,163.0,391.0,72.0,199.0,45.0,68.0,44.0,170.0,214.0,103.0,64.0,26.0,58.0,124.0,443.0,47.0,89,931.1685393258427,82874.0
1610612755,202730,Lavoy Allen,2.3132530120481927,5.192771084337349,0.012048192771084338,0.08433734939759036,0.43373493975903615,0.6626506024096386,1.783132530120482,3.2771084337349397,5.0602409638554215,0.8433734939759037,0.3855421686746988,0.5301204819277109,0.7228915662650602,2.0240963855421685,5.072289156626506,-3.1153846153846154,192.0,431.0,1.0,7.0,36.0,55.0,148.0,272.0,420.0,70.0,32.0,44.0,60.0,168.0,421.0,-243.0,83,1100.2650602409637,91322.0
1610612738,203568,Damen Bell-Holter,0.0,0.3333333333333333,0.0,0.0,0.0,0.0,0.3333333333333333,0.0,0.3333333333333333,0.0,0.0,0.0,0.3333333333333333,0.0,0.0,"",0.0,1.0,0.0,0.0,0.0,0.0,1.0,0.0,1.0,0.0,0.0,0.0,1.0,0.0,0.0,"",3,1.6666666666666667,5.0
1610612750,200811,Lou Amundson,1.0,2.5555555555555554,0.0,0.0,0.1111111111111111,0.7777777777777778,1.3333333333333333,1.0,2.3333333333333335,0.2222222222222222,0.1111111111111111,0.1111111111111111,0.5555555555555556,1.5555555555555556,2.111111111111111,-4.777777777777778,9.0,23.0,0.0,0.0,1.0,7.0,12.0,9.0,21.0,2.0,1.0,1.0,5.0,14.0,19.0,-43.0,9,448.44444444444446,4036.0
