TEAM_ID,PLAYER_ID,PLAYER_NAME,avg(FGM),avg(FGA),avg(FG3M),avg(FG3A),avg(FTM),avg(FTA),avg(OREB),avg(DREB),avg(REB),avg(AST),avg(STL),avg(BLK),avg(TO),avg(PF),avg(PTS),avg(PLUS_MINUS),sum(FGM),sum(FGA),sum(FG3M),sum(FG3A),sum(FTM),sum(FTA),sum(OREB),sum(DREB),sum(REB),sum(AST),sum(STL),sum(BLK),sum(TO),sum(PF),sum(PTS),sum(PLUS_MINUS),sum(ifminute),avg(seconds),sum(seconds)
1610612739,203092,Tyler Zeller,2.2285714285714286,4.142857142857143,0.0,0.014285714285714285,1.2428571428571429,1.7285714285714286,1.4714285714285715,2.557142857142857,4.0285714285714285,0.5142857142857142,0.2571428571428571,0.5428571428571428,0.8571428571428571,1.957142857142857,5.7,-0.07142857142857142,156.0,290.0,0.0,1.0,87.0,121.0,103.0,179.0,282.0,36.0,18.0,38.0,60.0,137.0,399.0,-5.0,70,899.5,62965.0
1610612758,203091,Royce White,0.0,0.3333333333333333,0.0,0.0,0.0,0.0,0.0,0.0,0.0,0.0,0.0,0.0,0.0,0.6666666666666666,0.0,-2.0,0.0,1.0,0.0,0.0,0.0,0.0,0.0,0.0,0.0,0.0,0.0,0.0,0.0,2.0,0.0,-6.0,3,178.0,534.0
1610612750,201985,AJ Price,0.84375,2.0625,0.3125,0.96875,0.15625,0.25,0.03125,0.3125,0.34375,0.71875,0.15625,0.0,0.4375,0.28125,2.15625,0.07142857142857142,27.0,66.0,10.0,31.0,5.0,8.0,1.0,10.0,11.0,23.0,5.0,0.0,14.0,9.0,69.0,2.0,32,187.75,6008.0
1610612764,200822,Pops Mensah-Bonsu,0.25,0.5,0.0,0.0,0.0,0.0,0.5,0.75,1.25,0.0,0.25,0.0,0.25,1.75,0.5,"",1.0,2.0,0.0,0.0,0.0,0.0,2.0,3.0,5.0,0.0,1.0,0.0,1.0,7.0,2.0,"",4,4.75,19.0
1610612746,203561,Brandon Davies,1.2,2.2,0.6,1.0,0.4,0.4,0.6,2.2,2.8,0.2,0.0,0.0,1.0,1.2,3.4,"",6.0,11.0,3.0,5.0,2.0,2.0,3.0,11.0,14.0,1.0,0.0,0.0,5.0,6.0,17.0,"",5,11.2,56.0
