TEAM_ID,PLAYER_ID,PLAYER_NAME,avg(FGM),avg(FGA),avg(FG3M),avg(FG3A),avg(FTM),avg(FTA),avg(OREB),avg(DREB),avg(REB),avg(AST),avg(STL),avg(BLK),avg(TO),avg(PF),avg(PTS),avg(PLUS_MINUS),sum(FGM),sum(FGA),sum(FG3M),sum(FG3A),sum(FTM),sum(FTA),sum(OREB),sum(DREB),sum(REB),sum(AST),sum(STL),sum(BLK),sum(TO),sum(PF),sum(PTS),sum(PLUS_MINUS),sum(ifminute),avg(seconds),sum(seconds)
1610612751,1891,Jason Terry,2.0555555555555554,4.833333333333333,1.2777777777777777,3.111111111111111,0.5,0.6666666666666666,0.1111111111111111,1.0,1.1111111111111112,1.3888888888888888,0.2222222222222222,0.0,0.7222222222222222,1.6666666666666667,5.888888888888889,-2.5,37.0,87.0,23.0,56.0,9.0,12.0,2.0,18.0,20.0,25.0,4.0,0.0,13.0,30.0,106.0,-40.0,18,907.0,16326.0
1610612745,202718,Chandler Parsons,6.3,12.488888888888889,1.8777777777777778,4.811111111111111,1.7333333333333334,2.388888888888889,0.9,4.133333333333334,5.033333333333333,3.511111111111111,0.8333333333333334,0.5111111111111111,1.988888888888889,2.2111111111111112,16.211111111111112,3.3452380952380953,567.0,1124.0,169.0,433.0,156.0,215.0,81.0,372.0,453.0,316.0,75.0,46.0,179.0,199.0,1459.0,281.0,90,2071.3555555555554,186422.0
1610612754,201588,George Hill,4.387755102040816,10.142857142857142,1.653061224489796,4.357142857142857,2.326530612244898,2.8469387755102042,0.5816326530612245,2.9183673469387754,3.5,4.051020408163265,1.0714285714285714,0.32653061224489793,1.5,1.8979591836734695,12.755102040816327,7.021978021978022,430.0,994.0,162.0,427.0,228.0,279.0,57.0,286.0,343.0,397.0,105.0,32.0,147.0,186.0,1250.0,639.0,98,1900.234693877551,186223.0
1610612740,200811,Lou Amundson,0.9444444444444444,2.0555555555555554,0.0,0.0,0.3888888888888889,1.1111111111111112,1.4444444444444444,1.6944444444444444,3.138888888888889,0.3888888888888889,0.5,0.4722222222222222,0.6111111111111112,2.111111111111111,2.2777777777777777,-1.1388888888888888,34.0,74.0,0.0,0.0,14.0,40.0,52.0,61.0,113.0,14.0,18.0,17.0,22.0,76.0,82.0,-41.0,36,653.5277777777778,23527.0
1610612763,202729,Josh Selby,1.25,3.25,0.25,0.75,1.0,1.75,0.0,0.75,0.75,0.5,0.25,0.0,0.5,0.5,3.75,-2.25,5.0,13.0,1.0,3.0,4.0,7.0,0.0,3.0,3.0,2.0,1.0,0.0,2.0,2.0,15.0,-9.0,4,445.75,1783.0
1610612749,203117,Doron Lamb,0.5,1.0,0.0,0.5,0.0,0.0,0.0,0.0,0.0,0.5,0.0,0.0,0.0,0.0,1.0,3.0,1.0,2.0,0.0,1.0,0.0,0.0,0.0,0.0,0.0,1.0,0.0,0.0,0.0,0.0,2.0,6.0,2,122.5,245.0
