TEAM_ID,PLAYER_ID,PLAYER_NAME,avg(FGM),avg(FGA),avg(FG3M),avg(FG3A),avg(FTM),avg(FTA),avg(OREB),avg(DREB),avg(REB),avg(AST),avg(STL),avg(BLK),avg(TO),avg(PF),avg(PTS),avg(PLUS_MINUS),sum(FGM),sum(FGA),sum(FG3M),sum(FG3A),sum(FTM),sum(FTA),sum(OREB),sum(DREB),sum(REB),sum(AST),sum(STL),sum(BLK),sum(TO),sum(PF),sum(PTS),sum(PLUS_MINUS),sum(ifminute),avg(seconds),sum(seconds)
1610612758,203463,Ben McLemore,3.3783783783783785,8.567567567567568,1.4054054054054055,4.0,1.162162162162162,1.5405405405405406,0.6756756756756757,2.5135135135135136,3.189189189189189,1.1081081081081081,0.6216216216216216,0.21621621621621623,1.2162162162162162,2.3513513513513513,9.324324324324325,-2.8666666666666667,125.0,317.0,52.0,148.0,43.0,57.0,25.0,93.0,118.0,41.0,23.0,8.0,45.0,87.0,345.0,-86.0,37,1252.3783783783783,46338.0
1610612750,201785,Othyus Jeffers,1.4,3.0,0.0,0.0,1.2,2.2,1.0,2.2,3.2,0.4,0.8,0.0,1.0,1.2,4.0,"",7.0,15.0,0.0,0.0,6.0,11.0,5.0,11.0,16.0,2.0,4.0,0.0,5.0,6.0,20.0,"",5,13.2,66.0
