TEAM_ID,PLAYER_ID,PLAYER_NAME,avg(FGM),avg(FGA),avg(FG3M),avg(FG3A),avg(FTM),avg(FTA),avg(OREB),avg(DREB),avg(REB),avg(AST),avg(STL),avg(BLK),avg(TO),avg(PF),avg(PTS),avg(PLUS_MINUS),sum(FGM),sum(FGA),sum(FG3M),sum(FG3A),sum(FTM),sum(FTA),sum(OREB),sum(DREB),sum(REB),sum(AST),sum(STL),sum(BLK),sum(TO),sum(PF),sum(PTS),sum(PLUS_MINUS),sum(ifminute),avg(seconds),sum(seconds)
1610612764,101162,Marcin Gortat,5.576086956521739,10.41304347826087,0.010869565217391304,0.010869565217391304,2.0,2.9347826086956523,2.5869565217391304,6.934782608695652,9.521739130434783,1.673913043478261,0.5,1.4673913043478262,1.5869565217391304,2.4239130434782608,13.16304347826087,3.630434782608696,513.0,958.0,1.0,1.0,184.0,270.0,238.0,638.0,876.0,154.0,46.0,135.0,146.0,223.0,1211.0,334.0,92,1980.5869565217392,182214.0
1610612758,202335,Patrick Patterson,3.375,8.0,0.75,2.5416666666666665,0.625,1.0833333333333333,1.9166666666666667,3.7916666666666665,5.708333333333333,1.125,0.625,0.125,1.1666666666666667,2.125,8.125,-1.7647058823529411,81.0,192.0,18.0,61.0,15.0,26.0,46.0,91.0,137.0,27.0,15.0,3.0,28.0,51.0,195.0,-30.0,24,1045.5416666666667,25093.0
