TEAM_ID,PLAYER_ID,PLAYER_NAME,avg(FGM),avg(FGA),avg(FG3M),avg(FG3A),avg(FTM),avg(FTA),avg(OREB),avg(DREB),avg(REB),avg(AST),avg(STL),avg(BLK),avg(TO),avg(PF),avg(PTS),avg(PLUS_MINUS),sum(FGM),sum(FGA),sum(FG3M),sum(FG3A),sum(FTM),sum(FTA),sum(OREB),sum(DREB),sum(REB),sum(AST),sum(STL),sum(BLK),sum(TO),sum(PF),sum(PTS),sum(PLUS_MINUS),sum(ifminute),avg(seconds),sum(seconds)
1610612741,2550,Kirk Hinrich,2.8260869565217392,7.550724637681159,1.1884057971014492,3.246376811594203,1.536231884057971,2.0434782608695654,0.2753623188405797,2.5652173913043477,2.8405797101449277,4.913043478260869,1.173913043478261,0.4057971014492754,1.7536231884057971,3.0579710144927534,8.376811594202898,1.0,195.0,521.0,82.0,224.0,106.0,141.0,19.0,177.0,196.0,339.0,81.0,28.0,121.0,211.0,578.0,64.0,69,1756.0579710144928,121168.0
1610612737,200794,Paul Millsap,6.444444444444445,12.916666666666666,1.0,2.4722222222222223,3.25,4.805555555555555,1.8888888888888888,6.444444444444445,8.333333333333334,2.5,1.5833333333333333,1.0833333333333333,2.388888888888889,2.888888888888889,17.13888888888889,2.5483870967741935,232.0,465.0,36.0,89.0,117.0,173.0,68.0,232.0,300.0,90.0,57.0,39.0,86.0,104.0,617.0,79.0,36,1740.888888888889,62672.0
1610612764,203078,Bradley Beal,6.482142857142857,14.446428571428571,2.2857142857142856,4.821428571428571,1.9821428571428572,2.5892857142857144,0.7857142857142857,3.0535714285714284,3.8392857142857144,2.4642857142857144,0.9107142857142857,0.42857142857142855,1.9107142857142858,1.9821428571428572,17.232142857142858,2.693877551020408,363.0,809.0,128.0,270.0,111.0,145.0,44.0,171.0,215.0,138.0,51.0,24.0,107.0,111.0,965.0,132.0,56,1772.5357142857142,99262.0
1610612745,203496,Robert Covington,0.8,3.2,0.2,1.4,1.4,2.0,0.8,1.0,1.8,0.4,0.2,0.0,0.8,1.2,3.2,"",4.0,16.0,1.0,7.0,7.0,10.0,4.0,5.0,9.0,2.0,1.0,0.0,4.0,6.0,16.0,"",5,9.2,46.0
