TEAM_ID,PLAYER_ID,PLAYER_NAME,avg(FGM),avg(FGA),avg(FG3M),avg(FG3A),avg(FTM),avg(FTA),avg(OREB),avg(DREB),avg(REB),avg(AST),avg(STL),avg(BLK),avg(TO),avg(PF),avg(PTS),avg(PLUS_MINUS),sum(FGM),sum(FGA),sum(FG3M),sum(FG3A),sum(FTM),sum(FTA),sum(OREB),sum(DREB),sum(REB),sum(AST),sum(STL),sum(BLK),sum(TO),sum(PF),sum(PTS),sum(PLUS_MINUS),sum(ifminute),avg(seconds),sum(seconds)
1610612738,2743,Kris Humphries,2.7096774193548385,4.967741935483871,0.0,0.03225806451612903,1.2258064516129032,1.4838709677419355,1.0,3.129032258064516,4.129032258064516,0.6451612903225806,0.25806451612903225,0.7096774193548387,0.9354838709677419,1.6451612903225807,6.645161290322581,2.2083333333333335,84.0,154.0,0.0,1.0,38.0,46.0,31.0,97.0,128.0,20.0,8.0,22.0,29.0,51.0,206.0,53.0,31,751.8709677419355,23308.0
1610612752,203501,Tim Hardaway Jr.,3.5833333333333335,8.194444444444445,1.6944444444444444,4.055555555555555,0.9166666666666666,1.1944444444444444,0.3611111111111111,1.3333333333333333,1.6944444444444444,1.0,0.4722222222222222,0.19444444444444445,0.6944444444444444,1.4444444444444444,9.777777777777779,-2.9310344827586206,129.0,295.0,61.0,146.0,33.0,43.0,13.0,48.0,61.0,36.0,17.0,7.0,25.0,52.0,352.0,-85.0,36,951.9722222222222,34271.0
1610612739,201961,Wayne Ellington,3.8157894736842106,8.68421052631579,1.394736842105263,3.763157894736842,1.394736842105263,1.5526315789473684,0.5263157894736842,2.473684210526316,3.0,1.631578947368421,0.7631578947368421,0.05263157894736842,0.868421052631579,1.131578947368421,10.421052631578947,-1.4473684210526316,145.0,330.0,53.0,143.0,53.0,59.0,20.0,94.0,114.0,62.0,29.0,2.0,33.0,43.0,396.0,-55.0,38,1555.0,59090.0
1610612752,739,Rasheed Wallace,1.0,3.0,0.0,1.0,0.0,0.0,0.0,0.0,0.0,0.0,0.0,0.0,0.0,0.0,2.0,-4.0,1.0,3.0,0.0,1.0,0.0,0.0,0.0,0.0,0.0,0.0,0.0,0.0,0.0,0.0,2.0,-4.0,1,230.0,230.0
1610612763,203187,Chris Johnson,1.375,3.125,0.75,2.25,0.125,0.25,0.625,0.75,1.375,0.25,0.5,0.0,0.375,0.625,3.625,4.5,11.0,25.0,6.0,18.0,1.0,2.0,5.0,6.0,11.0,2.0,4.0,0.0,3.0,5.0,29.0,36.0,8,765.625,6125.0
