TEAM_ID,PLAYER_ID,PLAYER_NAME,avg(FGM),avg(FGA),avg(FG3M),avg(FG3A),avg(FTM),avg(FTA),avg(OREB),avg(DREB),avg(REB),avg(AST),avg(STL),avg(BLK),avg(TO),avg(PF),avg(PTS),avg(PLUS_MINUS),sum(FGM),sum(FGA),sum(FG3M),sum(FG3A),sum(FTM),sum(FTA),sum(OREB),sum(DREB),sum(REB),sum(AST),sum(STL),sum(BLK),sum(TO),sum(PF),sum(PTS),sum(PLUS_MINUS),sum(ifminute),avg(seconds),sum(seconds)
1610612764,101162,Marcin Gortat,5.392857142857143,10.178571428571429,0.03571428571428571,0.03571428571428571,1.75,2.4285714285714284,2.0714285714285716,6.607142857142857,8.678571428571429,1.75,0.39285714285714285,1.5357142857142858,1.6785714285714286,2.357142857142857,12.571428571428571,3.0,151.0,285.0,1.0,1.0,49.0,68.0,58.0,185.0,243.0,49.0,11.0,43.0,47.0,66.0,352.0,84.0,28,2011.892857142857,56333.0
1610612744,203159,Scott Machado,0.2,0.4,0.0,0.0,0.2,0.4,0.0,0.2,0.2,0.2,0.0,0.0,0.2,0.2,0.6,-2.2,1.0,2.0,0.0,0.0,1.0,2.0,0.0,1.0,1.0,1.0,0.0,0.0,1.0,1.0,3.0,-11.0,5,93.6,468.0
