TEAM_ID,PLAYER_ID,PLAYER_NAME,avg(FGM),avg(FGA),avg(FG3M),avg(FG3A),avg(FTM),avg(FTA),avg(OREB),avg(DREB),avg(REB),avg(AST),avg(STL),avg(BLK),avg(TO),avg(PF),avg(PTS),avg(PLUS_MINUS),sum(FGM),sum(FGA),sum(FG3M),sum(FG3A),sum(FTM),sum(FTA),sum(OREB),sum(DREB),sum(REB),sum(AST),sum(STL),sum(BLK),sum(TO),sum(PF),sum(PTS),sum(PLUS_MINUS),sum(ifminute),avg(seconds),sum(seconds)
1610612744,201939,Stephen Curry,8.032608695652174,17.369565217391305,3.25,7.793478260869565,4.010869565217392,4.543478260869565,0.5543478260869565,3.5760869565217392,4.130434782608695,8.23913043478261,1.6195652173913044,0.18478260869565216,3.630434782608696,2.5217391304347827,23.32608695652174,6.788235294117647,739.0,1598.0,299.0,717.0,369.0,418.0,51.0,329.0,380.0,758.0,149.0,17.0,334.0,232.0,2146.0,577.0,92,2051.391304347826,188728.0
1610612744,2581,Steve Blake,1.4411764705882353,3.8823529411764706,0.8823529411764706,2.6176470588235294,0.14705882352941177,0.2647058823529412,0.17647058823529413,1.588235294117647,1.7647058823529411,3.0588235294117645,0.5882352941176471,0.17647058823529413,0.9705882352941176,1.1176470588235294,3.911764705882353,-2.5294117647058822,49.0,132.0,30.0,89.0,5.0,9.0,6.0,54.0,60.0,104.0,20.0,6.0,33.0,38.0,133.0,-86.0,34,1150.1764705882354,39106.0
1610612748,203120,Justin Hamilton,1.1666666666666667,2.4166666666666665,0.3333333333333333,1.0,0.5833333333333334,0.8333333333333334,0.5,0.5,1.0,0.0,0.5,0.0,0.25,0.8333333333333334,3.25,-3.142857142857143,14.0,29.0,4.0,12.0,7.0,10.0,6.0,6.0,12.0,0.0,6.0,0.0,3.0,10.0,39.0,-22.0,12,344.4166666666667,4133.0
1610612738,2222,Gerald Wallace,2.1875,4.421875,0.390625,1.328125,0.96875,1.890625,0.609375,3.015625,3.625,2.53125,1.21875,0.21875,1.65625,1.390625,5.734375,-3.0,140.0,283.0,25.0,85.0,62.0,121.0,39.0,193.0,232.0,162.0,78.0,14.0,106.0,89.0,367.0,-174.0,64,1330.171875,85131.0
