TEAM_ID,PLAYER_ID,PLAYER_NAME,avg(FGM),avg(FGA),avg(FG3M),avg(FG3A),avg(FTM),avg(FTA),avg(OREB),avg(DREB),avg(REB),avg(AST),avg(STL),avg(BLK),avg(TO),avg(PF),avg(PTS),avg(PLUS_MINUS),sum(FGM),sum(FGA),sum(FG3M),sum(FG3A),sum(FTM),sum(FTA),sum(OREB),sum(DREB),sum(REB),sum(AST),sum(STL),sum(BLK),sum(TO),sum(PF),sum(PTS),sum(PLUS_MINUS),sum(ifminute),avg(seconds),sum(seconds)
1610612756,202339,Eric Bledsoe,5.966666666666667,12.633333333333333,1.0333333333333334,3.2666666666666666,3.7,4.733333333333333,0.36666666666666664,3.8333333333333335,4.2,5.9,1.7,0.36666666666666664,3.1666666666666665,2.5,16.666666666666668,1.125,179.0,379.0,31.0,98.0,111.0,142.0,11.0,115.0,126.0,177.0,51.0,11.0,95.0,75.0,500.0,27.0,30,1611.4,48342.0
1610612753,203126,Kris Joseph,1.8,5.0,0.6,2.2,1.4,1.8,0.4,1.4,1.8,0.4,0.2,0.4,1.2,1.4,5.6,"",9.0,25.0,3.0,11.0,7.0,9.0,2.0,7.0,9.0,2.0,1.0,2.0,6.0,7.0,28.0,"",5,11.0,55.0
1610612759,202408,Marcus Cousin,0.5,1.5,0.0,0.0,0.5,1.0,0.5,1.5,2.0,0.0,0.0,0.0,0.5,1.0,1.5,"",1.0,3.0,0.0,0.0,1.0,2.0,1.0,3.0,4.0,0.0,0.0,0.0,1.0,2.0,3.0,"",2,8.5,17.0
1610612742,1882,Elton Brand,3.3777777777777778,6.866666666666666,0.0,0.0,0.8,1.2,1.6888888888888889,4.111111111111111,5.8,0.8666666666666667,0.7111111111111111,1.3333333333333333,0.6444444444444445,2.7333333333333334,7.555555555555555,-0.28888888888888886,152.0,309.0,0.0,0.0,36.0,54.0,76.0,185.0,261.0,39.0,32.0,60.0,29.0,123.0,340.0,-13.0,45,1275.5333333333333,57399.0
1610612753,2045,Hedo Turkoglu,0.5,3.75,0.0,2.0,0.125,0.25,0.25,1.75,2.0,1.375,0.625,0.0,0.625,0.625,1.125,-6.5,4.0,30.0,0.0,16.0,1.0,2.0,2.0,14.0,16.0,11.0,5.0,0.0,5.0,5.0,9.0,-52.0,8,827.5,6620.0
