TEAM_ID,PLAYER_ID,PLAYER_NAME,avg(FGM),avg(FGA),avg(FG3M),avg(FG3A),avg(FTM),avg(FTA),avg(OREB),avg(DREB),avg(REB),avg(AST),avg(STL),avg(BLK),avg(TO),avg(PF),avg(PTS),avg(PLUS_MINUS),sum(FGM),sum(FGA),sum(FG3M),sum(FG3A),sum(FTM),sum(FTA),sum(OREB),sum(DREB),sum(REB),sum(AST),sum(STL),sum(BLK),sum(TO),sum(PF),sum(PTS),sum(PLUS_MINUS),sum(ifminute),avg(seconds),sum(seconds)
1610612762,202324,Derrick Favors,4.3,8.544444444444444,0.0,0.05555555555555555,2.2111111111111112,3.2666666666666666,2.5,5.8,8.3,1.2444444444444445,0.8888888888888888,1.6111111111111112,1.8888888888888888,3.4,10.811111111111112,-2.3780487804878048,387.0,769.0,0.0,5.0,199.0,294.0,225.0,522.0,747.0,112.0,80.0,145.0,170.0,306.0,973.0,-195.0,90,1470.911111111111,132382.0
1610612756,200782,P.J. Tucker,3.1294117647058823,7.152941176470589,0.611764705882353,1.6470588235294117,1.2941176470588236,1.6823529411764706,2.0,3.2705882352941176,5.270588235294118,1.6470588235294117,1.1176470588235294,0.25882352941176473,1.0941176470588236,2.070588235294118,8.16470588235294,-1.6708860759493671,266.0,608.0,52.0,140.0,110.0,143.0,170.0,278.0,448.0,140.0,95.0,22.0,93.0,176.0,694.0,-132.0,85,1611.2588235294118,136957.0
1610612742,1890,Shawn Marion,5.382716049382716,10.654320987654321,0.5432098765432098,1.6790123456790123,1.0,1.3580246913580247,1.9382716049382716,5.567901234567901,7.506172839506172,1.9012345679012346,1.2839506172839505,0.6790123456790124,1.3580246913580247,1.7160493827160495,12.308641975308642,-0.972972972972973,436.0,863.0,44.0,136.0,81.0,110.0,157.0,451.0,608.0,154.0,104.0,55.0,110.0,139.0,997.0,-72.0,81,1692.641975308642,137104.0
1610612750,203133,Robbie Hummel,1.2592592592592593,3.5185185185185186,0.48148148148148145,1.6666666666666667,0.2962962962962963,0.2962962962962963,0.7407407407407407,2.0,2.740740740740741,0.4074074074074074,0.2222222222222222,0.037037037037037035,0.18518518518518517,1.0740740740740742,3.2962962962962963,1.2916666666666667,34.0,95.0,13.0,45.0,8.0,8.0,20.0,54.0,74.0,11.0,6.0,1.0,5.0,29.0,89.0,31.0,27,600.4444444444445,16212.0
1610612738,2404,Chris Wilcox,1.625,2.25,0.0,0.025,0.5,0.825,0.875,2.35,3.225,0.425,0.65,0.475,0.475,1.875,3.75,-1.35,65.0,90.0,0.0,1.0,20.0,33.0,35.0,94.0,129.0,17.0,26.0,19.0,19.0,75.0,150.0,-54.0,40,793.35,31734.0
