TEAM_ID,PLAYER_ID,PLAYER_NAME,avg(FGM),avg(FGA),avg(FG3M),avg(FG3A),avg(FTM),avg(FTA),avg(OREB),avg(DREB),avg(REB),avg(AST),avg(STL),avg(BLK),avg(TO),avg(PF),avg(PTS),avg(PLUS_MINUS),sum(FGM),sum(FGA),sum(FG3M),sum(FG3A),sum(FTM),sum(FTA),sum(OREB),sum(DREB),sum(REB),sum(AST),sum(STL),sum(BLK),sum(TO),sum(PF),sum(PTS),sum(PLUS_MINUS),sum(ifminute),avg(seconds),sum(seconds)
1610612753,202696,Nikola Vucevic,6.079365079365079,11.952380952380953,0.0,0.0,1.7777777777777777,2.365079365079365,3.2222222222222223,7.444444444444445,10.666666666666666,1.746031746031746,1.0476190476190477,0.8412698412698413,1.9523809523809523,3.0476190476190474,13.936507936507937,-3.087719298245614,383.0,753.0,0.0,0.0,112.0,149.0,203.0,469.0,672.0,110.0,66.0,53.0,123.0,192.0,878.0,-176.0,63,1728.2698412698412,108881.0
1610612751,2501,Reggie Evans,0.8648648648648649,2.189189189189189,0.0,0.0,1.2972972972972974,2.5945945945945947,2.081081081081081,3.1621621621621623,5.243243243243243,0.16216216216216217,0.43243243243243246,0.05405405405405406,0.972972972972973,1.9189189189189189,3.027027027027027,-2.566666666666667,32.0,81.0,0.0,0.0,48.0,96.0,77.0,117.0,194.0,6.0,16.0,2.0,36.0,71.0,112.0,-77.0,37,650.1351351351351,24055.0
