TEAM_ID,PLAYER_ID,PLAYER_NAME,avg(FGM),avg(FGA),avg(FG3M),avg(FG3A),avg(FTM),avg(FTA),avg(OREB),avg(DREB),avg(REB),avg(AST),avg(STL),avg(BLK),avg(TO),avg(PF),avg(PTS),avg(PLUS_MINUS),sum(FGM),sum(FGA),sum(FG3M),sum(FG3A),sum(FTM),sum(FTA),sum(OREB),sum(DREB),sum(REB),sum(AST),sum(STL),sum(BLK),sum(TO),sum(PF),sum(PTS),sum(PLUS_MINUS),sum(ifminute),avg(seconds),sum(seconds)
1610612759,203382,Aron Baynes,1.452054794520548,3.136986301369863,0.0,0.0136986301369863,0.4383561643835616,0.5068493150684932,1.0273972602739727,1.7945205479452055,2.8219178082191783,0.5068493150684932,0.0821917808219178,0.1232876712328767,0.684931506849315,1.452054794520548,3.3424657534246576,1.0298507462686568,106.0,229.0,0.0,1.0,32.0,37.0,75.0,131.0,206.0,37.0,6.0,9.0,50.0,106.0,244.0,69.0,73,488.0,35624.0
1610612751,1905,Andrei Kirilenko,1.6491228070175439,3.210526315789474,0.03508771929824561,0.10526315789473684,1.3333333333333333,2.526315789473684,1.1403508771929824,1.9473684210526316,3.087719298245614,1.543859649122807,1.0,0.45614035087719296,1.0526315789473684,1.4385964912280702,4.666666666666667,-0.6363636363636364,94.0,183.0,2.0,6.0,76.0,144.0,65.0,111.0,176.0,88.0,57.0,26.0,60.0,82.0,266.0,-35.0,57,1055.280701754386,60151.0
1610612742,1890,Shawn Marion,4.4222222222222225,9.266666666666667,0.7,2.088888888888889,0.6555555555555556,0.8777777777777778,1.7222222222222223,4.7444444444444445,6.466666666666667,1.5777777777777777,1.1555555555555554,0.45555555555555555,1.2,1.5777777777777777,10.2,-1.9879518072289157,398.0,834.0,63.0,188.0,59.0,79.0,155.0,427.0,582.0,142.0,104.0,41.0,108.0,142.0,918.0,-165.0,90,1736.3,156267.0
1610612754,203111,Orlando Johnson,0.9777777777777777,2.6,0.26666666666666666,1.1111111111111112,0.5333333333333333,0.7777777777777778,0.2,1.3111111111111111,1.511111111111111,0.4222222222222222,0.15555555555555556,0.022222222222222223,0.4444444444444444,0.6666666666666666,2.7555555555555555,-0.13157894736842105,44.0,117.0,12.0,50.0,24.0,35.0,9.0,59.0,68.0,19.0,7.0,1.0,20.0,30.0,124.0,-5.0,45,458.24444444444447,20621.0
