TEAM_ID,PLAYER_ID,PLAYER_NAME,avg(FGM),avg(FGA),avg(FG3M),avg(FG3A),avg(FTM),avg(FTA),avg(OREB),avg(DREB),avg(REB),avg(AST),avg(STL),avg(BLK),avg(TO),avg(PF),avg(PTS),avg(PLUS_MINUS),sum(FGM),sum(FGA),sum(FG3M),sum(FG3A),sum(FTM),sum(FTA),sum(OREB),sum(DREB),sum(REB),sum(AST),sum(STL),sum(BLK),sum(TO),sum(PF),sum(PTS),sum(PLUS_MINUS),sum(ifminute),avg(seconds),sum(seconds)
1610612748,951,Ray Allen,3.490566037735849,7.89622641509434,1.679245283018868,4.179245283018868,1.6981132075471699,1.9245283018867925,0.4528301886792453,2.2358490566037736,2.688679245283019,1.7547169811320755,0.7547169811320755,0.18867924528301888,1.3396226415094339,1.5660377358490567,10.358490566037736,4.089108910891089,370.0,837.0,178.0,443.0,180.0,204.0,48.0,237.0,285.0,186.0,80.0,20.0,142.0,166.0,1098.0,413.0,106,1460.2169811320755,154783.0
1610612763,202347,Quincy Pondexter,2.388059701492537,5.417910447761194,0.9552238805970149,2.5522388059701493,1.2238805970149254,1.671641791044776,0.6567164179104478,1.5671641791044777,2.2238805970149254,0.9701492537313433,0.5671641791044776,0.1044776119402985,0.746268656716418,1.537313432835821,6.955223880597015,-1.0483870967741935,160.0,363.0,64.0,171.0,82.0,112.0,44.0,105.0,149.0,65.0,38.0,7.0,50.0,103.0,466.0,-65.0,67,1117.5074626865671,74873.0
1610612751,201228,C.J. Watson,2.6785714285714284,6.053571428571429,1.0,2.4285714285714284,0.9107142857142857,1.2321428571428572,0.5357142857142857,1.6428571428571428,2.1785714285714284,2.142857142857143,0.8928571428571429,0.14285714285714285,0.8928571428571429,1.6964285714285714,7.267857142857143,0.625,150.0,339.0,56.0,136.0,51.0,69.0,30.0,92.0,122.0,120.0,50.0,8.0,50.0,95.0,407.0,35.0,56,1197.0357142857142,67034.0
