TEAM_ID,PLAYER_ID,PLAYER_NAME,avg(FGM),avg(FGA),avg(FG3M),avg(FG3A),avg(FTM),avg(FTA),avg(OREB),avg(DREB),avg(REB),avg(AST),avg(STL),avg(BLK),avg(TO),avg(PF),avg(PTS),avg(PLUS_MINUS),sum(FGM),sum(FGA),sum(FG3M),sum(FG3A),sum(FTM),sum(FTA),sum(OREB),sum(DREB),sum(REB),sum(AST),sum(STL),sum(BLK),sum(TO),sum(PF),sum(PTS),sum(PLUS_MINUS),sum(ifminute),avg(seconds),sum(seconds)
1610612739,101139,CJ Miles,3.6,8.67142857142857,1.6428571428571428,4.6,1.3857142857142857,1.6,0.3142857142857143,2.0285714285714285,2.342857142857143,1.0571428571428572,0.9142857142857143,0.34285714285714286,0.8857142857142857,2.0,10.228571428571428,-0.06060606060606061,252.0,607.0,115.0,322.0,97.0,112.0,22.0,142.0,164.0,74.0,64.0,24.0,62.0,140.0,716.0,-4.0,70,1140.7857142857142,79855.0
1610612746,201957,Byron Mullens,1.6153846153846154,4.346153846153846,0.9230769230769231,2.923076923076923,0.23076923076923078,0.46153846153846156,0.46153846153846156,1.6538461538461537,2.1153846153846154,0.5,0.46153846153846156,0.19230769230769232,0.8846153846153846,1.9230769230769231,4.384615384615385,-2.1666666666666665,42.0,113.0,24.0,76.0,6.0,12.0,12.0,43.0,55.0,13.0,12.0,5.0,23.0,50.0,114.0,-39.0,26,321.2692307692308,8353.0
1610612742,201971,DeJuan Blair,3.473684210526316,6.368421052631579,0.0,0.05263157894736842,0.7631578947368421,1.4473684210526316,2.4210526315789473,3.9473684210526314,6.368421052631579,1.2105263157894737,1.0526315789473684,0.2894736842105263,1.2894736842105263,3.026315789473684,7.7105263157894735,0.4,132.0,242.0,0.0,2.0,29.0,55.0,92.0,150.0,242.0,46.0,40.0,11.0,49.0,115.0,293.0,12.0,38,971.2105263157895,36906.0
