TEAM_ID,PLAYER_ID,PLAYER_NAME,avg(FGM),avg(FGA),avg(FG3M),avg(FG3A),avg(FTM),avg(FTA),avg(OREB),avg(DREB),avg(REB),avg(AST),avg(STL),avg(BLK),avg(TO),avg(PF),avg(PTS),avg(PLUS_MINUS),sum(FGM),sum(FGA),sum(FG3M),sum(FG3A),sum(FTM),sum(FTA),sum(OREB),sum(DREB),sum(REB),sum(AST),sum(STL),sum(BLK),sum(TO),sum(PF),sum(PTS),sum(PLUS_MINUS),sum(ifminute),avg(seconds),sum(seconds)
1610612747,203135,Robert Sacre,1.0888888888888888,2.6666666666666665,0.0,0.0,0.6444444444444445,0.9777777777777777,0.6,1.3111111111111111,1.9111111111111112,0.4666666666666667,0.13333333333333333,0.6444444444444445,0.4444444444444444,1.3333333333333333,2.8222222222222224,-1.0256410256410255,49.0,120.0,0.0,0.0,29.0,44.0,27.0,59.0,86.0,21.0,6.0,29.0,20.0,60.0,127.0,-40.0,45,500.02222222222224,22501.0
1610612763,201589,Darrell Arthur,2.5344827586206895,5.586206896551724,0.08620689655172414,0.27586206896551724,0.5689655172413793,0.7931034482758621,1.1724137931034482,1.7413793103448276,2.913793103448276,0.4827586206896552,0.3448275862068966,0.46551724137931033,0.603448275862069,2.189655172413793,5.724137931034483,-1.8448275862068966,147.0,324.0,5.0,16.0,33.0,46.0,68.0,101.0,169.0,28.0,20.0,27.0,35.0,127.0,332.0,-107.0,58,936.2413793103449,54302.0
1610612738,201944,Terrence Williams,1.7241379310344827,3.689655172413793,0.1724137931034483,0.6206896551724138,0.3448275862068966,0.7931034482758621,0.1724137931034483,1.6896551724137931,1.8620689655172413,1.5172413793103448,0.3793103448275862,0.10344827586206896,0.896551724137931,0.5517241379310345,3.9655172413793105,-0.7586206896551724,50.0,107.0,5.0,18.0,10.0,23.0,5.0,49.0,54.0,44.0,11.0,3.0,26.0,16.0,115.0,-22.0,29,757.6206896551724,21971.0
