TEAM_ID,PLAYER_ID,PLAYER_NAME,avg(FGM),avg(FGA),avg(FG3M),avg(FG3A),avg(FTM),avg(FTA),avg(OREB),avg(DREB),avg(REB),avg(AST),avg(STL),avg(BLK),avg(TO),avg(PF),avg(PTS),avg(PLUS_MINUS),sum(FGM),sum(FGA),sum(FG3M),sum(FG3A),sum(FTM),sum(FTA),sum(OREB),sum(DREB),sum(REB),sum(AST),sum(STL),sum(BLK),sum(TO),sum(PF),sum(PTS),sum(PLUS_MINUS),sum(ifminute),avg(seconds),sum(seconds)
1610612741,2399,Mike Dunleavy,3.9263157894736844,9.178947368421053,1.4947368421052631,3.9263157894736844,1.6631578947368422,1.9684210526315788,0.5473684210526316,3.610526315789474,4.157894736842105,2.2736842105263158,0.7578947368421053,0.5052631578947369,1.3368421052631578,2.0105263157894737,11.010526315789473,1.6781609195402298,373.0,872.0,142.0,373.0,158.0,187.0,52.0,343.0,395.0,216.0,72.0,48.0,127.0,191.0,1046.0,146.0,95,1736.6631578947367,164983.0
1610612752,203315,Toure' Murry,1.3928571428571428,3.1964285714285716,0.14285714285714285,0.48214285714285715,0.48214285714285715,0.7857142857142857,0.30357142857142855,0.7321428571428571,1.0357142857142858,1.0,0.4107142857142857,0.017857142857142856,0.7678571428571429,1.0535714285714286,3.4107142857142856,-0.6470588235294118,78.0,179.0,8.0,27.0,27.0,44.0,17.0,41.0,58.0,56.0,23.0,1.0,43.0,59.0,191.0,-33.0,56,401.07142857142856,22460.0
1610612755,203091,Royce White,1.8,4.6,0.2,1.0,1.2,2.8,0.4,4.0,4.4,1.2,0.4,0.6,3.4,4.0,5.0,"",9.0,23.0,1.0,5.0,6.0,14.0,2.0,20.0,22.0,6.0,2.0,3.0,17.0,20.0,25.0,"",5,19.0,95.0
1610612760,203197,Diante Garrett,1.0,3.8,0.2,1.2,1.2,1.6,0.2,0.6,0.8,1.4,0.6,0.0,1.4,0.8,3.4,"",5.0,19.0,1.0,6.0,6.0,8.0,1.0,3.0,4.0,7.0,3.0,0.0,7.0,4.0,17.0,"",5,11.2,56.0
1610612752,2694,Josh Powell,0.8,2.6,0.0,0.0,1.4,2.0,1.4,1.4,2.8,0.6,0.4,1.2,1.4,3.6,3.0,"",4.0,13.0,0.0,0.0,7.0,10.0,7.0,7.0,14.0,3.0,2.0,6.0,7.0,18.0,15.0,"",5,18.6,93.0
1610612746,203210,JaMychal Green,0.0,1.0,0.0,0.0,0.0,0.0,0.0,3.0,3.0,0.0,0.0,0.0,0.0,0.0,0.0,"",0.0,1.0,0.0,0.0,0.0,0.0,0.0,3.0,3.0,0.0,0.0,0.0,0.0,0.0,0.0,"",1,5.0,5.0
