TEAM_ID,PLAYER_ID,PLAYER_NAME,avg(FGM),avg(FGA),avg(FG3M),avg(FG3A),avg(FTM),avg(FTA),avg(OREB),avg(DREB),avg(REB),avg(AST),avg(STL),avg(BLK),avg(TO),avg(PF),avg(PTS),avg(PLUS_MINUS),sum(FGM),sum(FGA),sum(FG3M),sum(FG3A),sum(FTM),sum(FTA),sum(OREB),sum(DREB),sum(REB),sum(AST),sum(STL),sum(BLK),sum(TO),sum(PF),sum(PTS),sum(PLUS_MINUS),sum(ifminute),avg(seconds),sum(seconds)
1610612766,202689,Kemba Walker,6.0,15.235294117647058,1.4705882352941178,4.352941176470588,3.8,4.541176470588235,0.5176470588235295,3.5764705882352943,4.094117647058823,5.905882352941177,1.2352941176470589,0.4588235294117647,2.3294117647058825,1.7647058823529411,17.270588235294117,1.2337662337662338,510.0,1295.0,125.0,370.0,323.0,386.0,44.0,304.0,348.0,502.0,105.0,39.0,198.0,150.0,1468.0,95.0,85,1955.7058823529412,166235.0
1610612747,2549,Chris Kaman,4.545454545454546,8.931818181818182,0.0,0.06818181818181818,1.3636363636363635,1.7272727272727273,1.4772727272727273,4.613636363636363,6.090909090909091,1.6136363636363635,0.2727272727272727,1.0,2.0,2.340909090909091,10.454545454545455,-1.5384615384615385,200.0,393.0,0.0,3.0,60.0,76.0,65.0,203.0,268.0,71.0,12.0,44.0,88.0,103.0,460.0,-60.0,44,1006.0454545454545,44266.0
1610612737,201143,Al Horford,7.823529411764706,13.882352941176471,0.11764705882352941,0.3235294117647059,1.9411764705882353,2.764705882352941,2.0588235294117645,6.235294117647059,8.294117647058824,2.676470588235294,1.0,1.4411764705882353,2.1470588235294117,1.8235294117647058,17.705882352941178,2.5172413793103448,266.0,472.0,4.0,11.0,66.0,94.0,70.0,212.0,282.0,91.0,34.0,49.0,73.0,62.0,602.0,73.0,34,1694.264705882353,57605.0
