TEAM_ID,PLAYER_ID,PLAYER_NAME,avg(FGM),avg(FGA),avg(FG3M),avg(FG3A),avg(FTM),avg(FTA),avg(OREB),avg(DREB),avg(REB),avg(AST),avg(STL),avg(BLK),avg(TO),avg(PF),avg(PTS),avg(PLUS_MINUS),sum(FGM),sum(FGA),sum(FG3M),sum(FG3A),sum(FTM),sum(FTA),sum(OREB),sum(DREB),sum(REB),sum(AST),sum(STL),sum(BLK),sum(TO),sum(PF),sum(PTS),sum(PLUS_MINUS),sum(ifminute),avg(seconds),sum(seconds)
1610612764,2400,Drew Gooden,2.8125,5.65625,0.21875,0.65625,0.9375,1.09375,1.78125,3.09375,4.875,0.59375,0.40625,0.34375,0.65625,2.59375,6.78125,0.5,90.0,181.0,7.0,21.0,30.0,35.0,57.0,99.0,156.0,19.0,13.0,11.0,21.0,83.0,217.0,16.0,32,1014.1875,32454.0
1610612746,2045,Hedo Turkoglu,1.1162790697674418,2.8372093023255816,0.6046511627906976,1.3953488372093024,0.20930232558139536,0.4186046511627907,0.2558139534883721,1.930232558139535,2.186046511627907,0.7906976744186046,0.5116279069767442,0.23255813953488372,0.37209302325581395,1.2325581395348837,3.046511627906977,0.2558139534883721,48.0,122.0,26.0,60.0,9.0,18.0,11.0,83.0,94.0,34.0,22.0,10.0,16.0,53.0,131.0,11.0,43,603.5348837209302,25952.0
