TEAM_ID,PLAYER_ID,PLAYER_NAME,avg(FGM),avg(FGA),avg(FG3M),avg(FG3A),avg(FTM),avg(FTA),avg(OREB),avg(DREB),avg(REB),avg(AST),avg(STL),avg(BLK),avg(TO),avg(PF),avg(PTS),avg(PLUS_MINUS),sum(FGM),sum(FGA),sum(FG3M),sum(FG3A),sum(FTM),sum(FTA),sum(OREB),sum(DREB),sum(REB),sum(AST),sum(STL),sum(BLK),sum(TO),sum(PF),sum(PTS),sum(PLUS_MINUS),sum(ifminute),avg(seconds),sum(seconds)
1610612744,202348,Jordan Crawford,3.1458333333333335,7.625,0.875,2.8125,0.9791666666666666,1.1875,0.2916666666666667,1.2083333333333333,1.5,1.2291666666666667,0.2916666666666667,0.041666666666666664,1.1458333333333333,1.0625,8.145833333333334,-2.1041666666666665,151.0,366.0,42.0,135.0,47.0,57.0,14.0,58.0,72.0,59.0,14.0,2.0,55.0,51.0,391.0,-101.0,48,897.1458333333334,43063.0
1610612739,101139,CJ Miles,3.5090909090909093,8.072727272727272,1.6,4.1454545454545455,1.4,1.6181818181818182,0.32727272727272727,1.709090909090909,2.036363636363636,1.0545454545454545,0.8909090909090909,0.2727272727272727,0.8727272727272727,2.0727272727272728,10.018181818181818,0.8823529411764706,193.0,444.0,88.0,228.0,77.0,89.0,18.0,94.0,112.0,58.0,49.0,15.0,48.0,114.0,551.0,45.0,55,1075.0727272727272,59129.0
1610612749,201564,O.J. Mayo,4.333333333333333,10.596491228070175,1.6842105263157894,4.43859649122807,1.456140350877193,1.7017543859649122,0.43859649122807015,2.087719298245614,2.526315789473684,2.263157894736842,0.5964912280701754,0.22807017543859648,1.912280701754386,2.2982456140350878,11.807017543859649,-6.865384615384615,247.0,604.0,96.0,253.0,83.0,97.0,25.0,119.0,144.0,129.0,34.0,13.0,109.0,131.0,673.0,-357.0,57,1419.421052631579,80907.0
1610612758,201635,Brandon Heath,0.0,0.0,0.0,0.0,0.0,0.0,0.0,1.0,1.0,2.0,0.0,0.0,1.0,0.0,0.0,"",0.0,0.0,0.0,0.0,0.0,0.0,0.0,1.0,1.0,2.0,0.0,0.0,1.0,0.0,0.0,"",1,2.0,2.0
