TEAM_ID,PLAYER_ID,PLAYER_NAME,avg(FGM),avg(FGA),avg(FG3M),avg(FG3A),avg(FTM),avg(FTA),avg(OREB),avg(DREB),avg(REB),avg(AST),avg(STL),avg(BLK),avg(TO),avg(PF),avg(PTS),avg(PLUS_MINUS),sum(FGM),sum(FGA),sum(FG3M),sum(FG3A),sum(FTM),sum(FTA),sum(OREB),sum(DREB),sum(REB),sum(AST),sum(STL),sum(BLK),sum(TO),sum(PF),sum(PTS),sum(PLUS_MINUS),sum(ifminute),avg(seconds),sum(seconds)
1610612750,201593,Nikola Pekovic,6.694915254237288,12.389830508474576,0.0,0.0,3.4745762711864407,4.627118644067797,3.6610169491525424,4.610169491525424,8.271186440677965,0.8983050847457628,0.5254237288135594,0.4406779661016949,1.5593220338983051,2.4237288135593222,16.864406779661017,5.12962962962963,395.0,731.0,0.0,0.0,205.0,273.0,216.0,272.0,488.0,53.0,31.0,26.0,92.0,143.0,995.0,277.0,59,1693.5084745762713,99917.0
