TEAM_ID,PLAYER_ID,PLAYER_NAME,avg(FGM),avg(FGA),avg(FG3M),avg(FG3A),avg(FTM),avg(FTA),avg(OREB),avg(DREB),avg(REB),avg(AST),avg(STL),avg(BLK),avg(TO),avg(PF),avg(PTS),avg(PLUS_MINUS),sum(FGM),sum(FGA),sum(FG3M),sum(FG3A),sum(FTM),sum(FTA),sum(OREB),sum(DREB),sum(REB),sum(AST),sum(STL),sum(BLK),sum(TO),sum(PF),sum(PTS),sum(PLUS_MINUS),sum(ifminute),avg(seconds),sum(seconds)
1610612741,201959,Taj Gibson,4.232558139534884,8.325581395348838,0.0,0.10465116279069768,1.7093023255813953,2.5697674418604652,2.058139534883721,3.744186046511628,5.8023255813953485,0.8604651162790697,0.37209302325581395,1.3837209302325582,1.5232558139534884,2.7790697674418605,10.174418604651162,0.8205128205128205,364.0,716.0,0.0,9.0,147.0,221.0,177.0,322.0,499.0,74.0,32.0,119.0,131.0,239.0,875.0,64.0,86,1342.5348837209303,115458.0
1610612758,201574,Jason Thompson,3.8764044943820224,7.910112359550562,0.0,0.011235955056179775,1.4943820224719102,2.2808988764044944,1.6741573033707866,4.213483146067416,5.887640449438202,0.8876404494382022,0.4606741573033708,0.5842696629213483,1.2247191011235956,2.966292134831461,9.247191011235955,-2.3536585365853657,345.0,704.0,0.0,1.0,133.0,203.0,149.0,375.0,524.0,79.0,41.0,52.0,109.0,264.0,823.0,-193.0,89,1422.8651685393259,126635.0
1610612754,101123,Gerald Green,2.41025641025641,6.6923076923076925,0.9487179487179487,3.230769230769231,0.6153846153846154,0.7435897435897436,0.3333333333333333,1.4102564102564104,1.7435897435897436,0.8974358974358975,0.358974358974359,0.3076923076923077,0.5641025641025641,0.9743589743589743,6.384615384615385,-0.5384615384615384,94.0,261.0,37.0,126.0,24.0,29.0,13.0,55.0,68.0,35.0,14.0,12.0,22.0,38.0,249.0,-21.0,39,818.1025641025641,31906.0
