TEAM_ID,PLAYER_ID,PLAYER_NAME,avg(FGM),avg(FGA),avg(FG3M),avg(FG3A),avg(FTM),avg(FTA),avg(OREB),avg(DREB),avg(REB),avg(AST),avg(STL),avg(BLK),avg(TO),avg(PF),avg(PTS),avg(PLUS_MINUS),sum(FGM),sum(FGA),sum(FG3M),sum(FG3A),sum(FTM),sum(FTA),sum(OREB),sum(DREB),sum(REB),sum(AST),sum(STL),sum(BLK),sum(TO),sum(PF),sum(PTS),sum(PLUS_MINUS),sum(ifminute),avg(seconds),sum(seconds)
1610612737,203118,Mike Scott,3.8085106382978724,7.9361702127659575,0.8191489361702128,2.5851063829787235,1.3191489361702127,1.6914893617021276,0.7659574468085106,2.6808510638297873,3.4468085106382977,0.8723404255319149,0.3404255319148936,0.07446808510638298,0.9148936170212766,1.5,9.75531914893617,-2.1724137931034484,358.0,746.0,77.0,243.0,124.0,159.0,72.0,252.0,324.0,82.0,32.0,7.0,86.0,141.0,917.0,-189.0,94,1040.4468085106382,97802.0
1610612743,101126,Nate Robinson,3.5510204081632653,8.63265306122449,1.3061224489795917,3.5306122448979593,1.5510204081632653,1.8571428571428572,0.46938775510204084,1.4081632653061225,1.8775510204081634,2.673469387755102,0.7755102040816326,0.08163265306122448,1.3265306122448979,2.0,9.959183673469388,1.9318181818181819,174.0,423.0,64.0,173.0,76.0,91.0,23.0,69.0,92.0,131.0,38.0,4.0,65.0,98.0,488.0,85.0,49,1062.6326530612246,52069.0
1610612755,202363,Jarvis Varnado,1.565217391304348,2.608695652173913,0.0,0.0,1.173913043478261,2.260869565217391,0.8260869565217391,1.9130434782608696,2.739130434782609,0.5652173913043478,0.43478260869565216,1.2608695652173914,0.43478260869565216,2.652173913043478,4.304347826086956,-3.869565217391304,36.0,60.0,0.0,0.0,27.0,52.0,19.0,44.0,63.0,13.0,10.0,29.0,10.0,61.0,99.0,-89.0,23,879.9130434782609,20238.0
1610612765,203083,Andre Drummond,5.829545454545454,9.397727272727273,0.0,0.022727272727272728,1.7272727272727273,4.068181818181818,5.25,7.909090909090909,13.159090909090908,0.4659090909090909,1.2045454545454546,1.5909090909090908,1.3977272727272727,3.397727272727273,13.386363636363637,-2.876543209876543,513.0,827.0,0.0,2.0,152.0,358.0,462.0,696.0,1158.0,41.0,106.0,140.0,123.0,299.0,1178.0,-233.0,88,1788.215909090909,157363.0
