TEAM_ID,PLAYER_ID,PLAYER_NAME,avg(FGM),avg(FGA),avg(FG3M),avg(FG3A),avg(FTM),avg(FTA),avg(OREB),avg(DREB),avg(REB),avg(AST),avg(STL),avg(BLK),avg(TO),avg(PF),avg(PTS),avg(PLUS_MINUS),sum(FGM),sum(FGA),sum(FG3M),sum(FG3A),sum(FTM),sum(FTA),sum(OREB),sum(DREB),sum(REB),sum(AST),sum(STL),sum(BLK),sum(TO),sum(PF),sum(PTS),sum(PLUS_MINUS),sum(ifminute),avg(seconds),sum(seconds)
1610612761,201946,Tyler Hansbrough,1.7058823529411764,3.735294117647059,0.0,0.029411764705882353,2.911764705882353,3.823529411764706,2.235294117647059,2.764705882352941,5.0,0.29411764705882354,0.38235294117647056,0.2647058823529412,0.8529411764705882,2.3529411764705883,6.323529411764706,0.4074074074074074,58.0,127.0,0.0,1.0,99.0,130.0,76.0,94.0,170.0,10.0,13.0,9.0,29.0,80.0,215.0,11.0,34,842.0,28628.0
1610612749,203545,Miroslav Raduljica,1.5217391304347827,2.869565217391304,0.0,0.0,1.2173913043478262,1.608695652173913,1.2173913043478262,1.3043478260869565,2.5217391304347827,0.6521739130434783,0.21739130434782608,0.391304347826087,0.9130434782608695,2.0,4.260869565217392,-0.4444444444444444,35.0,66.0,0.0,0.0,28.0,37.0,28.0,30.0,58.0,15.0,5.0,9.0,21.0,46.0,98.0,-8.0,23,506.82608695652175,11657.0
1610612752,2546,Carmelo Anthony,9.625,22.272727272727273,1.7727272727272727,5.159090909090909,6.113636363636363,7.261363636363637,2.0681818181818183,5.534090909090909,7.6022727272727275,2.727272727272727,0.875,0.5113636363636364,2.465909090909091,3.0568181818181817,27.136363636363637,1.6097560975609757,847.0,1960.0,156.0,454.0,538.0,639.0,182.0,487.0,669.0,240.0,77.0,45.0,217.0,269.0,2388.0,132.0,88,2152.284090909091,189401.0
1610612748,203586,Charlie Westbrook,0.75,3.0,0.0,0.5,1.0,2.0,0.0,0.75,0.75,0.25,0.5,0.0,0.0,0.25,2.5,"",3.0,12.0,0.0,2.0,4.0,8.0,0.0,3.0,3.0,1.0,2.0,0.0,0.0,1.0,10.0,"",4,6.0,24.0
1610612737,201229,Anthony Tolliver,1.46,3.56,0.94,2.36,0.58,0.66,0.52,2.1,2.62,0.6,0.22,0.24,0.52,1.22,4.44,-0.36,73.0,178.0,47.0,118.0,29.0,33.0,26.0,105.0,131.0,30.0,11.0,12.0,26.0,61.0,222.0,-18.0,50,998.6,49930.0
