TEAM_ID,PLAYER_ID,PLAYER_NAME,avg(FGM),avg(FGA),avg(FG3M),avg(FG3A),avg(FTM),avg(FTA),avg(OREB),avg(DREB),avg(REB),avg(AST),avg(STL),avg(BLK),avg(TO),avg(PF),avg(PTS),avg(PLUS_MINUS),sum(FGM),sum(FGA),sum(FG3M),sum(FG3A),sum(FTM),sum(FTA),sum(OREB),sum(DREB),sum(REB),sum(AST),sum(STL),sum(BLK),sum(TO),sum(PF),sum(PTS),sum(PLUS_MINUS),sum(ifminute),avg(seconds),sum(seconds)
1610612761,2422,John Salmons,1.7272727272727273,4.742424242424242,0.7424242424242424,2.015151515151515,0.5151515151515151,0.696969696969697,0.18181818181818182,1.6818181818181819,1.8636363636363635,1.6363636363636365,0.5606060606060606,0.16666666666666666,0.6212121212121212,1.5303030303030303,4.712121212121212,0.09090909090909091,114.0,313.0,49.0,133.0,34.0,46.0,12.0,111.0,123.0,108.0,37.0,11.0,41.0,101.0,311.0,6.0,66,1233.909090909091,81438.0
1610612741,201149,Joakim Noah,4.662790697674419,9.813953488372093,0.0,0.023255813953488372,3.011627906976744,4.1395348837209305,3.4651162790697674,7.837209302325581,11.30232558139535,5.313953488372093,1.2093023255813953,1.5232558139534884,2.488372093023256,3.0930232558139537,12.337209302325581,2.411764705882353,401.0,844.0,0.0,2.0,259.0,356.0,298.0,674.0,972.0,457.0,104.0,131.0,214.0,266.0,1061.0,205.0,86,2113.8837209302324,181794.0
