TEAM_ID,PLAYER_ID,PLAYER_NAME,avg(FGM),avg(FGA),avg(FG3M),avg(FG3A),avg(FTM),avg(FTA),avg(OREB),avg(DREB),avg(REB),avg(AST),avg(STL),avg(BLK),avg(TO),avg(PF),avg(PTS),avg(PLUS_MINUS),sum(FGM),sum(FGA),sum(FG3M),sum(FG3A),sum(FTM),sum(FTA),sum(OREB),sum(DREB),sum(REB),sum(AST),sum(STL),sum(BLK),sum(TO),sum(PF),sum(PTS),sum(PLUS_MINUS),sum(ifminute),avg(seconds),sum(seconds)
1610612760,201586,Serge Ibaka,5.608247422680412,10.474226804123711,0.28865979381443296,0.7422680412371134,1.6701030927835052,2.2783505154639174,2.7628865979381443,5.092783505154639,7.855670103092783,0.8247422680412371,0.35051546391752575,2.7938144329896906,1.5051546391752577,2.6907216494845363,13.175257731958762,4.804347826086956,544.0,1016.0,28.0,72.0,162.0,221.0,268.0,494.0,762.0,80.0,34.0,271.0,146.0,261.0,1278.0,442.0,97,1786.1134020618556,173253.0
1610612739,203092,Tyler Zeller,2.5942028985507246,5.739130434782608,0.0,0.043478260869565216,1.4057971014492754,1.7681159420289856,1.6521739130434783,3.260869565217391,4.913043478260869,1.1159420289855073,0.3188405797101449,0.855072463768116,0.9710144927536232,2.5942028985507246,6.594202898550725,-2.6956521739130435,179.0,396.0,0.0,3.0,97.0,122.0,114.0,225.0,339.0,77.0,22.0,59.0,67.0,179.0,455.0,-186.0,69,1335.3623188405797,92140.0
1610612744,203105,Festus Ezeli,0.75,1.7166666666666666,0.0,0.0,0.7,1.15,1.6333333333333333,2.0,3.6333333333333333,0.26666666666666666,0.26666666666666666,0.8166666666666667,0.7166666666666667,1.9,2.2,-0.8166666666666667,45.0,103.0,0.0,0.0,42.0,69.0,98.0,120.0,218.0,16.0,16.0,49.0,43.0,114.0,132.0,-49.0,60,775.3666666666667,46522.0
