TEAM_ID,PLAYER_ID,PLAYER_NAME,avg(FGM),avg(FGA),avg(FG3M),avg(FG3A),avg(FTM),avg(FTA),avg(OREB),avg(DREB),avg(REB),avg(AST),avg(STL),avg(BLK),avg(TO),avg(PF),avg(PTS),avg(PLUS_MINUS),sum(FGM),sum(FGA),sum(FG3M),sum(FG3A),sum(FTM),sum(FTA),sum(OREB),sum(DREB),sum(REB),sum(AST),sum(STL),sum(BLK),sum(TO),sum(PF),sum(PTS),sum(PLUS_MINUS),sum(ifminute),avg(seconds),sum(seconds)
1610612759,202695,Kawhi Leonard,5.182795698924731,9.935483870967742,1.10752688172043,2.827956989247312,1.7311827956989247,2.2688172043010755,1.1720430107526882,5.161290322580645,6.333333333333333,1.924731182795699,1.6666666666666667,0.6881720430107527,1.2043010752688172,2.139784946236559,13.204301075268818,6.146067415730337,482.0,924.0,103.0,263.0,161.0,211.0,109.0,480.0,589.0,179.0,155.0,64.0,112.0,199.0,1228.0,547.0,93,1716.0,159588.0
1610612754,203142,Chris Copeland,1.3442622950819672,3.278688524590164,0.7868852459016393,2.2295081967213113,0.39344262295081966,0.5901639344262295,0.16393442622950818,0.6721311475409836,0.8360655737704918,0.4262295081967213,0.11475409836065574,0.18032786885245902,0.45901639344262296,1.0491803278688525,3.8688524590163933,0.6037735849056604,82.0,200.0,48.0,136.0,24.0,36.0,10.0,41.0,51.0,26.0,7.0,11.0,28.0,64.0,236.0,32.0,61,342.60655737704917,20899.0
