TEAM_ID,PLAYER_ID,PLAYER_NAME,avg(FGM),avg(FGA),avg(FG3M),avg(FG3A),avg(FTM),avg(FTA),avg(OREB),avg(DREB),avg(REB),avg(AST),avg(STL),avg(BLK),avg(TO),avg(PF),avg(PTS),avg(PLUS_MINUS),sum(FGM),sum(FGA),sum(FG3M),sum(FG3A),sum(FTM),sum(FTA),sum(OREB),sum(DREB),sum(REB),sum(AST),sum(STL),sum(BLK),sum(TO),sum(PF),sum(PTS),sum(PLUS_MINUS),sum(ifminute),avg(seconds),sum(seconds)
1610612765,202328,Greg Monroe,6.181818181818182,12.579545454545455,0.0,0.056818181818181816,3.340909090909091,4.965909090909091,3.022727272727273,6.295454545454546,9.318181818181818,2.897727272727273,1.1818181818181819,0.6704545454545454,2.5681818181818183,2.352272727272727,15.704545454545455,-1.728395061728395,544.0,1107.0,0.0,5.0,294.0,437.0,266.0,554.0,820.0,255.0,104.0,59.0,226.0,207.0,1382.0,-140.0,88,1858.6704545454545,163563.0
1610612752,948,Marcus Camby,0.7777777777777778,2.0555555555555554,0.0,0.0,0.2222222222222222,0.5,0.7777777777777778,2.111111111111111,2.888888888888889,0.6666666666666666,0.3888888888888889,0.3333333333333333,0.5555555555555556,1.1111111111111112,1.7777777777777777,-1.0,14.0,37.0,0.0,0.0,4.0,9.0,14.0,38.0,52.0,12.0,7.0,6.0,10.0,20.0,32.0,-18.0,18,586.4444444444445,10556.0
