TEAM_ID,PLAYER_ID,PLAYER_NAME,avg(FGM),avg(FGA),avg(FG3M),avg(FG3A),avg(FTM),avg(FTA),avg(OREB),avg(DREB),avg(REB),avg(AST),avg(STL),avg(BLK),avg(TO),avg(PF),avg(PTS),avg(PLUS_MINUS),sum(FGM),sum(FGA),sum(FG3M),sum(FG3A),sum(FTM),sum(FTA),sum(OREB),sum(DREB),sum(REB),sum(AST),sum(STL),sum(BLK),sum(TO),sum(PF),sum(PTS),sum(PLUS_MINUS),sum(ifminute),avg(seconds),sum(seconds)
1610612764,202344,Trevor Booker,2.8735632183908044,5.2298850574712645,0.0,0.04597701149425287,0.6436781609195402,1.0689655172413792,2.0344827586206895,3.1494252873563218,5.183908045977011,0.9310344827586207,0.5402298850574713,0.6781609195402298,0.735632183908046,1.9310344827586208,6.390804597701149,-0.8765432098765432,250.0,455.0,0.0,4.0,56.0,93.0,177.0,274.0,451.0,81.0,47.0,59.0,64.0,168.0,556.0,-71.0,87,1173.16091954023,102065.0
1610612753,203124,Kyle O'Quinn,2.74025974025974,5.5064935064935066,0.0,0.03896103896103896,0.8311688311688312,1.2077922077922079,1.4935064935064934,3.857142857142857,5.35064935064935,1.2207792207792207,0.5454545454545454,1.2987012987012987,1.2467532467532467,2.4935064935064934,6.311688311688312,-0.43478260869565216,211.0,424.0,0.0,3.0,64.0,93.0,115.0,297.0,412.0,94.0,42.0,100.0,96.0,192.0,486.0,-30.0,77,928.2727272727273,71477.0
