TEAM_ID,PLAYER_ID,PLAYER_NAME,avg(FGM),avg(FGA),avg(FG3M),avg(FG3A),avg(FTM),avg(FTA),avg(OREB),avg(DREB),avg(REB),avg(AST),avg(STL),avg(BLK),avg(TO),avg(PF),avg(PTS),avg(PLUS_MINUS),sum(FGM),sum(FGA),sum(FG3M),sum(FG3A),sum(FTM),sum(FTA),sum(OREB),sum(DREB),sum(REB),sum(AST),sum(STL),sum(BLK),sum(TO),sum(PF),sum(PTS),sum(PLUS_MINUS),sum(ifminute),avg(seconds),sum(seconds)
1610612761,202933,Julyan Stone,0.3333333333333333,1.037037037037037,0.07407407407407407,0.4444444444444444,0.14814814814814814,0.18518518518518517,0.07407407407407407,1.1851851851851851,1.2592592592592593,0.7037037037037037,0.2962962962962963,0.037037037037037035,0.2962962962962963,0.8148148148148148,0.8888888888888888,-2.380952380952381,9.0,28.0,2.0,12.0,4.0,5.0,2.0,32.0,34.0,19.0,8.0,1.0,8.0,22.0,24.0,-50.0,27,269.81481481481484,7285.0
1610612741,202354,Dexter Pittman,1.0,2.0,0.0,0.0,0.0,0.0,1.0,1.3333333333333333,2.3333333333333335,0.0,0.0,0.0,0.3333333333333333,2.3333333333333335,2.0,"",3.0,6.0,0.0,0.0,0.0,0.0,3.0,4.0,7.0,0.0,0.0,0.0,1.0,7.0,6.0,"",3,3.6666666666666665,11.0
