PLAYER_ID,PLAYER_NAME,avg(FGM),avg(FGA),avg(FG3M),avg(FG3A),avg(FTM),avg(FTA),avg(OREB),avg(DREB),avg(REB),avg(AST),avg(STL),avg(BLK),avg(TO),avg(PF),avg(PTS),avg(PLUS_MINUS),sum(FGM),sum(FGA),sum(FG3M),sum(FG3A),sum(FTM),sum(FTA),sum(OREB),sum(DREB),sum(REB),sum(AST),sum(STL),sum(BLK),sum(TO),sum(PF),sum(PTS),sum(PLUS_MINUS),sum(ifminute),avg(seconds),sum(seconds)
1626209,Mario Hezonja,1.9696969696969697,4.575757575757576,0.5303030303030303,1.6818181818181819,1.0151515151515151,1.2272727272727273,0.5151515151515151,3.121212121212121,3.6363636363636362,1.1818181818181819,0.696969696969697,0.18181818181818182,0.8939393939393939,1.9545454545454546,5.484848484848484,-3.121212121212121,130.0,302.0,35.0,111.0,67.0,81.0,34.0,206.0,240.0,78.0,46.0,12.0,59.0,129.0,362.0,-206.0,66,1011.060606060606,66730.0
201988,Patty Mills,3.9,9.0,2.2857142857142856,5.957142857142857,1.4285714285714286,1.6857142857142857,0.3142857142857143,1.3857142857142857,1.7,1.8571428571428572,0.7857142857142857,0.08571428571428572,0.8714285714285714,1.6,11.514285714285714,1.8285714285714285,273.0,630.0,160.0,417.0,100.0,118.0,22.0,97.0,119.0,130.0,55.0,6.0,61.0,112.0,806.0,128.0,70,1335.3285714285714,93473.0
201163,Wilson Chandler,2.111111111111111,5.138888888888889,1.0277777777777777,3.361111111111111,0.5555555555555556,0.6388888888888888,0.3055555555555556,3.7777777777777777,4.083333333333333,1.1111111111111112,0.4722222222222222,0.3333333333333333,0.9444444444444444,2.2777777777777777,5.805555555555555,-3.111111111111111,76.0,185.0,37.0,121.0,20.0,23.0,11.0,136.0,147.0,40.0,17.0,12.0,34.0,82.0,209.0,-112.0,36,1241.4722222222222,44693.0
