PLAYER_ID,PLAYER_NAME,avg(FGM),avg(FGA),avg(FG3M),avg(FG3A),avg(FTM),avg(FTA),avg(OREB),avg(DREB),avg(REB),avg(AST),avg(STL),avg(BLK),avg(TO),avg(PF),avg(PTS),avg(PLUS_MINUS),sum(FGM),sum(FGA),sum(FG3M),sum(FG3A),sum(FTM),sum(FTA),sum(OREB),sum(DREB),sum(REB),sum(AST),sum(STL),sum(BLK),sum(TO),sum(PF),sum(PTS),sum(PLUS_MINUS),sum(ifminute),avg(seconds),sum(seconds)
1626178,Rondae Hollis-Jefferson,3.0689655172413794,6.637931034482759,0.06896551724137931,0.4827586206896552,1.9827586206896552,2.810344827586207,1.7413793103448276,2.9827586206896552,4.724137931034483,1.4137931034482758,0.6551724137931034,0.41379310344827586,1.0862068965517242,1.8275862068965518,8.189655172413794,1.1896551724137931,178.0,385.0,4.0,28.0,115.0,163.0,101.0,173.0,274.0,82.0,38.0,24.0,63.0,106.0,475.0,69.0,58,1069.9310344827586,62056.0
1628391,D.J. Wilson,1.8208955223880596,4.313432835820896,0.7164179104477612,2.253731343283582,0.34328358208955223,0.582089552238806,0.6119402985074627,2.7313432835820897,3.343283582089552,0.9850746268656716,0.22388059701492538,0.2835820895522388,0.7014925373134329,1.3432835820895523,4.701492537313433,0.5223880597014925,122.0,289.0,48.0,151.0,23.0,39.0,41.0,183.0,224.0,66.0,15.0,19.0,47.0,90.0,315.0,35.0,67,873.8955223880597,58551.0
1629826,Norense Odiase,0.5,0.5,0.5,0.5,0.5,1.0,0.0,0.0,0.0,0.0,0.0,0.0,0.0,2.0,2.0,3.0,1.0,1.0,1.0,1.0,1.0,2.0,0.0,0.0,0.0,0.0,0.0,0.0,0.0,4.0,4.0,6.0,2,247.5,495.0
1629116,Angel Delgado,0.5,2.5,0.0,0.0,0.5,1.0,1.0,1.0,2.0,0.0,0.5,0.0,0.0,1.0,1.5,1.5,1.0,5.0,0.0,0.0,1.0,2.0,2.0,2.0,4.0,0.0,1.0,0.0,0.0,2.0,3.0,3.0,2,443.0,886.0
