PLAYER_ID,PLAYER_NAME,avg(FGM),avg(FGA),avg(FG3M),avg(FG3A),avg(FTM),avg(FTA),avg(OREB),avg(DREB),avg(REB),avg(AST),avg(STL),avg(BLK),avg(TO),avg(PF),avg(PTS),avg(PLUS_MINUS),sum(FGM),sum(FGA),sum(FG3M),sum(FG3A),sum(FTM),sum(FTA),sum(OREB),sum(DREB),sum(REB),sum(AST),sum(STL),sum(BLK),sum(TO),sum(PF),sum(PTS),sum(PLUS_MINUS),sum(ifminute),avg(seconds),sum(seconds)
201942,DeMar DeRozan,7.864864864864865,14.878378378378379,0.16216216216216217,0.5405405405405406,5.418918918918919,6.418918918918919,0.6486486486486487,4.743243243243243,5.391891891891892,5.378378378378378,0.972972972972973,0.28378378378378377,2.3513513513513513,2.527027027027027,21.31081081081081,-1.864864864864865,582.0,1101.0,12.0,40.0,401.0,475.0,48.0,351.0,399.0,398.0,72.0,21.0,174.0,187.0,1577.0,-138.0,74,1992.1216216216217,147417.0
1629005,Malik Newman,0.0,2.0,0.0,1.0,2.0,2.0,0.0,0.0,0.0,0.0,0.0,0.0,1.0,0.0,2.0,-3.0,0.0,2.0,0.0,1.0,2.0,2.0,0.0,0.0,0.0,0.0,0.0,0.0,1.0,0.0,2.0,-3.0,1,221.0,221.0
1626260,Levi Randolph,"","","","","","","","","","","","","","","","","","","","","","","","","","","","","","","","",0,"",""
