PLAYER_ID,PLAYER_NAME,avg(FGM),avg(FGA),avg(FG3M),avg(FG3A),avg(FTM),avg(FTA),avg(OREB),avg(DREB),avg(REB),avg(AST),avg(STL),avg(BLK),avg(TO),avg(PF),avg(PTS),avg(PLUS_MINUS),sum(FGM),sum(FGA),sum(FG3M),sum(FG3A),sum(FTM),sum(FTA),sum(OREB),sum(DREB),sum(REB),sum(AST),sum(STL),sum(BLK),sum(TO),sum(PF),sum(PTS),sum(PLUS_MINUS),sum(ifminute),avg(seconds),sum(seconds)
200782,P.J. Tucker,2.7291666666666665,6.4375,1.7395833333333333,4.572916666666667,0.6875,0.8645833333333334,1.53125,4.760416666666667,6.291666666666667,1.375,1.59375,0.5416666666666666,0.8125,3.15625,7.885416666666667,4.083333333333333,262.0,618.0,167.0,439.0,66.0,83.0,147.0,457.0,604.0,132.0,153.0,52.0,78.0,303.0,757.0,392.0,96,2073.9791666666665,199102.0
201933,Blake Griffin,7.171875,16.578125,2.34375,7.015625,4.796875,6.25,1.265625,4.671875,5.9375,4.859375,0.609375,0.296875,2.8125,2.28125,21.484375,0.40625,459.0,1061.0,150.0,449.0,307.0,400.0,81.0,299.0,380.0,311.0,39.0,19.0,180.0,146.0,1375.0,26.0,64,1925.5,123232.0
203487,Michael Carter-Williams,1.9761904761904763,5.190476190476191,0.2857142857142857,1.5238095238095237,1.3333333333333333,1.8333333333333333,0.9523809523809523,2.8095238095238093,3.761904761904762,2.6904761904761907,1.0952380952380953,0.5238095238095238,1.0,1.7619047619047619,5.571428571428571,1.880952380952381,83.0,218.0,12.0,64.0,56.0,77.0,40.0,118.0,158.0,113.0,46.0,22.0,42.0,74.0,234.0,79.0,42,1054.6666666666667,44296.0
1629595,Phil Booth,2.3333333333333335,5.666666666666667,0.3333333333333333,2.3333333333333335,0.3333333333333333,1.3333333333333333,0.0,0.6666666666666666,0.6666666666666666,1.0,0.6666666666666666,0.0,0.6666666666666666,0.3333333333333333,5.333333333333333,0.6666666666666666,7.0,17.0,1.0,7.0,1.0,4.0,0.0,2.0,2.0,3.0,2.0,0.0,2.0,1.0,16.0,2.0,3,507.0,1521.0
