PLAYER_ID,PLAYER_NAME,avg(FGM),avg(FGA),avg(FG3M),avg(FG3A),avg(FTM),avg(FTA),avg(OREB),avg(DREB),avg(REB),avg(AST),avg(STL),avg(BLK),avg(TO),avg(PF),avg(PTS),avg(PLUS_MINUS),sum(FGM),sum(FGA),sum(FG3M),sum(FG3A),sum(FTM),sum(FTA),sum(OREB),sum(DREB),sum(REB),sum(AST),sum(STL),sum(BLK),sum(TO),sum(PF),sum(PTS),sum(PLUS_MINUS),sum(ifminute),avg(seconds),sum(seconds)
1626192,Pat Connaughton,2.438202247191011,5.056179775280899,0.9550561797752809,2.730337078651685,0.42696629213483145,0.6179775280898876,0.7865168539325843,3.831460674157303,4.617977528089888,1.8876404494382022,0.43820224719101125,0.5056179775280899,0.6853932584269663,1.146067415730337,6.258426966292135,2.3820224719101124,217.0,450.0,85.0,243.0,38.0,55.0,70.0,341.0,411.0,168.0,39.0,45.0,61.0,102.0,557.0,212.0,89,1203.123595505618,107078.0
202691,Klay Thompson,8.327868852459016,17.278688524590162,3.540983606557377,7.885245901639344,1.3934426229508197,1.6229508196721312,0.5409836065573771,3.1475409836065573,3.6885245901639343,2.5081967213114753,1.1147540983606556,0.6065573770491803,1.4426229508196722,2.262295081967213,21.59016393442623,5.147540983606557,508.0,1054.0,216.0,481.0,85.0,99.0,33.0,192.0,225.0,153.0,68.0,37.0,88.0,138.0,1317.0,314.0,61,2126.0819672131147,129691.0
101162,Marcin Gortat,2.388888888888889,4.166666666666667,0.0,0.0,0.5555555555555556,0.8333333333333334,1.6666666666666667,3.9444444444444446,5.611111111111111,1.0555555555555556,0.1111111111111111,0.4444444444444444,1.0,1.7777777777777777,5.333333333333333,-3.6666666666666665,43.0,75.0,0.0,0.0,10.0,15.0,30.0,71.0,101.0,19.0,2.0,8.0,18.0,32.0,96.0,-66.0,18,913.3888888888889,16441.0
