PLAYER_ID,PLAYER_NAME,avg(FGM),avg(FGA),avg(FG3M),avg(FG3A),avg(FTM),avg(FTA),avg(OREB),avg(DREB),avg(REB),avg(AST),avg(STL),avg(BLK),avg(TO),avg(PF),avg(PTS),avg(PLUS_MINUS),sum(FGM),sum(FGA),sum(FG3M),sum(FG3A),sum(FTM),sum(FTA),sum(OREB),sum(DREB),sum(REB),sum(AST),sum(STL),sum(BLK),sum(TO),sum(PF),sum(PTS),sum(PLUS_MINUS),sum(ifminute),avg(seconds),sum(seconds)
203658,Norvel Pelle,1.28125,2.3125,0.03125,0.0625,0.34375,0.59375,0.90625,2.15625,3.0625,0.25,0.125,1.46875,0.8125,2.15625,2.9375,-2.03125,41.0,74.0,1.0,2.0,11.0,19.0,29.0,69.0,98.0,8.0,4.0,47.0,26.0,69.0,94.0,-65.0,32,573.96875,18367.0
203490,Otto Porter Jr.,4.444444444444445,10.055555555555555,1.7222222222222223,4.555555555555555,1.2777777777777777,1.9444444444444444,1.0555555555555556,2.388888888888889,3.4444444444444446,2.111111111111111,1.0,0.5555555555555556,0.7222222222222222,1.8888888888888888,11.88888888888889,2.7222222222222223,80.0,181.0,31.0,82.0,23.0,35.0,19.0,43.0,62.0,38.0,18.0,10.0,13.0,34.0,214.0,49.0,18,1360.8333333333333,24495.0
