PLAYER_ID,PLAYER_NAME,avg(FGM),avg(FGA),avg(FG3M),avg(FG3A),avg(FTM),avg(FTA),avg(OREB),avg(DREB),avg(REB),avg(AST),avg(STL),avg(BLK),avg(TO),avg(PF),avg(PTS),avg(PLUS_MINUS),sum(FGM),sum(FGA),sum(FG3M),sum(FG3A),sum(FTM),sum(FTA),sum(OREB),sum(DREB),sum(REB),sum(AST),sum(STL),sum(BLK),sum(TO),sum(PF),sum(PTS),sum(PLUS_MINUS),sum(ifminute),avg(seconds),sum(seconds)
201571,D.J. Augustin,3.6777777777777776,8.3,1.3777777777777778,3.588888888888889,2.2444444444444445,2.6,0.45555555555555555,2.011111111111111,2.466666666666667,4.966666666666667,0.7444444444444445,0.06666666666666667,1.5888888888888888,1.288888888888889,10.977777777777778,0.4444444444444444,331.0,747.0,124.0,323.0,202.0,234.0,41.0,181.0,222.0,447.0,67.0,6.0,143.0,116.0,988.0,40.0,90,1603.5,144315.0
1629130,Duncan Robinson,3.3877551020408165,7.36734693877551,2.5918367346938775,6.163265306122449,0.5918367346938775,0.6530612244897959,0.1836734693877551,2.4285714285714284,2.6122448979591835,0.7551020408163265,0.5714285714285714,0.22448979591836735,0.5306122448979592,2.3469387755102042,9.959183673469388,1.5714285714285714,166.0,361.0,127.0,302.0,29.0,32.0,9.0,119.0,128.0,37.0,28.0,11.0,26.0,115.0,488.0,77.0,49,1390.204081632653,68120.0
203967,Dario Saric,3.814814814814815,8.654320987654321,1.4938271604938271,4.061728395061729,1.4691358024691359,1.7160493827160495,1.6666666666666667,4.469135802469136,6.135802469135802,1.6790123456790123,0.654320987654321,0.16049382716049382,1.2222222222222223,2.345679012345679,10.592592592592593,-1.0987654320987654,309.0,701.0,121.0,329.0,119.0,139.0,135.0,362.0,497.0,136.0,53.0,13.0,99.0,190.0,858.0,-89.0,81,1518.1851851851852,122973.0
