PLAYER_ID,PLAYER_NAME,avg(FGM),avg(FGA),avg(FG3M),avg(FG3A),avg(FTM),avg(FTA),avg(OREB),avg(DREB),avg(REB),avg(AST),avg(STL),avg(BLK),avg(TO),avg(PF),avg(PTS),avg(PLUS_MINUS),sum(FGM),sum(FGA),sum(FG3M),sum(FG3A),sum(FTM),sum(FTA),sum(OREB),sum(DREB),sum(REB),sum(AST),sum(STL),sum(BLK),sum(TO),sum(PF),sum(PTS),sum(PLUS_MINUS),sum(ifminute),avg(seconds),sum(seconds)
201145,Jeff Green,3.5522388059701493,7.373134328358209,1.4029850746268657,3.8507462686567164,1.4328358208955223,1.791044776119403,0.5373134328358209,2.701492537313433,3.2388059701492535,1.1492537313432836,0.5074626865671642,0.40298507462686567,0.9850746268656716,1.8805970149253732,9.940298507462687,-1.9253731343283582,238.0,494.0,94.0,258.0,96.0,120.0,36.0,181.0,217.0,77.0,34.0,27.0,66.0,126.0,666.0,-129.0,67,1297.7313432835822,86948.0
1629759,Ahmed Hill,0.5,2.25,0.25,1.25,0.5,0.5,0.0,0.75,0.75,0.25,0.0,0.25,0.25,0.75,1.75,-1.5,2.0,9.0,1.0,5.0,2.0,2.0,0.0,3.0,3.0,1.0,0.0,1.0,1.0,3.0,7.0,-6.0,4,339.5,1358.0
