PLAYER_ID,PLAYER_NAME,avg(FGM),avg(FGA),avg(FG3M),avg(FG3A),avg(FTM),avg(FTA),avg(OREB),avg(DREB),avg(REB),avg(AST),avg(STL),avg(BLK),avg(TO),avg(PF),avg(PTS),avg(PLUS_MINUS),sum(FGM),sum(FGA),sum(FG3M),sum(FG3A),sum(FTM),sum(FTA),sum(OREB),sum(DREB),sum(REB),sum(AST),sum(STL),sum(BLK),sum(TO),sum(PF),sum(PTS),sum(PLUS_MINUS),sum(ifminute),avg(seconds),sum(seconds)
200782,P.J. Tucker,2.4456521739130435,6.032608695652174,1.565217391304348,4.380434782608695,0.44565217391304346,0.5434782608695652,1.5543478260869565,5.021739130434782,6.576086956521739,1.5543478260869565,1.0543478260869565,0.45652173913043476,1.0108695652173914,3.3152173913043477,6.9021739130434785,2.4782608695652173,225.0,555.0,144.0,403.0,41.0,50.0,143.0,462.0,605.0,143.0,97.0,42.0,93.0,305.0,635.0,228.0,92,2011.4347826086957,185052.0
1626196,Josh Richardson,4.848484848484849,11.515151515151516,1.5454545454545454,4.590909090909091,2.227272727272727,2.742424242424242,0.7727272727272727,2.393939393939394,3.1666666666666665,2.9696969696969697,0.9848484848484849,0.6515151515151515,1.8484848484848484,2.4393939393939394,13.469696969696969,2.3333333333333335,320.0,760.0,102.0,303.0,147.0,181.0,51.0,158.0,209.0,196.0,65.0,43.0,122.0,161.0,889.0,154.0,66,1812.9848484848485,119657.0
1627784,Jarrod Uthoff,0.8181818181818182,2.909090909090909,0.36363636363636365,1.7272727272727273,0.18181818181818182,0.18181818181818182,0.36363636363636365,1.1818181818181819,1.5454545454545454,0.0,0.09090909090909091,0.0,0.0,0.2727272727272727,2.1818181818181817,-1.0,9.0,32.0,4.0,19.0,2.0,2.0,4.0,13.0,17.0,0.0,1.0,0.0,0.0,3.0,24.0,-11.0,11,448.3636363636364,4932.0
101133,Ian Mahinmi,2.736842105263158,5.526315789473684,0.13157894736842105,0.6842105263157895,1.8421052631578947,2.973684210526316,2.0526315789473686,3.6842105263157894,5.7368421052631575,1.2894736842105263,0.8157894736842105,1.1578947368421053,1.1842105263157894,3.0,7.447368421052632,-2.1052631578947367,104.0,210.0,5.0,26.0,70.0,113.0,78.0,140.0,218.0,49.0,31.0,44.0,45.0,114.0,283.0,-80.0,38,1275.5,48469.0
