PLAYER_ID,PLAYER_NAME,avg(FGM),avg(FGA),avg(FG3M),avg(FG3A),avg(FTM),avg(FTA),avg(OREB),avg(DREB),avg(REB),avg(AST),avg(STL),avg(BLK),avg(TO),avg(PF),avg(PTS),avg(PLUS_MINUS),sum(FGM),sum(FGA),sum(FG3M),sum(FG3A),sum(FTM),sum(FTA),sum(OREB),sum(DREB),sum(REB),sum(AST),sum(STL),sum(BLK),sum(TO),sum(PF),sum(PTS),sum(PLUS_MINUS),sum(ifminute),avg(seconds),sum(seconds)
203488,Mike Muscala,1.736842105263158,4.385964912280702,1.0175438596491229,3.017543859649123,0.631578947368421,0.7368421052631579,0.543859649122807,2.1403508771929824,2.6842105263157894,0.8771929824561403,0.3157894736842105,0.42105263157894735,0.5263157894736842,1.4035087719298245,5.12280701754386,1.0350877192982457,99.0,250.0,58.0,172.0,36.0,42.0,31.0,122.0,153.0,50.0,18.0,24.0,30.0,80.0,292.0,59.0,57,883.578947368421,50364.0
1629669,Jaylen Nowell,1.375,3.625,0.0,1.625,1.0,1.0,0.0,0.5,0.5,0.75,0.125,0.0,0.625,1.0,3.75,-1.5,11.0,29.0,0.0,13.0,8.0,8.0,0.0,4.0,4.0,6.0,1.0,0.0,5.0,8.0,30.0,-12.0,8,711.75,5694.0
