PLAYER_ID,PLAYER_NAME,avg(FGM),avg(FGA),avg(FG3M),avg(FG3A),avg(FTM),avg(FTA),avg(OREB),avg(DREB),avg(REB),avg(AST),avg(STL),avg(BLK),avg(TO),avg(PF),avg(PTS),avg(PLUS_MINUS),sum(FGM),sum(FGA),sum(FG3M),sum(FG3A),sum(FTM),sum(FTA),sum(OREB),sum(DREB),sum(REB),sum(AST),sum(STL),sum(BLK),sum(TO),sum(PF),sum(PTS),sum(PLUS_MINUS),sum(ifminute),avg(seconds),sum(seconds)
1628410,Edmond Sumner,1.6875,4.15625,0.375,1.375,0.71875,1.0625,0.4375,0.96875,1.40625,1.28125,0.71875,0.3125,0.65625,1.5,4.46875,-1.46875,54.0,133.0,12.0,44.0,23.0,34.0,14.0,31.0,45.0,41.0,23.0,10.0,21.0,48.0,143.0,-47.0,32,783.625,25076.0
201566,Russell Westbrook,8.726190476190476,20.61904761904762,1.6547619047619047,5.773809523809524,4.630952380952381,6.369047619047619,1.5595238095238095,8.011904761904763,9.571428571428571,9.345238095238095,1.4642857142857142,0.5119047619047619,4.404761904761905,3.488095238095238,23.738095238095237,1.1666666666666667,733.0,1732.0,139.0,485.0,389.0,535.0,131.0,673.0,804.0,785.0,123.0,43.0,370.0,293.0,1994.0,98.0,84,2155.3333333333335,181048.0
203705,Josh Magette,0.7,1.8,0.3,0.5,0.3,0.4,0.3,0.8,1.1,1.5,0.2,0.0,0.7,0.4,2.0,0.6,7.0,18.0,3.0,5.0,3.0,4.0,3.0,8.0,11.0,15.0,2.0,0.0,7.0,4.0,20.0,6.0,10,301.6,3016.0
