PLAYER_ID,PLAYER_NAME,avg(FGM),avg(FGA),avg(FG3M),avg(FG3A),avg(FTM),avg(FTA),avg(OREB),avg(DREB),avg(REB),avg(AST),avg(STL),avg(BLK),avg(TO),avg(PF),avg(PTS),avg(PLUS_MINUS),sum(FGM),sum(FGA),sum(FG3M),sum(FG3A),sum(FTM),sum(FTA),sum(OREB),sum(DREB),sum(REB),sum(AST),sum(STL),sum(BLK),sum(TO),sum(PF),sum(PTS),sum(PLUS_MINUS),sum(ifminute),avg(seconds),sum(seconds)
1629029,Luka Doncic,9.283783783783784,19.905405405405407,2.7432432432432434,8.486486486486486,6.851351351351352,9.202702702702704,1.2297297297297298,8.135135135135135,9.364864864864865,8.486486486486486,1.0135135135135136,0.25675675675675674,4.351351351351352,2.445945945945946,28.16216216216216,3.1621621621621623,687.0,1473.0,203.0,628.0,507.0,681.0,91.0,602.0,693.0,628.0,75.0,19.0,322.0,181.0,2084.0,234.0,74,1972.5675675675675,145970.0
2037,Jamal Crawford,2.0,4.0,1.0,2.0,0.0,0.0,0.0,0.0,0.0,3.0,0.0,0.0,0.0,1.0,5.0,4.0,2.0,4.0,1.0,2.0,0.0,0.0,0.0,0.0,0.0,3.0,0.0,0.0,0.0,1.0,5.0,4.0,1,358.0,358.0
1628981,Bruno Fernando,1.7868852459016393,3.4262295081967213,0.09836065573770492,0.6557377049180327,0.5245901639344263,0.9344262295081968,1.1475409836065573,2.3442622950819674,3.4918032786885247,0.8688524590163934,0.32786885245901637,0.3442622950819672,0.7704918032786885,1.9180327868852458,4.19672131147541,-1.8688524590163935,109.0,209.0,6.0,40.0,32.0,57.0,70.0,143.0,213.0,53.0,20.0,21.0,47.0,117.0,256.0,-114.0,61,779.7213114754098,47563.0
