PLAYER_ID,PLAYER_NAME,avg(FGM),avg(FGA),avg(FG3M),avg(FG3A),avg(FTM),avg(FTA),avg(OREB),avg(DREB),avg(REB),avg(AST),avg(STL),avg(BLK),avg(TO),avg(PF),avg(PTS),avg(PLUS_MINUS),sum(FGM),sum(FGA),sum(FG3M),sum(FG3A),sum(FTM),sum(FTA),sum(OREB),sum(DREB),sum(REB),sum(AST),sum(STL),sum(BLK),sum(TO),sum(PF),sum(PTS),sum(PLUS_MINUS),sum(ifminute),avg(seconds),sum(seconds)
203507,Giannis Antetokounmpo,10.564102564102564,19.012820512820515,1.3974358974358974,4.551282051282051,6.269230769230769,9.871794871794872,2.269230769230769,11.012820512820513,13.282051282051283,5.487179487179487,0.9615384615384616,1.0128205128205128,3.5256410256410255,3.1666666666666665,28.794871794871796,10.051282051282051,824.0,1483.0,109.0,355.0,489.0,770.0,177.0,859.0,1036.0,428.0,75.0,79.0,275.0,247.0,2246.0,784.0,78,1788.5384615384614,139506.0
1628969,Mikal Bridges,3.5063291139240507,6.772151898734177,1.0,2.7341772151898733,1.4050632911392404,1.6708860759493671,0.8734177215189873,3.088607594936709,3.962025316455696,1.759493670886076,1.4050632911392404,0.6329113924050633,1.0506329113924051,2.2278481012658227,9.417721518987342,1.7088607594936709,277.0,535.0,79.0,216.0,111.0,132.0,69.0,244.0,313.0,139.0,111.0,50.0,83.0,176.0,744.0,135.0,79,1659.367088607595,131090.0
1629065,Ky Bowman,2.816326530612245,6.836734693877551,0.673469387755102,2.2857142857142856,0.7142857142857143,0.8571428571428571,0.5102040816326531,2.061224489795918,2.5714285714285716,2.7755102040816326,0.9183673469387755,0.20408163265306123,1.469387755102041,2.122448979591837,7.020408163265306,-3.795918367346939,138.0,335.0,33.0,112.0,35.0,42.0,25.0,101.0,126.0,136.0,45.0,10.0,72.0,104.0,344.0,-186.0,49,1284.7142857142858,62951.0
203461,Anthony Bennett,"","","","","","","","","","","","","","","","","","","","","","","","","","","","","","","","",0,"",""
