PLAYER_ID,PLAYER_NAME,avg(FGM),avg(FGA),avg(FG3M),avg(FG3A),avg(FTM),avg(FTA),avg(OREB),avg(DREB),avg(REB),avg(AST),avg(STL),avg(BLK),avg(TO),avg(PF),avg(PTS),avg(PLUS_MINUS),sum(FGM),sum(FGA),sum(FG3M),sum(FG3A),sum(FTM),sum(FTA),sum(OREB),sum(DREB),sum(REB),sum(AST),sum(STL),sum(BLK),sum(TO),sum(PF),sum(PTS),sum(PLUS_MINUS),sum(ifminute),avg(seconds),sum(seconds)
1627790,Ante Zizic,3.5652173913043477,6.173913043478261,0.0,0.0,1.7826086956521738,2.369565217391304,1.891304347826087,3.847826086956522,5.739130434782608,0.8695652173913043,0.2826086956521739,0.391304347826087,0.8913043478260869,2.0,8.91304347826087,-1.1304347826086956,164.0,284.0,0.0,0.0,82.0,109.0,87.0,177.0,264.0,40.0,13.0,18.0,41.0,92.0,410.0,-52.0,46,1201.9782608695652,55291.0
1629647,Darius Bazley,1.4722222222222223,4.305555555555555,0.6666666666666666,2.2777777777777777,0.5277777777777778,0.8333333333333334,0.3888888888888889,3.5833333333333335,3.9722222222222223,0.75,0.4166666666666667,0.6111111111111112,0.9166666666666666,1.0555555555555556,4.138888888888889,-1.8055555555555556,53.0,155.0,24.0,82.0,19.0,30.0,14.0,129.0,143.0,27.0,15.0,22.0,33.0,38.0,149.0,-65.0,36,1063.6666666666667,38292.0
