PLAYER_ID,PLAYER_NAME,avg(FGM),avg(FGA),avg(FG3M),avg(FG3A),avg(FTM),avg(FTA),avg(OREB),avg(DREB),avg(REB),avg(AST),avg(STL),avg(BLK),avg(TO),avg(PF),avg(PTS),avg(PLUS_MINUS),sum(FGM),sum(FGA),sum(FG3M),sum(FG3A),sum(FTM),sum(FTA),sum(OREB),sum(DREB),sum(REB),sum(AST),sum(STL),sum(BLK),sum(TO),sum(PF),sum(PTS),sum(PLUS_MINUS),sum(ifminute),avg(seconds),sum(seconds)
1627775,Patrick McCaw,1.0892857142857142,2.607142857142857,0.4107142857142857,1.2321428571428572,0.42857142857142855,0.5178571428571429,0.3392857142857143,1.2857142857142858,1.625,1.1428571428571428,0.8214285714285714,0.05357142857142857,0.6428571428571429,1.1785714285714286,3.017857142857143,-2.8392857142857144,61.0,146.0,23.0,69.0,24.0,29.0,19.0,72.0,91.0,64.0,46.0,3.0,36.0,66.0,169.0,-159.0,56,905.125,50687.0
1626153,Delon Wright,3.358974358974359,7.371794871794871,0.6666666666666666,2.1923076923076925,1.7820512820512822,2.2435897435897436,0.9358974358974359,3.0128205128205128,3.948717948717949,3.7564102564102564,1.435897435897436,0.41025641025641024,1.0512820512820513,1.5256410256410255,9.166666666666666,2.08974358974359,262.0,575.0,52.0,171.0,139.0,175.0,73.0,235.0,308.0,293.0,112.0,32.0,82.0,119.0,715.0,163.0,78,1417.2307692307693,110544.0
1629622,Max Strus,1.3333333333333333,2.8333333333333335,0.8333333333333334,2.1666666666666665,0.6666666666666666,1.0,0.5,1.0,1.5,1.0,0.0,0.3333333333333333,1.1666666666666667,1.1666666666666667,4.166666666666667,5.833333333333333,8.0,17.0,5.0,13.0,4.0,6.0,3.0,6.0,9.0,6.0,0.0,2.0,7.0,7.0,25.0,35.0,6,647.6666666666666,3886.0
101161,Amir Johnson,1.6818181818181819,3.3181818181818183,0.22727272727272727,0.9090909090909091,0.5454545454545454,0.7272727272727273,1.2727272727272727,1.9545454545454546,3.227272727272727,1.0909090909090908,0.36363636363636365,0.2727272727272727,0.7272727272727273,1.7272727272727273,4.136363636363637,-0.8181818181818182,37.0,73.0,5.0,20.0,12.0,16.0,28.0,43.0,71.0,24.0,8.0,6.0,16.0,38.0,91.0,-18.0,22,652.5909090909091,14357.0
201936,Tyreke Evans,3.925,9.7,1.125,2.975,1.575,2.375,0.3,2.775,3.075,2.2,0.525,0.225,1.5,1.6,10.55,-0.575,157.0,388.0,45.0,119.0,63.0,95.0,12.0,111.0,123.0,88.0,21.0,9.0,60.0,64.0,422.0,-23.0,40,1182.175,47287.0
