PLAYER_ID,PLAYER_NAME,avg(FGM),avg(FGA),avg(FG3M),avg(FG3A),avg(FTM),avg(FTA),avg(OREB),avg(DREB),avg(REB),avg(AST),avg(STL),avg(BLK),avg(TO),avg(PF),avg(PTS),avg(PLUS_MINUS),sum(FGM),sum(FGA),sum(FG3M),sum(FG3A),sum(FTM),sum(FTA),sum(OREB),sum(DREB),sum(REB),sum(AST),sum(STL),sum(BLK),sum(TO),sum(PF),sum(PTS),sum(PLUS_MINUS),sum(ifminute),avg(seconds),sum(seconds)
201158,Marco Belinelli,2.927710843373494,7.301204819277109,1.4939759036144578,4.072289156626506,1.2289156626506024,1.4216867469879517,0.10843373493975904,2.072289156626506,2.180722891566265,1.3132530120481927,0.3132530120481928,0.060240963855421686,0.7349397590361446,1.2048192771084338,8.578313253012048,0.2891566265060241,243.0,606.0,124.0,338.0,102.0,118.0,9.0,172.0,181.0,109.0,26.0,5.0,61.0,100.0,712.0,24.0,83,1221.4096385542168,101377.0
1627846,Abdel Nader,1.8666666666666667,4.386666666666667,0.7333333333333333,2.16,0.6933333333333334,0.9333333333333333,0.25333333333333335,1.6933333333333334,1.9466666666666668,0.5066666666666667,0.3466666666666667,0.30666666666666664,0.6533333333333333,1.2933333333333332,5.16,-2.2,140.0,329.0,55.0,162.0,52.0,70.0,19.0,127.0,146.0,38.0,26.0,23.0,49.0,97.0,387.0,-165.0,75,881.4133333333333,66106.0
1629747,CJ Massinburg,"","","","","","","","","","","","","","","","","","","","","","","","","","","","","","","","",0,"",""
