PLAYER_ID,PLAYER_NAME,avg(FGM),avg(FGA),avg(FG3M),avg(FG3A),avg(FTM),avg(FTA),avg(OREB),avg(DREB),avg(REB),avg(AST),avg(STL),avg(BLK),avg(TO),avg(PF),avg(PTS),avg(PLUS_MINUS),sum(FGM),sum(FGA),sum(FG3M),sum(FG3A),sum(FTM),sum(FTA),sum(OREB),sum(DREB),sum(REB),sum(AST),sum(STL),sum(BLK),sum(TO),sum(PF),sum(PTS),sum(PLUS_MINUS),sum(ifminute),avg(seconds),sum(seconds)
201569,Eric Gordon,4.964285714285714,12.839285714285714,2.5714285714285716,7.964285714285714,2.232142857142857,2.767857142857143,0.30357142857142855,1.6964285714285714,2.0,1.8214285714285714,0.7142857142857143,0.42857142857142855,1.3928571428571428,1.8571428571428572,14.732142857142858,-0.9464285714285714,278.0,719.0,144.0,446.0,125.0,155.0,17.0,95.0,112.0,102.0,40.0,24.0,78.0,104.0,825.0,-53.0,56,1726.4285714285713,96680.0
1628401,Derrick White,3.6184210526315788,8.131578947368421,1.131578947368421,3.1578947368421053,2.539473684210526,3.026315789473684,0.5131578947368421,2.789473684210526,3.3026315789473686,3.6052631578947367,0.6973684210526315,0.9078947368421053,1.355263157894737,2.210526315789474,10.907894736842104,0.6973684210526315,275.0,618.0,86.0,240.0,193.0,230.0,39.0,212.0,251.0,274.0,53.0,69.0,103.0,168.0,829.0,53.0,76,1457.6447368421052,110781.0
1629164,Brandon Goodwin,2.1315789473684212,5.552631578947368,0.7368421052631579,2.5,0.8157894736842105,0.9473684210526315,0.3157894736842105,1.6578947368421053,1.9736842105263157,1.5789473684210527,0.3684210526315789,0.10526315789473684,0.8947368421052632,1.131578947368421,5.815789473684211,-3.4210526315789473,81.0,211.0,28.0,95.0,31.0,36.0,12.0,63.0,75.0,60.0,14.0,4.0,34.0,43.0,221.0,-130.0,38,767.0263157894736,29147.0
