PLAYER_ID,PLAYER_NAME,avg(FGM),avg(FGA),avg(FG3M),avg(FG3A),avg(FTM),avg(FTA),avg(OREB),avg(DREB),avg(REB),avg(AST),avg(STL),avg(BLK),avg(TO),avg(PF),avg(PTS),avg(PLUS_MINUS),sum(FGM),sum(FGA),sum(FG3M),sum(FG3A),sum(FTM),sum(FTA),sum(OREB),sum(DREB),sum(REB),sum(AST),sum(STL),sum(BLK),sum(TO),sum(PF),sum(PTS),sum(PLUS_MINUS),sum(ifminute),avg(seconds),sum(seconds)
1629735,Chris Silva,1.1538461538461537,1.8269230769230769,0.0,0.057692307692307696,0.9230769230769231,1.3269230769230769,1.2884615384615385,1.6153846153846154,2.9038461538461537,0.5192307692307693,0.28846153846153844,0.4423076923076923,0.75,1.8846153846153846,3.230769230769231,-0.17307692307692307,60.0,95.0,0.0,3.0,48.0,69.0,67.0,84.0,151.0,27.0,15.0,23.0,39.0,98.0,168.0,-9.0,52,478.4423076923077,24879.0
1627763,Malcolm Brogdon,5.7846153846153845,13.446153846153846,1.476923076923077,4.323076923076923,3.2,3.5692307692307694,0.8307692307692308,3.9076923076923076,4.7384615384615385,7.046153846153846,0.6307692307692307,0.15384615384615385,2.3846153846153846,1.8923076923076922,16.246153846153845,1.5384615384615385,376.0,874.0,96.0,281.0,208.0,232.0,54.0,254.0,308.0,458.0,41.0,10.0,155.0,123.0,1056.0,100.0,65,1846.0153846153846,119991.0
