PLAYER_ID,PLAYER_NAME,avg(FGM),avg(FGA),avg(FG3M),avg(FG3A),avg(FTM),avg(FTA),avg(OREB),avg(DREB),avg(REB),avg(AST),avg(STL),avg(BLK),avg(TO),avg(PF),avg(PTS),avg(PLUS_MINUS),sum(FGM),sum(FGA),sum(FG3M),sum(FG3A),sum(FTM),sum(FTA),sum(OREB),sum(DREB),sum(REB),sum(AST),sum(STL),sum(BLK),sum(TO),sum(PF),sum(PTS),sum(PLUS_MINUS),sum(ifminute),avg(seconds),sum(seconds)
1627748,Thon Maker,1.5384615384615385,3.246153846153846,0.35384615384615387,1.1076923076923078,1.2923076923076924,1.8923076923076922,0.9384615384615385,2.0615384615384613,3.0,0.8,0.4307692307692308,0.6461538461538462,0.7230769230769231,1.646153846153846,4.723076923076923,-2.230769230769231,100.0,211.0,23.0,72.0,84.0,123.0,61.0,134.0,195.0,52.0,28.0,42.0,47.0,107.0,307.0,-145.0,65,798.3538461538461,51893.0
