PLAYER_ID,PLAYER_NAME,avg(FGM),avg(FGA),avg(FG3M),avg(FG3A),avg(FTM),avg(FTA),avg(OREB),avg(DREB),avg(REB),avg(AST),avg(STL),avg(BLK),avg(TO),avg(PF),avg(PTS),avg(PLUS_MINUS),sum(FGM),sum(FGA),sum(FG3M),sum(FG3A),sum(FTM),sum(FTA),sum(OREB),sum(DREB),sum(REB),sum(AST),sum(STL),sum(BLK),sum(TO),sum(PF),sum(PTS),sum(PLUS_MINUS),sum(ifminute),avg(seconds),sum(seconds)
201566,Russell Westbrook,9.708333333333334,20.97222222222222,0.9861111111111112,3.875,4.569444444444445,6.138888888888889,1.7222222222222223,5.791666666666667,7.513888888888889,6.527777777777778,1.5833333333333333,0.3194444444444444,4.430555555555555,3.4027777777777777,24.97222222222222,0.6527777777777778,699.0,1510.0,71.0,279.0,329.0,442.0,124.0,417.0,541.0,470.0,114.0,23.0,319.0,245.0,1798.0,47.0,72,2066.3194444444443,148775.0
1629001,De'Anthony Melton,2.671875,6.671875,0.734375,2.4375,1.453125,1.90625,0.71875,3.0,3.71875,2.859375,1.28125,0.328125,1.390625,1.828125,7.53125,1.90625,171.0,427.0,47.0,156.0,93.0,122.0,46.0,192.0,238.0,183.0,82.0,21.0,89.0,117.0,482.0,122.0,64,1161.8125,74356.0
1629594,Bennie Boatwright,"","","","","","","","","","","","","","","","","","","","","","","","","","","","","","","","",0,"",""
