PLAYER_ID,PLAYER_NAME,avg(FGM),avg(FGA),avg(FG3M),avg(FG3A),avg(FTM),avg(FTA),avg(OREB),avg(DREB),avg(REB),avg(AST),avg(STL),avg(BLK),avg(TO),avg(PF),avg(PTS),avg(PLUS_MINUS),sum(FGM),sum(FGA),sum(FG3M),sum(FG3A),sum(FTM),sum(FTA),sum(OREB),sum(DREB),sum(REB),sum(AST),sum(STL),sum(BLK),sum(TO),sum(PF),sum(PTS),sum(PLUS_MINUS),sum(ifminute),avg(seconds),sum(seconds)
203585,Rodney McGruder,1.323076923076923,3.3230769230769233,0.47692307692307695,1.6,0.4153846153846154,0.676923076923077,0.5076923076923077,2.0923076923076924,2.6,0.6923076923076923,0.4461538461538462,0.15384615384615385,0.4307692307692308,1.3076923076923077,3.5384615384615383,-0.09230769230769231,86.0,216.0,31.0,104.0,27.0,44.0,33.0,136.0,169.0,45.0,29.0,10.0,28.0,85.0,230.0,-6.0,65,886.6307692307693,57631.0
1628513,Naz Mitrou-Long,0.8888888888888888,2.2222222222222223,0.2222222222222222,1.4444444444444444,0.1111111111111111,0.2222222222222222,0.0,1.0,1.0,1.1111111111111112,0.1111111111111111,0.1111111111111111,0.8888888888888888,0.4444444444444444,2.111111111111111,0.5555555555555556,8.0,20.0,2.0,13.0,1.0,2.0,0.0,9.0,9.0,10.0,1.0,1.0,8.0,4.0,19.0,5.0,9,424.44444444444446,3820.0
1628402,Frank Jackson,2.5074626865671643,5.91044776119403,0.9402985074626866,2.6417910447761193,1.044776119402985,1.3880597014925373,0.34328358208955223,1.0298507462686568,1.373134328358209,1.0746268656716418,0.31343283582089554,0.05970149253731343,0.8805970149253731,1.2985074626865671,7.0,0.26865671641791045,168.0,396.0,63.0,177.0,70.0,93.0,23.0,69.0,92.0,72.0,21.0,4.0,59.0,87.0,469.0,18.0,67,851.5373134328358,57053.0
