PLAYER_ID,PLAYER_NAME,avg(FGM),avg(FGA),avg(FG3M),avg(FG3A),avg(FTM),avg(FTA),avg(OREB),avg(DREB),avg(REB),avg(AST),avg(STL),avg(BLK),avg(TO),avg(PF),avg(PTS),avg(PLUS_MINUS),sum(FGM),sum(FGA),sum(FG3M),sum(FG3A),sum(FTM),sum(FTA),sum(OREB),sum(DREB),sum(REB),sum(AST),sum(STL),sum(BLK),sum(TO),sum(PF),sum(PTS),sum(PLUS_MINUS),sum(ifminute),avg(seconds),sum(seconds)
202722,Davis Bertans,4.758620689655173,11.0,3.6206896551724137,8.551724137931034,1.8103448275862069,2.1379310344827585,0.6206896551724138,3.8620689655172415,4.482758620689655,1.7241379310344827,0.6896551724137931,0.6206896551724138,1.0344827586206897,2.4482758620689653,14.948275862068966,0.6206896551724138,276.0,638.0,210.0,496.0,105.0,124.0,36.0,224.0,260.0,100.0,40.0,36.0,60.0,142.0,867.0,36.0,58,1719.4310344827586,99727.0
