PLAYER_ID,PLAYER_NAME,avg(FGM),avg(FGA),avg(FG3M),avg(FG3A),avg(FTM),avg(FTA),avg(OREB),avg(DREB),avg(REB),avg(AST),avg(STL),avg(BLK),avg(TO),avg(PF),avg(PTS),avg(PLUS_MINUS),sum(FGM),sum(FGA),sum(FG3M),sum(FG3A),sum(FTM),sum(FTA),sum(OREB),sum(DREB),sum(REB),sum(AST),sum(STL),sum(BLK),sum(TO),sum(PF),sum(PTS),sum(PLUS_MINUS),sum(ifminute),avg(seconds),sum(seconds)
1629725,Jeremiah Martin,2.0625,5.0625,0.5,1.5,0.8125,1.125,0.0625,1.0,1.0625,1.625,0.5625,0.3125,0.75,1.0,5.4375,-4.5,33.0,81.0,8.0,24.0,13.0,18.0,1.0,16.0,17.0,26.0,9.0,5.0,12.0,16.0,87.0,-72.0,16,670.8125,10733.0
203967,Dario Saric,3.8450704225352115,8.183098591549296,1.2816901408450705,3.5492957746478875,1.647887323943662,1.9859154929577465,1.5211267605633803,4.690140845070423,6.211267605633803,1.8169014084507042,0.5633802816901409,0.22535211267605634,1.3098591549295775,2.3098591549295775,10.619718309859154,-0.7887323943661971,273.0,581.0,91.0,252.0,117.0,141.0,108.0,333.0,441.0,129.0,40.0,16.0,93.0,164.0,754.0,-56.0,71,1468.887323943662,104291.0
1629147,Joe Chealey,0.0,1.6,0.0,0.8,0.6,0.8,0.2,0.2,0.4,0.2,0.8,0.0,0.4,0.6,0.6,-1.4,0.0,8.0,0.0,4.0,3.0,4.0,1.0,1.0,2.0,1.0,4.0,0.0,2.0,3.0,3.0,-7.0,5,469.6,2348.0
1628395,Jordan Bell,1.2580645161290323,2.3870967741935485,0.16129032258064516,0.41935483870967744,0.6129032258064516,1.0,1.064516129032258,1.7419354838709677,2.806451612903226,0.5161290322580645,0.0967741935483871,0.3225806451612903,0.7741935483870968,0.6774193548387096,3.2903225806451615,-0.2903225806451613,39.0,74.0,5.0,13.0,19.0,31.0,33.0,54.0,87.0,16.0,3.0,10.0,24.0,21.0,102.0,-9.0,31,524.9354838709677,16273.0
