PLAYER_ID,PLAYER_NAME,avg(FGM),avg(FGA),avg(FG3M),avg(FG3A),avg(FTM),avg(FTA),avg(OREB),avg(DREB),avg(REB),avg(AST),avg(STL),avg(BLK),avg(TO),avg(PF),avg(PTS),avg(PLUS_MINUS),sum(FGM),sum(FGA),sum(FG3M),sum(FG3A),sum(FTM),sum(FTA),sum(OREB),sum(DREB),sum(REB),sum(AST),sum(STL),sum(BLK),sum(TO),sum(PF),sum(PTS),sum(PLUS_MINUS),sum(ifminute),avg(seconds),sum(seconds)
201960,DeMarre Carroll,2.774193548387097,7.193548387096774,1.3225806451612903,3.870967741935484,2.2903225806451615,3.0806451612903225,0.9354838709677419,3.661290322580645,4.596774193548387,1.2258064516129032,0.45161290322580644,0.14516129032258066,1.0161290322580645,1.7096774193548387,9.161290322580646,0.8709677419354839,172.0,446.0,82.0,240.0,142.0,191.0,58.0,227.0,285.0,76.0,28.0,9.0,63.0,106.0,568.0,54.0,62,1335.8064516129032,82820.0
1629017,Khyri Thomas,0.9285714285714286,2.6785714285714284,0.35714285714285715,1.2142857142857142,0.35714285714285715,0.5,0.07142857142857142,0.42857142857142855,0.5,0.21428571428571427,0.32142857142857145,0.17857142857142858,0.14285714285714285,0.7142857142857143,2.5714285714285716,-1.3571428571428572,26.0,75.0,10.0,34.0,10.0,14.0,2.0,12.0,14.0,6.0,9.0,5.0,4.0,20.0,72.0,-38.0,28,423.5,11858.0
1628463,Tyler Cavanaugh,0.2727272727272727,0.9090909090909091,0.09090909090909091,0.45454545454545453,0.18181818181818182,0.18181818181818182,0.2727272727272727,0.45454545454545453,0.7272727272727273,0.09090909090909091,0.0,0.0,0.09090909090909091,0.2727272727272727,0.8181818181818182,-3.3636363636363638,3.0,10.0,1.0,5.0,2.0,2.0,3.0,5.0,8.0,1.0,0.0,0.0,1.0,3.0,9.0,-37.0,11,215.45454545454547,2370.0
