PLAYER_ID,PLAYER_NAME,avg(FGM),avg(FGA),avg(FG3M),avg(FG3A),avg(FTM),avg(FTA),avg(OREB),avg(DREB),avg(REB),avg(AST),avg(STL),avg(BLK),avg(TO),avg(PF),avg(PTS),avg(PLUS_MINUS),sum(FGM),sum(FGA),sum(FG3M),sum(FG3A),sum(FTM),sum(FTA),sum(OREB),sum(DREB),sum(REB),sum(AST),sum(STL),sum(BLK),sum(TO),sum(PF),sum(PTS),sum(PLUS_MINUS),sum(ifminute),avg(seconds),sum(seconds)
202334,Ed Davis,1.7428571428571429,2.914285714285714,0.0,0.0,1.0714285714285714,1.6857142857142857,1.8857142857142857,5.385714285714286,7.271428571428571,0.6428571428571429,0.37142857142857144,0.4,0.7142857142857143,2.7,4.557142857142857,-0.02857142857142857,122.0,204.0,0.0,0.0,75.0,118.0,132.0,377.0,509.0,45.0,26.0,28.0,50.0,189.0,319.0,-2.0,70,943.7428571428571,66062.0
1627820,Tyrone Wallace,1.2222222222222223,3.2222222222222223,0.09259259259259259,0.5185185185185185,0.5740740740740741,1.0,0.24074074074074073,1.4074074074074074,1.6481481481481481,0.8518518518518519,0.35185185185185186,0.07407407407407407,0.7222222222222222,1.4074074074074074,3.111111111111111,-0.4074074074074074,66.0,174.0,5.0,28.0,31.0,54.0,13.0,76.0,89.0,46.0,19.0,4.0,39.0,76.0,168.0,-22.0,54,637.0370370370371,34400.0
1629034,Ray Spalding,1.9230769230769231,3.6153846153846154,0.0,0.23076923076923078,0.3076923076923077,0.9230769230769231,1.1538461538461537,2.5384615384615383,3.6923076923076925,0.38461538461538464,0.6923076923076923,0.6153846153846154,0.6923076923076923,1.7692307692307692,4.153846153846154,-1.4615384615384615,25.0,47.0,0.0,3.0,4.0,12.0,15.0,33.0,48.0,5.0,9.0,8.0,9.0,23.0,54.0,-19.0,13,677.2307692307693,8804.0
1629967,Skyler Flatten,"","","","","","","","","","","","","","","","","","","","","","","","","","","","","","","","",0,"",""
