PLAYER_ID,PLAYER_NAME,avg(FGM),avg(FGA),avg(FG3M),avg(FG3A),avg(FTM),avg(FTA),avg(OREB),avg(DREB),avg(REB),avg(AST),avg(STL),avg(BLK),avg(TO),avg(PF),avg(PTS),avg(PLUS_MINUS),sum(FGM),sum(FGA),sum(FG3M),sum(FG3A),sum(FTM),sum(FTA),sum(OREB),sum(DREB),sum(REB),sum(AST),sum(STL),sum(BLK),sum(TO),sum(PF),sum(PTS),sum(PLUS_MINUS),sum(ifminute),avg(seconds),sum(seconds)
203109,Jae Crowder,3.5494505494505493,8.923076923076923,2.208791208791209,6.483516483516484,1.5384615384615385,1.967032967032967,0.7362637362637363,5.1098901098901095,5.846153846153846,2.340659340659341,0.978021978021978,0.4065934065934066,0.9560439560439561,2.2637362637362637,10.846153846153847,-2.10989010989011,323.0,812.0,201.0,590.0,140.0,179.0,67.0,465.0,532.0,213.0,89.0,37.0,87.0,206.0,987.0,-192.0,91,1753.0549450549452,159528.0
203500,Steven Adams,4.546666666666667,7.613333333333333,0.02666666666666667,0.08,1.8266666666666667,3.2266666666666666,3.3733333333333335,5.8933333333333335,9.266666666666667,2.16,0.76,0.9333333333333333,1.5733333333333333,1.8533333333333333,10.946666666666667,1.1466666666666667,341.0,571.0,2.0,6.0,137.0,242.0,253.0,442.0,695.0,162.0,57.0,70.0,118.0,139.0,821.0,86.0,75,1592.24,119418.0
