PLAYER_ID,PLAYER_NAME,avg(FGM),avg(FGA),avg(FG3M),avg(FG3A),avg(FTM),avg(FTA),avg(OREB),avg(DREB),avg(REB),avg(AST),avg(STL),avg(BLK),avg(TO),avg(PF),avg(PTS),avg(PLUS_MINUS),sum(FGM),sum(FGA),sum(FG3M),sum(FG3A),sum(FTM),sum(FTA),sum(OREB),sum(DREB),sum(REB),sum(AST),sum(STL),sum(BLK),sum(TO),sum(PF),sum(PTS),sum(PLUS_MINUS),sum(ifminute),avg(seconds),sum(seconds)
1628980,Jacob Evans,1.25,3.75,0.4166666666666667,1.0277777777777777,0.5,0.5277777777777778,0.2777777777777778,1.1111111111111112,1.3888888888888888,0.9722222222222222,0.2777777777777778,0.3055555555555556,0.7777777777777778,1.25,3.4166666666666665,-1.4444444444444444,45.0,135.0,15.0,37.0,18.0,19.0,10.0,40.0,50.0,35.0,10.0,11.0,28.0,45.0,123.0,-52.0,36,712.0277777777778,25633.0
1627777,Georges Niang,1.7428571428571429,3.742857142857143,0.8857142857142857,2.1714285714285713,0.3,0.38571428571428573,0.21428571428571427,1.6285714285714286,1.8428571428571427,0.5571428571428572,0.17142857142857143,0.14285714285714285,0.4714285714285714,1.1285714285714286,4.671428571428572,-1.9857142857142858,122.0,262.0,62.0,152.0,21.0,27.0,15.0,114.0,129.0,39.0,12.0,10.0,33.0,79.0,327.0,-139.0,70,660.4428571428572,46231.0
1629730,Rayjon Tucker,1.25,2.0,0.25,0.75,0.25,1.0,0.0,0.75,0.75,0.0,0.5,0.0,1.0,0.5,3.0,-2.25,5.0,8.0,1.0,3.0,1.0,4.0,0.0,3.0,3.0,0.0,2.0,0.0,4.0,2.0,12.0,-9.0,4,472.25,1889.0
