PLAYER_ID,PLAYER_NAME,avg(FGM),avg(FGA),avg(FG3M),avg(FG3A),avg(FTM),avg(FTA),avg(OREB),avg(DREB),avg(REB),avg(AST),avg(STL),avg(BLK),avg(TO),avg(PF),avg(PTS),avg(PLUS_MINUS),sum(FGM),sum(FGA),sum(FG3M),sum(FG3A),sum(FTM),sum(FTA),sum(OREB),sum(DREB),sum(REB),sum(AST),sum(STL),sum(BLK),sum(TO),sum(PF),sum(PTS),sum(PLUS_MINUS),sum(ifminute),avg(seconds),sum(seconds)
1629649,Ignas Brazdeikis,0.5555555555555556,2.4444444444444446,0.1111111111111111,1.1111111111111112,0.3333333333333333,0.4444444444444444,0.2222222222222222,0.3333333333333333,0.5555555555555556,0.2222222222222222,0.0,0.1111111111111111,0.2222222222222222,0.3333333333333333,1.5555555555555556,-1.8888888888888888,5.0,22.0,1.0,10.0,3.0,4.0,2.0,3.0,5.0,2.0,0.0,1.0,2.0,3.0,14.0,-17.0,9,366.22222222222223,3296.0
1629756,Daulton Hommes,0.0,0.25,0.0,0.25,0.0,0.0,0.25,0.5,0.75,0.5,0.25,0.0,0.5,0.75,0.0,-5.25,0.0,1.0,0.0,1.0,0.0,0.0,1.0,2.0,3.0,2.0,1.0,0.0,2.0,3.0,0.0,-21.0,4,402.25,1609.0
1629270,Todd Withers,0.0,0.0,0.0,0.0,0.0,0.0,0.0,0.0,0.0,0.0,0.0,0.0,2.0,0.0,0.0,-8.0,0.0,0.0,0.0,0.0,0.0,0.0,0.0,0.0,0.0,0.0,0.0,0.0,2.0,0.0,0.0,-8.0,1,213.0,213.0
