PLAYER_ID,PLAYER_NAME,avg(FGM),avg(FGA),avg(FG3M),avg(FG3A),avg(FTM),avg(FTA),avg(OREB),avg(DREB),avg(REB),avg(AST),avg(STL),avg(BLK),avg(TO),avg(PF),avg(PTS),avg(PLUS_MINUS),sum(FGM),sum(FGA),sum(FG3M),sum(FG3A),sum(FTM),sum(FTA),sum(OREB),sum(DREB),sum(REB),sum(AST),sum(STL),sum(BLK),sum(TO),sum(PF),sum(PTS),sum(PLUS_MINUS),sum(ifminute),avg(seconds),sum(seconds)
1628970,Miles Bridges,3.8045977011494254,8.494252873563218,1.0574712643678161,3.2298850574712645,0.9655172413793104,1.2413793103448276,1.0919540229885059,3.735632183908046,4.827586206896552,1.5402298850574712,0.6666666666666666,0.6896551724137931,1.1379310344827587,1.7586206896551724,9.632183908045977,-5.67816091954023,331.0,739.0,92.0,281.0,84.0,108.0,95.0,325.0,420.0,134.0,58.0,60.0,99.0,153.0,838.0,-494.0,87,1556.103448275862,135381.0
1628366,Lonzo Ball,3.975609756097561,10.365853658536585,2.097560975609756,5.902439024390244,0.6829268292682927,1.3658536585365855,1.1951219512195121,3.975609756097561,5.170731707317073,5.658536585365853,1.2682926829268293,0.3170731707317073,2.4146341463414633,2.048780487804878,10.731707317073171,-1.951219512195122,163.0,425.0,86.0,242.0,28.0,56.0,49.0,163.0,212.0,232.0,52.0,13.0,99.0,84.0,440.0,-80.0,41,1724.560975609756,70707.0
1629644,KZ Okpala,1.0,1.8571428571428572,0.0,0.14285714285714285,0.14285714285714285,0.14285714285714285,0.14285714285714285,0.42857142857142855,0.5714285714285714,0.0,0.14285714285714285,0.0,0.2857142857142857,0.42857142857142855,2.142857142857143,-1.1428571428571428,7.0,13.0,0.0,1.0,1.0,1.0,1.0,3.0,4.0,0.0,1.0,0.0,2.0,3.0,15.0,-8.0,7,310.14285714285717,2171.0
