PLAYER_ID,PLAYER_NAME,avg(FGM),avg(FGA),avg(FG3M),avg(FG3A),avg(FTM),avg(FTA),avg(OREB),avg(DREB),avg(REB),avg(AST),avg(STL),avg(BLK),avg(TO),avg(PF),avg(PTS),avg(PLUS_MINUS),sum(FGM),sum(FGA),sum(FG3M),sum(FG3A),sum(FTM),sum(FTA),sum(OREB),sum(DREB),sum(REB),sum(AST),sum(STL),sum(BLK),sum(TO),sum(PF),sum(PTS),sum(PLUS_MINUS),sum(ifminute),avg(seconds),sum(seconds)
202696,Nikola Vucevic,7.891891891891892,16.527027027027028,1.6216216216216217,4.72972972972973,2.0135135135135136,2.608108108108108,2.1486486486486487,8.31081081081081,10.45945945945946,3.5,0.8378378378378378,0.7162162162162162,1.527027027027027,2.2162162162162162,19.41891891891892,-0.04054054054054054,584.0,1223.0,120.0,350.0,149.0,193.0,159.0,615.0,774.0,259.0,62.0,53.0,113.0,164.0,1437.0,-3.0,74,1896.027027027027,140306.0
1626166,Cameron Payne,3.1538461538461537,7.769230769230769,1.3076923076923077,3.230769230769231,1.0769230769230769,1.1538461538461537,0.38461538461538464,3.230769230769231,3.6153846153846154,2.4615384615384617,1.0,0.15384615384615385,1.5384615384615385,2.6923076923076925,8.692307692307692,7.384615384615385,41.0,101.0,17.0,42.0,14.0,15.0,5.0,42.0,47.0,32.0,13.0,2.0,20.0,35.0,113.0,96.0,13,1284.6923076923076,16701.0
1626163,Frank Kaminsky,3.5652173913043477,7.869565217391305,1.0869565217391304,3.239130434782609,1.8043478260869565,2.5434782608695654,0.8695652173913043,3.6956521739130435,4.565217391304348,1.9782608695652173,0.41304347826086957,0.2391304347826087,0.9782608695652174,1.7826086956521738,10.021739130434783,-0.08695652173913043,164.0,362.0,50.0,149.0,83.0,117.0,40.0,170.0,210.0,91.0,19.0,11.0,45.0,82.0,461.0,-4.0,46,1212.8695652173913,55792.0
