PLAYER_ID,PLAYER_NAME,avg(FGM),avg(FGA),avg(FG3M),avg(FG3A),avg(FTM),avg(FTA),avg(OREB),avg(DREB),avg(REB),avg(AST),avg(STL),avg(BLK),avg(TO),avg(PF),avg(PTS),avg(PLUS_MINUS),sum(FGM),sum(FGA),sum(FG3M),sum(FG3A),sum(FTM),sum(FTA),sum(OREB),sum(DREB),sum(REB),sum(AST),sum(STL),sum(BLK),sum(TO),sum(PF),sum(PTS),sum(PLUS_MINUS),sum(ifminute),avg(seconds),sum(seconds)
202397,Ish Smith,4.4324324324324325,9.972972972972974,0.8513513513513513,2.4054054054054053,0.9054054054054054,1.3243243243243243,0.44594594594594594,2.77027027027027,3.2162162162162162,4.851351351351352,0.8378378378378378,0.43243243243243246,1.4054054054054055,1.5135135135135136,10.621621621621621,-1.8243243243243243,328.0,738.0,63.0,178.0,67.0,98.0,33.0,205.0,238.0,359.0,62.0,32.0,104.0,112.0,786.0,-135.0,74,1552.945945945946,114918.0
1629597,Zylan Cheatham,1.625,2.25,0.0,0.25,0.625,1.0,0.875,1.875,2.75,0.375,0.125,0.25,0.75,1.75,3.875,-3.0,13.0,18.0,0.0,2.0,5.0,8.0,7.0,15.0,22.0,3.0,1.0,2.0,6.0,14.0,31.0,-24.0,8,630.0,5040.0
1627883,Jalen Jones,2.0,5.0,0.0,2.0,3.0,4.0,0.0,3.0,3.0,1.0,0.0,0.0,0.0,3.0,7.0,-7.0,2.0,5.0,0.0,2.0,3.0,4.0,0.0,3.0,3.0,1.0,0.0,0.0,0.0,3.0,7.0,-7.0,1,612.0,612.0
