PLAYER_ID,PLAYER_NAME,avg(FGM),avg(FGA),avg(FG3M),avg(FG3A),avg(FTM),avg(FTA),avg(OREB),avg(DREB),avg(REB),avg(AST),avg(STL),avg(BLK),avg(TO),avg(PF),avg(PTS),avg(PLUS_MINUS),sum(FGM),sum(FGA),sum(FG3M),sum(FG3A),sum(FTM),sum(FTA),sum(OREB),sum(DREB),sum(REB),sum(AST),sum(STL),sum(BLK),sum(TO),sum(PF),sum(PTS),sum(PLUS_MINUS),sum(ifminute),avg(seconds),sum(seconds)
203469,Cody Zeller,4.346153846153846,8.288461538461538,0.34615384615384615,1.3461538461538463,2.3653846153846154,3.3461538461538463,2.6538461538461537,4.9423076923076925,7.596153846153846,1.5384615384615385,0.7115384615384616,0.5384615384615384,1.3846153846153846,2.8653846153846154,11.403846153846153,-4.673076923076923,226.0,431.0,18.0,70.0,123.0,174.0,138.0,257.0,395.0,80.0,37.0,28.0,72.0,149.0,593.0,-243.0,52,1453.1153846153845,75562.0
1627741,Buddy Hield,7.630952380952381,17.44047619047619,3.607142857142857,9.095238095238095,2.0238095238095237,2.3095238095238093,1.1428571428571428,3.761904761904762,4.904761904761905,2.869047619047619,0.8333333333333334,0.35714285714285715,2.0238095238095237,2.5476190476190474,20.892857142857142,-0.5595238095238095,641.0,1465.0,303.0,764.0,170.0,194.0,96.0,316.0,412.0,241.0,70.0,30.0,170.0,214.0,1755.0,-47.0,84,1978.8214285714287,166221.0
1629035,Carsen Edwards,1.75,4.607142857142857,1.1071428571428572,3.0,0.5,0.6071428571428571,0.17857142857142858,1.3214285714285714,1.5,0.7142857142857143,0.32142857142857145,0.14285714285714285,0.6785714285714286,1.25,5.107142857142857,0.4642857142857143,49.0,129.0,31.0,84.0,14.0,17.0,5.0,37.0,42.0,20.0,9.0,4.0,19.0,35.0,143.0,13.0,28,682.5,19110.0
1629680,Matisse Thybulle,1.6764705882352942,3.8529411764705883,0.9705882352941176,2.2941176470588234,0.7058823529411765,1.0,0.3235294117647059,0.9117647058823529,1.2352941176470589,1.2352941176470589,1.5588235294117647,0.7941176470588235,0.9411764705882353,2.0294117647058822,5.029411764705882,0.5294117647058824,57.0,131.0,33.0,78.0,24.0,34.0,11.0,31.0,42.0,42.0,53.0,27.0,32.0,69.0,171.0,18.0,34,1071.3235294117646,36425.0
201147,Corey Brewer,1.7096774193548387,3.967741935483871,0.45161290322580644,1.4193548387096775,1.0,1.3870967741935485,0.8387096774193549,1.6129032258064515,2.4516129032258065,1.2580645161290323,1.032258064516129,0.22580645161290322,0.6129032258064516,2.032258064516129,4.870967741935484,0.03225806451612903,53.0,123.0,14.0,44.0,31.0,43.0,26.0,50.0,76.0,39.0,32.0,7.0,19.0,63.0,151.0,1.0,31,951.4193548387096,29494.0
