PLAYER_ID,PLAYER_NAME,avg(FGM),avg(FGA),avg(FG3M),avg(FG3A),avg(FTM),avg(FTA),avg(OREB),avg(DREB),avg(REB),avg(AST),avg(STL),avg(BLK),avg(TO),avg(PF),avg(PTS),avg(PLUS_MINUS),sum(FGM),sum(FGA),sum(FG3M),sum(FG3A),sum(FTM),sum(FTA),sum(OREB),sum(DREB),sum(REB),sum(AST),sum(STL),sum(BLK),sum(TO),sum(PF),sum(PTS),sum(PLUS_MINUS),sum(ifminute),avg(seconds),sum(seconds)
202334,Ed Davis,0.8529411764705882,1.6764705882352942,0.0,0.0,0.23529411764705882,0.5,1.1764705882352942,2.5588235294117645,3.735294117647059,0.4117647058823529,0.3235294117647059,0.2647058823529412,0.47058823529411764,2.2058823529411766,1.9411764705882353,-4.0588235294117645,29.0,57.0,0.0,0.0,8.0,17.0,40.0,87.0,127.0,14.0,11.0,9.0,16.0,75.0,66.0,-138.0,34,664.0588235294117,22578.0
201961,Wayne Ellington,1.8,5.075,1.475,4.175,0.35,0.475,0.125,1.675,1.8,1.275,0.35,0.1,0.55,1.125,5.425,-0.375,72.0,203.0,59.0,167.0,14.0,19.0,5.0,67.0,72.0,51.0,14.0,4.0,22.0,45.0,217.0,-15.0,40,963.2,38528.0
1627739,Kris Dunn,2.9285714285714284,6.678571428571429,0.5535714285714286,2.232142857142857,0.7142857142857143,0.9642857142857143,0.4107142857142857,3.3035714285714284,3.7142857142857144,3.392857142857143,2.0535714285714284,0.30357142857142855,1.5178571428571428,3.017857142857143,7.125,-0.21428571428571427,164.0,374.0,31.0,125.0,40.0,54.0,23.0,185.0,208.0,190.0,115.0,17.0,85.0,169.0,399.0,-12.0,56,1484.0535714285713,83107.0
