PLAYER_ID,PLAYER_NAME,avg(FGM),avg(FGA),avg(FG3M),avg(FG3A),avg(FTM),avg(FTA),avg(OREB),avg(DREB),avg(REB),avg(AST),avg(STL),avg(BLK),avg(TO),avg(PF),avg(PTS),avg(PLUS_MINUS),sum(FGM),sum(FGA),sum(FG3M),sum(FG3A),sum(FTM),sum(FTA),sum(OREB),sum(DREB),sum(REB),sum(AST),sum(STL),sum(BLK),sum(TO),sum(PF),sum(PTS),sum(PLUS_MINUS),sum(ifminute),avg(seconds),sum(seconds)
1629746,Christ Koumadje,2.0,2.0,0.0,0.0,0.0,0.0,1.0,1.0,2.0,1.0,1.0,0.0,0.0,1.0,4.0,8.0,2.0,2.0,0.0,0.0,0.0,0.0,1.0,1.0,2.0,1.0,1.0,0.0,0.0,1.0,4.0,8.0,1,228.0,228.0
1626296,Jordan Sibert,2.5,3.5,2.0,3.0,1.5,1.5,0.0,0.0,0.0,0.0,0.0,0.0,0.0,0.5,8.5,-4.0,5.0,7.0,4.0,6.0,3.0,3.0,0.0,0.0,0.0,0.0,0.0,0.0,0.0,1.0,17.0,-8.0,2,487.0,974.0
1629353,Isaac Humphries,0.875,2.875,0.5,1.625,0.125,0.25,0.5,1.125,1.625,0.125,0.25,0.0,0.0,1.5,2.375,-2.5,7.0,23.0,4.0,13.0,1.0,2.0,4.0,9.0,13.0,1.0,2.0,0.0,0.0,12.0,19.0,-20.0,8,529.375,4235.0
201973,Jonas Jerebko,1.392156862745098,3.4705882352941178,0.5686274509803921,1.6470588235294117,0.5490196078431373,0.7254901960784313,0.7843137254901961,1.7450980392156863,2.5294117647058822,0.8235294117647058,0.2549019607843137,0.21568627450980393,0.2549019607843137,1.0392156862745099,3.9019607843137254,-1.196078431372549,71.0,177.0,29.0,84.0,28.0,37.0,40.0,89.0,129.0,42.0,13.0,11.0,13.0,53.0,199.0,-61.0,51,659.2156862745098,33620.0
