PLAYER_ID,PLAYER_NAME,avg(FGM),avg(FGA),avg(FG3M),avg(FG3A),avg(FTM),avg(FTA),avg(OREB),avg(DREB),avg(REB),avg(AST),avg(STL),avg(BLK),avg(TO),avg(PF),avg(PTS),avg(PLUS_MINUS),sum(FGM),sum(FGA),sum(FG3M),sum(FG3A),sum(FTM),sum(FTA),sum(OREB),sum(DREB),sum(REB),sum(AST),sum(STL),sum(BLK),sum(TO),sum(PF),sum(PTS),sum(PLUS_MINUS),sum(ifminute),avg(seconds),sum(seconds)
1629690,Adam Mokoka,1.125,2.9375,0.375,1.5,0.5625,0.75,0.5,0.375,0.875,0.4375,0.3125,0.0,0.375,1.5625,3.1875,-0.25,18.0,47.0,6.0,24.0,9.0,12.0,8.0,6.0,14.0,7.0,5.0,0.0,6.0,25.0,51.0,-4.0,16,636.8125,10189.0
1628518,Amile Jefferson,0.5416666666666666,1.1666666666666667,0.0,0.041666666666666664,0.20833333333333334,0.5833333333333334,0.6666666666666666,0.875,1.5416666666666667,0.375,0.08333333333333333,0.125,0.25,0.375,1.2916666666666667,1.125,13.0,28.0,0.0,1.0,5.0,14.0,16.0,21.0,37.0,9.0,2.0,3.0,6.0,9.0,31.0,27.0,24,300.5416666666667,7213.0
