PLAYER_ID,PLAYER_NAME,avg(FGM),avg(FGA),avg(FG3M),avg(FG3A),avg(FTM),avg(FTA),avg(OREB),avg(DREB),avg(REB),avg(AST),avg(STL),avg(BLK),avg(TO),avg(PF),avg(PTS),avg(PLUS_MINUS),sum(FGM),sum(FGA),sum(FG3M),sum(FG3A),sum(FTM),sum(FTA),sum(OREB),sum(DREB),sum(REB),sum(AST),sum(STL),sum(BLK),sum(TO),sum(PF),sum(PTS),sum(PLUS_MINUS),sum(ifminute),avg(seconds),sum(seconds)
1629669,Jaylen Nowell,1.2777777777777777,3.6666666666666665,0.16666666666666666,1.6666666666666667,1.0555555555555556,1.1111111111111112,0.16666666666666666,0.6666666666666666,0.8333333333333334,1.1111111111111112,0.2222222222222222,0.05555555555555555,0.3888888888888889,0.9444444444444444,3.7777777777777777,0.0,23.0,66.0,3.0,30.0,19.0,20.0,3.0,12.0,15.0,20.0,4.0,1.0,7.0,17.0,68.0,0.0,18,622.7222222222222,11209.0
