PLAYER_ID,PLAYER_NAME,avg(FGM),avg(FGA),avg(FG3M),avg(FG3A),avg(FTM),avg(FTA),avg(OREB),avg(DREB),avg(REB),avg(AST),avg(STL),avg(BLK),avg(TO),avg(PF),avg(PTS),avg(PLUS_MINUS),sum(FGM),sum(FGA),sum(FG3M),sum(FG3A),sum(FTM),sum(FTA),sum(OREB),sum(DREB),sum(REB),sum(AST),sum(STL),sum(BLK),sum(TO),sum(PF),sum(PTS),sum(PLUS_MINUS),sum(ifminute),avg(seconds),sum(seconds)
1628988,Aaron Holiday,2.925373134328358,7.08955223880597,1.2985074626865671,3.1791044776119404,0.9701492537313433,1.1492537313432836,0.23880597014925373,1.492537313432836,1.7313432835820894,2.4925373134328357,0.5522388059701493,0.16417910447761194,1.0895522388059702,1.6567164179104477,8.119402985074627,1.492537313432836,196.0,475.0,87.0,213.0,65.0,77.0,16.0,100.0,116.0,167.0,37.0,11.0,73.0,111.0,544.0,100.0,67,1070.1194029850747,71698.0
203496,Robert Covington,4.0285714285714285,9.428571428571429,1.9428571428571428,5.771428571428571,1.6571428571428573,1.9714285714285715,0.9142857142857143,5.057142857142857,5.9714285714285715,1.0857142857142856,1.4,0.9428571428571428,1.4857142857142858,2.9714285714285715,11.657142857142857,-1.2571428571428571,141.0,330.0,68.0,202.0,58.0,69.0,32.0,177.0,209.0,38.0,49.0,33.0,52.0,104.0,408.0,-44.0,35,1645.2,57582.0
1629594,Bennie Boatwright,"","","","","","","","","","","","","","","","","","","","","","","","","","","","","","","","",0,"",""
203092,Tyler Zeller,2.25,4.5,0.0,0.125,1.75,2.375,1.75,1.875,3.625,0.5,0.125,0.375,0.875,3.125,6.25,2.0,18.0,36.0,0.0,1.0,14.0,19.0,14.0,15.0,29.0,4.0,1.0,3.0,7.0,25.0,50.0,16.0,8,803.125,6425.0
1629147,Joe Chealey,0.5,2.0,0.0,0.0,0.5,1.0,0.5,0.5,1.0,0.5,0.0,0.0,0.0,1.0,1.5,4.0,1.0,4.0,0.0,0.0,1.0,2.0,1.0,1.0,2.0,1.0,0.0,0.0,0.0,2.0,3.0,8.0,2,403.0,806.0
