PLAYER_ID,PLAYER_NAME,avg(FGM),avg(FGA),avg(FG3M),avg(FG3A),avg(FTM),avg(FTA),avg(OREB),avg(DREB),avg(REB),avg(AST),avg(STL),avg(BLK),avg(TO),avg(PF),avg(PTS),avg(PLUS_MINUS),sum(FGM),sum(FGA),sum(FG3M),sum(FG3A),sum(FTM),sum(FTA),sum(OREB),sum(DREB),sum(REB),sum(AST),sum(STL),sum(BLK),sum(TO),sum(PF),sum(PTS),sum(PLUS_MINUS),sum(ifminute),avg(seconds),sum(seconds)
203943,Noah Vonleh,1.3863636363636365,2.5454545454545454,0.09090909090909091,0.45454545454545453,0.6136363636363636,0.7727272727272727,1.0909090909090908,2.4318181818181817,3.522727272727273,0.75,0.3181818181818182,0.20454545454545456,0.7045454545454546,1.1818181818181819,3.477272727272727,-2.159090909090909,61.0,112.0,4.0,20.0,27.0,34.0,48.0,107.0,155.0,33.0,14.0,9.0,31.0,52.0,153.0,-95.0,44,664.6818181818181,29246.0
1628987,Kevin Hervey,0.75,2.8333333333333335,0.4166666666666667,2.1666666666666665,0.16666666666666666,0.16666666666666666,0.16666666666666666,1.1666666666666667,1.3333333333333333,0.5,0.08333333333333333,0.08333333333333333,0.08333333333333333,0.5,2.0833333333333335,-4.0,9.0,34.0,5.0,26.0,2.0,2.0,2.0,14.0,16.0,6.0,1.0,1.0,1.0,6.0,25.0,-48.0,12,329.5,3954.0
1628967,Tyus Battle,"","","","","","","","","","","","","","","","","","","","","","","","","","","","","","","","",0,"",""
1629753,Isaiah Pineiro,0.0,0.0,0.0,0.0,0.0,0.0,0.0,1.0,1.0,0.0,0.0,0.0,0.0,1.0,0.0,3.0,0.0,0.0,0.0,0.0,0.0,0.0,0.0,1.0,1.0,0.0,0.0,0.0,0.0,1.0,0.0,3.0,1,242.0,242.0
