PLAYER_ID,PLAYER_NAME,avg(FGM),avg(FGA),avg(FG3M),avg(FG3A),avg(FTM),avg(FTA),avg(OREB),avg(DREB),avg(REB),avg(AST),avg(STL),avg(BLK),avg(TO),avg(PF),avg(PTS),avg(PLUS_MINUS),sum(FGM),sum(FGA),sum(FG3M),sum(FG3A),sum(FTM),sum(FTA),sum(OREB),sum(DREB),sum(REB),sum(AST),sum(STL),sum(BLK),sum(TO),sum(PF),sum(PTS),sum(PLUS_MINUS),sum(ifminute),avg(seconds),sum(seconds)
1628394,Anzejs Pasecniks,2.129032258064516,4.129032258064516,0.0,0.12903225806451613,1.1935483870967742,2.0,1.4516129032258065,2.2903225806451615,3.7419354838709675,0.6774193548387096,0.3548387096774194,0.41935483870967744,0.8709677419354839,2.6451612903225805,5.451612903225806,-0.5483870967741935,66.0,128.0,0.0,4.0,37.0,62.0,45.0,71.0,116.0,21.0,11.0,13.0,27.0,82.0,169.0,-17.0,31,931.1612903225806,28866.0
1626164,Devin Booker,8.592105263157896,17.75,1.9473684210526316,5.565789473684211,6.434210526315789,7.0131578947368425,0.40789473684210525,3.8026315789473686,4.2105263157894735,6.407894736842105,0.7236842105263158,0.25,3.763157894736842,3.026315789473684,25.56578947368421,1.5526315789473684,653.0,1349.0,148.0,423.0,489.0,533.0,31.0,289.0,320.0,487.0,55.0,19.0,286.0,230.0,1943.0,118.0,76,2095.6710526315787,159271.0
1626161,Willie Cauley-Stein,3.240740740740741,5.592592592592593,0.0,0.018518518518518517,0.7407407407407407,1.2222222222222223,1.5555555555555556,4.277777777777778,5.833333333333333,1.2962962962962963,0.9074074074074074,1.1296296296296295,0.7407407407407407,2.240740740740741,7.222222222222222,-2.3703703703703702,175.0,302.0,0.0,1.0,40.0,66.0,84.0,231.0,315.0,70.0,49.0,61.0,40.0,121.0,390.0,-128.0,54,1219.4259259259259,65849.0
