PLAYER_ID,PLAYER_NAME,avg(FGM),avg(FGA),avg(FG3M),avg(FG3A),avg(FTM),avg(FTA),avg(OREB),avg(DREB),avg(REB),avg(AST),avg(STL),avg(BLK),avg(TO),avg(PF),avg(PTS),avg(PLUS_MINUS),sum(FGM),sum(FGA),sum(FG3M),sum(FG3A),sum(FTM),sum(FTA),sum(OREB),sum(DREB),sum(REB),sum(AST),sum(STL),sum(BLK),sum(TO),sum(PF),sum(PTS),sum(PLUS_MINUS),sum(ifminute),avg(seconds),sum(seconds)
203114,Khris Middleton,7.291139240506329,15.177215189873417,2.2278481012658227,5.632911392405063,3.4936708860759493,3.848101265822785,0.6455696202531646,5.518987341772152,6.1645569620253164,4.481012658227848,0.8607594936708861,0.12658227848101267,2.4430379746835444,2.518987341772152,20.303797468354432,7.772151898734177,576.0,1199.0,176.0,445.0,276.0,304.0,51.0,436.0,487.0,354.0,68.0,10.0,193.0,199.0,1604.0,614.0,79,1796.4683544303798,141921.0
1629004,Svi Mykhailiuk,2.8688524590163933,7.114754098360656,1.9508196721311475,4.967213114754099,0.9344262295081968,1.1475409836065573,0.3442622950819672,1.540983606557377,1.8852459016393444,1.8360655737704918,0.7213114754098361,0.06557377049180328,1.0491803278688525,1.4754098360655739,8.62295081967213,-0.03278688524590164,175.0,434.0,119.0,303.0,57.0,70.0,21.0,94.0,115.0,112.0,44.0,4.0,64.0,90.0,526.0,-2.0,61,1318.1967213114754,80410.0
201959,Taj Gibson,2.723076923076923,4.6461538461538465,0.1076923076923077,0.2923076923076923,0.7692307692307693,1.0923076923076922,1.7692307692307692,2.5692307692307694,4.338461538461538,0.8615384615384616,0.4153846153846154,0.46153846153846156,0.8153846153846154,2.0,6.323076923076923,-3.9076923076923076,177.0,302.0,7.0,19.0,50.0,71.0,115.0,167.0,282.0,56.0,27.0,30.0,53.0,130.0,411.0,-254.0,65,990.0153846153846,64351.0
1627746,Skal Labissiere,2.4594594594594597,4.594594594594595,0.10810810810810811,0.40540540540540543,0.918918918918919,1.2162162162162162,2.0,3.27027027027027,5.27027027027027,1.2972972972972974,0.24324324324324326,0.9459459459459459,0.9459459459459459,2.7567567567567566,5.945945945945946,-0.32432432432432434,91.0,170.0,4.0,15.0,34.0,45.0,74.0,121.0,195.0,48.0,9.0,35.0,35.0,102.0,220.0,-12.0,37,1025.7027027027027,37951.0
