PLAYER_ID,PLAYER_NAME,avg(FGM),avg(FGA),avg(FG3M),avg(FG3A),avg(FTM),avg(FTA),avg(OREB),avg(DREB),avg(REB),avg(AST),avg(STL),avg(BLK),avg(TO),avg(PF),avg(PTS),avg(PLUS_MINUS),sum(FGM),sum(FGA),sum(FG3M),sum(FG3A),sum(FTM),sum(FTA),sum(OREB),sum(DREB),sum(REB),sum(AST),sum(STL),sum(BLK),sum(TO),sum(PF),sum(PTS),sum(PLUS_MINUS),sum(ifminute),avg(seconds),sum(seconds)
1626246,Boban Marjanovic,2.7758620689655173,4.862068965517241,0.10344827586206896,0.39655172413793105,1.103448275862069,1.5172413793103448,1.4310344827586208,3.4310344827586206,4.862068965517241,0.5344827586206896,0.1724137931034483,0.27586206896551724,0.7586206896551724,1.3620689655172413,6.758620689655173,1.1896551724137931,161.0,282.0,6.0,23.0,64.0,88.0,83.0,199.0,282.0,31.0,10.0,16.0,44.0,79.0,392.0,69.0,58,636.6896551724138,36928.0
1629648,Jordan Bone,0.4166666666666667,1.75,0.16666666666666666,0.9166666666666666,0.3333333333333333,0.5,0.0,0.3333333333333333,0.3333333333333333,0.6666666666666666,0.08333333333333333,0.0,0.4166666666666667,0.6666666666666666,1.3333333333333333,-2.25,5.0,21.0,2.0,11.0,4.0,6.0,0.0,4.0,4.0,8.0,1.0,0.0,5.0,8.0,16.0,-27.0,12,306.8333333333333,3682.0
1628998,Cody Martin,1.836734693877551,4.326530612244898,0.3673469387755102,1.6122448979591837,0.8571428571428571,1.3265306122448979,0.7755102040816326,2.4693877551020407,3.2448979591836733,1.9591836734693877,0.8367346938775511,0.1836734693877551,0.8979591836734694,1.5918367346938775,4.8979591836734695,-1.5714285714285714,90.0,212.0,18.0,79.0,42.0,65.0,38.0,121.0,159.0,96.0,41.0,9.0,44.0,78.0,240.0,-77.0,49,1117.7142857142858,54768.0
1629103,Kelan Martin,2.393939393939394,6.03030303030303,0.8181818181818182,3.212121212121212,0.9393939393939394,1.0,0.3939393939393939,2.606060606060606,3.0,0.7878787878787878,0.24242424242424243,0.2727272727272727,0.6363636363636364,1.6363636363636365,6.545454545454546,-1.2424242424242424,79.0,199.0,27.0,106.0,31.0,33.0,13.0,86.0,99.0,26.0,8.0,9.0,21.0,54.0,216.0,-41.0,33,964.8181818181819,31839.0
1629722,V.J. King,"","","","","","","","","","","","","","","","","","","","","","","","","","","","","","","","",0,"",""
1629615,James Palmer Jr.,1.0,3.0,0.0,1.0,2.0,3.5,0.0,0.5,0.5,0.5,1.0,0.5,1.0,1.5,4.0,-8.0,2.0,6.0,0.0,2.0,4.0,7.0,0.0,1.0,1.0,1.0,2.0,1.0,2.0,3.0,8.0,-16.0,2,523.0,1046.0
