PLAYER_ID,PLAYER_NAME,avg(FGM),avg(FGA),avg(FG3M),avg(FG3A),avg(FTM),avg(FTA),avg(OREB),avg(DREB),avg(REB),avg(AST),avg(STL),avg(BLK),avg(TO),avg(PF),avg(PTS),avg(PLUS_MINUS),sum(FGM),sum(FGA),sum(FG3M),sum(FG3A),sum(FTM),sum(FTA),sum(OREB),sum(DREB),sum(REB),sum(AST),sum(STL),sum(BLK),sum(TO),sum(PF),sum(PTS),sum(PLUS_MINUS),sum(ifminute),avg(seconds),sum(seconds)
1629605,Tacko Fall,1.4285714285714286,2.0,0.0,0.0,0.42857142857142855,1.0714285714285714,0.35714285714285715,1.8571428571428572,2.2142857142857144,0.2857142857142857,0.21428571428571427,0.5714285714285714,0.7857142857142857,1.2142857142857142,3.2857142857142856,0.8571428571428571,20.0,28.0,0.0,0.0,6.0,15.0,5.0,26.0,31.0,4.0,3.0,8.0,11.0,17.0,46.0,12.0,14,355.57142857142856,4978.0
202711,Bojan Bogdanovic,6.358208955223881,14.477611940298507,2.8955223880597014,7.149253731343284,3.8656716417910446,4.268656716417911,0.5970149253731343,3.462686567164179,4.059701492537314,2.0597014925373136,0.5522388059701493,0.1044776119402985,2.537313432835821,1.7164179104477613,19.47761194029851,3.014925373134328,426.0,970.0,194.0,479.0,259.0,286.0,40.0,232.0,272.0,138.0,37.0,7.0,170.0,115.0,1305.0,202.0,67,1948.8955223880596,130576.0
1629595,Phil Booth,2.3333333333333335,5.666666666666667,0.3333333333333333,2.3333333333333335,0.3333333333333333,1.3333333333333333,0.0,0.6666666666666666,0.6666666666666666,1.0,0.6666666666666666,0.0,0.6666666666666666,0.3333333333333333,5.333333333333333,0.6666666666666666,7.0,17.0,1.0,7.0,1.0,4.0,0.0,2.0,2.0,3.0,2.0,0.0,2.0,1.0,16.0,2.0,3,507.0,1521.0
