PLAYER_ID,PLAYER_NAME,avg(FGM),avg(FGA),avg(FG3M),avg(FG3A),avg(FTM),avg(FTA),avg(OREB),avg(DREB),avg(REB),avg(AST),avg(STL),avg(BLK),avg(TO),avg(PF),avg(PTS),avg(PLUS_MINUS),sum(FGM),sum(FGA),sum(FG3M),sum(FG3A),sum(FTM),sum(FTA),sum(OREB),sum(DREB),sum(REB),sum(AST),sum(STL),sum(BLK),sum(TO),sum(PF),sum(PTS),sum(PLUS_MINUS),sum(ifminute),avg(seconds),sum(seconds)
1629016,Omari Spellman,2.1864406779661016,5.406779661016949,0.7796610169491526,2.23728813559322,0.8813559322033898,1.2033898305084745,1.7118644067796611,2.983050847457627,4.694915254237288,0.9661016949152542,0.4745762711864407,0.5254237288135594,1.0,1.152542372881356,6.033898305084746,-1.6271186440677967,129.0,319.0,46.0,132.0,52.0,71.0,101.0,176.0,277.0,57.0,28.0,31.0,59.0,68.0,356.0,-96.0,59,1009.5593220338983,59564.0
