PLAYER_ID,PLAYER_NAME,avg(FGM),avg(FGA),avg(FG3M),avg(FG3A),avg(FTM),avg(FTA),avg(OREB),avg(DREB),avg(REB),avg(AST),avg(STL),avg(BLK),avg(TO),avg(PF),avg(PTS),avg(PLUS_MINUS),sum(FGM),sum(FGA),sum(FG3M),sum(FG3A),sum(FTM),sum(FTA),sum(OREB),sum(DREB),sum(REB),sum(AST),sum(STL),sum(BLK),sum(TO),sum(PF),sum(PTS),sum(PLUS_MINUS),sum(ifminute),avg(seconds),sum(seconds)
1629635,Sekou Doumbouya,0.5454545454545454,1.8181818181818181,0.09090909090909091,0.7272727272727273,0.09090909090909091,0.45454545454545453,0.09090909090909091,0.6363636363636364,0.7272727272727273,0.09090909090909091,0.09090909090909091,0.0,0.09090909090909091,0.45454545454545453,1.2727272727272727,-2.3636363636363638,6.0,20.0,1.0,8.0,1.0,5.0,1.0,7.0,8.0,1.0,1.0,0.0,1.0,5.0,14.0,-26.0,11,242.36363636363637,2666.0
