PLAYER_ID,PLAYER_NAME,avg(FGM),avg(FGA),avg(FG3M),avg(FG3A),avg(FTM),avg(FTA),avg(OREB),avg(DREB),avg(REB),avg(AST),avg(STL),avg(BLK),avg(TO),avg(PF),avg(PTS),avg(PLUS_MINUS),sum(FGM),sum(FGA),sum(FG3M),sum(FG3A),sum(FTM),sum(FTA),sum(OREB),sum(DREB),sum(REB),sum(AST),sum(STL),sum(BLK),sum(TO),sum(PF),sum(PTS),sum(PLUS_MINUS),sum(ifminute),avg(seconds),sum(seconds)
1629659,Talen Horton-Tucker,2.3,5.4,0.7,2.3,0.2,0.4,0.2,1.3,1.5,1.0,1.3,0.1,1.0,2.0,5.5,-2.2,23.0,54.0,7.0,23.0,2.0,4.0,2.0,13.0,15.0,10.0,13.0,1.0,10.0,20.0,55.0,-22.0,10,795.1,7951.0
1626178,Rondae Hollis-Jefferson,2.3661971830985915,5.056338028169014,0.04225352112676056,0.352112676056338,1.676056338028169,2.3098591549295775,1.7183098591549295,2.8028169014084505,4.52112676056338,1.7183098591549295,0.7464788732394366,0.3380281690140845,1.0140845070422535,1.8873239436619718,6.450704225352113,1.2816901408450705,168.0,359.0,3.0,25.0,119.0,164.0,122.0,199.0,321.0,122.0,53.0,24.0,72.0,134.0,458.0,91.0,71,1049.394366197183,74507.0
201147,Corey Brewer,1.1428571428571428,1.5714285714285714,0.42857142857142855,0.5714285714285714,0.5714285714285714,0.8571428571428571,0.42857142857142855,1.7142857142857142,2.142857142857143,0.5714285714285714,0.7142857142857143,0.0,0.42857142857142855,1.5714285714285714,3.2857142857142856,2.0,8.0,11.0,3.0,4.0,4.0,6.0,3.0,12.0,15.0,4.0,5.0,0.0,3.0,11.0,23.0,14.0,7,459.0,3213.0
1629624,Kenny Wooten,"","","","","","","","","","","","","","","","","","","","","","","","","","","","","","","","",0,"",""
1629270,Todd Withers,0.0,0.0,0.0,0.0,0.0,0.0,0.0,0.0,0.0,0.0,0.0,0.0,2.0,0.0,0.0,-8.0,0.0,0.0,0.0,0.0,0.0,0.0,0.0,0.0,0.0,0.0,0.0,0.0,2.0,0.0,0.0,-8.0,1,213.0,213.0
