PLAYER_ID,PLAYER_NAME,avg(FGM),avg(FGA),avg(FG3M),avg(FG3A),avg(FTM),avg(FTA),avg(OREB),avg(DREB),avg(REB),avg(AST),avg(STL),avg(BLK),avg(TO),avg(PF),avg(PTS),avg(PLUS_MINUS),sum(FGM),sum(FGA),sum(FG3M),sum(FG3A),sum(FTM),sum(FTA),sum(OREB),sum(DREB),sum(REB),sum(AST),sum(STL),sum(BLK),sum(TO),sum(PF),sum(PTS),sum(PLUS_MINUS),sum(ifminute),avg(seconds),sum(seconds)
201569,Eric Gordon,5.412698412698413,12.666666666666666,3.4285714285714284,8.619047619047619,1.5714285714285714,2.0317460317460316,0.2222222222222222,1.7142857142857142,1.9365079365079365,1.4761904761904763,0.6984126984126984,0.47619047619047616,1.4761904761904763,1.9206349206349207,15.825396825396826,4.158730158730159,341.0,798.0,216.0,543.0,99.0,128.0,14.0,108.0,122.0,93.0,44.0,30.0,93.0,121.0,997.0,262.0,63,1842.3015873015872,116065.0
1628372,Dennis Smith Jr.,3.9423076923076925,10.192307692307692,0.8846153846153846,3.1538461538461537,1.4615384615384615,2.480769230769231,0.6538461538461539,2.0384615384615383,2.6923076923076925,4.326923076923077,0.9615384615384616,0.36538461538461536,2.173076923076923,2.269230769230769,10.23076923076923,-4.019230769230769,205.0,530.0,46.0,164.0,76.0,129.0,34.0,106.0,140.0,225.0,50.0,19.0,113.0,118.0,532.0,-209.0,52,1413.923076923077,73524.0
