PLAYER_ID,PLAYER_NAME,avg(FGM),avg(FGA),avg(FG3M),avg(FG3A),avg(FTM),avg(FTA),avg(OREB),avg(DREB),avg(REB),avg(AST),avg(STL),avg(BLK),avg(TO),avg(PF),avg(PTS),avg(PLUS_MINUS),sum(FGM),sum(FGA),sum(FG3M),sum(FG3A),sum(FTM),sum(FTA),sum(OREB),sum(DREB),sum(REB),sum(AST),sum(STL),sum(BLK),sum(TO),sum(PF),sum(PTS),sum(PLUS_MINUS),sum(ifminute),avg(seconds),sum(seconds)
1629185,Chris Chiozza,1.8974358974358974,5.0256410256410255,0.9487179487179487,2.769230769230769,0.28205128205128205,0.3333333333333333,0.38461538461538464,1.7435897435897436,2.128205128205128,3.41025641025641,0.8717948717948718,0.1794871794871795,1.1794871794871795,1.5897435897435896,5.0256410256410255,0.9487179487179487,74.0,196.0,37.0,108.0,11.0,13.0,15.0,68.0,83.0,133.0,34.0,7.0,46.0,62.0,196.0,37.0,39,933.0,36387.0
