PLAYER_ID,PLAYER_NAME,avg(FGM),avg(FGA),avg(FG3M),avg(FG3A),avg(FTM),avg(FTA),avg(OREB),avg(DREB),avg(REB),avg(AST),avg(STL),avg(BLK),avg(TO),avg(PF),avg(PTS),avg(PLUS_MINUS),sum(FGM),sum(FGA),sum(FG3M),sum(FG3A),sum(FTM),sum(FTA),sum(OREB),sum(DREB),sum(REB),sum(AST),sum(STL),sum(BLK),sum(TO),sum(PF),sum(PTS),sum(PLUS_MINUS),sum(ifminute),avg(seconds),sum(seconds)
1628398,Kyle Kuzma,4.5476190476190474,10.392857142857142,1.4047619047619047,4.333333333333333,1.7023809523809523,2.2976190476190474,0.8571428571428571,3.3333333333333335,4.190476190476191,1.1785714285714286,0.4166666666666667,0.39285714285714285,1.3928571428571428,2.1666666666666665,12.202380952380953,2.3333333333333335,382.0,873.0,118.0,364.0,143.0,193.0,72.0,280.0,352.0,99.0,35.0,33.0,117.0,182.0,1025.0,196.0,84,1473.8690476190477,123805.0
201143,Al Horford,4.6103896103896105,10.207792207792208,1.4025974025974026,3.9740259740259742,0.8831168831168831,1.2077922077922079,1.5714285714285714,5.194805194805195,6.766233766233766,3.857142857142857,0.7922077922077922,0.8961038961038961,1.1428571428571428,2.116883116883117,11.506493506493506,1.3636363636363635,355.0,786.0,108.0,306.0,68.0,93.0,121.0,400.0,521.0,297.0,61.0,69.0,88.0,163.0,886.0,105.0,77,1781.7792207792209,137197.0
203925,Joe Harris,5.355263157894737,11.131578947368421,2.4210526315789473,5.7368421052631575,0.9342105263157895,1.3289473684210527,0.8947368421052632,3.5,4.394736842105263,2.0526315789473686,0.5657894736842105,0.25,1.5,2.3815789473684212,14.06578947368421,1.4078947368421053,407.0,846.0,184.0,436.0,71.0,101.0,68.0,266.0,334.0,156.0,43.0,19.0,114.0,181.0,1069.0,107.0,76,1825.2894736842106,138722.0
203110,Draymond Green,2.8297872340425534,7.425531914893617,0.8297872340425532,2.978723404255319,1.425531914893617,1.9148936170212767,0.6382978723404256,5.617021276595745,6.25531914893617,6.0,1.4042553191489362,0.7446808510638298,2.276595744680851,2.6808510638297873,7.914893617021277,-4.276595744680851,133.0,349.0,39.0,140.0,67.0,90.0,30.0,264.0,294.0,282.0,66.0,35.0,107.0,126.0,372.0,-201.0,47,1683.9787234042553,79147.0
