PLAYER_ID,PLAYER_NAME,avg(FGM),avg(FGA),avg(FG3M),avg(FG3A),avg(FTM),avg(FTA),avg(OREB),avg(DREB),avg(REB),avg(AST),avg(STL),avg(BLK),avg(TO),avg(PF),avg(PTS),avg(PLUS_MINUS),sum(FGM),sum(FGA),sum(FG3M),sum(FG3A),sum(FTM),sum(FTA),sum(OREB),sum(DREB),sum(REB),sum(AST),sum(STL),sum(BLK),sum(TO),sum(PF),sum(PTS),sum(PLUS_MINUS),sum(ifminute),avg(seconds),sum(seconds)
1629738,Vincent Poirier,0.7586206896551724,1.5517241379310345,0.034482758620689655,0.10344827586206896,0.3793103448275862,0.5517241379310345,0.6206896551724138,1.5172413793103448,2.1379310344827585,0.41379310344827586,0.20689655172413793,0.3793103448275862,0.5517241379310345,1.2758620689655173,1.9310344827586208,-0.3448275862068966,22.0,45.0,1.0,3.0,11.0,16.0,18.0,44.0,62.0,12.0,6.0,11.0,16.0,37.0,56.0,-10.0,29,391.17241379310343,11344.0
1629658,Jaylen Hoard,1.3478260869565217,2.5652173913043477,0.0,0.21739130434782608,0.5217391304347826,1.0434782608695652,1.0,1.434782608695652,2.4347826086956523,0.43478260869565216,0.34782608695652173,0.043478260869565216,0.391304347826087,1.0434782608695652,3.217391304347826,1.0434782608695652,31.0,59.0,0.0,5.0,12.0,24.0,23.0,33.0,56.0,10.0,8.0,1.0,9.0,24.0,74.0,24.0,23,564.3913043478261,12981.0
