PLAYER_ID,PLAYER_NAME,avg(FGM),avg(FGA),avg(FG3M),avg(FG3A),avg(FTM),avg(FTA),avg(OREB),avg(DREB),avg(REB),avg(AST),avg(STL),avg(BLK),avg(TO),avg(PF),avg(PTS),avg(PLUS_MINUS),sum(FGM),sum(FGA),sum(FG3M),sum(FG3A),sum(FTM),sum(FTA),sum(OREB),sum(DREB),sum(REB),sum(AST),sum(STL),sum(BLK),sum(TO),sum(PF),sum(PTS),sum(PLUS_MINUS),sum(ifminute),avg(seconds),sum(seconds)
204025,Tim Frazier,1.6363636363636365,3.757575757575758,0.48484848484848486,1.2878787878787878,0.7121212121212122,0.8939393939393939,0.4090909090909091,1.393939393939394,1.803030303030303,3.272727272727273,0.42424242424242425,0.09090909090909091,1.0303030303030303,1.378787878787879,4.46969696969697,-1.2575757575757576,108.0,248.0,32.0,85.0,47.0,59.0,27.0,92.0,119.0,216.0,28.0,6.0,68.0,91.0,295.0,-83.0,66,819.3181818181819,54075.0
1629786,John Egbunu,"","","","","","","","","","","","","","","","","","","","","","","","","","","","","","","","",0,"",""
1627781,Malachi Richardson,0.3333333333333333,1.0,0.3333333333333333,1.0,0.0,0.0,0.0,0.0,0.0,0.0,0.0,0.0,0.0,0.0,1.0,-3.6666666666666665,1.0,3.0,1.0,3.0,0.0,0.0,0.0,0.0,0.0,0.0,0.0,0.0,0.0,0.0,3.0,-11.0,3,169.0,507.0
