PLAYER_ID,PLAYER_NAME,avg(FGM),avg(FGA),avg(FG3M),avg(FG3A),avg(FTM),avg(FTA),avg(OREB),avg(DREB),avg(REB),avg(AST),avg(STL),avg(BLK),avg(TO),avg(PF),avg(PTS),avg(PLUS_MINUS),sum(FGM),sum(FGA),sum(FG3M),sum(FG3A),sum(FTM),sum(FTA),sum(OREB),sum(DREB),sum(REB),sum(AST),sum(STL),sum(BLK),sum(TO),sum(PF),sum(PTS),sum(PLUS_MINUS),sum(ifminute),avg(seconds),sum(seconds)
201580,JaVale McGee,2.7555555555555555,4.277777777777778,0.05555555555555555,0.1111111111111111,0.6666666666666666,1.0333333333333334,1.7333333333333334,3.6,5.333333333333333,0.5444444444444444,0.4666666666666667,1.3111111111111111,0.8444444444444444,2.2222222222222223,6.233333333333333,1.9555555555555555,248.0,385.0,5.0,10.0,60.0,93.0,156.0,324.0,480.0,49.0,42.0,118.0,76.0,200.0,561.0,176.0,90,929.6444444444444,83668.0
1628415,Dillon Brooks,5.8625,14.4,2.075,5.65,2.2625,2.825,0.875,2.3125,3.1875,2.0125,0.8625,0.3375,1.6875,3.825,16.0625,-0.925,469.0,1152.0,166.0,452.0,181.0,226.0,70.0,185.0,255.0,161.0,69.0,27.0,135.0,306.0,1285.0,-74.0,80,1718.85,137508.0
1627854,Bryn Forbes,3.9714285714285715,9.342857142857143,2.3857142857142857,5.985714285714286,1.1428571428571428,1.3714285714285714,0.17142857142857143,1.8,1.9714285714285715,1.6714285714285715,0.5,0.0,1.0714285714285714,1.7714285714285714,11.471428571428572,-3.157142857142857,278.0,654.0,167.0,419.0,80.0,96.0,12.0,126.0,138.0,117.0,35.0,0.0,75.0,124.0,803.0,-221.0,70,1476.942857142857,103386.0
201565,Derrick Rose,7.185185185185185,14.74074074074074,0.8333333333333334,2.759259259259259,2.462962962962963,2.8333333333333335,0.5185185185185185,1.9074074074074074,2.425925925925926,5.407407407407407,0.7777777777777778,0.3333333333333333,2.4444444444444446,1.037037037037037,17.666666666666668,-1.7407407407407407,388.0,796.0,45.0,149.0,133.0,153.0,28.0,103.0,131.0,292.0,42.0,18.0,132.0,56.0,954.0,-94.0,54,1533.7407407407406,82822.0
1627988,Myke Henry,0.0,1.0,0.0,0.0,0.0,0.0,0.0,1.0,1.0,0.0,0.0,0.0,0.0,0.0,0.0,-2.0,0.0,1.0,0.0,0.0,0.0,0.0,0.0,1.0,1.0,0.0,0.0,0.0,0.0,0.0,0.0,-2.0,1,129.0,129.0
