PLAYER_ID,PLAYER_NAME,avg(FGM),avg(FGA),avg(FG3M),avg(FG3A),avg(FTM),avg(FTA),avg(OREB),avg(DREB),avg(REB),avg(AST),avg(STL),avg(BLK),avg(TO),avg(PF),avg(PTS),avg(PLUS_MINUS),sum(FGM),sum(FGA),sum(FG3M),sum(FG3A),sum(FTM),sum(FTA),sum(OREB),sum(DREB),sum(REB),sum(AST),sum(STL),sum(BLK),sum(TO),sum(PF),sum(PTS),sum(PLUS_MINUS),sum(ifminute),avg(seconds),sum(seconds)
1626169,Stanley Johnson,1.625,4.375,0.5625,1.875,0.625,0.8333333333333334,0.375,2.1041666666666665,2.4791666666666665,1.1458333333333333,0.7291666666666666,0.1875,0.9791666666666666,1.3333333333333333,4.4375,-2.9375,78.0,210.0,27.0,90.0,30.0,40.0,18.0,101.0,119.0,55.0,35.0,9.0,47.0,64.0,213.0,-141.0,48,790.125,37926.0
2594,Kyle Korver,2.4805194805194803,6.077922077922078,1.8181818181818181,4.584415584415584,0.7272727272727273,0.8701298701298701,0.19480519480519481,2.038961038961039,2.2337662337662336,1.2077922077922079,0.37662337662337664,0.15584415584415584,0.7792207792207793,1.3896103896103895,7.5064935064935066,2.8181818181818183,191.0,468.0,140.0,353.0,56.0,67.0,15.0,157.0,172.0,93.0,29.0,12.0,60.0,107.0,578.0,217.0,77,1085.7532467532467,83603.0
1629045,Bonzie Colson,1.625,4.875,0.625,2.625,1.0,1.125,1.0,2.75,3.75,0.375,0.625,0.125,0.375,0.375,4.875,-2.75,13.0,39.0,5.0,21.0,8.0,9.0,8.0,22.0,30.0,3.0,5.0,1.0,3.0,3.0,39.0,-22.0,8,738.625,5909.0
