PLAYER_ID,PLAYER_NAME,avg(FGM),avg(FGA),avg(FG3M),avg(FG3A),avg(FTM),avg(FTA),avg(OREB),avg(DREB),avg(REB),avg(AST),avg(STL),avg(BLK),avg(TO),avg(PF),avg(PTS),avg(PLUS_MINUS),sum(FGM),sum(FGA),sum(FG3M),sum(FG3A),sum(FTM),sum(FTA),sum(OREB),sum(DREB),sum(REB),sum(AST),sum(STL),sum(BLK),sum(TO),sum(PF),sum(PTS),sum(PLUS_MINUS),sum(ifminute),avg(seconds),sum(seconds)
203992,Bogdan Bogdanovic,4.987341772151899,12.050632911392405,2.1645569620253164,5.746835443037975,1.5822784810126582,2.037974683544304,0.4810126582278481,2.848101265822785,3.329113924050633,3.810126582278481,1.139240506329114,0.25316455696202533,1.8987341772151898,2.037974683544304,13.721518987341772,-1.240506329113924,394.0,952.0,171.0,454.0,125.0,161.0,38.0,225.0,263.0,301.0,90.0,20.0,150.0,161.0,1084.0,-98.0,79,1680.5949367088608,132767.0
202711,Bojan Bogdanovic,6.678571428571429,14.619047619047619,2.380952380952381,5.892857142857143,3.5238095238095237,4.2023809523809526,0.4642857142857143,3.9166666666666665,4.380952380952381,2.25,0.8095238095238095,0.05952380952380952,2.0476190476190474,1.7976190476190477,19.261904761904763,1.75,561.0,1228.0,200.0,495.0,296.0,353.0,39.0,329.0,368.0,189.0,68.0,5.0,172.0,151.0,1618.0,147.0,84,1944.5119047619048,163339.0
2546,Carmelo Anthony,5.894736842105263,14.473684210526315,1.4736842105263157,3.789473684210526,2.4210526315789473,2.9473684210526314,1.1578947368421053,5.0,6.157894736842105,1.2105263157894737,1.105263157894737,0.7894736842105263,1.9473684210526316,3.1052631578947367,15.68421052631579,1.2105263157894737,112.0,275.0,28.0,72.0,46.0,56.0,22.0,95.0,117.0,23.0,21.0,15.0,37.0,59.0,298.0,23.0,19,1888.157894736842,35875.0
