PLAYER_ID,PLAYER_NAME,avg(FGM),avg(FGA),avg(FG3M),avg(FG3A),avg(FTM),avg(FTA),avg(OREB),avg(DREB),avg(REB),avg(AST),avg(STL),avg(BLK),avg(TO),avg(PF),avg(PTS),avg(PLUS_MINUS),sum(FGM),sum(FGA),sum(FG3M),sum(FG3A),sum(FTM),sum(FTA),sum(OREB),sum(DREB),sum(REB),sum(AST),sum(STL),sum(BLK),sum(TO),sum(PF),sum(PTS),sum(PLUS_MINUS),sum(ifminute),avg(seconds),sum(seconds)
203933,T.J. Warren,7.6923076923076925,14.564102564102564,1.3846153846153846,3.423076923076923,2.423076923076923,2.948717948717949,0.9743589743589743,3.217948717948718,4.1923076923076925,1.5512820512820513,1.1666666666666667,0.47435897435897434,1.3205128205128205,2.7948717948717947,19.192307692307693,1.5512820512820513,600.0,1136.0,108.0,267.0,189.0,230.0,76.0,251.0,327.0,121.0,91.0,37.0,103.0,218.0,1497.0,121.0,78,1941.6025641025642,151445.0
1629806,B.J. Taylor,"","","","","","","","","","","","","","","","","","","","","","","","","","","","","","","","",0,"",""
