PLAYER_ID,PLAYER_NAME,avg(FGM),avg(FGA),avg(FG3M),avg(FG3A),avg(FTM),avg(FTA),avg(OREB),avg(DREB),avg(REB),avg(AST),avg(STL),avg(BLK),avg(TO),avg(PF),avg(PTS),avg(PLUS_MINUS),sum(FGM),sum(FGA),sum(FG3M),sum(FG3A),sum(FTM),sum(FTA),sum(OREB),sum(DREB),sum(REB),sum(AST),sum(STL),sum(BLK),sum(TO),sum(PF),sum(PTS),sum(PLUS_MINUS),sum(ifminute),avg(seconds),sum(seconds)
1629033,Theo Pinson,1.4166666666666667,4.972222222222222,0.4444444444444444,2.5555555555555554,0.5833333333333334,0.6388888888888888,0.3055555555555556,1.3333333333333333,1.6388888888888888,1.7222222222222223,0.4722222222222222,0.1388888888888889,1.1111111111111112,1.0,3.861111111111111,-1.3055555555555556,51.0,179.0,16.0,92.0,21.0,23.0,11.0,48.0,59.0,62.0,17.0,5.0,40.0,36.0,139.0,-47.0,36,686.4166666666666,24711.0
