PLAYER_ID,PLAYER_NAME,avg(FGM),avg(FGA),avg(FG3M),avg(FG3A),avg(FTM),avg(FTA),avg(OREB),avg(DREB),avg(REB),avg(AST),avg(STL),avg(BLK),avg(TO),avg(PF),avg(PTS),avg(PLUS_MINUS),sum(FGM),sum(FGA),sum(FG3M),sum(FG3A),sum(FTM),sum(FTA),sum(OREB),sum(DREB),sum(REB),sum(AST),sum(STL),sum(BLK),sum(TO),sum(PF),sum(PTS),sum(PLUS_MINUS),sum(ifminute),avg(seconds),sum(seconds)
1628449,Chris Boucher,1.875,4.053571428571429,0.4642857142857143,1.4821428571428572,1.0892857142857142,1.4642857142857142,1.3214285714285714,2.0714285714285716,3.392857142857143,0.32142857142857145,0.30357142857142855,0.8214285714285714,0.30357142857142855,1.375,5.303571428571429,0.5714285714285714,105.0,227.0,26.0,83.0,61.0,82.0,74.0,116.0,190.0,18.0,17.0,46.0,17.0,77.0,297.0,32.0,56,622.0535714285714,34835.0
201939,Stephen Curry,8.708333333333334,19.13888888888889,4.694444444444445,11.583333333333334,4.472222222222222,4.777777777777778,0.7222222222222222,4.722222222222222,5.444444444444445,5.375,1.25,0.3472222222222222,2.8194444444444446,2.5555555555555554,26.583333333333332,8.083333333333334,627.0,1378.0,338.0,834.0,322.0,344.0,52.0,340.0,392.0,387.0,90.0,25.0,203.0,184.0,1914.0,582.0,72,2045.236111111111,147257.0
