TEAM_ID,PLAYER_ID,PLAYER_NAME,avg(FGM),avg(FGA),avg(FG3M),avg(FG3A),avg(FTM),avg(FTA),avg(OREB),avg(DREB),avg(REB),avg(AST),avg(STL),avg(BLK),avg(TO),avg(PF),avg(PTS),avg(PLUS_MINUS),sum(FGM),sum(FGA),sum(FG3M),sum(FG3A),sum(FTM),sum(FTA),sum(OREB),sum(DREB),sum(REB),sum(AST),sum(STL),sum(BLK),sum(TO),sum(PF),sum(PTS),sum(PLUS_MINUS),sum(ifminute),avg(seconds),sum(seconds)
1610612746,202332,Cole Aldrich,1.125,2.25,0.0,0.0,0.8125,1.1875,0.4375,2.0,2.4375,0.6875,0.6875,0.4375,0.6875,1.4375,3.0625,-1.0625,18.0,36.0,0.0,0.0,13.0,19.0,7.0,32.0,39.0,11.0,11.0,7.0,11.0,23.0,49.0,-17.0,16,489.0,7824.0
1610612758,1626161,Willie Cauley-Stein,2.0384615384615383,3.4615384615384617,0.0,0.0,0.9615384615384616,1.9230769230769231,2.076923076923077,3.3846153846153846,5.461538461538462,0.34615384615384615,0.6153846153846154,1.1538461538461537,0.6153846153846154,2.5,5.038461538461538,1.8846153846153846,53.0,90.0,0.0,0.0,25.0,50.0,54.0,88.0,142.0,9.0,16.0,30.0,16.0,65.0,131.0,49.0,26,1198.0384615384614,31149.0
1610612741,204136,Marcus Simmons,0.0,0.0,0.0,0.0,0.0,0.0,0.5,0.0,0.5,0.0,0.0,0.0,0.5,0.0,0.0,-3.5,0.0,0.0,0.0,0.0,0.0,0.0,1.0,0.0,1.0,0.0,0.0,0.0,1.0,0.0,0.0,-7.0,2,88.0,176.0
1610612750,202620,Arinze Onuaku,2.0,2.3333333333333335,0.0,0.0,0.5,1.3333333333333333,1.1666666666666667,2.3333333333333335,3.5,0.6666666666666666,0.16666666666666666,0.5,0.3333333333333333,1.0,4.5,-3.0,12.0,14.0,0.0,0.0,3.0,8.0,7.0,14.0,21.0,4.0,1.0,3.0,2.0,6.0,27.0,-18.0,6,682.6666666666666,4096.0
