TEAM_ID,PLAYER_ID,PLAYER_NAME,avg(FGM),avg(FGA),avg(FG3M),avg(FG3A),avg(FTM),avg(FTA),avg(OREB),avg(DREB),avg(REB),avg(AST),avg(STL),avg(BLK),avg(TO),avg(PF),avg(PTS),avg(PLUS_MINUS),sum(FGM),sum(FGA),sum(FG3M),sum(FG3A),sum(FTM),sum(FTA),sum(OREB),sum(DREB),sum(REB),sum(AST),sum(STL),sum(BLK),sum(TO),sum(PF),sum(PTS),sum(PLUS_MINUS),sum(ifminute),avg(seconds),sum(seconds)
1610612751,203080,Thomas Robinson,1.5483870967741935,3.032258064516129,0.0,0.0,0.4838709677419355,0.9354838709677419,1.3225806451612903,2.5161290322580645,3.838709677419355,0.0967741935483871,0.45161290322580644,0.6129032258064516,0.8387096774193549,1.2903225806451613,3.5806451612903225,-1.4838709677419355,48.0,94.0,0.0,0.0,15.0,29.0,41.0,78.0,119.0,3.0,14.0,19.0,26.0,40.0,111.0,-46.0,31,623.2903225806451,19322.0
1610612741,202513,Stefhon Hannah,0.0,0.0,0.0,0.0,0.0,0.0,0.0,0.0,0.0,0.0,0.0,0.0,1.0,1.0,0.0,-3.0,0.0,0.0,0.0,0.0,0.0,0.0,0.0,0.0,0.0,0.0,0.0,0.0,1.0,1.0,0.0,-3.0,1,85.0,85.0
1610612746,201150,Spencer Hawes,2.0526315789473686,5.298245614035087,0.6666666666666666,2.1578947368421053,0.43859649122807015,0.6842105263157895,0.42105263157894735,2.508771929824561,2.9298245614035086,1.087719298245614,0.3157894736842105,0.6666666666666666,0.7894736842105263,2.3684210526315788,5.2105263157894735,-1.0350877192982457,117.0,302.0,38.0,123.0,25.0,39.0,24.0,143.0,167.0,62.0,18.0,38.0,45.0,135.0,297.0,-59.0,57,969.0175438596491,55234.0
