TEAM_ID,PLAYER_ID,PLAYER_NAME,avg(FGM),avg(FGA),avg(FG3M),avg(FG3A),avg(FTM),avg(FTA),avg(OREB),avg(DREB),avg(REB),avg(AST),avg(STL),avg(BLK),avg(TO),avg(PF),avg(PTS),avg(PLUS_MINUS),sum(FGM),sum(FGA),sum(FG3M),sum(FG3A),sum(FTM),sum(FTA),sum(OREB),sum(DREB),sum(REB),sum(AST),sum(STL),sum(BLK),sum(TO),sum(PF),sum(PTS),sum(PLUS_MINUS),sum(ifminute),avg(seconds),sum(seconds)
1610612751,203508,Sergey Karasev,0.9655172413793104,2.586206896551724,0.3448275862068966,1.1724137931034482,0.4482758620689655,0.6206896551724138,0.2413793103448276,1.0344827586206897,1.2758620689655173,1.0689655172413792,0.4482758620689655,0.034482758620689655,0.6551724137931034,0.896551724137931,2.7241379310344827,-0.2413793103448276,28.0,75.0,10.0,34.0,13.0,18.0,7.0,30.0,37.0,31.0,13.0,1.0,19.0,26.0,79.0,-7.0,29,695.4827586206897,20169.0
1610612740,202347,Quincy Pondexter,3.061224489795918,6.938775510204081,1.5714285714285714,3.693877551020408,1.1428571428571428,1.489795918367347,0.7346938775510204,2.489795918367347,3.2244897959183674,1.5918367346938775,0.42857142857142855,0.3877551020408163,0.8571428571428571,2.36734693877551,8.83673469387755,-0.42857142857142855,150.0,340.0,77.0,181.0,56.0,73.0,36.0,122.0,158.0,78.0,21.0,19.0,42.0,116.0,433.0,-21.0,49,1686.6530612244899,82646.0
1610612761,101150,Lou Williams,4.769230769230769,12.134615384615385,1.8846153846153846,5.980769230769231,4.384615384615385,5.115384615384615,0.25,1.75,2.0,2.326923076923077,1.1153846153846154,0.15384615384615385,1.3461538461538463,1.2884615384615385,15.807692307692308,1.5192307692307692,248.0,631.0,98.0,311.0,228.0,266.0,13.0,91.0,104.0,121.0,58.0,8.0,70.0,67.0,822.0,79.0,52,1571.1346153846155,81699.0
1610612746,201604,Chris Douglas-Roberts,0.0,0.0,0.0,0.0,0.0,0.0,0.0,0.0,0.0,0.6666666666666666,0.0,0.0,0.0,0.0,0.0,1.3333333333333333,0.0,0.0,0.0,0.0,0.0,0.0,0.0,0.0,0.0,2.0,0.0,0.0,0.0,0.0,0.0,4.0,3,125.66666666666667,377.0
