TEAM_ID,PLAYER_ID,PLAYER_NAME,avg(FGM),avg(FGA),avg(FG3M),avg(FG3A),avg(FTM),avg(FTA),avg(OREB),avg(DREB),avg(REB),avg(AST),avg(STL),avg(BLK),avg(TO),avg(PF),avg(PTS),avg(PLUS_MINUS),sum(FGM),sum(FGA),sum(FG3M),sum(FG3A),sum(FTM),sum(FTA),sum(OREB),sum(DREB),sum(REB),sum(AST),sum(STL),sum(BLK),sum(TO),sum(PF),sum(PTS),sum(PLUS_MINUS),sum(ifminute),avg(seconds),sum(seconds)
1610612760,201627,Anthony Morrow,1.8735632183908046,4.597701149425287,1.0919540229885059,2.8275862068965516,0.47126436781609193,0.5977011494252874,0.12643678160919541,0.7011494252873564,0.8275862068965517,0.28735632183908044,0.2988505747126437,0.05747126436781609,0.28735632183908044,0.8505747126436781,5.310344827586207,1.7471264367816093,163.0,400.0,95.0,246.0,41.0,52.0,11.0,61.0,72.0,25.0,26.0,5.0,25.0,74.0,462.0,152.0,87,765.264367816092,66578.0
1610612766,201584,Courtney Lee,3.4,7.742857142857143,1.0,2.5142857142857142,1.0571428571428572,1.1714285714285715,0.42857142857142855,2.6285714285714286,3.057142857142857,1.9714285714285715,1.1142857142857143,0.42857142857142855,0.8,2.1142857142857143,8.857142857142858,2.5428571428571427,119.0,271.0,35.0,88.0,37.0,41.0,15.0,92.0,107.0,69.0,39.0,15.0,28.0,74.0,310.0,89.0,35,1888.8857142857144,66111.0
1610612762,202407,Elijah Millsap,0.6666666666666666,2.1481481481481484,0.07407407407407407,0.7037037037037037,1.1851851851851851,1.5555555555555556,0.2962962962962963,1.6296296296296295,1.9259259259259258,0.8888888888888888,0.5185185185185185,0.1111111111111111,0.5185185185185185,1.8148148148148149,2.5925925925925926,1.7407407407407407,18.0,58.0,2.0,19.0,32.0,42.0,8.0,44.0,52.0,24.0,14.0,3.0,14.0,49.0,70.0,47.0,27,639.9629629629629,17279.0
1610612741,204136,Marcus Simmons,0.0,0.0,0.0,0.0,0.0,0.0,0.5,0.0,0.5,0.0,0.0,0.0,0.5,0.0,0.0,-3.5,0.0,0.0,0.0,0.0,0.0,0.0,1.0,0.0,1.0,0.0,0.0,0.0,1.0,0.0,0.0,-7.0,2,88.0,176.0
