TEAM_ID,PLAYER_ID,PLAYER_NAME,avg(FGM),avg(FGA),avg(FG3M),avg(FG3A),avg(FTM),avg(FTA),avg(OREB),avg(DREB),avg(REB),avg(AST),avg(STL),avg(BLK),avg(TO),avg(PF),avg(PTS),avg(PLUS_MINUS),sum(FGM),sum(FGA),sum(FG3M),sum(FG3A),sum(FTM),sum(FTA),sum(OREB),sum(DREB),sum(REB),sum(AST),sum(STL),sum(BLK),sum(TO),sum(PF),sum(PTS),sum(PLUS_MINUS),sum(ifminute),avg(seconds),sum(seconds)
1610612739,2592,James Jones,1.1044776119402986,2.91044776119403,0.7910447761194029,2.1791044776119404,0.4626865671641791,0.582089552238806,0.14925373134328357,0.8507462686567164,1.0,0.3582089552238806,0.22388059701492538,0.19402985074626866,0.2835820895522388,0.9850746268656716,3.462686567164179,-0.2835820895522388,74.0,195.0,53.0,146.0,31.0,39.0,10.0,57.0,67.0,24.0,15.0,13.0,19.0,66.0,232.0,-19.0,67,587.7611940298508,39380.0
1610612749,203898,Tyler Ennis,1.826086956521739,4.065217391304348,0.2826086956521739,0.8478260869565217,0.5434782608695652,0.7391304347826086,0.2826086956521739,1.3478260869565217,1.6304347826086956,2.0652173913043477,0.5434782608695652,0.021739130434782608,1.0,1.391304347826087,4.478260869565218,-1.5217391304347827,84.0,187.0,13.0,39.0,25.0,34.0,13.0,62.0,75.0,95.0,25.0,1.0,46.0,64.0,206.0,-70.0,46,853.6521739130435,39268.0
1610612744,203569,Chris Babb,0.8333333333333334,2.6666666666666665,0.5,1.6666666666666667,0.0,0.0,0.0,0.5,0.5,0.8333333333333334,0.0,0.16666666666666666,0.3333333333333333,1.5,2.1666666666666665,-4.0,5.0,16.0,3.0,10.0,0.0,0.0,0.0,3.0,3.0,5.0,0.0,1.0,2.0,9.0,13.0,-24.0,6,662.6666666666666,3976.0
