TEAM_ID,PLAYER_ID,PLAYER_NAME,avg(FGM),avg(FGA),avg(FG3M),avg(FG3A),avg(FTM),avg(FTA),avg(OREB),avg(DREB),avg(REB),avg(AST),avg(STL),avg(BLK),avg(TO),avg(PF),avg(PTS),avg(PLUS_MINUS),sum(FGM),sum(FGA),sum(FG3M),sum(FG3A),sum(FTM),sum(FTA),sum(OREB),sum(DREB),sum(REB),sum(AST),sum(STL),sum(BLK),sum(TO),sum(PF),sum(PTS),sum(PLUS_MINUS),sum(ifminute),avg(seconds),sum(seconds)
1610612746,202327,Ekpe Udoh,0.4782608695652174,0.8695652173913043,0.0,0.0,0.21739130434782608,0.30434782608695654,0.21739130434782608,0.8260869565217391,1.0434782608695652,0.21739130434782608,0.2608695652173913,0.21739130434782608,0.2608695652173913,0.6956521739130435,1.173913043478261,-0.17391304347826086,11.0,20.0,0.0,0.0,5.0,7.0,5.0,19.0,24.0,5.0,6.0,5.0,6.0,16.0,27.0,-4.0,23,256.7826086956522,5906.0
1610612764,101198,Will Bynum,1.7,4.5,0.1,1.1,0.6,0.9,0.4,0.5,0.9,2.1,0.3,0.2,1.3,1.5,4.1,-5.7,17.0,45.0,1.0,11.0,6.0,9.0,4.0,5.0,9.0,21.0,3.0,2.0,13.0,15.0,41.0,-57.0,10,589.1,5891.0
1610612751,201947,Earl Clark,1.0833333333333333,3.3333333333333335,0.5,1.4166666666666667,0.08333333333333333,0.3333333333333333,0.08333333333333333,2.0,2.0833333333333335,0.25,0.3333333333333333,0.3333333333333333,0.5,1.0833333333333333,2.75,-3.5833333333333335,13.0,40.0,6.0,17.0,1.0,4.0,1.0,24.0,25.0,3.0,4.0,4.0,6.0,13.0,33.0,-43.0,12,530.3333333333334,6364.0
