TEAM_ID,PLAYER_ID,PLAYER_NAME,avg(FGM),avg(FGA),avg(FG3M),avg(FG3A),avg(FTM),avg(FTA),avg(OREB),avg(DREB),avg(REB),avg(AST),avg(STL),avg(BLK),avg(TO),avg(PF),avg(PTS),avg(PLUS_MINUS),sum(FGM),sum(FGA),sum(FG3M),sum(FG3A),sum(FTM),sum(FTA),sum(OREB),sum(DREB),sum(REB),sum(AST),sum(STL),sum(BLK),sum(TO),sum(PF),sum(PTS),sum(PLUS_MINUS),sum(ifminute),avg(seconds),sum(seconds)
1610612765,203083,Andre Drummond,6.860215053763441,13.150537634408602,0.021505376344086023,0.07526881720430108,2.4408602150537635,6.89247311827957,4.741935483870968,9.559139784946236,14.301075268817204,0.7849462365591398,1.3548387096774193,1.3440860215053763,1.8279569892473118,2.935483870967742,16.182795698924732,1.5913978494623655,638.0,1223.0,2.0,7.0,227.0,641.0,441.0,889.0,1330.0,73.0,126.0,125.0,170.0,273.0,1505.0,148.0,93,1952.752688172043,181606.0
1610612763,1627293,Alex Stepheson,1.4285714285714286,5.571428571428571,0.0,0.0,1.0,2.2857142857142856,4.285714285714286,2.0,6.285714285714286,0.42857142857142855,0.14285714285714285,0.42857142857142855,0.42857142857142855,1.5714285714285714,3.857142857142857,-2.7142857142857144,10.0,39.0,0.0,0.0,7.0,16.0,30.0,14.0,44.0,3.0,1.0,3.0,3.0,11.0,27.0,-19.0,7,757.4285714285714,5302.0
