TEAM_ID,PLAYER_ID,PLAYER_NAME,avg(FGM),avg(FGA),avg(FG3M),avg(FG3A),avg(FTM),avg(FTA),avg(OREB),avg(DREB),avg(REB),avg(AST),avg(STL),avg(BLK),avg(TO),avg(PF),avg(PTS),avg(PLUS_MINUS),sum(FGM),sum(FGA),sum(FG3M),sum(FG3A),sum(FTM),sum(FTA),sum(OREB),sum(DREB),sum(REB),sum(AST),sum(STL),sum(BLK),sum(TO),sum(PF),sum(PTS),sum(PLUS_MINUS),sum(ifminute),avg(seconds),sum(seconds)
1610612744,2733,Shaun Livingston,2.466666666666667,4.914285714285715,0.009523809523809525,0.11428571428571428,0.8380952380952381,1.0761904761904761,0.6,1.7333333333333334,2.3333333333333335,2.933333333333333,0.5238095238095238,0.2571428571428571,1.0476190476190477,1.5238095238095237,5.780952380952381,1.723809523809524,259.0,516.0,1.0,12.0,88.0,113.0,63.0,182.0,245.0,308.0,55.0,27.0,110.0,160.0,607.0,181.0,105,1164.7333333333333,122297.0
1610612744,202333,Xavier Henry,"","","","","","","","","","","","","","","","","","","","","","","","","","","","","","","","",0,"",""
1610612740,202343,Elliot Williams,1.0,3.0,0.375,1.375,0.0,0.25,0.0,0.625,0.625,1.0,0.25,0.0,0.0,1.375,2.375,0.0,8.0,24.0,3.0,11.0,0.0,2.0,0.0,5.0,5.0,8.0,2.0,0.0,0.0,11.0,19.0,0.0,8,577.25,4618.0
