TEAM_ID,PLAYER_ID,PLAYER_NAME,avg(FGM),avg(FGA),avg(FG3M),avg(FG3A),avg(FTM),avg(FTA),avg(OREB),avg(DREB),avg(REB),avg(AST),avg(STL),avg(BLK),avg(TO),avg(PF),avg(PTS),avg(PLUS_MINUS),sum(FGM),sum(FGA),sum(FG3M),sum(FG3A),sum(FTM),sum(FTA),sum(OREB),sum(DREB),sum(REB),sum(AST),sum(STL),sum(BLK),sum(TO),sum(PF),sum(PTS),sum(PLUS_MINUS),sum(ifminute),avg(seconds),sum(seconds)
1610612766,202391,Jeremy Lin,4.055555555555555,9.0,1.0277777777777777,2.888888888888889,3.25,4.194444444444445,0.6388888888888888,2.7777777777777777,3.4166666666666665,3.2777777777777777,0.7222222222222222,0.6388888888888888,1.8333333333333333,2.2777777777777777,12.38888888888889,4.777777777777778,146.0,324.0,37.0,104.0,117.0,151.0,23.0,100.0,123.0,118.0,26.0,23.0,66.0,82.0,446.0,172.0,36,1529.5277777777778,55063.0
1610612762,203511,Grant Jerrett,1.3333333333333333,3.0,0.0,0.6666666666666666,0.3333333333333333,0.3333333333333333,0.3333333333333333,1.3333333333333333,1.6666666666666667,0.6666666666666666,0.6666666666666666,0.0,0.3333333333333333,1.3333333333333333,3.0,-0.3333333333333333,4.0,9.0,0.0,2.0,1.0,1.0,1.0,4.0,5.0,2.0,2.0,0.0,1.0,4.0,9.0,-1.0,3,523.0,1569.0
1610612765,2419,Tayshaun Prince,3.0,6.956521739130435,0.4782608695652174,1.1304347826086956,0.8260869565217391,1.2608695652173914,1.0869565217391304,3.130434782608696,4.217391304347826,1.6521739130434783,0.6521739130434783,0.34782608695652173,0.6956521739130435,1.1304347826086956,7.304347826086956,-6.130434782608695,69.0,160.0,11.0,26.0,19.0,29.0,25.0,72.0,97.0,38.0,15.0,8.0,16.0,26.0,168.0,-141.0,23,1488.6521739130435,34239.0
