TEAM_ID,PLAYER_ID,PLAYER_NAME,avg(FGM),avg(FGA),avg(FG3M),avg(FG3A),avg(FTM),avg(FTA),avg(OREB),avg(DREB),avg(REB),avg(AST),avg(STL),avg(BLK),avg(TO),avg(PF),avg(PTS),avg(PLUS_MINUS),sum(FGM),sum(FGA),sum(FG3M),sum(FG3A),sum(FTM),sum(FTA),sum(OREB),sum(DREB),sum(REB),sum(AST),sum(STL),sum(BLK),sum(TO),sum(PF),sum(PTS),sum(PLUS_MINUS),sum(ifminute),avg(seconds),sum(seconds)
1610612744,203546,Ian Clark,1.4606741573033708,3.303370786516854,0.4606741573033708,1.2808988764044944,0.47191011235955055,0.5730337078651685,0.19101123595505617,0.8539325842696629,1.0449438202247192,1.0112359550561798,0.2808988764044944,0.15730337078651685,0.6853932584269663,0.9887640449438202,3.853932584269663,-0.9662921348314607,130.0,294.0,41.0,114.0,42.0,51.0,17.0,76.0,93.0,90.0,25.0,14.0,61.0,88.0,343.0,-86.0,89,555.056179775281,49400.0
1610612763,200770,Jordan Farmar,3.25,8.1875,1.25,3.5625,0.8125,0.8125,0.25,1.6875,1.9375,3.3125,1.125,0.1875,1.75,1.625,8.5625,-6.3125,52.0,131.0,20.0,57.0,13.0,13.0,4.0,27.0,31.0,53.0,18.0,3.0,28.0,26.0,137.0,-101.0,16,1517.0625,24273.0
1610612740,202690,Jimmer Fredette,0.25,1.0,0.0,0.25,0.0,0.0,0.0,0.0,0.0,0.25,0.25,0.0,0.25,0.25,0.5,-4.75,1.0,4.0,0.0,1.0,0.0,0.0,0.0,0.0,0.0,1.0,1.0,0.0,1.0,1.0,2.0,-19.0,4,188.0,752.0
