TEAM_ID,PLAYER_ID,PLAYER_NAME,avg(FGM),avg(FGA),avg(FG3M),avg(FG3A),avg(FTM),avg(FTA),avg(OREB),avg(DREB),avg(REB),avg(AST),avg(STL),avg(BLK),avg(TO),avg(PF),avg(PTS),avg(PLUS_MINUS),sum(FGM),sum(FGA),sum(FG3M),sum(FG3A),sum(FTM),sum(FTA),sum(OREB),sum(DREB),sum(REB),sum(AST),sum(STL),sum(BLK),sum(TO),sum(PF),sum(PTS),sum(PLUS_MINUS),sum(ifminute),avg(seconds),sum(seconds)
1610612739,203895,Jordan McRae,1.588235294117647,3.2941176470588234,0.47058823529411764,0.7058823529411765,0.5294117647058824,0.7647058823529411,0.11764705882352941,0.7058823529411765,0.8235294117647058,0.8823529411764706,0.0,0.058823529411764705,0.5294117647058824,0.5882352941176471,4.176470588235294,2.4705882352941178,27.0,56.0,8.0,12.0,9.0,13.0,2.0,12.0,14.0,15.0,0.0,1.0,9.0,10.0,71.0,42.0,17,415.2352941176471,7059.0
1610612765,101122,Danny Granger,"","","","","","","","","","","","","","","","","","","","","","","","","","","","","","","","",0,"",""
1610612741,202348,Jordan Crawford,1.0,3.6,0.6,1.4,0.6,0.6,0.4,1.4,1.8,1.0,0.0,0.0,0.4,0.8,3.2,-4.4,5.0,18.0,3.0,7.0,3.0,3.0,2.0,7.0,9.0,5.0,0.0,0.0,2.0,4.0,16.0,-22.0,5,434.0,2170.0
