TEAM_ID,PLAYER_ID,PLAYER_NAME,avg(FGM),avg(FGA),avg(FG3M),avg(FG3A),avg(FTM),avg(FTA),avg(OREB),avg(DREB),avg(REB),avg(AST),avg(STL),avg(BLK),avg(TO),avg(PF),avg(PTS),avg(PLUS_MINUS),sum(FGM),sum(FGA),sum(FG3M),sum(FG3A),sum(FTM),sum(FTA),sum(OREB),sum(DREB),sum(REB),sum(AST),sum(STL),sum(BLK),sum(TO),sum(PF),sum(PTS),sum(PLUS_MINUS),sum(ifminute),avg(seconds),sum(seconds)
1610612747,1626156,D'Angelo Russell,4.358974358974359,10.923076923076923,1.435897435897436,4.564102564102564,1.0,1.4871794871794872,0.7692307692307693,3.1025641025641026,3.871794871794872,3.128205128205128,1.1025641025641026,0.1794871794871795,2.128205128205128,1.5897435897435896,11.153846153846153,-7.128205128205129,170.0,426.0,56.0,178.0,39.0,58.0,30.0,121.0,151.0,122.0,43.0,7.0,83.0,62.0,435.0,-278.0,39,1567.025641025641,61114.0
1610612761,203512,Lucas Nogueira,1.2142857142857142,1.7142857142857142,0.0,0.07142857142857142,0.42857142857142855,0.6428571428571429,0.5714285714285714,1.2142857142857142,1.7857142857142858,0.2857142857142857,0.5,0.2857142857142857,0.2857142857142857,1.2142857142857142,2.857142857142857,-0.21428571428571427,17.0,24.0,0.0,1.0,6.0,9.0,8.0,17.0,25.0,4.0,7.0,4.0,4.0,17.0,40.0,-3.0,14,505.35714285714283,7075.0
1610612743,200751,Randy Foye,2.6933333333333334,7.506666666666667,1.5333333333333334,4.56,0.7733333333333333,0.9066666666666666,0.26666666666666666,1.5733333333333333,1.84,2.2666666666666666,0.6533333333333333,0.22666666666666666,1.2666666666666666,1.7466666666666666,7.693333333333333,-2.1333333333333333,202.0,563.0,115.0,342.0,58.0,68.0,20.0,118.0,138.0,170.0,49.0,17.0,95.0,131.0,577.0,-160.0,75,1297.92,97344.0
1610612752,203495,Ricky Ledo,2.6666666666666665,7.5,0.8333333333333334,2.0,1.25,1.6666666666666667,1.25,1.5833333333333333,2.8333333333333335,1.5,0.5,0.08333333333333333,2.0,1.6666666666666667,7.416666666666667,-4.166666666666667,32.0,90.0,10.0,24.0,15.0,20.0,15.0,19.0,34.0,18.0,6.0,1.0,24.0,20.0,89.0,-50.0,12,1165.6666666666667,13988.0
