TEAM_ID,PLAYER_ID,PLAYER_NAME,avg(FGM),avg(FGA),avg(FG3M),avg(FG3A),avg(FTM),avg(FTA),avg(OREB),avg(DREB),avg(REB),avg(AST),avg(STL),avg(BLK),avg(TO),avg(PF),avg(PTS),avg(PLUS_MINUS),sum(FGM),sum(FGA),sum(FG3M),sum(FG3A),sum(FTM),sum(FTA),sum(OREB),sum(DREB),sum(REB),sum(AST),sum(STL),sum(BLK),sum(TO),sum(PF),sum(PTS),sum(PLUS_MINUS),sum(ifminute),avg(seconds),sum(seconds)
1610612756,203458,Alex Len,2.7466666666666666,5.786666666666667,0.013333333333333334,0.05333333333333334,1.44,2.013333333333333,2.0,4.72,6.72,0.64,0.48,1.36,1.3866666666666667,2.6533333333333333,6.946666666666666,-0.48,206.0,434.0,1.0,4.0,108.0,151.0,150.0,354.0,504.0,48.0,36.0,102.0,104.0,199.0,521.0,-36.0,75,1292.0266666666666,96902.0
1610612763,201596,Mario Chalmers,2.84,6.68,0.64,2.2,3.8,4.6,0.4,1.84,2.24,2.88,1.32,0.2,1.68,2.96,10.12,1.36,71.0,167.0,16.0,55.0,95.0,115.0,10.0,46.0,56.0,72.0,33.0,5.0,42.0,74.0,253.0,34.0,25,1182.48,29562.0
1610612743,203475,Erick Green,1.3333333333333333,3.8333333333333335,0.35714285714285715,1.0952380952380953,0.35714285714285715,0.42857142857142855,0.21428571428571427,0.6428571428571429,0.8571428571428571,0.9761904761904762,0.3333333333333333,0.0,0.3333333333333333,0.5714285714285714,3.380952380952381,-1.8333333333333333,56.0,161.0,15.0,46.0,15.0,18.0,9.0,27.0,36.0,41.0,14.0,0.0,14.0,24.0,142.0,-77.0,42,611.2380952380952,25672.0
1610612751,708,Kevin Garnett,2.5625,5.375,0.0625,0.1875,0.375,0.5,1.0,4.4375,5.4375,1.375,0.9375,0.5,0.875,2.1875,5.5625,-3.375,41.0,86.0,1.0,3.0,6.0,8.0,16.0,71.0,87.0,22.0,15.0,8.0,14.0,35.0,89.0,-54.0,16,1010.125,16162.0
1610612766,202390,Gary Neal,2.75,8.5625,0.75,3.125,1.0,1.0625,0.125,1.25,1.375,1.75,0.1875,0.0,1.4375,1.375,7.25,-2.8125,44.0,137.0,12.0,50.0,16.0,17.0,2.0,20.0,22.0,28.0,3.0,0.0,23.0,22.0,116.0,-45.0,16,1114.5625,17833.0
