TEAM_ID,PLAYER_ID,PLAYER_NAME,avg(FGM),avg(FGA),avg(FG3M),avg(FG3A),avg(FTM),avg(FTA),avg(OREB),avg(DREB),avg(REB),avg(AST),avg(STL),avg(BLK),avg(TO),avg(PF),avg(PTS),avg(PLUS_MINUS),sum(FGM),sum(FGA),sum(FG3M),sum(FG3A),sum(FTM),sum(FTA),sum(OREB),sum(DREB),sum(REB),sum(AST),sum(STL),sum(BLK),sum(TO),sum(PF),sum(PTS),sum(PLUS_MINUS),sum(ifminute),avg(seconds),sum(seconds)
1610612744,2738,Andre Iguodala,2.789473684210526,5.852631578947369,0.8631578947368421,2.4210526315789473,0.9263157894736842,1.568421052631579,0.9263157894736842,3.042105263157895,3.968421052631579,3.3473684210526318,1.1157894736842104,0.3368421052631579,1.1578947368421053,1.5157894736842106,7.368421052631579,5.463157894736842,265.0,556.0,82.0,230.0,88.0,149.0,88.0,289.0,377.0,318.0,106.0,32.0,110.0,144.0,700.0,519.0,95,1636.5894736842106,155476.0
1610612738,203923,James Young,0.5405405405405406,1.8108108108108107,0.32432432432432434,1.162162162162162,0.1891891891891892,0.32432432432432434,0.13513513513513514,0.8108108108108109,0.9459459459459459,0.32432432432432434,0.21621621621621623,0.05405405405405406,0.21621621621621623,0.6486486486486487,1.5945945945945945,-0.6486486486486487,20.0,67.0,12.0,43.0,7.0,12.0,5.0,30.0,35.0,12.0,8.0,2.0,8.0,24.0,59.0,-24.0,37,458.35135135135135,16959.0
1610612756,203111,Orlando Johnson,2.5,8.5,0.5,2.5,2.5,3.0,1.5,3.0,4.5,0.0,1.0,1.5,0.5,2.5,8.0,-1.0,5.0,17.0,1.0,5.0,5.0,6.0,3.0,6.0,9.0,0.0,2.0,3.0,1.0,5.0,16.0,-2.0,2,1421.5,2843.0
1610612755,203510,Pierre Jackson,0.3333333333333333,4.666666666666667,0.0,2.0,1.3333333333333333,1.3333333333333333,1.0,1.6666666666666667,2.6666666666666665,2.3333333333333335,0.3333333333333333,0.0,1.6666666666666667,1.0,2.0,-9.0,1.0,14.0,0.0,6.0,4.0,4.0,3.0,5.0,8.0,7.0,1.0,0.0,5.0,3.0,6.0,-27.0,3,858.0,2574.0
1610612766,1626280,Sam Thompson,0.4,1.2,0.0,0.4,0.0,0.0,0.0,0.2,0.2,0.0,0.2,0.0,0.0,0.4,0.8,0.8,2.0,6.0,0.0,2.0,0.0,0.0,0.0,1.0,1.0,0.0,1.0,0.0,0.0,2.0,4.0,4.0,5,363.6,1818.0
