TEAM_ID,PLAYER_ID,PLAYER_NAME,avg(FGM),avg(FGA),avg(FG3M),avg(FG3A),avg(FTM),avg(FTA),avg(OREB),avg(DREB),avg(REB),avg(AST),avg(STL),avg(BLK),avg(TO),avg(PF),avg(PTS),avg(PLUS_MINUS),sum(FGM),sum(FGA),sum(FG3M),sum(FG3A),sum(FTM),sum(FTA),sum(OREB),sum(DREB),sum(REB),sum(AST),sum(STL),sum(BLK),sum(TO),sum(PF),sum(PTS),sum(PLUS_MINUS),sum(ifminute),avg(seconds),sum(seconds)
1610612760,203956,Mitch McGary,0.8260869565217391,1.6521739130434783,0.043478260869565216,0.21739130434782608,0.21739130434782608,0.6086956521739131,0.2608695652173913,1.1304347826086956,1.391304347826087,0.30434782608695654,0.08695652173913043,0.17391304347826086,0.4782608695652174,0.6521739130434783,1.9130434782608696,-2.0869565217391304,19.0,38.0,1.0,5.0,5.0,14.0,6.0,26.0,32.0,7.0,2.0,4.0,11.0,15.0,44.0,-48.0,23,302.39130434782606,6955.0
1610612759,1626304,Youssou Ndoye,0.6666666666666666,2.0,0.0,0.0,2.0,3.6666666666666665,0.3333333333333333,1.6666666666666667,2.0,0.3333333333333333,1.0,0.0,0.3333333333333333,2.0,3.3333333333333335,-3.3333333333333335,2.0,6.0,0.0,0.0,6.0,11.0,1.0,5.0,6.0,1.0,3.0,0.0,1.0,6.0,10.0,-10.0,3,602.0,1806.0
