TEAM_ID,PLAYER_ID,PLAYER_NAME,avg(FGM),avg(FGA),avg(FG3M),avg(FG3A),avg(FTM),avg(FTA),avg(OREB),avg(DREB),avg(REB),avg(AST),avg(STL),avg(BLK),avg(TO),avg(PF),avg(PTS),avg(PLUS_MINUS),sum(FGM),sum(FGA),sum(FG3M),sum(FG3A),sum(FTM),sum(FTA),sum(OREB),sum(DREB),sum(REB),sum(AST),sum(STL),sum(BLK),sum(TO),sum(PF),sum(PTS),sum(PLUS_MINUS),sum(ifminute),avg(seconds),sum(seconds)
1610612738,202340,Avery Bradley,5.724137931034483,13.25287356321839,1.896551724137931,5.137931034482759,1.1149425287356323,1.4022988505747127,0.5747126436781609,2.4942528735632186,3.0689655172413794,1.8160919540229885,1.3333333333333333,0.21839080459770116,1.4597701149425288,2.3333333333333335,14.459770114942529,0.367816091954023,498.0,1153.0,165.0,447.0,97.0,122.0,50.0,217.0,267.0,158.0,116.0,19.0,127.0,203.0,1258.0,32.0,87,1901.1494252873563,165400.0
1610612761,201960,DeMarre Carroll,4.142857142857143,10.714285714285714,1.6785714285714286,4.571428571428571,1.5714285714285714,2.4285714285714284,1.2142857142857142,3.5357142857142856,4.75,1.1428571428571428,1.5357142857142858,0.25,1.1071428571428572,2.5357142857142856,11.535714285714286,1.4285714285714286,116.0,300.0,47.0,128.0,44.0,68.0,34.0,99.0,133.0,32.0,43.0,7.0,31.0,71.0,323.0,40.0,28,1834.9285714285713,51378.0
1610612758,200765,Rajon Rondo,4.621621621621622,10.054054054054054,0.7027027027027027,2.108108108108108,0.9459459459459459,1.945945945945946,1.0810810810810811,4.891891891891892,5.972972972972973,10.243243243243244,1.7837837837837838,0.10810810810810811,3.6486486486486487,2.135135135135135,10.891891891891891,-3.0,171.0,372.0,26.0,78.0,35.0,72.0,40.0,181.0,221.0,379.0,66.0,4.0,135.0,79.0,403.0,-111.0,37,1998.5405405405406,73946.0
1610612740,101126,Nate Robinson,2.1666666666666665,5.666666666666667,0.8333333333333334,2.3333333333333335,0.6666666666666666,1.0,0.0,0.6666666666666666,0.6666666666666666,2.3333333333333335,0.6666666666666666,0.0,1.3333333333333333,2.1666666666666665,5.833333333333333,-10.5,13.0,34.0,5.0,14.0,4.0,6.0,0.0,4.0,4.0,14.0,4.0,0.0,8.0,13.0,35.0,-63.0,6,1055.3333333333333,6332.0
