TEAM_ID,PLAYER_ID,PLAYER_NAME,avg(FGM),avg(FGA),avg(FG3M),avg(FG3A),avg(FTM),avg(FTA),avg(OREB),avg(DREB),avg(REB),avg(AST),avg(STL),avg(BLK),avg(TO),avg(PF),avg(PTS),avg(PLUS_MINUS),sum(FGM),sum(FGA),sum(FG3M),sum(FG3A),sum(FTM),sum(FTA),sum(OREB),sum(DREB),sum(REB),sum(AST),sum(STL),sum(BLK),sum(TO),sum(PF),sum(PTS),sum(PLUS_MINUS),sum(ifminute),avg(seconds),sum(seconds)
1610612746,1626183,Branden Dawson,1.0,2.6666666666666665,0.0,0.0,0.0,0.0,0.0,0.6666666666666666,0.6666666666666666,0.0,0.0,0.3333333333333333,0.0,0.6666666666666666,2.0,-2.0,3.0,8.0,0.0,0.0,0.0,0.0,0.0,2.0,2.0,0.0,0.0,1.0,0.0,2.0,6.0,-6.0,3,308.3333333333333,925.0
1610612762,203497,Rudy Gobert,3.5714285714285716,6.042857142857143,0.0,0.014285714285714285,2.5,4.228571428571429,3.4571428571428573,7.442857142857143,10.9,1.6428571428571428,0.8857142857142857,2.5428571428571427,1.7285714285714286,2.414285714285714,9.642857142857142,1.5857142857142856,250.0,423.0,0.0,1.0,175.0,296.0,242.0,521.0,763.0,115.0,62.0,178.0,121.0,169.0,675.0,111.0,70,1870.5,130935.0
1610612763,200821,Yakhouba Diawara,0.8,3.8,0.4,2.4,0.0,0.0,0.0,1.4,1.4,0.6,0.8,0.0,0.6,1.2,2.0,-1.8,4.0,19.0,2.0,12.0,0.0,0.0,0.0,7.0,7.0,3.0,4.0,0.0,3.0,6.0,10.0,-9.0,5,1043.6,5218.0
1610612746,203099,Jared Cunningham,1.0,2.0,1.0,1.0,0.0,0.0,0.0,1.0,1.0,0.0,1.0,0.0,0.0,0.0,3.0,11.0,1.0,2.0,1.0,1.0,0.0,0.0,0.0,1.0,1.0,0.0,1.0,0.0,0.0,0.0,3.0,11.0,1,341.0,341.0
