TEAM_ID,PLAYER_ID,PLAYER_NAME,avg(FGM),avg(FGA),avg(FG3M),avg(FG3A),avg(FTM),avg(FTA),avg(OREB),avg(DREB),avg(REB),avg(AST),avg(STL),avg(BLK),avg(TO),avg(PF),avg(PTS),avg(PLUS_MINUS),sum(FGM),sum(FGA),sum(FG3M),sum(FG3A),sum(FTM),sum(FTA),sum(OREB),sum(DREB),sum(REB),sum(AST),sum(STL),sum(BLK),sum(TO),sum(PF),sum(PTS),sum(PLUS_MINUS),sum(ifminute),avg(seconds),sum(seconds)
1610612756,200782,P.J. Tucker,2.9887640449438204,7.067415730337078,0.8764044943820225,2.797752808988764,1.2247191011235956,1.6853932584269662,1.5168539325842696,4.50561797752809,6.022471910112359,1.4606741573033708,1.3595505617977528,0.21348314606741572,1.2584269662921348,2.258426966292135,8.07865168539326,-1.5730337078651686,266.0,629.0,78.0,249.0,109.0,150.0,135.0,401.0,536.0,130.0,121.0,19.0,112.0,201.0,719.0,-140.0,89,1770.2696629213483,157554.0
1610612760,201566,Russell Westbrook,9.105882352941176,20.729411764705883,1.3647058823529412,4.482352941176471,7.329411764705882,8.823529411764707,1.7411764705882353,5.670588235294118,7.411764705882353,9.235294117647058,2.176470588235294,0.29411764705882354,4.4,2.611764705882353,26.905882352941177,5.870588235294117,774.0,1762.0,116.0,381.0,623.0,750.0,148.0,482.0,630.0,785.0,185.0,25.0,374.0,222.0,2287.0,499.0,85,2083.670588235294,177112.0
1610612737,203118,Mike Scott,2.761904761904762,6.095238095238095,0.7142857142857143,2.369047619047619,0.75,0.9523809523809523,0.8571428571428571,2.4047619047619047,3.261904761904762,1.130952380952381,0.36904761904761907,0.09523809523809523,0.6309523809523809,1.1904761904761905,6.988095238095238,0.6190476190476191,232.0,512.0,60.0,199.0,63.0,80.0,72.0,202.0,274.0,95.0,31.0,8.0,53.0,100.0,587.0,52.0,84,964.7142857142857,81036.0
1610612740,202399,Jeff Adrien,1.25,2.0,0.0,0.0,3.0,4.25,0.75,5.25,6.0,0.25,0.5,0.25,1.25,3.25,5.5,-8.0,5.0,8.0,0.0,0.0,12.0,17.0,3.0,21.0,24.0,1.0,2.0,1.0,5.0,13.0,22.0,-32.0,4,1060.5,4242.0
1610612745,202719,Jeremy Tyler,2.0,4.0,0.0,0.5,0.0,1.0,0.5,3.5,4.0,0.0,0.5,0.0,1.0,4.5,4.0,-5.0,4.0,8.0,0.0,1.0,0.0,2.0,1.0,7.0,8.0,0.0,1.0,0.0,2.0,9.0,8.0,-10.0,2,869.5,1739.0
1610612739,200811,Lou Amundson,0.0,1.0,0.0,0.0,0.0,0.0,0.0,0.0,0.0,0.0,0.0,0.0,1.0,0.0,0.0,-4.0,0.0,1.0,0.0,0.0,0.0,0.0,0.0,0.0,0.0,0.0,0.0,0.0,1.0,0.0,0.0,-4.0,1,255.0,255.0
