TEAM_ID,PLAYER_ID,PLAYER_NAME,avg(FGM),avg(FGA),avg(FG3M),avg(FG3A),avg(FTM),avg(FTA),avg(OREB),avg(DREB),avg(REB),avg(AST),avg(STL),avg(BLK),avg(TO),avg(PF),avg(PTS),avg(PLUS_MINUS),sum(FGM),sum(FGA),sum(FG3M),sum(FG3A),sum(FTM),sum(FTA),sum(OREB),sum(DREB),sum(REB),sum(AST),sum(STL),sum(BLK),sum(TO),sum(PF),sum(PTS),sum(PLUS_MINUS),sum(ifminute),avg(seconds),sum(seconds)
1610612739,202684,Tristan Thompson,2.8737864077669903,4.980582524271845,0.0,0.0,1.854368932038835,3.058252427184466,3.436893203883495,5.553398058252427,8.990291262135923,0.7475728155339806,0.44660194174757284,0.6699029126213593,0.7572815533980582,2.495145631067961,7.601941747572815,4.766990291262136,296.0,513.0,0.0,0.0,191.0,315.0,354.0,572.0,926.0,77.0,46.0,69.0,78.0,257.0,783.0,491.0,103,1684.3300970873786,173486.0
1610612765,203382,Aron Baynes,2.3146067415730336,4.595505617977528,0.0,0.02247191011235955,1.4831460674157304,1.9550561797752808,1.651685393258427,2.8876404494382024,4.53932584269663,0.6067415730337079,0.24719101123595505,0.6067415730337079,0.8089887640449438,1.8202247191011236,6.112359550561798,-0.8651685393258427,206.0,409.0,0.0,2.0,132.0,174.0,147.0,257.0,404.0,54.0,22.0,54.0,72.0,162.0,544.0,-77.0,89,898.9325842696629,80005.0
1610612749,201564,O.J. Mayo,2.8297872340425534,7.553191489361702,1.1914893617021276,3.723404255319149,0.7659574468085106,1.0,0.2978723404255319,2.2127659574468086,2.5106382978723403,2.9361702127659575,1.127659574468085,0.19148936170212766,1.702127659574468,2.893617021276596,7.617021276595745,-0.3404255319148936,133.0,355.0,56.0,175.0,36.0,47.0,14.0,104.0,118.0,138.0,53.0,9.0,80.0,136.0,358.0,-16.0,47,1517.4255319148936,71319.0
1610612739,2760,Anderson Varejao,1.3783783783783783,2.8378378378378377,0.0,0.02702702702702703,0.6756756756756757,0.8918918918918919,0.8108108108108109,2.4054054054054053,3.2162162162162162,0.8918918918918919,0.40540540540540543,0.1891891891891892,0.7297297297297297,1.2702702702702702,3.4324324324324325,0.6756756756756757,51.0,105.0,0.0,1.0,25.0,33.0,30.0,89.0,119.0,33.0,15.0,7.0,27.0,47.0,127.0,25.0,37,654.7027027027027,24224.0
1610612738,1626258,Corey Walden,0.25,1.5,0.0,0.75,0.0,0.0,0.0,1.5,1.5,0.75,0.0,0.0,0.75,1.25,0.5,-2.25,1.0,6.0,0.0,3.0,0.0,0.0,0.0,6.0,6.0,3.0,0.0,0.0,3.0,5.0,2.0,-9.0,4,413.25,1653.0
