TEAM_ID,PLAYER_ID,PLAYER_NAME,avg(FGM),avg(FGA),avg(FG3M),avg(FG3A),avg(FTM),avg(FTA),avg(OREB),avg(DREB),avg(REB),avg(AST),avg(STL),avg(BLK),avg(TO),avg(PF),avg(PTS),avg(PLUS_MINUS),sum(FGM),sum(FGA),sum(FG3M),sum(FG3A),sum(FTM),sum(FTA),sum(OREB),sum(DREB),sum(REB),sum(AST),sum(STL),sum(BLK),sum(TO),sum(PF),sum(PTS),sum(PLUS_MINUS),sum(ifminute),avg(seconds),sum(seconds)
1610612744,203949,James Michael McAdoo,1.1923076923076923,2.0961538461538463,0.0,0.0,0.6923076923076923,1.5192307692307692,0.7115384615384616,1.1538461538461537,1.8653846153846154,0.2692307692307692,0.3269230769230769,0.4230769230769231,0.4230769230769231,0.9615384615384616,3.076923076923077,-1.1153846153846154,62.0,109.0,0.0,0.0,36.0,79.0,37.0,60.0,97.0,14.0,17.0,22.0,22.0,50.0,160.0,-58.0,52,446.63461538461536,23225.0
1610612752,203124,Kyle O'Quinn,2.3666666666666667,4.733333333333333,0.0,0.43333333333333335,1.1,1.4,1.5666666666666667,3.5,5.066666666666666,1.4333333333333333,0.5333333333333333,0.8,1.2,2.2333333333333334,5.833333333333333,-0.9,71.0,142.0,0.0,13.0,33.0,42.0,47.0,105.0,152.0,43.0,16.0,24.0,36.0,67.0,175.0,-27.0,30,874.9,26247.0
1610612742,1626254,Maurice Ndour,1.75,6.25,0.5,3.25,0.75,1.5,0.0,1.5,1.5,0.5,1.5,0.75,2.0,2.5,4.75,-10.75,7.0,25.0,2.0,13.0,3.0,6.0,0.0,6.0,6.0,2.0,6.0,3.0,8.0,10.0,19.0,-43.0,4,1370.75,5483.0
1610612752,201160,Jason Smith,3.3541666666666665,7.916666666666667,0.3125,0.8541666666666666,1.7291666666666667,2.125,1.2916666666666667,3.5,4.791666666666667,2.1458333333333335,0.4791666666666667,0.8125,1.4375,2.6666666666666665,8.75,-5.0,161.0,380.0,15.0,41.0,83.0,102.0,62.0,168.0,230.0,103.0,23.0,39.0,69.0,128.0,420.0,-240.0,48,1479.9375,71037.0
1610612753,2732,Ben Gordon,1.7083333333333333,4.583333333333333,0.4583333333333333,1.625,0.8333333333333334,1.0,0.08333333333333333,1.125,1.2083333333333333,0.7916666666666666,0.2916666666666667,0.0,1.125,1.125,4.708333333333333,-4.291666666666667,41.0,110.0,11.0,39.0,20.0,24.0,2.0,27.0,29.0,19.0,7.0,0.0,27.0,27.0,113.0,-103.0,24,737.2916666666666,17695.0
