TEAM_ID,PLAYER_ID,PLAYER_NAME,avg(FGM),avg(FGA),avg(FG3M),avg(FG3A),avg(FTM),avg(FTA),avg(OREB),avg(DREB),avg(REB),avg(AST),avg(STL),avg(BLK),avg(TO),avg(PF),avg(PTS),avg(PLUS_MINUS),sum(FGM),sum(FGA),sum(FG3M),sum(FG3A),sum(FTM),sum(FTA),sum(OREB),sum(DREB),sum(REB),sum(AST),sum(STL),sum(BLK),sum(TO),sum(PF),sum(PTS),sum(PLUS_MINUS),sum(ifminute),avg(seconds),sum(seconds)
1610612754,1626167,Myles Turner,2.5,5.625,0.0,0.25,1.5,2.375,1.125,3.25,4.375,0.4375,0.375,1.5625,0.6875,2.0,6.5,-2.0625,40.0,90.0,0.0,4.0,24.0,38.0,18.0,52.0,70.0,7.0,6.0,25.0,11.0,32.0,104.0,-33.0,16,1001.625,16026.0
1610612738,203923,James Young,1.0930232558139534,3.3255813953488373,0.6046511627906976,2.1627906976744184,0.5348837209302325,0.9302325581395349,0.27906976744186046,1.255813953488372,1.5348837209302326,0.5116279069767442,0.3023255813953488,0.06976744186046512,0.20930232558139536,0.8604651162790697,3.3255813953488373,-0.06976744186046512,47.0,143.0,26.0,93.0,23.0,40.0,12.0,54.0,66.0,22.0,13.0,3.0,9.0,37.0,143.0,-3.0,43,705.2325581395348,30325.0
1610612748,203516,James Ennis III,1.9523809523809523,4.690476190476191,0.5952380952380952,1.8571428571428572,1.3095238095238095,1.6904761904761905,0.9047619047619048,2.1666666666666665,3.0714285714285716,0.8095238095238095,0.2857142857142857,0.23809523809523808,0.8571428571428571,1.4285714285714286,5.809523809523809,1.7142857142857142,82.0,197.0,25.0,78.0,55.0,71.0,38.0,91.0,129.0,34.0,12.0,10.0,36.0,60.0,244.0,72.0,42,1074.3333333333333,45122.0
1610612753,203090,Maurice Harkless,1.3571428571428572,3.607142857142857,0.21428571428571427,1.2142857142857142,0.5714285714285714,1.1428571428571428,0.8928571428571429,1.3571428571428572,2.25,0.39285714285714285,0.7857142857142857,0.25,0.5,1.2142857142857142,3.5,-1.9285714285714286,38.0,101.0,6.0,34.0,16.0,32.0,25.0,38.0,63.0,11.0,22.0,7.0,14.0,34.0,98.0,-54.0,28,872.4642857142857,24429.0
