TEAM_ID,PLAYER_ID,PLAYER_NAME,avg(FGM),avg(FGA),avg(FG3M),avg(FG3A),avg(FTM),avg(FTA),avg(OREB),avg(DREB),avg(REB),avg(AST),avg(STL),avg(BLK),avg(TO),avg(PF),avg(PTS),avg(PLUS_MINUS),sum(FGM),sum(FGA),sum(FG3M),sum(FG3A),sum(FTM),sum(FTA),sum(OREB),sum(DREB),sum(REB),sum(AST),sum(STL),sum(BLK),sum(TO),sum(PF),sum(PTS),sum(PLUS_MINUS),sum(ifminute),avg(seconds),sum(seconds)
1610612746,203085,Austin Rivers,2.967032967032967,6.967032967032967,0.6923076923076923,2.318681318681319,0.9560439560439561,1.5164835164835164,0.38461538461538464,1.5054945054945055,1.89010989010989,1.4285714285714286,0.7582417582417582,0.18681318681318682,0.9230769230769231,2.021978021978022,7.582417582417582,-2.681318681318681,270.0,634.0,63.0,211.0,87.0,138.0,35.0,137.0,172.0,130.0,69.0,17.0,84.0,184.0,690.0,-244.0,91,1202.5824175824175,109435.0
1610612752,201577,Robin Lopez,3.1621621621621623,6.45945945945946,0.0,0.0,1.162162162162162,1.4864864864864864,2.27027027027027,3.027027027027027,5.297297297297297,1.4594594594594594,0.24324324324324326,1.2432432432432432,1.5135135135135136,2.4054054054054053,7.486486486486487,-0.972972972972973,117.0,239.0,0.0,0.0,43.0,55.0,84.0,112.0,196.0,54.0,9.0,46.0,56.0,89.0,277.0,-36.0,37,1403.081081081081,51914.0
1610612744,203136,Ognjen Kuzmic,0.3333333333333333,0.3333333333333333,0.0,0.0,0.6666666666666666,0.6666666666666666,0.6666666666666666,0.0,0.6666666666666666,0.3333333333333333,0.0,0.0,0.0,0.0,1.3333333333333333,1.0,1.0,1.0,0.0,0.0,2.0,2.0,2.0,0.0,2.0,1.0,0.0,0.0,0.0,0.0,4.0,3.0,3,114.66666666666667,344.0
