TEAM_ID,PLAYER_ID,PLAYER_NAME,avg(FGM),avg(FGA),avg(FG3M),avg(FG3A),avg(FTM),avg(FTA),avg(OREB),avg(DREB),avg(REB),avg(AST),avg(STL),avg(BLK),avg(TO),avg(PF),avg(PTS),avg(PLUS_MINUS),sum(FGM),sum(FGA),sum(FG3M),sum(FG3A),sum(FTM),sum(FTA),sum(OREB),sum(DREB),sum(REB),sum(AST),sum(STL),sum(BLK),sum(TO),sum(PF),sum(PTS),sum(PLUS_MINUS),sum(ifminute),avg(seconds),sum(seconds)
1610612759,201980,Danny Green,2.6842105263157894,6.905263157894737,1.5578947368421052,4.389473684210526,0.45263157894736844,0.6,0.5368421052631579,3.168421052631579,3.705263157894737,1.6,1.1157894736842104,0.7684210526315789,0.8947368421052632,1.768421052631579,7.378947368421053,6.0,255.0,656.0,148.0,417.0,43.0,57.0,51.0,301.0,352.0,152.0,106.0,73.0,85.0,168.0,701.0,570.0,95,1533.8736842105263,145718.0
1610612738,1626259,Malcolm Miller,0.0,0.0,0.0,0.0,0.0,0.0,0.0,0.0,0.0,0.0,0.0,0.0,0.0,0.0,0.0,0.0,0.0,0.0,0.0,0.0,0.0,0.0,0.0,0.0,0.0,0.0,0.0,0.0,0.0,0.0,0.0,0.0,1,12.0,12.0
