TEAM_ID,PLAYER_ID,PLAYER_NAME,avg(FGM),avg(FGA),avg(FG3M),avg(FG3A),avg(FTM),avg(FTA),avg(OREB),avg(DREB),avg(REB),avg(AST),avg(STL),avg(BLK),avg(TO),avg(PF),avg(PTS),avg(PLUS_MINUS),sum(FGM),sum(FGA),sum(FG3M),sum(FG3A),sum(FTM),sum(FTA),sum(OREB),sum(DREB),sum(REB),sum(AST),sum(STL),sum(BLK),sum(TO),sum(PF),sum(PTS),sum(PLUS_MINUS),sum(ifminute),avg(seconds),sum(seconds)
1610612761,200768,Kyle Lowry,6.637254901960785,15.617647058823529,2.627450980392157,6.970588235294118,4.9411764705882355,6.166666666666667,0.7745098039215687,3.872549019607843,4.647058823529412,6.254901960784314,1.9411764705882353,0.3627450980392157,2.892156862745098,2.8627450980392157,20.84313725490196,4.303921568627451,677.0,1593.0,268.0,711.0,504.0,629.0,79.0,395.0,474.0,638.0,198.0,37.0,295.0,292.0,2126.0,439.0,102,2204.656862745098,224875.0
1610612754,203524,Solomon Hill,1.6376811594202898,3.681159420289855,0.5217391304347826,1.4057971014492754,0.782608695652174,0.8985507246376812,0.6811594202898551,2.246376811594203,2.927536231884058,0.9420289855072463,0.6086956521739131,0.15942028985507245,0.5362318840579711,1.3043478260869565,4.579710144927536,0.5942028985507246,113.0,254.0,36.0,97.0,54.0,62.0,47.0,155.0,202.0,65.0,42.0,11.0,37.0,90.0,316.0,41.0,69,961.5797101449275,66349.0
