TEAM_ID,PLAYER_ID,PLAYER_NAME,avg(FGM),avg(FGA),avg(FG3M),avg(FG3A),avg(FTM),avg(FTA),avg(OREB),avg(DREB),avg(REB),avg(AST),avg(STL),avg(BLK),avg(TO),avg(PF),avg(PTS),avg(PLUS_MINUS),sum(FGM),sum(FGA),sum(FG3M),sum(FG3A),sum(FTM),sum(FTA),sum(OREB),sum(DREB),sum(REB),sum(AST),sum(STL),sum(BLK),sum(TO),sum(PF),sum(PTS),sum(PLUS_MINUS),sum(ifminute),avg(seconds),sum(seconds)
1610612739,201567,Kevin Love,5.121212121212121,12.464646464646465,2.080808080808081,5.636363636363637,3.2626262626262625,3.9494949494949494,1.8686868686868687,7.6767676767676765,9.545454545454545,2.323232323232323,0.7070707070707071,0.5050505050505051,1.7272727272727273,1.97979797979798,15.585858585858587,5.959595959595959,507.0,1234.0,206.0,558.0,323.0,391.0,185.0,760.0,945.0,230.0,70.0,50.0,171.0,196.0,1543.0,590.0,99,1861.8383838383838,184322.0
1610612743,203530,Joffrey Lauvergne,3.4923076923076923,6.676923076923077,0.24615384615384617,0.9076923076923077,1.1538461538461537,1.3076923076923077,1.4307692307692308,3.8461538461538463,5.276923076923077,0.9076923076923077,0.27692307692307694,0.23076923076923078,0.9692307692307692,2.0153846153846153,8.384615384615385,-3.3076923076923075,227.0,434.0,16.0,59.0,75.0,85.0,93.0,250.0,343.0,59.0,18.0,15.0,63.0,131.0,545.0,-215.0,65,1100.5846153846153,71538.0
1610612743,202464,Devin Sweetney,0.5,1.5,0.0,1.0,0.25,0.5,0.25,0.5,0.75,0.0,0.25,0.0,0.0,0.5,1.25,-1.0,2.0,6.0,0.0,4.0,1.0,2.0,1.0,2.0,3.0,0.0,1.0,0.0,0.0,2.0,5.0,-4.0,4,200.25,801.0
