TEAM_ID,PLAYER_ID,PLAYER_NAME,avg(FGM),avg(FGA),avg(FG3M),avg(FG3A),avg(FTM),avg(FTA),avg(OREB),avg(DREB),avg(REB),avg(AST),avg(STL),avg(BLK),avg(TO),avg(PF),avg(PTS),avg(PLUS_MINUS),sum(FGM),sum(FGA),sum(FG3M),sum(FG3A),sum(FTM),sum(FTA),sum(OREB),sum(DREB),sum(REB),sum(AST),sum(STL),sum(BLK),sum(TO),sum(PF),sum(PTS),sum(PLUS_MINUS),sum(ifminute),avg(seconds),sum(seconds)
1610612759,2564,Boris Diaw,3.347826086956522,6.967391304347826,0.5217391304347826,1.608695652173913,0.6956521739130435,0.9456521739130435,0.9347826086956522,2.858695652173913,3.7934782608695654,2.510869565217391,0.41304347826086957,0.2608695652173913,1.391304347826087,1.673913043478261,7.913043478260869,4.369565217391305,308.0,641.0,48.0,148.0,64.0,87.0,86.0,263.0,349.0,231.0,38.0,24.0,128.0,154.0,728.0,402.0,92,1295.4021739130435,119177.0
1610612755,203457,Nerlens Noel,4.3580246913580245,9.074074074074074,0.0,0.0,2.2962962962962963,3.7037037037037037,2.45679012345679,5.9753086419753085,8.432098765432098,1.6049382716049383,1.8271604938271604,1.7901234567901234,2.1604938271604937,2.691358024691358,11.012345679012345,-6.1234567901234565,353.0,735.0,0.0,0.0,186.0,300.0,199.0,484.0,683.0,130.0,148.0,145.0,175.0,218.0,892.0,-496.0,81,1819.0987654320988,147347.0
1610612764,1626294,Jaleel Roberts,1.0,2.0,0.0,0.0,1.0,2.5,0.5,1.5,2.0,0.0,0.0,1.0,0.0,1.0,3.0,-2.0,2.0,4.0,0.0,0.0,2.0,5.0,1.0,3.0,4.0,0.0,0.0,2.0,0.0,2.0,6.0,-4.0,2,443.5,887.0
1610612752,200745,Andrea Bargnani,5.714285714285714,12.5,0.5357142857142857,1.4642857142857142,3.0714285714285716,3.75,1.0714285714285714,3.3214285714285716,4.392857142857143,1.5714285714285714,0.07142857142857142,0.9642857142857143,1.5,1.8214285714285714,15.035714285714286,-9.714285714285714,160.0,350.0,15.0,41.0,86.0,105.0,30.0,93.0,123.0,44.0,2.0,27.0,42.0,51.0,421.0,-272.0,28,1640.357142857143,45930.0
1610612755,202952,Malcolm Thomas,0.4,2.0,0.0,0.7,0.5,0.9,0.8,1.7,2.5,0.3,0.2,0.0,0.7,0.8,1.3,-6.2,4.0,20.0,0.0,7.0,5.0,9.0,8.0,17.0,25.0,3.0,2.0,0.0,7.0,8.0,13.0,-62.0,10,617.2,6172.0
