TEAM_ID,PLAYER_ID,PLAYER_NAME,avg(FGM),avg(FGA),avg(FG3M),avg(FG3A),avg(FTM),avg(FTA),avg(OREB),avg(DREB),avg(REB),avg(AST),avg(STL),avg(BLK),avg(TO),avg(PF),avg(PTS),avg(PLUS_MINUS),sum(FGM),sum(FGA),sum(FG3M),sum(FG3A),sum(FTM),sum(FTA),sum(OREB),sum(DREB),sum(REB),sum(AST),sum(STL),sum(BLK),sum(TO),sum(PF),sum(PTS),sum(PLUS_MINUS),sum(ifminute),avg(seconds),sum(seconds)
1610612753,203473,Dewayne Dedmon,1.4745762711864407,2.847457627118644,0.0,0.01694915254237288,0.8305084745762712,1.4067796610169492,1.7457627118644068,3.23728813559322,4.983050847457627,0.15254237288135594,0.3220338983050847,0.9830508474576272,0.864406779661017,2.593220338983051,3.7796610169491527,0.1864406779661017,87.0,168.0,0.0,1.0,49.0,83.0,103.0,191.0,294.0,9.0,19.0,58.0,51.0,153.0,223.0,11.0,59,907.7457627118644,53557.0
1610612742,201580,JaVale McGee,1.8461538461538463,3.3846153846153846,0.0,0.0,0.46153846153846156,1.0769230769230769,1.2307692307692308,2.4615384615384617,3.6923076923076925,0.15384615384615385,0.0,0.46153846153846156,0.9230769230769231,1.1538461538461537,4.153846153846154,-1.6923076923076923,24.0,44.0,0.0,0.0,6.0,14.0,16.0,32.0,48.0,2.0,0.0,6.0,12.0,15.0,54.0,-22.0,13,591.7692307692307,7693.0
1610612752,203921,Cleanthony Early,1.872340425531915,4.957446808510638,0.46808510638297873,1.8936170212765957,0.8297872340425532,1.127659574468085,0.48936170212765956,1.7659574468085106,2.25531914893617,0.8297872340425532,0.5531914893617021,0.3617021276595745,0.9361702127659575,1.446808510638298,5.042553191489362,-2.6595744680851063,88.0,233.0,22.0,89.0,39.0,53.0,23.0,83.0,106.0,39.0,26.0,17.0,44.0,68.0,237.0,-125.0,47,935.9787234042553,43991.0
1610612753,1626295,Nnanna Egwu,0.6,1.4,0.0,0.0,0.0,0.2,1.8,1.4,3.2,0.4,0.2,0.4,0.4,1.4,1.2,-0.2,3.0,7.0,0.0,0.0,0.0,1.0,9.0,7.0,16.0,2.0,1.0,2.0,2.0,7.0,6.0,-1.0,5,502.6,2513.0
