TEAM_ID,PLAYER_ID,PLAYER_NAME,avg(FGM),avg(FGA),avg(FG3M),avg(FG3A),avg(FTM),avg(FTA),avg(OREB),avg(DREB),avg(REB),avg(AST),avg(STL),avg(BLK),avg(TO),avg(PF),avg(PTS),avg(PLUS_MINUS),sum(FGM),sum(FGA),sum(FG3M),sum(FG3A),sum(FTM),sum(FTA),sum(OREB),sum(DREB),sum(REB),sum(AST),sum(STL),sum(BLK),sum(TO),sum(PF),sum(PTS),sum(PLUS_MINUS),sum(ifminute),avg(seconds),sum(seconds)
1610612738,101135,David Lee,2.903225806451613,6.387096774193548,0.0,0.03225806451612903,1.2903225806451613,1.6129032258064515,1.3870967741935485,3.161290322580645,4.548387096774194,1.8387096774193548,0.3225806451612903,0.4838709677419355,1.4516129032258065,1.8064516129032258,7.096774193548387,-0.967741935483871,90.0,198.0,0.0,1.0,40.0,50.0,43.0,98.0,141.0,57.0,10.0,15.0,45.0,56.0,220.0,-30.0,31,972.483870967742,30147.0
1610612759,203492,Ray McCallum,1.05,2.6,0.25,0.7,0.3,0.45,0.15,0.95,1.1,0.85,0.3,0.15,0.75,0.75,2.65,-0.75,21.0,52.0,5.0,14.0,6.0,9.0,3.0,19.0,22.0,17.0,6.0,3.0,15.0,15.0,53.0,-15.0,20,543.95,10879.0
1610612742,1626165,Brandon Ashley,0.2857142857142857,2.7142857142857144,0.0,1.1428571428571428,0.5714285714285714,0.8571428571428571,0.0,2.5714285714285716,2.5714285714285716,0.8571428571428571,0.2857142857142857,0.42857142857142855,0.8571428571428571,1.1428571428571428,1.1428571428571428,-3.142857142857143,2.0,19.0,0.0,8.0,4.0,6.0,0.0,18.0,18.0,6.0,2.0,3.0,6.0,8.0,8.0,-22.0,7,725.5714285714286,5079.0
1610612765,203547,Eric Griffin,"","","","","","","","","","","","","","","","","","","","","","","","","","","","","","","","",0,"",""
1610612756,2853,Earl Barron,0.75,2.4375,0.125,0.25,0.375,0.75,0.875,0.875,1.75,0.3125,0.25,0.125,0.3125,1.625,2.0,-3.5625,12.0,39.0,2.0,4.0,6.0,12.0,14.0,14.0,28.0,5.0,4.0,2.0,5.0,26.0,32.0,-57.0,16,535.625,8570.0
1610612758,204021,Sim Bhullar,0.3333333333333333,0.6666666666666666,0.0,0.0,0.0,0.0,0.0,0.3333333333333333,0.3333333333333333,0.3333333333333333,0.0,0.3333333333333333,0.0,0.0,0.6666666666666666,0.3333333333333333,1.0,2.0,0.0,0.0,0.0,0.0,0.0,1.0,1.0,1.0,0.0,1.0,0.0,0.0,2.0,1.0,3,53.666666666666664,161.0
