TEAM_ID,PLAYER_ID,PLAYER_NAME,avg(FGM),avg(FGA),avg(FG3M),avg(FG3A),avg(FTM),avg(FTA),avg(OREB),avg(DREB),avg(REB),avg(AST),avg(STL),avg(BLK),avg(TO),avg(PF),avg(PTS),avg(PLUS_MINUS),sum(FGM),sum(FGA),sum(FG3M),sum(FG3A),sum(FTM),sum(FTA),sum(OREB),sum(DREB),sum(REB),sum(AST),sum(STL),sum(BLK),sum(TO),sum(PF),sum(PTS),sum(PLUS_MINUS),sum(ifminute),avg(seconds),sum(seconds)
1610612748,2748,Dorell Wright,1.0,2.0,0.4,1.0,0.8,0.8,0.0,1.2,1.2,0.4,0.0,0.0,0.0,0.4,3.2,0.2,5.0,10.0,2.0,5.0,4.0,4.0,0.0,6.0,6.0,2.0,0.0,0.0,0.0,2.0,16.0,1.0,5,227.0,1135.0
1610612765,202694,Marcus Morris Sr.,5.0978260869565215,11.597826086956522,1.3369565217391304,3.641304347826087,2.608695652173913,3.4130434782608696,1.0869565217391304,3.869565217391304,4.956521739130435,2.4130434782608696,0.8369565217391305,0.2826086956521739,1.6630434782608696,2.3260869565217392,14.141304347826088,2.108695652173913,469.0,1067.0,123.0,335.0,240.0,314.0,100.0,356.0,456.0,222.0,77.0,26.0,153.0,214.0,1301.0,194.0,92,2080.054347826087,191365.0
1610612756,203515,Phil Pressey,1.0,2.5555555555555554,0.0,0.5555555555555556,0.4444444444444444,0.7777777777777778,0.3333333333333333,0.5555555555555556,0.8888888888888888,3.2222222222222223,0.7777777777777778,0.3333333333333333,1.5555555555555556,1.5555555555555556,2.4444444444444446,-3.6666666666666665,9.0,23.0,0.0,5.0,4.0,7.0,3.0,5.0,8.0,29.0,7.0,3.0,14.0,14.0,22.0,-33.0,9,756.1111111111111,6805.0
