TEAM_ID,PLAYER_ID,PLAYER_NAME,avg(FGM),avg(FGA),avg(FG3M),avg(FG3A),avg(FTM),avg(FTA),avg(OREB),avg(DREB),avg(REB),avg(AST),avg(STL),avg(BLK),avg(TO),avg(PF),avg(PTS),avg(PLUS_MINUS),sum(FGM),sum(FGA),sum(FG3M),sum(FG3A),sum(FTM),sum(FTA),sum(OREB),sum(DREB),sum(REB),sum(AST),sum(STL),sum(BLK),sum(TO),sum(PF),sum(PTS),sum(PLUS_MINUS),sum(ifminute),avg(seconds),sum(seconds)
1610612766,201587,Nicolas Batum,5.222222222222222,12.444444444444445,1.9722222222222223,5.583333333333333,3.361111111111111,4.0,0.9444444444444444,5.555555555555555,6.5,4.694444444444445,1.0,0.4722222222222222,2.888888888888889,1.5,15.777777777777779,2.1944444444444446,188.0,448.0,71.0,201.0,121.0,144.0,34.0,200.0,234.0,169.0,36.0,17.0,104.0,54.0,568.0,79.0,36,1972.361111111111,71005.0
1610612761,203461,Anthony Bennett,0.875,2.9375,0.4375,1.8125,1.0625,1.375,0.5625,1.9375,2.5,0.25,0.375,0.0,0.5,1.0625,3.25,-1.3125,14.0,47.0,7.0,29.0,17.0,22.0,9.0,31.0,40.0,4.0,6.0,0.0,8.0,17.0,52.0,-21.0,16,541.125,8658.0
1610612759,1938,Manu Ginobili,3.1358024691358026,7.037037037037037,1.123456790123457,3.1728395061728394,1.7777777777777777,2.432098765432099,0.4444444444444444,2.4691358024691357,2.9135802469135803,3.6296296296296298,1.0246913580246915,0.3333333333333333,1.9135802469135803,1.8518518518518519,9.17283950617284,5.2592592592592595,254.0,570.0,91.0,257.0,144.0,197.0,36.0,200.0,236.0,294.0,83.0,27.0,155.0,150.0,743.0,426.0,81,1191.0246913580247,96473.0
1610612754,1627292,Kadeem Jack,0.0,2.0,0.0,1.0,0.0,0.0,0.0,0.0,0.0,0.0,0.0,1.0,0.0,2.0,0.0,2.0,0.0,2.0,0.0,1.0,0.0,0.0,0.0,0.0,0.0,0.0,0.0,1.0,0.0,2.0,0.0,2.0,1,218.0,218.0
1610612742,2199,Tyson Chandler,3.7916666666666665,5.791666666666667,0.0,0.0,2.3541666666666665,3.4583333333333335,3.9583333333333335,7.208333333333333,11.166666666666666,0.9375,0.5625,1.1041666666666667,1.3125,2.4583333333333335,9.9375,0.25,182.0,278.0,0.0,0.0,113.0,166.0,190.0,346.0,536.0,45.0,27.0,53.0,63.0,118.0,477.0,12.0,48,1860.6458333333333,89311.0
