TEAM_ID,PLAYER_ID,PLAYER_NAME,avg(FGM),avg(FGA),avg(FG3M),avg(FG3A),avg(FTM),avg(FTA),avg(OREB),avg(DREB),avg(REB),avg(AST),avg(STL),avg(BLK),avg(TO),avg(PF),avg(PTS),avg(PLUS_MINUS),sum(FGM),sum(FGA),sum(FG3M),sum(FG3A),sum(FTM),sum(FTA),sum(OREB),sum(DREB),sum(REB),sum(AST),sum(STL),sum(BLK),sum(TO),sum(PF),sum(PTS),sum(PLUS_MINUS),sum(ifminute),avg(seconds),sum(seconds)
1610612755,203496,Robert Covington,4.246913580246914,11.037037037037036,2.308641975308642,6.691358024691358,2.3950617283950617,2.950617283950617,1.0246913580246915,3.962962962962963,4.987654320987654,1.728395061728395,1.7037037037037037,0.5185185185185185,2.259259259259259,3.0987654320987654,13.197530864197532,-2.617283950617284,344.0,894.0,187.0,542.0,194.0,239.0,83.0,321.0,404.0,140.0,138.0,42.0,183.0,251.0,1069.0,-212.0,81,1694.8395061728395,137282.0
1610612747,202325,Wesley Johnson,3.9545454545454546,9.659090909090908,1.0454545454545454,3.25,1.0909090909090908,1.4090909090909092,0.9090909090909091,3.5681818181818183,4.4772727272727275,1.6363636363636365,0.6818181818181818,0.4318181818181818,1.5,1.9772727272727273,10.045454545454545,-3.25,174.0,425.0,46.0,143.0,48.0,62.0,40.0,157.0,197.0,72.0,30.0,19.0,66.0,87.0,442.0,-143.0,44,1755.1136363636363,77225.0
