TEAM_ID,PLAYER_ID,PLAYER_NAME,avg(FGM),avg(FGA),avg(FG3M),avg(FG3A),avg(FTM),avg(FTA),avg(OREB),avg(DREB),avg(REB),avg(AST),avg(STL),avg(BLK),avg(TO),avg(PF),avg(PTS),avg(PLUS_MINUS),sum(FGM),sum(FGA),sum(FG3M),sum(FG3A),sum(FTM),sum(FTA),sum(OREB),sum(DREB),sum(REB),sum(AST),sum(STL),sum(BLK),sum(TO),sum(PF),sum(PTS),sum(PLUS_MINUS),sum(ifminute),avg(seconds),sum(seconds)
1610612747,201579,Roy Hibbert,2.275,5.3,0.0,0.05,2.225,2.7,1.975,4.35,6.325,1.575,0.35,1.625,1.225,3.1,6.775,-7.675,91.0,212.0,0.0,2.0,89.0,108.0,79.0,174.0,253.0,63.0,14.0,65.0,49.0,124.0,271.0,-307.0,40,1526.975,61079.0
1610612741,1626245,Cristiano Felicio,1.1428571428571428,1.8571428571428572,0.14285714285714285,0.14285714285714285,0.14285714285714285,0.2857142857142857,1.4285714285714286,0.8571428571428571,2.2857142857142856,0.5714285714285714,0.2857142857142857,0.14285714285714285,0.5714285714285714,0.8571428571428571,2.5714285714285716,-2.4285714285714284,8.0,13.0,1.0,1.0,1.0,2.0,10.0,6.0,16.0,4.0,2.0,1.0,4.0,6.0,18.0,-17.0,7,404.2857142857143,2830.0
1610612742,101114,Deron Williams,5.0,12.0,1.4814814814814814,4.222222222222222,2.962962962962963,3.185185185185185,0.2962962962962963,2.925925925925926,3.2222222222222223,5.703703703703703,1.1111111111111112,0.2222222222222222,2.2222222222222223,2.259259259259259,14.444444444444445,0.25925925925925924,135.0,324.0,40.0,114.0,80.0,86.0,8.0,79.0,87.0,154.0,30.0,6.0,60.0,61.0,390.0,7.0,27,1923.2222222222222,51927.0
1610612756,101122,Danny Granger,"","","","","","","","","","","","","","","","","","","","","","","","","","","","","","","","",0,"",""
