TEAM_ID,PLAYER_ID,PLAYER_NAME,avg(FGM),avg(FGA),avg(FG3M),avg(FG3A),avg(FTM),avg(FTA),avg(OREB),avg(DREB),avg(REB),avg(AST),avg(STL),avg(BLK),avg(TO),avg(PF),avg(PTS),avg(PLUS_MINUS),sum(FGM),sum(FGA),sum(FG3M),sum(FG3A),sum(FTM),sum(FTA),sum(OREB),sum(DREB),sum(REB),sum(AST),sum(STL),sum(BLK),sum(TO),sum(PF),sum(PTS),sum(PLUS_MINUS),sum(ifminute),avg(seconds),sum(seconds)
1610612744,201575,Brandon Rush,1.196078431372549,3.3333333333333335,0.6862745098039216,1.8627450980392157,0.3333333333333333,0.5686274509803921,0.3333333333333333,1.8627450980392157,2.196078431372549,0.5294117647058824,0.3137254901960784,0.2549019607843137,0.5294117647058824,0.9411764705882353,3.411764705882353,-2.450980392156863,61.0,170.0,35.0,95.0,17.0,29.0,17.0,95.0,112.0,27.0,16.0,13.0,27.0,48.0,174.0,-125.0,51,769.7254901960785,39256.0
1610612752,204038,Langston Galloway,3.6987951807228914,9.313253012048193,1.3132530120481927,3.4578313253012047,1.3253012048192772,1.6867469879518073,0.7108433734939759,3.2409638554216866,3.9518072289156625,2.927710843373494,1.0481927710843373,0.24096385542168675,1.0120481927710843,2.4698795180722892,10.036144578313253,-3.397590361445783,307.0,773.0,109.0,287.0,110.0,140.0,59.0,269.0,328.0,243.0,87.0,20.0,84.0,205.0,833.0,-282.0,83,1739.1686746987953,144351.0
1610612747,1897,Metta World Peace,1.5,4.636363636363637,0.7272727272727273,2.1363636363636362,1.0909090909090908,1.4545454545454546,0.45454545454545453,2.0454545454545454,2.5,1.0454545454545454,0.5,0.4090909090909091,0.5909090909090909,1.9090909090909092,4.818181818181818,0.13636363636363635,33.0,102.0,16.0,47.0,24.0,32.0,10.0,45.0,55.0,23.0,11.0,9.0,13.0,42.0,106.0,3.0,22,1005.8181818181819,22128.0
1610612737,2853,Earl Barron,1.0,2.0,0.25,0.75,0.0,0.0,0.0,2.0,2.0,0.5,0.25,0.0,0.5,0.5,2.25,-1.75,4.0,8.0,1.0,3.0,0.0,0.0,0.0,8.0,8.0,2.0,1.0,0.0,2.0,2.0,9.0,-7.0,4,425.25,1701.0
1610612755,203909,KJ McDaniels,3.1739130434782608,8.26086956521739,0.6956521739130435,2.4347826086956523,1.9130434782608696,2.5652173913043477,1.2173913043478262,2.652173913043478,3.869565217391304,1.608695652173913,0.7391304347826086,0.9565217391304348,2.0434782608695654,1.9130434782608696,8.956521739130435,-5.173913043478261,73.0,190.0,16.0,56.0,44.0,59.0,28.0,61.0,89.0,37.0,17.0,22.0,47.0,44.0,206.0,-119.0,23,1532.5217391304348,35248.0
