TEAM_ID,PLAYER_ID,PLAYER_NAME,avg(FGM),avg(FGA),avg(FG3M),avg(FG3A),avg(FTM),avg(FTA),avg(OREB),avg(DREB),avg(REB),avg(AST),avg(STL),avg(BLK),avg(TO),avg(PF),avg(PTS),avg(PLUS_MINUS),sum(FGM),sum(FGA),sum(FG3M),sum(FG3A),sum(FTM),sum(FTA),sum(OREB),sum(DREB),sum(REB),sum(AST),sum(STL),sum(BLK),sum(TO),sum(PF),sum(PTS),sum(PLUS_MINUS),sum(ifminute),avg(seconds),sum(seconds)
1610612744,201939,Stephen Curry,8.85981308411215,18.121495327102803,4.261682242990654,9.42056074766355,4.616822429906542,5.205607476635514,0.7570093457943925,3.7383177570093458,4.4953271028037385,7.02803738317757,1.9626168224299065,0.1588785046728972,3.3457943925233646,2.02803738317757,26.598130841121495,11.392523364485982,948.0,1939.0,456.0,1008.0,494.0,557.0,81.0,400.0,481.0,752.0,210.0,17.0,358.0,217.0,2846.0,1219.0,107,2031.6168224299065,217383.0
1610612749,203142,Chris Copeland,1.0952380952380953,3.1904761904761907,0.6190476190476191,2.142857142857143,0.6666666666666666,0.8095238095238095,0.09523809523809523,0.9047619047619048,1.0,0.6190476190476191,0.14285714285714285,0.0,0.23809523809523808,0.9047619047619048,3.4761904761904763,-3.5238095238095237,23.0,67.0,13.0,45.0,14.0,17.0,2.0,19.0,21.0,13.0,3.0,0.0,5.0,19.0,73.0,-74.0,21,591.2380952380952,12416.0
1610612742,203098,John Jenkins,3.238095238095238,7.142857142857143,0.7619047619047619,2.857142857142857,1.619047619047619,1.7619047619047619,0.3333333333333333,1.7619047619047619,2.0952380952380953,0.8095238095238095,0.23809523809523808,0.14285714285714285,1.2857142857142858,0.7142857142857143,8.857142857142858,-2.8095238095238093,68.0,150.0,16.0,60.0,34.0,37.0,7.0,37.0,44.0,17.0,5.0,3.0,27.0,15.0,186.0,-59.0,21,947.7142857142857,19902.0
1610612760,204075,Talib Zanna,0.6666666666666666,0.6666666666666666,0.0,0.0,0.6666666666666666,0.6666666666666666,1.0,0.6666666666666666,1.6666666666666667,0.0,0.3333333333333333,0.3333333333333333,0.0,0.3333333333333333,2.0,0.0,2.0,2.0,0.0,0.0,2.0,2.0,3.0,2.0,5.0,0.0,1.0,1.0,0.0,1.0,6.0,0.0,3,304.6666666666667,914.0
1610612746,2563,Dahntay Jones,0.18181818181818182,0.5227272727272727,0.0,0.09090909090909091,0.20454545454545456,0.25,0.022727272727272728,0.25,0.2727272727272727,0.045454545454545456,0.11363636363636363,0.0,0.022727272727272728,0.6818181818181818,0.5681818181818182,-1.8863636363636365,8.0,23.0,0.0,4.0,9.0,11.0,1.0,11.0,12.0,2.0,5.0,0.0,1.0,30.0,25.0,-83.0,44,192.22727272727272,8458.0
