TEAM_ID,PLAYER_ID,PLAYER_NAME,avg(FGM),avg(FGA),avg(FG3M),avg(FG3A),avg(FTM),avg(FTA),avg(OREB),avg(DREB),avg(REB),avg(AST),avg(STL),avg(BLK),avg(TO),avg(PF),avg(PTS),avg(PLUS_MINUS),sum(FGM),sum(FGA),sum(FG3M),sum(FG3A),sum(FTM),sum(FTA),sum(OREB),sum(DREB),sum(REB),sum(AST),sum(STL),sum(BLK),sum(TO),sum(PF),sum(PTS),sum(PLUS_MINUS),sum(ifminute),avg(seconds),sum(seconds)
1610612741,203200,Justin Holiday,2.3703703703703702,5.7407407407407405,0.9629629629629629,2.2222222222222223,0.8148148148148148,1.0,0.2962962962962963,2.037037037037037,2.3333333333333335,1.6666666666666667,0.7037037037037037,0.5555555555555556,0.9629629629629629,1.4814814814814814,6.518518518518518,-1.7777777777777777,64.0,155.0,26.0,60.0,22.0,27.0,8.0,55.0,63.0,45.0,19.0,15.0,26.0,40.0,176.0,-48.0,27,1133.4814814814815,30604.0
1610612751,202711,Bojan Bogdanovic,4.085365853658536,9.487804878048781,1.6219512195121952,4.304878048780488,1.4146341463414633,1.7073170731707317,0.4634146341463415,2.768292682926829,3.231707317073171,1.2926829268292683,0.36585365853658536,0.07317073170731707,1.4878048780487805,1.4878048780487805,11.207317073170731,-4.890243902439025,335.0,778.0,133.0,353.0,116.0,140.0,38.0,227.0,265.0,106.0,30.0,6.0,122.0,122.0,919.0,-401.0,82,1610.8902439024391,132093.0
1610612756,203485,Lorenzo Brown,1.0,3.125,0.125,1.0,0.375,0.5,0.0,0.875,0.875,1.375,0.375,0.125,1.125,0.5,2.5,-3.75,8.0,25.0,1.0,8.0,3.0,4.0,0.0,7.0,7.0,11.0,3.0,1.0,9.0,4.0,20.0,-30.0,8,455.5,3644.0
1610612739,204022,Jack Cooley,1.5,3.5,0.0,0.5,1.5,3.0,3.5,4.5,8.0,0.5,0.5,0.5,1.5,1.5,4.5,-0.5,3.0,7.0,0.0,1.0,3.0,6.0,7.0,9.0,16.0,1.0,1.0,1.0,3.0,3.0,9.0,-1.0,2,723.0,1446.0
