TEAM_ID,PLAYER_ID,PLAYER_NAME,avg(FGM),avg(FGA),avg(FG3M),avg(FG3A),avg(FTM),avg(FTA),avg(OREB),avg(DREB),avg(REB),avg(AST),avg(STL),avg(BLK),avg(TO),avg(PF),avg(PTS),avg(PLUS_MINUS),sum(FGM),sum(FGA),sum(FG3M),sum(FG3A),sum(FTM),sum(FTA),sum(OREB),sum(DREB),sum(REB),sum(AST),sum(STL),sum(BLK),sum(TO),sum(PF),sum(PTS),sum(PLUS_MINUS),sum(ifminute),avg(seconds),sum(seconds)
1610612740,202087,Alonzo Gee,1.5263157894736843,3.5,0.2631578947368421,0.8947368421052632,0.47368421052631576,0.5789473684210527,0.6052631578947368,2.236842105263158,2.8421052631578947,1.0263157894736843,0.8947368421052632,0.18421052631578946,0.7894736842105263,2.5789473684210527,3.789473684210526,-4.7105263157894735,58.0,133.0,10.0,34.0,18.0,22.0,23.0,85.0,108.0,39.0,34.0,7.0,30.0,98.0,144.0,-179.0,38,1256.3684210526317,47742.0
1610612756,203928,Cory Jefferson,0.9090909090909091,1.9090909090909092,0.0,0.09090909090909091,0.18181818181818182,0.45454545454545453,0.18181818181818182,1.3636363636363635,1.5454545454545454,0.09090909090909091,0.09090909090909091,0.45454545454545453,0.0,0.8181818181818182,2.0,-0.36363636363636365,10.0,21.0,0.0,1.0,2.0,5.0,2.0,15.0,17.0,1.0,1.0,5.0,0.0,9.0,22.0,-4.0,11,286.72727272727275,3154.0
1610612738,202323,Evan Turner,3.978723404255319,9.52127659574468,0.35106382978723405,1.5106382978723405,1.4680851063829787,1.946808510638298,0.5319148936170213,4.76595744680851,5.297872340425532,5.414893617021277,0.9893617021276596,0.2553191489361702,2.3085106382978724,1.9574468085106382,9.77659574468085,-0.10638297872340426,374.0,895.0,33.0,142.0,138.0,183.0,50.0,448.0,498.0,509.0,93.0,24.0,217.0,184.0,919.0,-10.0,94,1686.7340425531916,158553.0
