TEAM_ID,PLAYER_ID,PLAYER_NAME,avg(FGM),avg(FGA),avg(FG3M),avg(FG3A),avg(FTM),avg(FTA),avg(OREB),avg(DREB),avg(REB),avg(AST),avg(STL),avg(BLK),avg(TO),avg(PF),avg(PTS),avg(PLUS_MINUS),sum(FGM),sum(FGA),sum(FG3M),sum(FG3A),sum(FTM),sum(FTA),sum(OREB),sum(DREB),sum(REB),sum(AST),sum(STL),sum(BLK),sum(TO),sum(PF),sum(PTS),sum(PLUS_MINUS),sum(ifminute),avg(seconds),sum(seconds)
1610612743,203999,Nikola Jokic,3.736842105263158,6.473684210526316,0.21052631578947367,0.5263157894736842,1.894736842105263,2.5526315789473686,2.1578947368421053,3.289473684210526,5.447368421052632,1.1578947368421053,0.8157894736842105,0.5263157894736842,1.3157894736842106,2.3421052631578947,9.578947368421053,2.1578947368421053,142.0,246.0,8.0,20.0,72.0,97.0,82.0,125.0,207.0,44.0,31.0,20.0,50.0,89.0,364.0,82.0,38,1159.6842105263158,44068.0
1610612755,203917,Nik Stauskas,2.4516129032258065,7.096774193548387,1.2903225806451613,4.516129032258065,0.7419354838709677,1.096774193548387,0.1935483870967742,1.935483870967742,2.129032258064516,1.6129032258064515,0.6129032258064516,0.3870967741935484,1.1935483870967742,1.3225806451612903,6.935483870967742,-7.064516129032258,76.0,220.0,40.0,140.0,23.0,34.0,6.0,60.0,66.0,50.0,19.0,12.0,37.0,41.0,215.0,-219.0,31,1358.967741935484,42128.0
1610612764,203315,Toure' Murry,0.7142857142857143,1.2857142857142858,0.0,0.14285714285714285,0.8571428571428571,0.8571428571428571,0.2857142857142857,0.2857142857142857,0.5714285714285714,0.14285714285714285,0.14285714285714285,0.0,1.4285714285714286,1.0,2.2857142857142856,-2.7142857142857144,5.0,9.0,0.0,1.0,6.0,6.0,2.0,2.0,4.0,1.0,1.0,0.0,10.0,7.0,16.0,-19.0,7,342.2857142857143,2396.0
1610612761,201880,Greg Stiemsma,0.3,0.4,0.0,0.0,0.1,0.4,0.1,0.3,0.4,0.1,0.1,0.0,0.3,0.1,0.7,-2.0,3.0,4.0,0.0,0.0,1.0,4.0,1.0,3.0,4.0,1.0,1.0,0.0,3.0,1.0,7.0,-20.0,10,145.4,1454.0
