PLAYER_ID,PLAYER_NAME,avg(FGM),avg(FGA),avg(FG3M),avg(FG3A),avg(FTM),avg(FTA),avg(OREB),avg(DREB),avg(REB),avg(AST),avg(STL),avg(BLK),avg(TO),avg(PF),avg(PTS),avg(PLUS_MINUS),sum(FGM),sum(FGA),sum(FG3M),sum(FG3A),sum(FTM),sum(FTA),sum(OREB),sum(DREB),sum(REB),sum(AST),sum(STL),sum(BLK),sum(TO),sum(PF),sum(PTS),sum(PLUS_MINUS),sum(ifminute),avg(seconds),sum(seconds)
1627815,Sheldon Mac,1.0714285714285714,2.5238095238095237,0.23809523809523808,1.0238095238095237,0.9285714285714286,1.119047619047619,0.14285714285714285,0.9761904761904762,1.119047619047619,0.5238095238095238,0.2857142857142857,0.047619047619047616,0.23809523809523808,0.5714285714285714,3.3095238095238093,-1.0,45.0,106.0,10.0,43.0,39.0,47.0,6.0,41.0,47.0,22.0,12.0,2.0,10.0,24.0,139.0,-42.0,42,541.8571428571429,22758.0
203894,Shabazz Napier,1.532258064516129,3.774193548387097,0.7419354838709677,1.8709677419354838,0.9193548387096774,1.2258064516129032,0.16129032258064516,1.0483870967741935,1.2096774193548387,1.1774193548387097,0.6129032258064516,0.03225806451612903,0.8064516129032258,0.8064516129032258,4.725806451612903,0.12903225806451613,95.0,234.0,46.0,116.0,57.0,76.0,10.0,65.0,75.0,73.0,38.0,2.0,50.0,50.0,293.0,8.0,62,615.5483870967741,38164.0
