PLAYER_ID,PLAYER_NAME,avg(FGM),avg(FGA),avg(FG3M),avg(FG3A),avg(FTM),avg(FTA),avg(OREB),avg(DREB),avg(REB),avg(AST),avg(STL),avg(BLK),avg(TO),avg(PF),avg(PTS),avg(PLUS_MINUS),sum(FGM),sum(FGA),sum(FG3M),sum(FG3A),sum(FTM),sum(FTA),sum(OREB),sum(DREB),sum(REB),sum(AST),sum(STL),sum(BLK),sum(TO),sum(PF),sum(PTS),sum(PLUS_MINUS),sum(ifminute),avg(seconds),sum(seconds)
203895,Jordan McRae,2.0,4.96,0.5,1.18,1.22,1.58,0.16,1.26,1.42,1.16,0.26,0.12,0.72,0.92,5.72,-0.16,100.0,248.0,25.0,59.0,61.0,79.0,8.0,63.0,71.0,58.0,13.0,6.0,36.0,46.0,286.0,-8.0,50,695.68,34784.0
203382,Aron Baynes,2.25,4.423913043478261,0.0,0.010869565217391304,1.641304347826087,2.010869565217391,1.4782608695652173,3.119565217391304,4.5978260869565215,0.4891304347826087,0.2826086956521739,0.5652173913043478,0.8369565217391305,2.032608695652174,6.141304347826087,0.5978260869565217,207.0,407.0,0.0,1.0,151.0,185.0,136.0,287.0,423.0,45.0,26.0,52.0,77.0,187.0,565.0,55.0,92,965.4130434782609,88818.0
