PLAYER_ID,PLAYER_NAME,avg(FGM),avg(FGA),avg(FG3M),avg(FG3A),avg(FTM),avg(FTA),avg(OREB),avg(DREB),avg(REB),avg(AST),avg(STL),avg(BLK),avg(TO),avg(PF),avg(PTS),avg(PLUS_MINUS),sum(FGM),sum(FGA),sum(FG3M),sum(FG3A),sum(FTM),sum(FTA),sum(OREB),sum(DREB),sum(REB),sum(AST),sum(STL),sum(BLK),sum(TO),sum(PF),sum(PTS),sum(PLUS_MINUS),sum(ifminute),avg(seconds),sum(seconds)
1626164,Devin Booker,6.6117647058823525,16.105882352941176,1.6235294117647059,5.117647058823529,3.764705882352941,4.470588235294118,0.49411764705882355,2.588235294117647,3.0823529411764707,3.4235294117647057,0.8588235294117647,0.2823529411764706,2.6705882352941175,3.458823529411765,18.611764705882354,-5.529411764705882,562.0,1369.0,138.0,435.0,320.0,380.0,42.0,220.0,262.0,291.0,73.0,24.0,227.0,294.0,1582.0,-470.0,85,2026.0823529411764,172217.0
202962,Greg Smith,1.0,1.7777777777777777,0.0,0.0,0.3888888888888889,0.9444444444444444,0.6666666666666666,1.6666666666666667,2.3333333333333335,0.3333333333333333,0.2222222222222222,0.05555555555555555,0.3888888888888889,1.5555555555555556,2.388888888888889,-4.277777777777778,18.0,32.0,0.0,0.0,7.0,17.0,12.0,30.0,42.0,6.0,4.0,1.0,7.0,28.0,43.0,-77.0,18,639.8333333333334,11517.0
