PLAYER_ID,PLAYER_NAME,avg(FGM),avg(FGA),avg(FG3M),avg(FG3A),avg(FTM),avg(FTA),avg(OREB),avg(DREB),avg(REB),avg(AST),avg(STL),avg(BLK),avg(TO),avg(PF),avg(PTS),avg(PLUS_MINUS),sum(FGM),sum(FGA),sum(FG3M),sum(FG3A),sum(FTM),sum(FTA),sum(OREB),sum(DREB),sum(REB),sum(AST),sum(STL),sum(BLK),sum(TO),sum(PF),sum(PTS),sum(PLUS_MINUS),sum(ifminute),avg(seconds),sum(seconds)
203080,Thomas Robinson,1.8888888888888888,4.208333333333333,0.0,0.013888888888888888,0.7777777777777778,1.7638888888888888,2.1666666666666665,3.3194444444444446,5.486111111111111,0.75,0.5694444444444444,0.3888888888888889,0.9305555555555556,1.6805555555555556,4.555555555555555,-4.430555555555555,136.0,303.0,0.0,1.0,56.0,127.0,156.0,239.0,395.0,54.0,41.0,28.0,67.0,121.0,328.0,-319.0,72,806.1944444444445,58046.0
