PLAYER_ID,PLAYER_NAME,avg(FGM),avg(FGA),avg(FG3M),avg(FG3A),avg(FTM),avg(FTA),avg(OREB),avg(DREB),avg(REB),avg(AST),avg(STL),avg(BLK),avg(TO),avg(PF),avg(PTS),avg(PLUS_MINUS),sum(FGM),sum(FGA),sum(FG3M),sum(FG3A),sum(FTM),sum(FTA),sum(OREB),sum(DREB),sum(REB),sum(AST),sum(STL),sum(BLK),sum(TO),sum(PF),sum(PTS),sum(PLUS_MINUS),sum(ifminute),avg(seconds),sum(seconds)
201150,Spencer Hawes,2.4285714285714284,5.174603174603175,0.4603174603174603,1.5396825396825398,0.6984126984126984,0.8253968253968254,0.7301587301587301,2.8253968253968256,3.5555555555555554,1.6666666666666667,0.2698412698412698,0.5396825396825397,0.9682539682539683,1.492063492063492,6.015873015873016,-2.634920634920635,153.0,326.0,29.0,97.0,44.0,52.0,46.0,178.0,224.0,105.0,17.0,34.0,61.0,94.0,379.0,-166.0,63,897.2857142857143,56529.0
203584,Troy Daniels,2.4805194805194803,6.805194805194805,1.8311688311688312,4.8311688311688314,0.5584415584415584,0.7012987012987013,0.3246753246753247,1.0909090909090908,1.4155844155844155,0.6493506493506493,0.2987012987012987,0.05194805194805195,0.6363636363636364,1.2857142857142858,7.35064935064935,1.2207792207792207,191.0,524.0,141.0,372.0,43.0,54.0,25.0,84.0,109.0,50.0,23.0,4.0,49.0,99.0,566.0,94.0,77,1008.3246753246754,77641.0
2749,Jameer Nelson,3.426829268292683,7.865853658536586,1.3658536585365855,3.597560975609756,0.5609756097560976,0.7926829268292683,0.4024390243902439,2.048780487804878,2.451219512195122,4.951219512195122,0.6951219512195121,0.0975609756097561,1.6585365853658536,2.5365853658536586,8.78048780487805,1.3780487804878048,281.0,645.0,112.0,295.0,46.0,65.0,33.0,168.0,201.0,406.0,57.0,8.0,136.0,208.0,720.0,113.0,82,1607.2682926829268,131796.0
1627873,Shawn Dawson,0.6666666666666666,1.3333333333333333,0.0,0.3333333333333333,0.3333333333333333,0.6666666666666666,0.3333333333333333,0.3333333333333333,0.6666666666666666,0.6666666666666666,0.0,0.0,0.0,0.6666666666666666,1.6666666666666667,-3.0,2.0,4.0,0.0,1.0,1.0,2.0,1.0,1.0,2.0,2.0,0.0,0.0,0.0,2.0,5.0,-9.0,3,200.66666666666666,602.0
1627732,Ben Simmons,"","","","","","","","","","","","","","","","","","","","","","","","","","","","","","","","",0,"",""
