PLAYER_ID,PLAYER_NAME,avg(FGM),avg(FGA),avg(FG3M),avg(FG3A),avg(FTM),avg(FTA),avg(OREB),avg(DREB),avg(REB),avg(AST),avg(STL),avg(BLK),avg(TO),avg(PF),avg(PTS),avg(PLUS_MINUS),sum(FGM),sum(FGA),sum(FG3M),sum(FG3A),sum(FTM),sum(FTA),sum(OREB),sum(DREB),sum(REB),sum(AST),sum(STL),sum(BLK),sum(TO),sum(PF),sum(PTS),sum(PLUS_MINUS),sum(ifminute),avg(seconds),sum(seconds)
201188,Marc Gasol,6.655172413793103,14.982758620689655,0.9482758620689655,2.293103448275862,3.5344827586206895,4.344827586206897,0.8448275862068966,4.948275862068965,5.793103448275862,3.7413793103448274,1.0862068965517242,1.4655172413793103,1.9310344827586208,2.3793103448275863,17.79310344827586,2.086206896551724,386.0,869.0,55.0,133.0,205.0,252.0,49.0,287.0,336.0,217.0,63.0,85.0,112.0,138.0,1032.0,121.0,58,1929.8620689655172,111932.0
2199,Tyson Chandler,3.235294117647059,5.073529411764706,0.0,0.0,1.6323529411764706,2.6323529411764706,2.9411764705882355,7.205882352941177,10.147058823529411,0.9117647058823529,0.5735294117647058,0.5588235294117647,1.5735294117647058,2.5441176470588234,8.102941176470589,-4.632352941176471,220.0,345.0,0.0,0.0,111.0,179.0,200.0,490.0,690.0,62.0,39.0,38.0,107.0,173.0,551.0,-315.0,68,1573.1617647058824,106975.0
203490,Otto Porter Jr.,4.858823529411764,9.447058823529412,1.4823529411764707,3.5647058823529414,1.0470588235294118,1.3647058823529412,1.3764705882352941,4.341176470588235,5.7176470588235295,1.3411764705882352,1.423529411764706,0.5176470588235295,0.7647058823529411,2.2705882352941176,12.24705882352941,1.6470588235294117,413.0,803.0,126.0,303.0,89.0,116.0,117.0,369.0,486.0,114.0,121.0,44.0,65.0,193.0,1041.0,140.0,85,1833.3294117647058,155833.0
1626213,Yanick Moreira,"","","","","","","","","","","","","","","","","","","","","","","","","","","","","","","","",0,"",""
1627782,Wayne Selden,2.8,8.4,1.8,5.0,0.6,1.2,0.4,3.0,3.4,2.0,0.8,0.4,1.4,1.0,8.0,3.6,14.0,42.0,9.0,25.0,3.0,6.0,2.0,15.0,17.0,10.0,4.0,2.0,7.0,5.0,40.0,18.0,5,1117.6,5588.0
203111,Orlando Johnson,1.3333333333333333,4.583333333333333,0.4166666666666667,1.5,0.75,1.0,0.4166666666666667,2.3333333333333335,2.75,0.5833333333333334,0.4166666666666667,0.3333333333333333,0.6666666666666666,1.25,3.8333333333333335,-6.083333333333333,16.0,55.0,5.0,18.0,9.0,12.0,5.0,28.0,33.0,7.0,5.0,4.0,8.0,15.0,46.0,-73.0,12,883.8333333333334,10606.0
1627816,Alex Poythress,0.0,0.5,0.0,0.5,0.5,2.0,0.0,0.0,0.0,0.5,0.0,0.5,0.0,0.5,0.5,2.0,0.0,1.0,0.0,1.0,1.0,4.0,0.0,0.0,0.0,1.0,0.0,1.0,0.0,1.0,1.0,4.0,2,216.5,433.0
