PLAYER_ID,PLAYER_NAME,avg(FGM),avg(FGA),avg(FG3M),avg(FG3A),avg(FTM),avg(FTA),avg(OREB),avg(DREB),avg(REB),avg(AST),avg(STL),avg(BLK),avg(TO),avg(PF),avg(PTS),avg(PLUS_MINUS),sum(FGM),sum(FGA),sum(FG3M),sum(FG3A),sum(FTM),sum(FTA),sum(OREB),sum(DREB),sum(REB),sum(AST),sum(STL),sum(BLK),sum(TO),sum(PF),sum(PTS),sum(PLUS_MINUS),sum(ifminute),avg(seconds),sum(seconds)
1627755,Tyler Ulis,1.5384615384615385,3.730769230769231,0.19230769230769232,0.5,0.8846153846153846,1.1923076923076923,0.23076923076923078,0.7692307692307693,1.0,1.5769230769230769,0.9230769230769231,0.038461538461538464,0.9615384615384616,1.0769230769230769,4.153846153846154,1.0769230769230769,40.0,97.0,5.0,13.0,23.0,31.0,6.0,20.0,26.0,41.0,24.0,1.0,25.0,28.0,108.0,28.0,26,648.6153846153846,16864.0
201961,Wayne Ellington,3.515151515151515,8.954545454545455,1.7878787878787878,5.045454545454546,0.803030303030303,0.9242424242424242,0.2878787878787879,2.1515151515151514,2.4393939393939394,1.4393939393939394,0.6515151515151515,0.07575757575757576,0.6060606060606061,1.3484848484848484,9.621212121212121,-2.757575757575758,232.0,591.0,118.0,333.0,53.0,61.0,19.0,142.0,161.0,95.0,43.0,5.0,40.0,89.0,635.0,-182.0,66,1536.1969696969697,101389.0
202738,Isaiah Thomas,7.65934065934066,17.516483516483518,2.197802197802198,6.087912087912088,6.604395604395604,7.582417582417582,0.5274725274725275,2.21978021978022,2.7472527472527473,5.637362637362638,0.8901098901098901,0.1978021978021978,2.4505494505494507,2.1868131868131866,24.12087912087912,1.956043956043956,697.0,1594.0,200.0,554.0,601.0,690.0,48.0,202.0,250.0,513.0,81.0,18.0,223.0,199.0,2195.0,178.0,91,1924.5164835164835,175131.0
2446,Rasual Butler,1.0740740740740742,2.259259259259259,0.25925925925925924,1.0,0.2222222222222222,0.2962962962962963,0.14814814814814814,0.9629629629629629,1.1111111111111112,0.4444444444444444,0.25925925925925924,0.4444444444444444,0.14814814814814814,0.4444444444444444,2.6296296296296298,-0.4444444444444444,29.0,61.0,7.0,27.0,6.0,8.0,4.0,26.0,30.0,12.0,7.0,12.0,4.0,12.0,71.0,-12.0,27,571.8888888888889,15441.0
1627902,Jaleel Cousins,"","","","","","","","","","","","","","","","","","","","","","","","","","","","","","","","",0,"",""
