PLAYER_ID,PLAYER_NAME,avg(FGM),avg(FGA),avg(FG3M),avg(FG3A),avg(FTM),avg(FTA),avg(OREB),avg(DREB),avg(REB),avg(AST),avg(STL),avg(BLK),avg(TO),avg(PF),avg(PTS),avg(PLUS_MINUS),sum(FGM),sum(FGA),sum(FG3M),sum(FG3A),sum(FTM),sum(FTA),sum(OREB),sum(DREB),sum(REB),sum(AST),sum(STL),sum(BLK),sum(TO),sum(PF),sum(PTS),sum(PLUS_MINUS),sum(ifminute),avg(seconds),sum(seconds)
202726,Andrew Goudelock,1.2,2.6,0.1,1.0,0.3,0.4,0.1,0.3,0.4,0.4,0.6,0.2,1.0,0.4,2.8,0.6,12.0,26.0,1.0,10.0,3.0,4.0,1.0,3.0,4.0,4.0,6.0,2.0,10.0,4.0,28.0,6.0,10,366.7,3667.0
201171,Carl Landry,3.9393939393939394,7.0,0.18181818181818182,0.3939393939393939,1.7878787878787878,2.4545454545454546,1.3636363636363635,2.6666666666666665,4.03030303030303,0.9393939393939394,0.30303030303030304,0.24242424242424243,0.5757575757575758,1.9696969696969697,9.848484848484848,-3.8181818181818183,130.0,231.0,6.0,13.0,59.0,81.0,45.0,88.0,133.0,31.0,10.0,8.0,19.0,65.0,325.0,-126.0,33,954.8181818181819,31509.0
