PLAYER_ID,PLAYER_NAME,avg(FGM),avg(FGA),avg(FG3M),avg(FG3A),avg(FTM),avg(FTA),avg(OREB),avg(DREB),avg(REB),avg(AST),avg(STL),avg(BLK),avg(TO),avg(PF),avg(PTS),avg(PLUS_MINUS),sum(FGM),sum(FGA),sum(FG3M),sum(FG3A),sum(FTM),sum(FTA),sum(OREB),sum(DREB),sum(REB),sum(AST),sum(STL),sum(BLK),sum(TO),sum(PF),sum(PTS),sum(PLUS_MINUS),sum(ifminute),avg(seconds),sum(seconds)
202066,Garrett Temple,2.6136363636363638,6.340909090909091,1.2613636363636365,3.2954545454545454,0.9545454545454546,1.2045454545454546,0.5227272727272727,2.2045454545454546,2.727272727272727,2.022727272727273,0.8863636363636364,0.3409090909090909,0.9090909090909091,2.352272727272727,7.443181818181818,-1.2727272727272727,230.0,558.0,111.0,290.0,84.0,106.0,46.0,194.0,240.0,178.0,78.0,30.0,80.0,207.0,655.0,-112.0,88,1519.9886363636363,133759.0
101161,Amir Johnson,2.8210526315789473,4.842105263157895,0.14736842105263157,0.5052631578947369,0.9789473684210527,1.5157894736842106,2.1157894736842104,3.7157894736842105,5.831578947368421,1.8,0.6210526315789474,0.7578947368421053,1.0,2.6526315789473682,6.768421052631579,1.2,268.0,460.0,14.0,48.0,93.0,144.0,201.0,353.0,554.0,171.0,59.0,72.0,95.0,252.0,643.0,114.0,95,1268.6842105263158,120525.0
