PLAYER_ID,PLAYER_NAME,avg(FGM),avg(FGA),avg(FG3M),avg(FG3A),avg(FTM),avg(FTA),avg(OREB),avg(DREB),avg(REB),avg(AST),avg(STL),avg(BLK),avg(TO),avg(PF),avg(PTS),avg(PLUS_MINUS),sum(FGM),sum(FGA),sum(FG3M),sum(FG3A),sum(FTM),sum(FTA),sum(OREB),sum(DREB),sum(REB),sum(AST),sum(STL),sum(BLK),sum(TO),sum(PF),sum(PTS),sum(PLUS_MINUS),sum(ifminute),avg(seconds),sum(seconds)
201147,Corey Brewer,1.75,4.215909090909091,0.32954545454545453,1.4659090909090908,0.6136363636363636,0.8636363636363636,0.375,1.75,2.125,1.1931818181818181,0.7840909090909091,0.23863636363636365,0.6590909090909091,1.5909090909090908,4.443181818181818,1.1931818181818181,154.0,371.0,29.0,129.0,54.0,76.0,33.0,154.0,187.0,105.0,69.0,21.0,58.0,140.0,391.0,105.0,88,938.4204545454545,82581.0
1627812,Yogi Ferrell,3.326530612244898,8.183673469387756,1.4285714285714286,3.673469387755102,1.6122448979591837,1.9387755102040816,0.42857142857142855,1.8979591836734695,2.326530612244898,3.6122448979591835,0.8979591836734694,0.1836734693877551,1.530612244897959,1.8571428571428572,9.693877551020408,-2.3469387755102042,163.0,401.0,70.0,180.0,79.0,95.0,21.0,93.0,114.0,177.0,44.0,9.0,75.0,91.0,475.0,-115.0,49,1500.9591836734694,73547.0
