PLAYER_ID,PLAYER_NAME,avg(FGM),avg(FGA),avg(FG3M),avg(FG3A),avg(FTM),avg(FTA),avg(OREB),avg(DREB),avg(REB),avg(AST),avg(STL),avg(BLK),avg(TO),avg(PF),avg(PTS),avg(PLUS_MINUS),sum(FGM),sum(FGA),sum(FG3M),sum(FG3A),sum(FTM),sum(FTA),sum(OREB),sum(DREB),sum(REB),sum(AST),sum(STL),sum(BLK),sum(TO),sum(PF),sum(PTS),sum(PLUS_MINUS),sum(ifminute),avg(seconds),sum(seconds)
201575,Brandon Rush,1.6296296296296295,4.203703703703703,1.037037037037037,2.4814814814814814,0.2777777777777778,0.37037037037037035,0.35185185185185186,1.7962962962962963,2.1481481481481484,0.9814814814814815,0.5185185185185185,0.5,0.6111111111111112,0.9259259259259259,4.574074074074074,-0.16666666666666666,88.0,227.0,56.0,134.0,15.0,20.0,19.0,97.0,116.0,53.0,28.0,27.0,33.0,50.0,247.0,-9.0,54,1315.0,71010.0
203143,Pablo Prigioni,1.75,3.5,1.25,2.25,0.75,1.0,0.0,0.5,0.5,1.25,0.0,0.0,0.75,1.25,5.5,3.25,7.0,14.0,5.0,9.0,3.0,4.0,0.0,2.0,2.0,5.0,0.0,0.0,3.0,5.0,22.0,13.0,4,599.25,2397.0
1627760,Cat Barber,2.5,6.0,0.0,0.0,0.5,1.0,0.0,1.5,1.5,1.5,0.0,0.0,0.5,0.5,5.5,-1.5,5.0,12.0,0.0,0.0,1.0,2.0,0.0,3.0,3.0,3.0,0.0,0.0,1.0,1.0,11.0,-3.0,2,585.5,1171.0
204037,Travis Wear,0.5,2.0,0.5,2.0,0.0,0.0,0.5,0.5,1.0,0.0,0.0,0.0,0.5,1.0,1.5,-3.0,1.0,4.0,1.0,4.0,0.0,0.0,1.0,1.0,2.0,0.0,0.0,0.0,1.0,2.0,3.0,-6.0,2,329.0,658.0
