PLAYER_ID,PLAYER_NAME,avg(FGM),avg(FGA),avg(FG3M),avg(FG3A),avg(FTM),avg(FTA),avg(OREB),avg(DREB),avg(REB),avg(AST),avg(STL),avg(BLK),avg(TO),avg(PF),avg(PTS),avg(PLUS_MINUS),sum(FGM),sum(FGA),sum(FG3M),sum(FG3A),sum(FTM),sum(FTA),sum(OREB),sum(DREB),sum(REB),sum(AST),sum(STL),sum(BLK),sum(TO),sum(PF),sum(PTS),sum(PLUS_MINUS),sum(ifminute),avg(seconds),sum(seconds)
200794,Paul Millsap,6.294871794871795,14.128205128205128,1.0256410256410255,3.41025641025641,4.6923076923076925,6.064102564102564,1.5769230769230769,6.256410256410256,7.833333333333333,3.769230769230769,1.3076923076923077,0.8461538461538461,2.41025641025641,2.730769230769231,18.307692307692307,2.076923076923077,491.0,1102.0,80.0,266.0,366.0,473.0,123.0,488.0,611.0,294.0,102.0,66.0,188.0,213.0,1428.0,162.0,78,2026.1538461538462,158040.0
203530,Joffrey Lauvergne,2.142857142857143,4.8441558441558445,0.44155844155844154,1.3636363636363635,0.7922077922077922,1.1818181818181819,1.0389610389610389,2.6103896103896105,3.6493506493506493,1.025974025974026,0.35064935064935066,0.09090909090909091,0.8311688311688312,1.2467532467532467,5.51948051948052,-0.935064935064935,165.0,373.0,34.0,105.0,61.0,91.0,80.0,201.0,281.0,79.0,27.0,7.0,64.0,96.0,425.0,-72.0,77,850.5584415584416,65493.0
