PLAYER_ID,PLAYER_NAME,avg(FGM),avg(FGA),avg(FG3M),avg(FG3A),avg(FTM),avg(FTA),avg(OREB),avg(DREB),avg(REB),avg(AST),avg(STL),avg(BLK),avg(TO),avg(PF),avg(PTS),avg(PLUS_MINUS),sum(FGM),sum(FGA),sum(FG3M),sum(FG3A),sum(FTM),sum(FTA),sum(OREB),sum(DREB),sum(REB),sum(AST),sum(STL),sum(BLK),sum(TO),sum(PF),sum(PTS),sum(PLUS_MINUS),sum(ifminute),avg(seconds),sum(seconds)
201601,Luc Mbah a Moute,1.839080459770115,3.7011494252873565,0.3333333333333333,0.9425287356321839,0.6666666666666666,1.1149425287356323,0.6551724137931034,1.7126436781609196,2.367816091954023,0.4367816091954023,0.8735632183908046,0.3333333333333333,0.5977011494252874,1.5517241379310345,4.67816091954023,2.6551724137931036,160.0,322.0,29.0,82.0,58.0,97.0,57.0,149.0,206.0,38.0,76.0,29.0,52.0,135.0,407.0,231.0,87,1251.632183908046,108892.0
203461,Anthony Bennett,1.3888888888888888,3.7222222222222223,0.4722222222222222,1.8333333333333333,1.1388888888888888,1.5555555555555556,0.8333333333333334,1.8333333333333333,2.6666666666666665,0.3888888888888889,0.3055555555555556,0.08333333333333333,0.3888888888888889,0.6666666666666666,4.388888888888889,-2.4444444444444446,50.0,134.0,17.0,66.0,41.0,56.0,30.0,66.0,96.0,14.0,11.0,3.0,14.0,24.0,158.0,-88.0,36,624.0833333333334,22467.0
202933,Julyan Stone,0.0,0.8,0.0,0.8,0.2,0.4,0.0,2.0,2.0,1.6,0.8,0.4,0.2,1.4,0.2,0.2,0.0,4.0,0.0,4.0,1.0,2.0,0.0,10.0,10.0,8.0,4.0,2.0,1.0,7.0,1.0,1.0,5,565.4,2827.0
1627732,Ben Simmons,"","","","","","","","","","","","","","","","","","","","","","","","","","","","","","","","",0,"",""
1627829,Julian Jacobs,0.5,1.5,0.0,0.0,0.5,1.5,0.0,0.0,0.0,1.0,0.0,0.0,1.0,1.5,1.5,-3.0,1.0,3.0,0.0,0.0,1.0,3.0,0.0,0.0,0.0,2.0,0.0,0.0,2.0,3.0,3.0,-6.0,2,329.0,658.0
