PLAYER_ID,PLAYER_NAME,avg(FGM),avg(FGA),avg(FG3M),avg(FG3A),avg(FTM),avg(FTA),avg(OREB),avg(DREB),avg(REB),avg(AST),avg(STL),avg(BLK),avg(TO),avg(PF),avg(PTS),avg(PLUS_MINUS),sum(FGM),sum(FGA),sum(FG3M),sum(FG3A),sum(FTM),sum(FTA),sum(OREB),sum(DREB),sum(REB),sum(AST),sum(STL),sum(BLK),sum(TO),sum(PF),sum(PTS),sum(PLUS_MINUS),sum(ifminute),avg(seconds),sum(seconds)
201959,Taj Gibson,4.63855421686747,8.614457831325302,0.0,0.03614457831325301,1.5301204819277108,2.144578313253012,2.6265060240963853,4.397590361445783,7.024096385542169,1.3253012048192772,0.6506024096385542,1.072289156626506,1.2891566265060241,2.4457831325301207,10.80722891566265,-1.0963855421686748,385.0,715.0,0.0,3.0,127.0,178.0,218.0,365.0,583.0,110.0,54.0,89.0,107.0,203.0,897.0,-91.0,83,1645.2168674698796,136553.0
201202,Joel Anthony,0.8823529411764706,1.5294117647058822,0.0,0.058823529411764705,0.35294117647058826,0.47058823529411764,0.5294117647058824,1.3529411764705883,1.8823529411764706,0.17647058823529413,0.17647058823529413,1.1176470588235294,0.35294117647058826,0.7058823529411765,2.1176470588235294,-0.8823529411764706,15.0,26.0,0.0,1.0,6.0,8.0,9.0,23.0,32.0,3.0,3.0,19.0,6.0,12.0,36.0,-15.0,17,508.4117647058824,8643.0
