PLAYER_ID,PLAYER_NAME,avg(FGM),avg(FGA),avg(FG3M),avg(FG3A),avg(FTM),avg(FTA),avg(OREB),avg(DREB),avg(REB),avg(AST),avg(STL),avg(BLK),avg(TO),avg(PF),avg(PTS),avg(PLUS_MINUS),sum(FGM),sum(FGA),sum(FG3M),sum(FG3A),sum(FTM),sum(FTA),sum(OREB),sum(DREB),sum(REB),sum(AST),sum(STL),sum(BLK),sum(TO),sum(PF),sum(PTS),sum(PLUS_MINUS),sum(ifminute),avg(seconds),sum(seconds)
1627763,Malcolm Brogdon,3.735632183908046,8.402298850574713,1.0574712643678161,2.6551724137931036,1.3448275862068966,1.5402298850574712,0.6206896551724138,2.3563218390804597,2.9770114942528734,4.057471264367816,1.0804597701149425,0.1839080459770115,1.5517241379310345,1.8850574712643677,9.873563218390805,0.5632183908045977,325.0,731.0,92.0,231.0,117.0,134.0,54.0,205.0,259.0,353.0,94.0,16.0,135.0,164.0,859.0,49.0,87,1599.287356321839,139138.0
1627739,Kris Dunn,1.5294117647058822,4.305882352941176,0.25882352941176473,0.9764705882352941,0.5058823529411764,0.8235294117647058,0.3176470588235294,1.9058823529411764,2.223529411764706,2.5294117647058822,1.0823529411764705,0.4470588235294118,1.2588235294117647,2.3529411764705883,3.823529411764706,-1.776470588235294,130.0,366.0,22.0,83.0,43.0,70.0,27.0,162.0,189.0,215.0,92.0,38.0,107.0,200.0,325.0,-151.0,85,1053.4470588235295,89543.0
1627747,Caris LeVert,3.0,6.666666666666667,1.0350877192982457,3.2280701754385963,1.1754385964912282,1.631578947368421,0.40350877192982454,2.8947368421052633,3.2982456140350878,1.9298245614035088,0.8596491228070176,0.14035087719298245,1.0350877192982457,1.5964912280701755,8.210526315789474,-1.6140350877192982,171.0,380.0,59.0,184.0,67.0,93.0,23.0,165.0,188.0,110.0,49.0,8.0,59.0,91.0,468.0,-92.0,57,1301.982456140351,74213.0
