PLAYER_ID,PLAYER_NAME,avg(FGM),avg(FGA),avg(FG3M),avg(FG3A),avg(FTM),avg(FTA),avg(OREB),avg(DREB),avg(REB),avg(AST),avg(STL),avg(BLK),avg(TO),avg(PF),avg(PTS),avg(PLUS_MINUS),sum(FGM),sum(FGA),sum(FG3M),sum(FG3A),sum(FTM),sum(FTA),sum(OREB),sum(DREB),sum(REB),sum(AST),sum(STL),sum(BLK),sum(TO),sum(PF),sum(PTS),sum(PLUS_MINUS),sum(ifminute),avg(seconds),sum(seconds)
101112,Channing Frye,2.561797752808989,5.53932584269663,1.5168539325842696,3.5842696629213484,0.5056179775280899,0.5730337078651685,0.4044943820224719,2.606741573033708,3.0112359550561796,0.7640449438202247,0.29213483146067415,0.47191011235955055,0.550561797752809,1.9662921348314606,7.146067415730337,0.8314606741573034,228.0,493.0,135.0,319.0,45.0,51.0,36.0,232.0,268.0,68.0,26.0,42.0,49.0,175.0,636.0,74.0,89,963.6516853932584,85765.0
201572,Brook Lopez,7.546666666666667,14.96,0.84,2.3333333333333335,4.24,5.293333333333333,2.066666666666667,4.173333333333333,6.24,2.3733333333333335,0.72,1.4933333333333334,2.3733333333333335,2.453333333333333,20.173333333333332,-1.0133333333333334,566.0,1122.0,63.0,175.0,318.0,397.0,155.0,313.0,468.0,178.0,54.0,112.0,178.0,184.0,1513.0,-76.0,75,1842.4266666666667,138182.0
203120,Justin Hamilton,2.5,5.84375,1.0625,3.3125,0.625,0.8125,1.0,3.4375,4.4375,0.84375,0.5625,0.5,0.75,1.6875,6.6875,-4.46875,80.0,187.0,34.0,106.0,20.0,26.0,32.0,110.0,142.0,27.0,18.0,16.0,24.0,54.0,214.0,-143.0,32,1243.71875,39799.0
202696,Nikola Vucevic,6.808219178082192,14.465753424657533,0.136986301369863,0.4383561643835616,1.7808219178082192,2.4657534246575343,2.287671232876712,7.095890410958904,9.383561643835616,2.712328767123288,0.821917808219178,1.0136986301369864,1.7671232876712328,2.5616438356164384,15.534246575342467,-1.8630136986301369,497.0,1056.0,10.0,32.0,130.0,180.0,167.0,518.0,685.0,198.0,60.0,74.0,129.0,187.0,1134.0,-136.0,73,1762.0,128626.0
