PLAYER_ID,PLAYER_NAME,avg(FGM),avg(FGA),avg(FG3M),avg(FG3A),avg(FTM),avg(FTA),avg(OREB),avg(DREB),avg(REB),avg(AST),avg(STL),avg(BLK),avg(TO),avg(PF),avg(PTS),avg(PLUS_MINUS),sum(FGM),sum(FGA),sum(FG3M),sum(FG3A),sum(FTM),sum(FTA),sum(OREB),sum(DREB),sum(REB),sum(AST),sum(STL),sum(BLK),sum(TO),sum(PF),sum(PTS),sum(PLUS_MINUS),sum(ifminute),avg(seconds),sum(seconds)
201577,Robin Lopez,4.702127659574468,9.308510638297872,0.0,0.02127659574468085,0.9680851063829787,1.2765957446808511,3.127659574468085,3.265957446808511,6.3936170212765955,0.9574468085106383,0.24468085106382978,1.4787234042553192,1.1595744680851063,1.872340425531915,10.372340425531915,0.40425531914893614,442.0,875.0,0.0,2.0,91.0,120.0,294.0,307.0,601.0,90.0,23.0,139.0,109.0,176.0,975.0,38.0,94,1646.4255319148936,154764.0
202389,Timofey Mozgov,3.0327868852459017,5.901639344262295,0.0,0.01639344262295082,1.180327868852459,1.4426229508196722,1.8524590163934427,2.9672131147540983,4.819672131147541,0.8032786885245902,0.3114754098360656,0.5901639344262295,1.3934426229508197,2.4262295081967213,7.245901639344262,-3.7704918032786887,185.0,360.0,0.0,1.0,72.0,88.0,113.0,181.0,294.0,49.0,19.0,36.0,85.0,148.0,442.0,-230.0,61,1210.6065573770493,73847.0
203095,Evan Fournier,6.04054054054054,13.608108108108109,1.9324324324324325,5.27027027027027,3.2162162162162162,4.04054054054054,0.6486486486486487,2.3513513513513513,3.0,2.864864864864865,0.9864864864864865,0.06756756756756757,2.027027027027027,2.581081081081081,17.22972972972973,-2.891891891891892,447.0,1007.0,143.0,390.0,238.0,299.0,48.0,174.0,222.0,212.0,73.0,5.0,150.0,191.0,1275.0,-214.0,74,1954.418918918919,144627.0
