PLAYER_ID,PLAYER_NAME,avg(FGM),avg(FGA),avg(FG3M),avg(FG3A),avg(FTM),avg(FTA),avg(OREB),avg(DREB),avg(REB),avg(AST),avg(STL),avg(BLK),avg(TO),avg(PF),avg(PTS),avg(PLUS_MINUS),sum(FGM),sum(FGA),sum(FG3M),sum(FG3A),sum(FTM),sum(FTA),sum(OREB),sum(DREB),sum(REB),sum(AST),sum(STL),sum(BLK),sum(TO),sum(PF),sum(PTS),sum(PLUS_MINUS),sum(ifminute),avg(seconds),sum(seconds)
1626172,Kevon Looney,1.2307692307692308,2.128205128205128,0.05128205128205128,0.15384615384615385,0.358974358974359,0.6410256410256411,1.0256410256410255,1.794871794871795,2.8205128205128207,0.5641025641025641,0.23076923076923078,0.38461538461538464,0.3076923076923077,1.205128205128205,2.871794871794872,1.4871794871794872,48.0,83.0,2.0,6.0,14.0,25.0,40.0,70.0,110.0,22.0,9.0,15.0,12.0,47.0,112.0,58.0,39,523.1794871794872,20404.0
1626143,Jahlil Okafor,6.098039215686274,10.96078431372549,0.0196078431372549,0.058823529411764705,1.7058823529411764,2.784313725490196,1.7254901960784315,3.5098039215686274,5.235294117647059,1.1568627450980393,0.45098039215686275,1.0784313725490196,1.7647058823529411,2.549019607843137,13.92156862745098,-6.509803921568627,311.0,559.0,1.0,3.0,87.0,142.0,88.0,179.0,267.0,59.0,23.0,55.0,90.0,130.0,710.0,-332.0,51,1485.3529411764705,75753.0
