PLAYER_ID,PLAYER_NAME,avg(FGM),avg(FGA),avg(FG3M),avg(FG3A),avg(FTM),avg(FTA),avg(OREB),avg(DREB),avg(REB),avg(AST),avg(STL),avg(BLK),avg(TO),avg(PF),avg(PTS),avg(PLUS_MINUS),sum(FGM),sum(FGA),sum(FG3M),sum(FG3A),sum(FTM),sum(FTA),sum(OREB),sum(DREB),sum(REB),sum(AST),sum(STL),sum(BLK),sum(TO),sum(PF),sum(PTS),sum(PLUS_MINUS),sum(ifminute),avg(seconds),sum(seconds)
1627834,Georgios Papagiannis,0.4,1.2,0.0,0.0,0.2,0.4,0.4,0.6,1.0,0.2,0.0,0.0,0.8,1.4,1.0,-7.6,2.0,6.0,0.0,0.0,1.0,2.0,2.0,3.0,5.0,1.0,0.0,0.0,4.0,7.0,5.0,-38.0,5,420.4,2102.0
202713,Kyle Singler,1.4054054054054055,3.2027027027027026,0.5675675675675675,1.472972972972973,0.44594594594594594,0.6081081081081081,0.6216216216216216,1.337837837837838,1.9594594594594594,0.35135135135135137,0.3108108108108108,0.12162162162162163,0.4594594594594595,1.5675675675675675,3.824324324324324,-0.20270270270270271,104.0,237.0,42.0,109.0,33.0,45.0,46.0,99.0,145.0,26.0,23.0,9.0,34.0,116.0,283.0,-15.0,74,870.1486486486486,64391.0
201977,Marcus Thornton,2.8208955223880596,7.447761194029851,1.0746268656716418,3.343283582089552,1.0149253731343284,1.208955223880597,0.6119402985074627,1.7164179104477613,2.328358208955224,1.3432835820895523,0.7014925373134329,0.08955223880597014,0.9552238805970149,1.4776119402985075,7.731343283582089,-1.462686567164179,189.0,499.0,72.0,224.0,68.0,81.0,41.0,115.0,156.0,90.0,47.0,6.0,64.0,99.0,518.0,-98.0,67,1032.2686567164178,69162.0
1627744,Brice Johnson,0.5,1.5,0.0,0.0,0.0,0.0,0.0,1.0,1.0,0.0,0.0,0.0,1.0,0.5,1.0,-3.0,1.0,3.0,0.0,0.0,0.0,0.0,0.0,2.0,2.0,0.0,0.0,0.0,2.0,1.0,2.0,-6.0,2,333.5,667.0
