PLAYER_ID,PLAYER_NAME,avg(FGM),avg(FGA),avg(FG3M),avg(FG3A),avg(FTM),avg(FTA),avg(OREB),avg(DREB),avg(REB),avg(AST),avg(STL),avg(BLK),avg(TO),avg(PF),avg(PTS),avg(PLUS_MINUS),sum(FGM),sum(FGA),sum(FG3M),sum(FG3A),sum(FTM),sum(FTA),sum(OREB),sum(DREB),sum(REB),sum(AST),sum(STL),sum(BLK),sum(TO),sum(PF),sum(PTS),sum(PLUS_MINUS),sum(ifminute),avg(seconds),sum(seconds)
203526,Raul Neto,1.0,2.2641509433962264,0.2641509433962264,0.8113207547169812,0.2641509433962264,0.32075471698113206,0.07547169811320754,0.6415094339622641,0.7169811320754716,0.7735849056603774,0.5094339622641509,0.11320754716981132,0.4716981132075472,1.1320754716981132,2.5283018867924527,1.6037735849056605,53.0,120.0,14.0,43.0,14.0,17.0,4.0,34.0,38.0,41.0,27.0,6.0,25.0,60.0,134.0,85.0,53,521.5471698113207,27642.0
1627827,Dorian Finney-Smith,1.4886363636363635,4.079545454545454,0.7045454545454546,2.340909090909091,0.5568181818181818,0.7840909090909091,0.75,2.0113636363636362,2.7613636363636362,0.8181818181818182,0.6136363636363636,0.32954545454545453,0.5340909090909091,1.5,4.238636363636363,-1.4431818181818181,131.0,359.0,62.0,206.0,49.0,69.0,66.0,177.0,243.0,72.0,54.0,29.0,47.0,132.0,373.0,-127.0,88,1191.1136363636363,104818.0
