PLAYER_ID,PLAYER_NAME,avg(FGM),avg(FGA),avg(FG3M),avg(FG3A),avg(FTM),avg(FTA),avg(OREB),avg(DREB),avg(REB),avg(AST),avg(STL),avg(BLK),avg(TO),avg(PF),avg(PTS),avg(PLUS_MINUS),sum(FGM),sum(FGA),sum(FG3M),sum(FG3A),sum(FTM),sum(FTA),sum(OREB),sum(DREB),sum(REB),sum(AST),sum(STL),sum(BLK),sum(TO),sum(PF),sum(PTS),sum(PLUS_MINUS),sum(ifminute),avg(seconds),sum(seconds)
1627758,Ron Baker,1.625,4.125,0.5625,1.6875,0.5,0.625,0.5,0.9375,1.4375,1.375,0.5,0.0625,0.625,1.0,4.3125,1.0,26.0,66.0,9.0,27.0,8.0,10.0,8.0,15.0,23.0,22.0,8.0,1.0,10.0,16.0,69.0,16.0,16,710.3125,11365.0
1627821,James Webb III,1.3333333333333333,3.5,0.6666666666666666,1.6666666666666667,0.8333333333333334,0.8333333333333334,1.1666666666666667,2.6666666666666665,3.8333333333333335,0.5,0.16666666666666666,0.6666666666666666,1.0,1.3333333333333333,4.166666666666667,2.5,8.0,21.0,4.0,10.0,5.0,5.0,7.0,16.0,23.0,3.0,1.0,4.0,6.0,8.0,25.0,15.0,6,890.6666666666666,5344.0
204067,Jarell Eddie,0.5769230769230769,2.1923076923076925,0.38461538461538464,1.5384615384615385,0.23076923076923078,0.23076923076923078,0.038461538461538464,0.5769230769230769,0.6153846153846154,0.11538461538461539,0.11538461538461539,0.0,0.07692307692307693,0.15384615384615385,1.7692307692307692,-1.0384615384615385,15.0,57.0,10.0,40.0,6.0,6.0,1.0,15.0,16.0,3.0,3.0,0.0,2.0,4.0,46.0,-27.0,26,305.8076923076923,7951.0
203187,Chris Johnson,1.2452830188679245,3.2641509433962264,0.41509433962264153,1.5660377358490567,0.7169811320754716,0.8679245283018868,0.4528301886792453,1.8867924528301887,2.339622641509434,0.7735849056603774,0.5471698113207547,0.37735849056603776,0.660377358490566,1.7358490566037736,3.6226415094339623,0.7924528301886793,66.0,173.0,22.0,83.0,38.0,46.0,24.0,100.0,124.0,41.0,29.0,20.0,35.0,92.0,192.0,42.0,53,868.9622641509434,46055.0
1737,Nazr Mohammed,0.4,0.7,0.0,0.0,0.2,0.2,0.2,0.5,0.7,0.0,0.0,0.1,0.4,0.5,1.0,0.0,4.0,7.0,0.0,0.0,2.0,2.0,2.0,5.0,7.0,0.0,0.0,1.0,4.0,5.0,10.0,0.0,10,175.0,1750.0
2581,Steve Blake,1.4,3.6285714285714286,0.8,2.257142857142857,0.34285714285714286,0.42857142857142855,0.08571428571428572,1.3428571428571427,1.4285714285714286,3.5714285714285716,0.2857142857142857,0.05714285714285714,1.3428571428571427,1.3714285714285714,3.942857142857143,-1.0857142857142856,49.0,127.0,28.0,79.0,12.0,15.0,3.0,47.0,50.0,125.0,10.0,2.0,47.0,48.0,138.0,-38.0,35,1012.8,35448.0
