PLAYER_ID,PLAYER_NAME,avg(FGM),avg(FGA),avg(FG3M),avg(FG3A),avg(FTM),avg(FTA),avg(OREB),avg(DREB),avg(REB),avg(AST),avg(STL),avg(BLK),avg(TO),avg(PF),avg(PTS),avg(PLUS_MINUS),sum(FGM),sum(FGA),sum(FG3M),sum(FG3A),sum(FTM),sum(FTA),sum(OREB),sum(DREB),sum(REB),sum(AST),sum(STL),sum(BLK),sum(TO),sum(PF),sum(PTS),sum(PLUS_MINUS),sum(ifminute),avg(seconds),sum(seconds)
2749,Jameer Nelson,3.020408163265306,7.469387755102041,1.1224489795918366,3.326530612244898,0.5918367346938775,0.7755102040816326,0.5306122448979592,1.7142857142857142,2.2448979591836733,4.224489795918367,0.6122448979591837,0.08163265306122448,1.6734693877551021,2.4285714285714284,7.755102040816326,-0.5102040816326531,148.0,366.0,55.0,163.0,29.0,38.0,26.0,84.0,110.0,207.0,30.0,4.0,82.0,119.0,380.0,-25.0,49,1489.408163265306,72981.0
202130,Reggie Williams,1.4,4.0,1.0,2.0,1.2,1.4,0.4,0.8,1.2,0.8,0.6,0.0,0.0,0.4,5.0,-1.4,7.0,20.0,5.0,10.0,6.0,7.0,2.0,4.0,6.0,4.0,3.0,0.0,0.0,2.0,25.0,-7.0,5,761.6,3808.0
203991,Clint Capela,3.6296296296296298,6.012345679012346,0.0,0.012345679012345678,0.8888888888888888,2.4074074074074074,2.308641975308642,4.320987654320987,6.62962962962963,0.6666666666666666,0.5555555555555556,1.2098765432098766,0.9012345679012346,2.5185185185185186,8.148148148148149,1.7901234567901234,294.0,487.0,0.0,1.0,72.0,195.0,187.0,350.0,537.0,54.0,45.0,98.0,73.0,204.0,660.0,145.0,81,1170.0987654320988,94778.0
1627766,Isaiah Cousins,0.0,0.5,0.0,0.0,1.0,1.0,0.0,0.5,0.5,0.5,0.5,0.0,1.5,0.0,1.0,-7.5,0.0,1.0,0.0,0.0,2.0,2.0,0.0,1.0,1.0,1.0,1.0,0.0,3.0,0.0,2.0,-15.0,2,369.5,739.0
2570,Kendrick Perkins,0.9310344827586207,2.0344827586206895,0.0,0.0,0.3448275862068966,0.7241379310344828,0.6551724137931034,3.1379310344827585,3.793103448275862,0.9310344827586207,0.3793103448275862,0.3103448275862069,1.2413793103448276,1.9310344827586208,2.206896551724138,-0.7931034482758621,27.0,59.0,0.0,0.0,10.0,21.0,19.0,91.0,110.0,27.0,11.0,9.0,36.0,56.0,64.0,-23.0,29,958.0,27782.0
202712,Justin Harper,0.8,2.0,0.8,1.8,0.2,0.4,0.0,0.2,0.2,0.0,0.2,0.0,0.4,0.6,2.6,-6.4,4.0,10.0,4.0,9.0,1.0,2.0,0.0,1.0,1.0,0.0,1.0,0.0,2.0,3.0,13.0,-32.0,5,421.0,2105.0
