PLAYER_ID,PLAYER_NAME,avg(FGM),avg(FGA),avg(FG3M),avg(FG3A),avg(FTM),avg(FTA),avg(OREB),avg(DREB),avg(REB),avg(AST),avg(STL),avg(BLK),avg(TO),avg(PF),avg(PTS),avg(PLUS_MINUS),sum(FGM),sum(FGA),sum(FG3M),sum(FG3A),sum(FTM),sum(FTA),sum(OREB),sum(DREB),sum(REB),sum(AST),sum(STL),sum(BLK),sum(TO),sum(PF),sum(PTS),sum(PLUS_MINUS),sum(ifminute),avg(seconds),sum(seconds)
101161,Amir Johnson,2.33,4.13,0.29,0.73,0.78,1.15,1.44,2.81,4.25,1.5,0.6,0.69,0.87,2.48,5.73,1.87,233.0,413.0,29.0,73.0,78.0,115.0,144.0,281.0,425.0,150.0,60.0,69.0,87.0,248.0,573.0,187.0,100,1104.94,110494.0
201628,Bobby Brown,1.4705882352941178,3.5,0.7352941176470589,1.911764705882353,0.2647058823529412,0.3235294117647059,0.0,0.4411764705882353,0.4411764705882353,0.8823529411764706,0.058823529411764705,0.029411764705882353,0.2647058823529412,0.29411764705882354,3.9411764705882355,-1.6176470588235294,50.0,119.0,25.0,65.0,9.0,11.0,0.0,15.0,15.0,30.0,2.0,1.0,9.0,10.0,134.0,-55.0,34,367.0,12478.0
2743,Kris Humphries,1.6031746031746033,3.9047619047619047,0.3333333333333333,1.0476190476190477,1.0952380952380953,1.380952380952381,1.0158730158730158,2.5873015873015874,3.6031746031746033,0.5396825396825397,0.23809523809523808,0.4444444444444444,0.5396825396825397,1.2698412698412698,4.634920634920635,-1.0,101.0,246.0,21.0,66.0,69.0,87.0,64.0,163.0,227.0,34.0,15.0,28.0,34.0,80.0,292.0,-63.0,63,759.1111111111111,47824.0
