PLAYER_ID,PLAYER_NAME,avg(FGM),avg(FGA),avg(FG3M),avg(FG3A),avg(FTM),avg(FTA),avg(OREB),avg(DREB),avg(REB),avg(AST),avg(STL),avg(BLK),avg(TO),avg(PF),avg(PTS),avg(PLUS_MINUS),sum(FGM),sum(FGA),sum(FG3M),sum(FG3A),sum(FTM),sum(FTA),sum(OREB),sum(DREB),sum(REB),sum(AST),sum(STL),sum(BLK),sum(TO),sum(PF),sum(PTS),sum(PLUS_MINUS),sum(ifminute),avg(seconds),sum(seconds)
203083,Andre Drummond,6.0,11.30232558139535,0.023255813953488372,0.08139534883720931,1.6627906976744187,4.325581395348837,4.267441860465116,9.546511627906977,13.813953488372093,1.127906976744186,1.4883720930232558,1.0813953488372092,1.8488372093023255,2.953488372093023,13.686046511627907,-2.8372093023255816,516.0,972.0,2.0,7.0,143.0,372.0,367.0,821.0,1188.0,97.0,128.0,93.0,159.0,254.0,1177.0,-244.0,86,1778.6860465116279,152967.0
