PLAYER_ID,PLAYER_NAME,avg(FGM),avg(FGA),avg(FG3M),avg(FG3A),avg(FTM),avg(FTA),avg(OREB),avg(DREB),avg(REB),avg(AST),avg(STL),avg(BLK),avg(TO),avg(PF),avg(PTS),avg(PLUS_MINUS),sum(FGM),sum(FGA),sum(FG3M),sum(FG3A),sum(FTM),sum(FTA),sum(OREB),sum(DREB),sum(REB),sum(AST),sum(STL),sum(BLK),sum(TO),sum(PF),sum(PTS),sum(PLUS_MINUS),sum(ifminute),avg(seconds),sum(seconds)
202330,Gordon Hayward,6.922077922077922,15.571428571428571,1.7012987012987013,5.142857142857143,5.246753246753247,6.246753246753247,0.7142857142857143,4.623376623376624,5.337662337662338,3.935064935064935,1.12987012987013,0.38961038961038963,2.4285714285714284,2.090909090909091,20.792207792207794,3.4805194805194803,533.0,1199.0,131.0,396.0,404.0,481.0,55.0,356.0,411.0,303.0,87.0,30.0,187.0,161.0,1601.0,268.0,77,2162.103896103896,166482.0
1627823,Juancho Hernangomez,1.3548387096774193,3.4516129032258065,0.5161290322580645,1.5483870967741935,0.9354838709677419,1.4516129032258065,0.6774193548387096,2.3548387096774195,3.032258064516129,0.6129032258064516,0.3870967741935484,0.3870967741935484,0.5483870967741935,1.4193548387096775,4.161290322580645,-0.6129032258064516,42.0,107.0,16.0,48.0,29.0,45.0,21.0,73.0,94.0,19.0,12.0,12.0,17.0,44.0,129.0,-19.0,31,796.0322580645161,24677.0
200746,LaMarcus Aldridge,7.453488372093023,14.44186046511628,0.13953488372093023,0.37209302325581395,3.697674418604651,4.22093023255814,2.2325581395348837,5.558139534883721,7.790697674418604,1.6162790697674418,0.6744186046511628,1.0813953488372092,1.302325581395349,2.0697674418604652,18.74418604651163,5.6395348837209305,641.0,1242.0,12.0,32.0,318.0,363.0,192.0,478.0,670.0,139.0,58.0,93.0,112.0,178.0,1612.0,485.0,86,1890.2209302325582,162559.0
202711,Bojan Bogdanovic,4.440476190476191,10.285714285714286,1.8095238095238095,4.714285714285714,2.2023809523809526,2.5357142857142856,0.4523809523809524,2.5357142857142856,2.988095238095238,1.4047619047619047,0.3333333333333333,0.07142857142857142,1.4880952380952381,1.6904761904761905,12.892857142857142,-5.964285714285714,373.0,864.0,152.0,396.0,185.0,213.0,38.0,213.0,251.0,118.0,28.0,6.0,125.0,142.0,1083.0,-501.0,84,1565.154761904762,131473.0
