PLAYER_ID,PLAYER_NAME,avg(FGM),avg(FGA),avg(FG3M),avg(FG3A),avg(FTM),avg(FTA),avg(OREB),avg(DREB),avg(REB),avg(AST),avg(STL),avg(BLK),avg(TO),avg(PF),avg(PTS),avg(PLUS_MINUS),sum(FGM),sum(FGA),sum(FG3M),sum(FG3A),sum(FTM),sum(FTA),sum(OREB),sum(DREB),sum(REB),sum(AST),sum(STL),sum(BLK),sum(TO),sum(PF),sum(PTS),sum(PLUS_MINUS),sum(ifminute),avg(seconds),sum(seconds)
202710,Jimmy Butler,7.065789473684211,15.631578947368421,0.9342105263157895,2.8684210526315788,6.881578947368421,8.0,1.486842105263158,4.421052631578948,5.907894736842105,4.9868421052631575,1.513157894736842,0.3684210526315789,2.013157894736842,1.6842105263157894,21.94736842105263,0.868421052631579,537.0,1188.0,71.0,218.0,523.0,608.0,113.0,336.0,449.0,379.0,115.0,28.0,153.0,128.0,1668.0,66.0,76,2125.0394736842104,161503.0
2757,Beno Udrih,2.347826086956522,5.304347826086956,0.3695652173913043,1.0217391304347827,0.6956521739130435,0.7608695652173914,0.1956521739130435,1.5217391304347827,1.7173913043478262,3.0869565217391304,0.34782608695652173,0.0,1.0434782608695652,0.9565217391304348,5.760869565217392,0.13043478260869565,108.0,244.0,17.0,47.0,32.0,35.0,9.0,70.0,79.0,142.0,16.0,0.0,48.0,44.0,265.0,6.0,46,1025.4130434782608,47169.0
201975,Jodie Meeks,2.75,6.9375,1.375,3.5625,1.6875,1.875,0.125,1.8125,1.9375,1.25,1.0625,0.0,0.375,0.8125,8.5625,0.25,44.0,111.0,22.0,57.0,27.0,30.0,2.0,29.0,31.0,20.0,17.0,0.0,6.0,13.0,137.0,4.0,16,1115.125,17842.0
