PLAYER_ID,PLAYER_NAME,avg(FGM),avg(FGA),avg(FG3M),avg(FG3A),avg(FTM),avg(FTA),avg(OREB),avg(DREB),avg(REB),avg(AST),avg(STL),avg(BLK),avg(TO),avg(PF),avg(PTS),avg(PLUS_MINUS),sum(FGM),sum(FGA),sum(FG3M),sum(FG3A),sum(FTM),sum(FTA),sum(OREB),sum(DREB),sum(REB),sum(AST),sum(STL),sum(BLK),sum(TO),sum(PF),sum(PTS),sum(PLUS_MINUS),sum(ifminute),avg(seconds),sum(seconds)
203915,Spencer Dinwiddie,1.9444444444444444,4.166666666666667,0.05555555555555555,0.7222222222222222,1.1666666666666667,1.7777777777777777,0.4444444444444444,1.2222222222222223,1.6666666666666667,1.7222222222222223,0.5555555555555556,0.16666666666666666,1.2222222222222223,1.4444444444444444,5.111111111111111,0.8333333333333334,35.0,75.0,1.0,13.0,21.0,32.0,8.0,22.0,30.0,31.0,10.0,3.0,22.0,26.0,92.0,15.0,18,827.2222222222222,14890.0
1627783,Pascal Siakam,2.3157894736842106,4.552631578947368,0.0,0.18421052631578946,0.6052631578947368,0.9210526315789473,1.4210526315789473,2.1842105263157894,3.6052631578947367,0.47368421052631576,0.5789473684210527,0.7894736842105263,0.7894736842105263,2.3684210526315788,5.2368421052631575,-0.7368421052631579,88.0,173.0,0.0,7.0,23.0,35.0,54.0,83.0,137.0,18.0,22.0,30.0,30.0,90.0,199.0,-28.0,38,1092.2631578947369,41506.0
203560,E.J. Singler,0.0,1.0,0.0,1.0,0.0,0.0,0.3333333333333333,1.3333333333333333,1.6666666666666667,0.6666666666666666,0.6666666666666666,0.0,0.3333333333333333,1.0,0.0,6.333333333333333,0.0,3.0,0.0,3.0,0.0,0.0,1.0,4.0,5.0,2.0,2.0,0.0,1.0,3.0,0.0,19.0,3,401.0,1203.0
1627862,Beau Beech,1.0,3.0,1.0,3.0,0.0,0.0,0.0,1.0,1.0,0.0,0.0,0.0,0.0,1.0,3.0,1.0,1.0,3.0,1.0,3.0,0.0,0.0,0.0,1.0,1.0,0.0,0.0,0.0,0.0,1.0,3.0,1.0,1,497.0,497.0
