PLAYER_ID,PLAYER_NAME,avg(FGM),avg(FGA),avg(FG3M),avg(FG3A),avg(FTM),avg(FTA),avg(OREB),avg(DREB),avg(REB),avg(AST),avg(STL),avg(BLK),avg(TO),avg(PF),avg(PTS),avg(PLUS_MINUS),sum(FGM),sum(FGA),sum(FG3M),sum(FG3A),sum(FTM),sum(FTA),sum(OREB),sum(DREB),sum(REB),sum(AST),sum(STL),sum(BLK),sum(TO),sum(PF),sum(PTS),sum(PLUS_MINUS),sum(ifminute),avg(seconds),sum(seconds)
203090,Maurice Harkless,3.723404255319149,7.702127659574468,0.925531914893617,2.7872340425531914,1.0212765957446808,1.6382978723404256,1.574468085106383,2.8191489361702127,4.3936170212765955,0.8404255319148937,0.9042553191489362,0.5957446808510638,0.9574468085106383,2.521276595744681,9.393617021276595,-0.6063829787234043,350.0,724.0,87.0,262.0,96.0,154.0,148.0,265.0,413.0,79.0,85.0,56.0,90.0,237.0,883.0,-57.0,94,1451.3191489361702,136424.0
202694,Marcus Morris Sr.,5.068181818181818,11.625,1.5113636363636365,4.181818181818182,2.0568181818181817,2.647727272727273,0.8181818181818182,3.5568181818181817,4.375,2.397727272727273,0.7159090909090909,0.2727272727272727,1.4886363636363635,2.2045454545454546,13.704545454545455,-0.5340909090909091,446.0,1023.0,133.0,368.0,181.0,233.0,72.0,313.0,385.0,211.0,63.0,24.0,131.0,194.0,1206.0,-47.0,88,2000.3295454545455,176029.0
201228,C.J. Watson,1.1886792452830188,3.452830188679245,0.37735849056603776,1.2452830188679245,0.9245283018867925,1.0754716981132075,0.22641509433962265,1.2830188679245282,1.509433962264151,2.1320754716981134,0.5094339622641509,0.09433962264150944,0.6792452830188679,1.1886792452830188,3.6792452830188678,-1.6981132075471699,63.0,183.0,20.0,66.0,49.0,57.0,12.0,68.0,80.0,113.0,27.0,5.0,36.0,63.0,195.0,-90.0,53,986.6037735849056,52290.0
1627884,Derrick Jones Jr.,0.75,1.0,0.0,0.0,1.0,1.25,0.25,0.0,0.25,0.25,0.0,0.0,0.25,0.5,2.5,1.25,3.0,4.0,0.0,0.0,4.0,5.0,1.0,0.0,1.0,1.0,0.0,0.0,1.0,2.0,10.0,5.0,4,262.25,1049.0
200797,Ryan Hollins,1.4516129032258065,2.3225806451612905,0.0,0.0,0.8387096774193549,1.3548387096774193,1.2580645161290323,1.5161290322580645,2.774193548387097,0.2903225806451613,0.16129032258064516,0.6129032258064516,0.6451612903225806,1.7419354838709677,3.7419354838709675,-4.0,45.0,72.0,0.0,0.0,26.0,42.0,39.0,47.0,86.0,9.0,5.0,19.0,20.0,54.0,116.0,-124.0,31,780.2903225806451,24189.0
