PLAYER_ID,PLAYER_NAME,avg(FGM),avg(FGA),avg(FG3M),avg(FG3A),avg(FTM),avg(FTA),avg(OREB),avg(DREB),avg(REB),avg(AST),avg(STL),avg(BLK),avg(TO),avg(PF),avg(PTS),avg(PLUS_MINUS),sum(FGM),sum(FGA),sum(FG3M),sum(FG3A),sum(FTM),sum(FTA),sum(OREB),sum(DREB),sum(REB),sum(AST),sum(STL),sum(BLK),sum(TO),sum(PF),sum(PTS),sum(PLUS_MINUS),sum(ifminute),avg(seconds),sum(seconds)
203552,Seth Curry,3.5,7.953125,1.515625,3.6875,0.890625,1.109375,0.34375,1.65625,2.0,2.484375,0.9375,0.140625,1.0625,1.4375,9.40625,-1.578125,224.0,509.0,97.0,236.0,57.0,71.0,22.0,106.0,128.0,159.0,60.0,9.0,68.0,92.0,602.0,-101.0,64,1354.15625,86666.0
203315,Toure' Murry,1.0,3.6666666666666665,0.0,1.0,0.6666666666666666,1.3333333333333333,0.3333333333333333,1.6666666666666667,2.0,1.3333333333333333,0.0,0.0,0.6666666666666666,1.6666666666666667,2.6666666666666665,-1.0,3.0,11.0,0.0,3.0,2.0,4.0,1.0,5.0,6.0,4.0,0.0,0.0,2.0,5.0,8.0,-3.0,3,782.6666666666666,2348.0
