PLAYER_ID,PLAYER_NAME,avg(FGM),avg(FGA),avg(FG3M),avg(FG3A),avg(FTM),avg(FTA),avg(OREB),avg(DREB),avg(REB),avg(AST),avg(STL),avg(BLK),avg(TO),avg(PF),avg(PTS),avg(PLUS_MINUS),sum(FGM),sum(FGA),sum(FG3M),sum(FG3A),sum(FTM),sum(FTA),sum(OREB),sum(DREB),sum(REB),sum(AST),sum(STL),sum(BLK),sum(TO),sum(PF),sum(PTS),sum(PLUS_MINUS),sum(ifminute),avg(seconds),sum(seconds)
1627778,Chinanu Onuaku,1.0,1.25,0.0,0.0,0.75,0.75,0.625,1.75,2.375,0.375,0.375,0.375,0.75,1.25,2.75,-6.375,8.0,10.0,0.0,0.0,6.0,6.0,5.0,14.0,19.0,3.0,3.0,3.0,6.0,10.0,22.0,-51.0,8,548.5,4388.0
203560,E.J. Singler,0.0,1.0,0.0,1.0,0.0,0.0,0.3333333333333333,1.3333333333333333,1.6666666666666667,0.6666666666666666,0.6666666666666666,0.0,0.3333333333333333,1.0,0.0,6.333333333333333,0.0,3.0,0.0,3.0,0.0,0.0,1.0,4.0,5.0,2.0,2.0,0.0,1.0,3.0,0.0,19.0,3,401.0,1203.0
1627882,Andrew Andrews,1.0,2.3333333333333335,0.3333333333333333,1.3333333333333333,1.6666666666666667,2.0,0.3333333333333333,1.0,1.3333333333333333,1.0,0.0,0.0,1.0,1.0,4.0,-0.6666666666666666,3.0,7.0,1.0,4.0,5.0,6.0,1.0,3.0,4.0,3.0,0.0,0.0,3.0,3.0,12.0,-2.0,3,622.6666666666666,1868.0
