PLAYER_ID,PLAYER_NAME,avg(FGM),avg(FGA),avg(FG3M),avg(FG3A),avg(FTM),avg(FTA),avg(OREB),avg(DREB),avg(REB),avg(AST),avg(STL),avg(BLK),avg(TO),avg(PF),avg(PTS),avg(PLUS_MINUS),sum(FGM),sum(FGA),sum(FG3M),sum(FG3A),sum(FTM),sum(FTA),sum(OREB),sum(DREB),sum(REB),sum(AST),sum(STL),sum(BLK),sum(TO),sum(PF),sum(PTS),sum(PLUS_MINUS),sum(ifminute),avg(seconds),sum(seconds)
2034,Mike Miller,0.39285714285714285,1.1428571428571428,0.35714285714285715,0.8928571428571429,0.0,0.0,0.10714285714285714,0.6785714285714286,0.7857142857142857,0.6785714285714286,0.14285714285714285,0.07142857142857142,0.25,1.0,1.1428571428571428,-2.6785714285714284,11.0,32.0,10.0,25.0,0.0,0.0,3.0,19.0,22.0,19.0,4.0,2.0,7.0,28.0,32.0,-75.0,28,362.7857142857143,10158.0
203133,Robbie Hummel,0.8571428571428571,2.7142857142857144,0.42857142857142855,1.8571428571428572,0.2857142857142857,0.2857142857142857,0.0,1.0,1.0,0.42857142857142855,0.2857142857142857,0.0,0.14285714285714285,0.8571428571428571,2.4285714285714284,-2.0,6.0,19.0,3.0,13.0,2.0,2.0,0.0,7.0,7.0,3.0,2.0,0.0,1.0,6.0,17.0,-14.0,7,607.5714285714286,4253.0
