PLAYER_ID,PLAYER_NAME,avg(FGM),avg(FGA),avg(FG3M),avg(FG3A),avg(FTM),avg(FTA),avg(OREB),avg(DREB),avg(REB),avg(AST),avg(STL),avg(BLK),avg(TO),avg(PF),avg(PTS),avg(PLUS_MINUS),sum(FGM),sum(FGA),sum(FG3M),sum(FG3A),sum(FTM),sum(FTA),sum(OREB),sum(DREB),sum(REB),sum(AST),sum(STL),sum(BLK),sum(TO),sum(PF),sum(PTS),sum(PLUS_MINUS),sum(ifminute),avg(seconds),sum(seconds)
203210,JaMychal Green,3.388888888888889,7.233333333333333,0.4222222222222222,1.2666666666666666,1.5777777777777777,2.066666666666667,2.1222222222222222,3.933333333333333,6.055555555555555,1.1888888888888889,0.7666666666666667,0.6,1.1,3.011111111111111,8.777777777777779,-0.044444444444444446,305.0,651.0,38.0,114.0,142.0,186.0,191.0,354.0,545.0,107.0,69.0,54.0,99.0,271.0,790.0,-4.0,90,1455.111111111111,130960.0
1626179,Terry Rozier,1.8181818181818181,4.696969696969697,0.5909090909090909,1.6818181818181819,0.5454545454545454,0.7575757575757576,0.5606060606060606,2.1818181818181817,2.742424242424242,1.6363636363636365,0.5,0.15151515151515152,0.5454545454545454,0.8939393939393939,4.7727272727272725,-0.8939393939393939,120.0,310.0,39.0,111.0,36.0,50.0,37.0,144.0,181.0,108.0,33.0,10.0,36.0,59.0,315.0,-59.0,66,904.3333333333334,59686.0
