PLAYER_ID,PLAYER_NAME,avg(FGM),avg(FGA),avg(FG3M),avg(FG3A),avg(FTM),avg(FTA),avg(OREB),avg(DREB),avg(REB),avg(AST),avg(STL),avg(BLK),avg(TO),avg(PF),avg(PTS),avg(PLUS_MINUS),sum(FGM),sum(FGA),sum(FG3M),sum(FG3A),sum(FTM),sum(FTA),sum(OREB),sum(DREB),sum(REB),sum(AST),sum(STL),sum(BLK),sum(TO),sum(PF),sum(PTS),sum(PLUS_MINUS),sum(ifminute),avg(seconds),sum(seconds)
2546,Carmelo Anthony,8.0,18.430379746835442,2.037974683544304,5.569620253164557,3.9873417721518987,4.784810126582278,0.8227848101265823,4.924050632911392,5.746835443037975,2.7974683544303796,0.810126582278481,0.45569620253164556,2.0632911392405062,2.6455696202531644,22.025316455696203,-3.151898734177215,632.0,1456.0,161.0,440.0,315.0,378.0,65.0,389.0,454.0,221.0,64.0,36.0,163.0,209.0,1740.0,-249.0,79,2017.7215189873418,159400.0
204066,John Holland,4.0,7.0,1.3333333333333333,2.6666666666666665,1.3333333333333333,1.3333333333333333,0.0,1.0,1.0,1.0,1.3333333333333333,0.3333333333333333,1.6666666666666667,1.6666666666666667,10.666666666666666,-11.666666666666666,12.0,21.0,4.0,8.0,4.0,4.0,0.0,3.0,3.0,3.0,4.0,1.0,5.0,5.0,32.0,-35.0,3,1127.0,3381.0
