PLAYER_ID,PLAYER_NAME,avg(FGM),avg(FGA),avg(FG3M),avg(FG3A),avg(FTM),avg(FTA),avg(OREB),avg(DREB),avg(REB),avg(AST),avg(STL),avg(BLK),avg(TO),avg(PF),avg(PTS),avg(PLUS_MINUS),sum(FGM),sum(FGA),sum(FG3M),sum(FG3A),sum(FTM),sum(FTA),sum(OREB),sum(DREB),sum(REB),sum(AST),sum(STL),sum(BLK),sum(TO),sum(PF),sum(PTS),sum(PLUS_MINUS),sum(ifminute),avg(seconds),sum(seconds)
1626151,Aaron Harrison,0.2962962962962963,1.3333333333333333,0.07407407407407407,0.5185185185185185,0.48148148148148145,0.8518518518518519,0.14814814814814814,0.7777777777777778,0.9259259259259259,0.18518518518518517,0.25925925925925924,0.037037037037037035,0.25925925925925924,0.5555555555555556,1.1481481481481481,-1.6666666666666667,8.0,36.0,2.0,14.0,13.0,23.0,4.0,21.0,25.0,5.0,7.0,1.0,7.0,15.0,31.0,-45.0,27,358.9259259259259,9691.0
202688,Brandon Knight,5.25,13.125,1.5,4.267857142857143,2.9464285714285716,3.4642857142857144,0.5535714285714286,2.5892857142857144,3.142857142857143,3.3392857142857144,0.6607142857142857,0.21428571428571427,2.4285714285714284,2.0892857142857144,14.946428571428571,-7.303571428571429,294.0,735.0,84.0,239.0,165.0,194.0,31.0,145.0,176.0,187.0,37.0,12.0,136.0,117.0,837.0,-409.0,56,1631.2857142857142,91352.0
202714,Shelvin Mack,3.721518987341772,8.291139240506329,0.8481012658227848,2.5443037974683542,1.0,1.481012658227848,0.31645569620253167,2.278481012658228,2.5949367088607596,3.632911392405063,0.759493670886076,0.0379746835443038,2.1265822784810124,1.7341772151898733,9.291139240506329,2.430379746835443,294.0,655.0,67.0,201.0,79.0,117.0,25.0,180.0,205.0,287.0,60.0,3.0,168.0,137.0,734.0,192.0,79,1403.7721518987341,110898.0
201960,DeMarre Carroll,3.192982456140351,7.754385964912281,1.4736842105263157,4.0701754385964914,1.1228070175438596,1.5087719298245614,0.9298245614035088,2.7719298245614037,3.7017543859649122,0.8771929824561403,1.1403508771929824,0.3508771929824561,0.6842105263157895,2.210526315789474,8.982456140350877,0.8947368421052632,182.0,442.0,84.0,232.0,64.0,86.0,53.0,158.0,211.0,50.0,65.0,20.0,39.0,126.0,512.0,51.0,57,1560.2456140350878,88934.0
