PLAYER_ID,PLAYER_NAME,avg(FGM),avg(FGA),avg(FG3M),avg(FG3A),avg(FTM),avg(FTA),avg(OREB),avg(DREB),avg(REB),avg(AST),avg(STL),avg(BLK),avg(TO),avg(PF),avg(PTS),avg(PLUS_MINUS),sum(FGM),sum(FGA),sum(FG3M),sum(FG3A),sum(FTM),sum(FTA),sum(OREB),sum(DREB),sum(REB),sum(AST),sum(STL),sum(BLK),sum(TO),sum(PF),sum(PTS),sum(PLUS_MINUS),sum(ifminute),avg(seconds),sum(seconds)
203078,Bradley Beal,6.625,14.583333333333334,2.1666666666666665,5.472222222222222,2.986111111111111,3.7916666666666665,0.625,2.0972222222222223,2.7222222222222223,3.1944444444444446,0.9305555555555556,0.18055555555555555,1.5833333333333333,2.0,18.40277777777778,2.9583333333333335,477.0,1050.0,156.0,394.0,215.0,273.0,45.0,151.0,196.0,230.0,67.0,13.0,114.0,144.0,1325.0,213.0,72,1827.8055555555557,131602.0
1627760,Cat Barber,2.5,6.0,0.0,0.0,0.5,1.0,0.0,1.5,1.5,1.5,0.0,0.0,0.5,0.5,5.5,-1.5,5.0,12.0,0.0,0.0,1.0,2.0,0.0,3.0,3.0,3.0,0.0,0.0,1.0,1.0,11.0,-3.0,2,585.5,1171.0
