PLAYER_ID,PLAYER_NAME,avg(FGM),avg(FGA),avg(FG3M),avg(FG3A),avg(FTM),avg(FTA),avg(OREB),avg(DREB),avg(REB),avg(AST),avg(STL),avg(BLK),avg(TO),avg(PF),avg(PTS),avg(PLUS_MINUS),sum(FGM),sum(FGA),sum(FG3M),sum(FG3A),sum(FTM),sum(FTA),sum(OREB),sum(DREB),sum(REB),sum(AST),sum(STL),sum(BLK),sum(TO),sum(PF),sum(PTS),sum(PLUS_MINUS),sum(ifminute),avg(seconds),sum(seconds)
201149,Joakim Noah,2.1944444444444446,4.75,0.0,0.027777777777777776,0.75,1.6666666666666667,3.1666666666666665,5.166666666666667,8.333333333333334,2.611111111111111,0.6944444444444444,0.75,1.4166666666666667,2.6944444444444446,5.138888888888889,-1.6944444444444444,79.0,171.0,0.0,1.0,27.0,60.0,114.0,186.0,300.0,94.0,25.0,27.0,51.0,97.0,185.0,-61.0,36,1302.25,46881.0
203909,KJ McDaniels,1.2456140350877194,2.912280701754386,0.2982456140350877,0.9824561403508771,0.5614035087719298,0.6666666666666666,0.47368421052631576,1.1403508771929824,1.6140350877192982,0.2631578947368421,0.2631578947368421,0.3684210526315789,0.543859649122807,1.0,3.3508771929824563,0.543859649122807,71.0,166.0,17.0,56.0,32.0,38.0,27.0,65.0,92.0,15.0,15.0,21.0,31.0,57.0,191.0,31.0,57,570.9473684210526,32544.0
201939,Stephen Curry,8.88888888888889,18.546296296296298,4.555555555555555,10.546296296296296,4.175925925925926,4.546296296296297,0.8055555555555556,4.101851851851852,4.907407407407407,6.046296296296297,1.8703703703703705,0.23148148148148148,3.074074074074074,2.185185185185185,26.50925925925926,10.37037037037037,960.0,2003.0,492.0,1139.0,451.0,491.0,87.0,443.0,530.0,653.0,202.0,25.0,332.0,236.0,2863.0,1120.0,108,1983.2222222222222,214188.0
1626166,Cameron Payne,1.98,5.16,0.58,2.04,0.34,0.48,0.18,1.22,1.4,1.88,0.62,0.14,0.88,1.46,4.88,-0.34,99.0,258.0,29.0,102.0,17.0,24.0,9.0,61.0,70.0,94.0,31.0,7.0,44.0,73.0,244.0,-17.0,50,786.56,39328.0
