PLAYER_ID,PLAYER_NAME,avg(FGM),avg(FGA),avg(FG3M),avg(FG3A),avg(FTM),avg(FTA),avg(OREB),avg(DREB),avg(REB),avg(AST),avg(STL),avg(BLK),avg(TO),avg(PF),avg(PTS),avg(PLUS_MINUS),sum(FGM),sum(FGA),sum(FG3M),sum(FG3A),sum(FTM),sum(FTA),sum(OREB),sum(DREB),sum(REB),sum(AST),sum(STL),sum(BLK),sum(TO),sum(PF),sum(PTS),sum(PLUS_MINUS),sum(ifminute),avg(seconds),sum(seconds)
202325,Wesley Johnson,1.103896103896104,3.012987012987013,0.45454545454545453,1.7662337662337662,0.18181818181818182,0.2857142857142857,0.33766233766233766,2.2337662337662336,2.5714285714285716,0.3246753246753247,0.4805194805194805,0.4025974025974026,0.33766233766233766,1.2597402597402598,2.844155844155844,-1.4545454545454546,85.0,232.0,35.0,136.0,14.0,22.0,26.0,172.0,198.0,25.0,37.0,31.0,26.0,97.0,219.0,-112.0,77,726.8961038961039,55971.0
