PLAYER_ID,PLAYER_NAME,avg(FGM),avg(FGA),avg(FG3M),avg(FG3A),avg(FTM),avg(FTA),avg(OREB),avg(DREB),avg(REB),avg(AST),avg(STL),avg(BLK),avg(TO),avg(PF),avg(PTS),avg(PLUS_MINUS),sum(FGM),sum(FGA),sum(FG3M),sum(FG3A),sum(FTM),sum(FTA),sum(OREB),sum(DREB),sum(REB),sum(AST),sum(STL),sum(BLK),sum(TO),sum(PF),sum(PTS),sum(PLUS_MINUS),sum(ifminute),avg(seconds),sum(seconds)
202718,Chandler Parsons,2.2058823529411766,6.529411764705882,0.7352941176470589,2.735294117647059,1.0294117647058822,1.2647058823529411,0.17647058823529413,2.2941176470588234,2.4705882352941178,1.6176470588235294,0.5882352941176471,0.14705882352941177,0.7058823529411765,1.5294117647058822,6.176470588235294,-1.3823529411764706,75.0,222.0,25.0,93.0,35.0,43.0,6.0,78.0,84.0,55.0,20.0,5.0,24.0,52.0,210.0,-47.0,34,1190.5882352941176,40480.0
1626213,Yanick Moreira,"","","","","","","","","","","","","","","","","","","","","","","","","","","","","","","","",0,"",""
1626205,Vincent Hunter,2.75,3.75,0.0,0.0,3.25,5.5,1.75,2.25,4.0,0.5,0.75,1.0,0.5,2.75,8.75,8.25,11.0,15.0,0.0,0.0,13.0,22.0,7.0,9.0,16.0,2.0,3.0,4.0,2.0,11.0,35.0,33.0,4,1163.5,4654.0
