PLAYER_ID,PLAYER_NAME,avg(FGM),avg(FGA),avg(FG3M),avg(FG3A),avg(FTM),avg(FTA),avg(OREB),avg(DREB),avg(REB),avg(AST),avg(STL),avg(BLK),avg(TO),avg(PF),avg(PTS),avg(PLUS_MINUS),sum(FGM),sum(FGA),sum(FG3M),sum(FG3A),sum(FTM),sum(FTA),sum(OREB),sum(DREB),sum(REB),sum(AST),sum(STL),sum(BLK),sum(TO),sum(PF),sum(PTS),sum(PLUS_MINUS),sum(ifminute),avg(seconds),sum(seconds)
203457,Nerlens Noel,4.382978723404255,7.9787234042553195,0.02127659574468085,0.0425531914893617,1.8297872340425532,3.0425531914893615,2.2127659574468086,5.0638297872340425,7.276595744680851,1.8936170212765957,1.702127659574468,1.5106382978723405,1.7659574468085106,2.8085106382978724,10.617021276595745,-4.595744680851064,206.0,375.0,1.0,2.0,86.0,143.0,104.0,238.0,342.0,89.0,80.0,71.0,83.0,132.0,499.0,-216.0,47,1579.8297872340424,74252.0
1626246,Boban Marjanovic,1.6833333333333333,2.9833333333333334,0.0,0.0,1.5,1.9666666666666666,1.2,1.9833333333333334,3.183333333333333,0.4,0.2,0.35,0.5,0.9833333333333333,4.866666666666666,0.65,101.0,179.0,0.0,0.0,90.0,118.0,72.0,119.0,191.0,24.0,12.0,21.0,30.0,59.0,292.0,39.0,60,544.6333333333333,32678.0
204038,Langston Galloway,3.146067415730337,7.966292134831461,1.2696629213483146,3.662921348314607,0.8426966292134831,1.1123595505617978,0.43820224719101125,2.4719101123595504,2.9101123595505616,2.191011235955056,0.9213483146067416,0.20224719101123595,0.797752808988764,1.9325842696629214,8.404494382022472,-1.898876404494382,280.0,709.0,113.0,326.0,75.0,99.0,39.0,220.0,259.0,195.0,82.0,18.0,71.0,172.0,748.0,-169.0,89,1398.8314606741574,124496.0
202391,Jeremy Lin,4.125,9.61111111111111,1.0555555555555556,3.0694444444444446,3.1944444444444446,3.9444444444444446,0.375,2.6944444444444446,3.0694444444444446,3.5555555555555554,0.9027777777777778,0.3611111111111111,2.1666666666666665,1.9722222222222223,12.5,-0.6527777777777778,297.0,692.0,76.0,221.0,230.0,284.0,27.0,194.0,221.0,256.0,65.0,26.0,156.0,142.0,900.0,-47.0,72,1572.138888888889,113194.0
