PLAYER_ID,PLAYER_NAME,avg(FGM),avg(FGA),avg(FG3M),avg(FG3A),avg(FTM),avg(FTA),avg(OREB),avg(DREB),avg(REB),avg(AST),avg(STL),avg(BLK),avg(TO),avg(PF),avg(PTS),avg(PLUS_MINUS),sum(FGM),sum(FGA),sum(FG3M),sum(FG3A),sum(FTM),sum(FTA),sum(OREB),sum(DREB),sum(REB),sum(AST),sum(STL),sum(BLK),sum(TO),sum(PF),sum(PTS),sum(PLUS_MINUS),sum(ifminute),avg(seconds),sum(seconds)
203918,Rodney Hood,4.416666666666667,10.944444444444445,1.7638888888888888,5.0,1.4583333333333333,1.9305555555555556,0.2361111111111111,3.0555555555555554,3.2916666666666665,1.5416666666666667,0.5972222222222222,0.1527777777777778,1.0694444444444444,2.2916666666666665,12.055555555555555,0.7222222222222222,318.0,788.0,127.0,360.0,105.0,139.0,17.0,220.0,237.0,111.0,43.0,11.0,77.0,165.0,868.0,52.0,72,1599.0555555555557,115132.0
203084,Harrison Barnes,7.151162790697675,15.581395348837209,0.9418604651162791,2.7906976744186047,2.9651162790697674,3.4302325581395348,1.1511627906976745,3.697674418604651,4.848837209302325,1.4069767441860466,0.7906976744186046,0.18604651162790697,1.244186046511628,1.6395348837209303,18.209302325581394,-2.1511627906976742,615.0,1340.0,81.0,240.0,255.0,295.0,99.0,318.0,417.0,121.0,68.0,16.0,107.0,141.0,1566.0,-185.0,86,2057.3488372093025,176932.0
1627848,Shawn Long,2.88,5.64,0.32,1.0,0.96,1.76,2.04,2.0,4.04,0.56,0.4,0.52,0.76,2.52,7.04,0.68,72.0,141.0,8.0,25.0,24.0,44.0,51.0,50.0,101.0,14.0,10.0,13.0,19.0,63.0,176.0,17.0,25,732.6,18315.0
