PLAYER_ID,PLAYER_NAME,avg(FGM),avg(FGA),avg(FG3M),avg(FG3A),avg(FTM),avg(FTA),avg(OREB),avg(DREB),avg(REB),avg(AST),avg(STL),avg(BLK),avg(TO),avg(PF),avg(PTS),avg(PLUS_MINUS),sum(FGM),sum(FGA),sum(FG3M),sum(FG3A),sum(FTM),sum(FTA),sum(OREB),sum(DREB),sum(REB),sum(AST),sum(STL),sum(BLK),sum(TO),sum(PF),sum(PTS),sum(PLUS_MINUS),sum(ifminute),avg(seconds),sum(seconds)
2440,Matt Barnes,2.218390804597701,5.747126436781609,1.0459770114942528,3.1724137931034484,0.8160919540229885,1.0459770114942528,0.8275862068965517,3.781609195402299,4.609195402298851,2.367816091954023,0.6206896551724138,0.2988505747126437,1.2758620689655173,2.264367816091954,6.2988505747126435,-0.9540229885057471,193.0,500.0,91.0,276.0,71.0,91.0,72.0,329.0,401.0,206.0,54.0,26.0,111.0,197.0,548.0,-83.0,87,1281.0689655172414,111453.0
