PLAYER_ID,PLAYER_NAME,avg(FGM),avg(FGA),avg(FG3M),avg(FG3A),avg(FTM),avg(FTA),avg(OREB),avg(DREB),avg(REB),avg(AST),avg(STL),avg(BLK),avg(TO),avg(PF),avg(PTS),avg(PLUS_MINUS),sum(FGM),sum(FGA),sum(FG3M),sum(FG3A),sum(FTM),sum(FTA),sum(OREB),sum(DREB),sum(REB),sum(AST),sum(STL),sum(BLK),sum(TO),sum(PF),sum(PTS),sum(PLUS_MINUS),sum(ifminute),avg(seconds),sum(seconds)
1626162,Kelly Oubre Jr.,2.479591836734694,5.775510204081633,0.7244897959183674,2.3979591836734695,1.0816326530612246,1.4387755102040816,0.7653061224489796,2.438775510204082,3.204081632653061,0.6224489795918368,0.8163265306122449,0.23469387755102042,0.6836734693877551,2.5408163265306123,6.76530612244898,-1.030612244897959,243.0,566.0,71.0,235.0,106.0,141.0,75.0,239.0,314.0,61.0,80.0,23.0,67.0,249.0,663.0,-101.0,98,1204.8469387755101,118075.0
201627,Anthony Morrow,1.9811320754716981,5.0,0.8113207547169812,2.5849056603773586,0.6792452830188679,0.7358490566037735,0.22641509433962265,0.4528301886792453,0.6792452830188679,0.5283018867924528,0.4528301886792453,0.03773584905660377,0.11320754716981132,0.8867924528301887,5.452830188679245,0.6226415094339622,105.0,265.0,43.0,137.0,36.0,39.0,12.0,24.0,36.0,28.0,24.0,2.0,6.0,47.0,289.0,33.0,53,849.6792452830189,45033.0
2756,Sasha Vujacic,1.2291666666666667,3.5,0.6458333333333334,1.9583333333333333,0.5,0.6666666666666666,0.3541666666666667,1.0625,1.4166666666666667,1.3333333333333333,0.3958333333333333,0.041666666666666664,0.4583333333333333,1.0208333333333333,3.6041666666666665,0.3333333333333333,59.0,168.0,31.0,94.0,24.0,32.0,17.0,51.0,68.0,64.0,19.0,2.0,22.0,49.0,173.0,16.0,48,613.8333333333334,29464.0
203897,Zach LaVine,6.90566037735849,14.981132075471699,2.4339622641509435,6.30188679245283,2.2830188679245285,2.7169811320754715,0.49056603773584906,3.018867924528302,3.509433962264151,2.792452830188679,0.8490566037735849,0.22641509433962265,1.830188679245283,2.1132075471698113,18.528301886792452,-0.6226415094339622,366.0,794.0,129.0,334.0,121.0,144.0,26.0,160.0,186.0,148.0,45.0,12.0,97.0,112.0,982.0,-33.0,53,2161.188679245283,114543.0
203956,Mitch McGary,"","","","","","","","","","","","","","","","","","","","","","","","","","","","","","","","",0,"",""
