PLAYER_ID,PLAYER_NAME,avg(FGM),avg(FGA),avg(FG3M),avg(FG3A),avg(FTM),avg(FTA),avg(OREB),avg(DREB),avg(REB),avg(AST),avg(STL),avg(BLK),avg(TO),avg(PF),avg(PTS),avg(PLUS_MINUS),sum(FGM),sum(FGA),sum(FG3M),sum(FG3A),sum(FTM),sum(FTA),sum(OREB),sum(DREB),sum(REB),sum(AST),sum(STL),sum(BLK),sum(TO),sum(PF),sum(PTS),sum(PLUS_MINUS),sum(ifminute),avg(seconds),sum(seconds)
1627854,Bryn Forbes,1.2916666666666667,3.2916666666666665,0.6041666666666666,1.6458333333333333,0.375,0.4166666666666667,0.041666666666666664,0.7708333333333334,0.8125,0.5833333333333334,0.10416666666666667,0.041666666666666664,0.375,0.6875,3.5625,-0.6458333333333334,62.0,158.0,29.0,79.0,18.0,20.0,2.0,37.0,39.0,28.0,5.0,2.0,18.0,33.0,171.0,-31.0,48,560.875,26922.0
202330,Gordon Hayward,7.458823529411765,15.91764705882353,2.0823529411764707,5.2,5.129411764705883,5.988235294117647,0.6588235294117647,4.811764705882353,5.470588235294118,3.411764705882353,1.0,0.27058823529411763,1.964705882352941,1.6588235294117648,22.129411764705882,3.2941176470588234,634.0,1353.0,177.0,442.0,436.0,509.0,56.0,409.0,465.0,290.0,85.0,23.0,167.0,141.0,1881.0,280.0,85,2081.1882352941175,176901.0
1627754,Diamond Stone,0.6,1.8,0.0,0.0,0.8,1.0,0.1,1.2,1.3,0.0,0.1,0.2,0.2,0.7,2.0,-4.3,6.0,18.0,0.0,0.0,8.0,10.0,1.0,12.0,13.0,0.0,1.0,2.0,2.0,7.0,20.0,-43.0,10,322.6,3226.0
203915,Spencer Dinwiddie,2.3125,5.09375,0.59375,1.65625,2.046875,2.609375,0.4375,2.3125,2.75,3.03125,0.734375,0.375,1.140625,1.953125,7.265625,-1.6875,148.0,326.0,38.0,106.0,131.0,167.0,28.0,148.0,176.0,194.0,47.0,24.0,73.0,125.0,465.0,-108.0,64,1320.1875,84492.0
202349,Greivis Vasquez,1.0,4.0,0.375,2.0,0.25,0.375,0.25,1.375,1.625,3.5,0.5,0.125,1.25,2.25,2.625,-6.875,8.0,32.0,3.0,16.0,2.0,3.0,2.0,11.0,13.0,28.0,4.0,1.0,10.0,18.0,21.0,-55.0,8,905.75,7246.0
201880,Greg Stiemsma,0.3333333333333333,0.6666666666666666,0.0,0.0,0.0,0.3333333333333333,0.0,1.0,1.0,0.0,0.0,0.0,0.0,0.6666666666666666,0.6666666666666666,2.3333333333333335,1.0,2.0,0.0,0.0,0.0,1.0,0.0,3.0,3.0,0.0,0.0,0.0,0.0,2.0,2.0,7.0,3,324.6666666666667,974.0
203910,Nick Johnson,1.25,4.0,0.25,1.75,1.5,2.25,0.25,2.75,3.0,2.0,0.0,0.0,1.5,0.25,4.25,-1.25,5.0,16.0,1.0,7.0,6.0,9.0,1.0,11.0,12.0,8.0,0.0,0.0,6.0,1.0,17.0,-5.0,4,611.5,2446.0
