PLAYER_ID,PLAYER_NAME,avg(FGM),avg(FGA),avg(FG3M),avg(FG3A),avg(FTM),avg(FTA),avg(OREB),avg(DREB),avg(REB),avg(AST),avg(STL),avg(BLK),avg(TO),avg(PF),avg(PTS),avg(PLUS_MINUS),sum(FGM),sum(FGA),sum(FG3M),sum(FG3A),sum(FTM),sum(FTA),sum(OREB),sum(DREB),sum(REB),sum(AST),sum(STL),sum(BLK),sum(TO),sum(PF),sum(PTS),sum(PLUS_MINUS),sum(ifminute),avg(seconds),sum(seconds)
203507,Giannis Antetokounmpo,7.290697674418604,14.034883720930232,0.47674418604651164,1.744186046511628,4.767441860465116,6.523255813953488,1.5930232558139534,6.72093023255814,8.313953488372093,5.465116279069767,1.5465116279069768,1.6744186046511629,2.872093023255814,3.127906976744186,19.825581395348838,1.569767441860465,627.0,1207.0,41.0,150.0,410.0,561.0,137.0,578.0,715.0,470.0,133.0,144.0,247.0,269.0,1705.0,135.0,86,2108.093023255814,181296.0
203897,Zach LaVine,6.2988505747126435,13.28735632183908,2.206896551724138,5.252873563218391,1.9885057471264367,2.4597701149425286,0.3333333333333333,2.471264367816092,2.8045977011494254,2.896551724137931,0.9310344827586207,0.26436781609195403,1.8850574712643677,2.2988505747126435,16.79310344827586,-2.057471264367816,548.0,1156.0,192.0,457.0,173.0,214.0,29.0,215.0,244.0,252.0,81.0,23.0,164.0,200.0,1461.0,-179.0,87,1967.3333333333333,171158.0
