PLAYER_ID,PLAYER_NAME,avg(FGM),avg(FGA),avg(FG3M),avg(FG3A),avg(FTM),avg(FTA),avg(OREB),avg(DREB),avg(REB),avg(AST),avg(STL),avg(BLK),avg(TO),avg(PF),avg(PTS),avg(PLUS_MINUS),sum(FGM),sum(FGA),sum(FG3M),sum(FG3A),sum(FTM),sum(FTA),sum(OREB),sum(DREB),sum(REB),sum(AST),sum(STL),sum(BLK),sum(TO),sum(PF),sum(PTS),sum(PLUS_MINUS),sum(ifminute),avg(seconds),sum(seconds)
1626155,Sam Dekker,2.95,6.1,0.8,2.525,0.475,0.8,1.375,2.6,3.975,1.1,0.6,0.25,0.75,1.075,7.175,1.35,118.0,244.0,32.0,101.0,19.0,32.0,55.0,104.0,159.0,44.0,24.0,10.0,30.0,43.0,287.0,54.0,40,1139.425,45577.0
201936,Tyreke Evans,4.411764705882353,10.176470588235293,1.2941176470588236,3.411764705882353,2.0,2.5294117647058822,0.47058823529411764,3.5294117647058822,4.0,4.529411764705882,0.7647058823529411,0.11764705882352941,2.0588235294117645,2.1176470588235294,12.117647058823529,-2.4705882352941178,75.0,173.0,22.0,58.0,34.0,43.0,8.0,60.0,68.0,77.0,13.0,2.0,35.0,36.0,206.0,-42.0,17,1325.0,22525.0
1627293,Alex Stepheson,1.125,3.375,0.0,0.0,0.5,1.5,2.375,1.125,3.5,0.25,0.125,0.625,0.0,1.5,2.75,-0.25,9.0,27.0,0.0,0.0,4.0,12.0,19.0,9.0,28.0,2.0,1.0,5.0,0.0,12.0,22.0,-2.0,8,541.25,4330.0
