PLAYER_ID,PLAYER_NAME,avg(FGM),avg(FGA),avg(FG3M),avg(FG3A),avg(FTM),avg(FTA),avg(OREB),avg(DREB),avg(REB),avg(AST),avg(STL),avg(BLK),avg(TO),avg(PF),avg(PTS),avg(PLUS_MINUS),sum(FGM),sum(FGA),sum(FG3M),sum(FG3A),sum(FTM),sum(FTA),sum(OREB),sum(DREB),sum(REB),sum(AST),sum(STL),sum(BLK),sum(TO),sum(PF),sum(PTS),sum(PLUS_MINUS),sum(ifminute),avg(seconds),sum(seconds)
203477,Isaiah Canaan,1.8979591836734695,4.8979591836734695,0.8163265306122449,2.7551020408163267,0.9183673469387755,1.0408163265306123,0.16326530612244897,1.2040816326530612,1.3673469387755102,1.0816326530612246,0.5306122448979592,0.061224489795918366,0.5510204081632653,1.0204081632653061,5.530612244897959,-0.6938775510204082,93.0,240.0,40.0,135.0,45.0,51.0,8.0,59.0,67.0,53.0,26.0,3.0,27.0,50.0,271.0,-34.0,49,1006.4489795918367,49316.0
201566,Russell Westbrook,10.077777777777778,23.88888888888889,2.422222222222222,7.133333333333334,8.666666666666666,10.333333333333334,1.6222222222222222,8.733333333333333,10.355555555555556,10.266666666666667,1.6333333333333333,0.36666666666666664,5.277777777777778,2.3333333333333335,31.244444444444444,3.2777777777777777,907.0,2150.0,218.0,642.0,780.0,930.0,146.0,786.0,932.0,924.0,147.0,33.0,475.0,210.0,2812.0,295.0,90,2056.2555555555555,185063.0
1627816,Alex Poythress,3.125,6.875,0.75,2.5,1.125,1.75,1.375,2.25,3.625,0.75,0.375,0.375,0.375,1.875,8.125,-4.0,25.0,55.0,6.0,20.0,9.0,14.0,11.0,18.0,29.0,6.0,3.0,3.0,3.0,15.0,65.0,-32.0,8,1230.375,9843.0
201229,Anthony Tolliver,2.3857142857142857,5.357142857142857,1.4142857142857144,3.5142857142857142,0.9571428571428572,1.2714285714285714,0.7714285714285715,2.9571428571428573,3.7285714285714286,1.2285714285714286,0.5142857142857142,0.3142857142857143,0.9,1.7,7.142857142857143,-0.9,167.0,375.0,99.0,246.0,67.0,89.0,54.0,207.0,261.0,86.0,36.0,22.0,63.0,119.0,500.0,-63.0,70,1357.357142857143,95015.0
