TEAM_ID,PLAYER_ID,PLAYER_NAME,avg(FGM),avg(FGA),avg(FG3M),avg(FG3A),avg(FTM),avg(FTA),avg(OREB),avg(DREB),avg(REB),avg(AST),avg(STL),avg(BLK),avg(TO),avg(PF),avg(PTS),avg(PLUS_MINUS),sum(FGM),sum(FGA),sum(FG3M),sum(FG3A),sum(FTM),sum(FTA),sum(OREB),sum(DREB),sum(REB),sum(AST),sum(STL),sum(BLK),sum(TO),sum(PF),sum(PTS),sum(PLUS_MINUS),sum(ifminute),avg(seconds),sum(seconds)
1610612755,201980,Danny Green,3.1805555555555554,7.736111111111111,2.486111111111111,6.166666666666667,0.4861111111111111,0.6111111111111112,0.7777777777777778,2.9166666666666665,3.6944444444444446,1.6944444444444444,1.4027777777777777,0.7916666666666666,0.9444444444444444,1.8055555555555556,9.333333333333334,4.430555555555555,229.0,557.0,179.0,444.0,35.0,44.0,56.0,210.0,266.0,122.0,101.0,57.0,68.0,130.0,672.0,319.0,72,1658.9166666666667,119442.0
1610612759,1629677,Luka Samanic,1.411764705882353,3.2058823529411766,0.35294117647058826,1.2647058823529411,0.47058823529411764,0.8529411764705882,0.47058823529411764,1.5588235294117647,2.0294117647058822,0.4411764705882353,0.2647058823529412,0.23529411764705882,0.5882352941176471,1.2941176470588236,3.6470588235294117,-0.7352941176470589,48.0,109.0,12.0,43.0,16.0,29.0,16.0,53.0,69.0,15.0,9.0,8.0,20.0,44.0,124.0,-25.0,34,565.5882352941177,19230.0
