TEAM_ID,PLAYER_ID,PLAYER_NAME,avg(FGM),avg(FGA),avg(FG3M),avg(FG3A),avg(FTM),avg(FTA),avg(OREB),avg(DREB),avg(REB),avg(AST),avg(STL),avg(BLK),avg(TO),avg(PF),avg(PTS),avg(PLUS_MINUS),sum(FGM),sum(FGA),sum(FG3M),sum(FG3A),sum(FTM),sum(FTA),sum(OREB),sum(DREB),sum(REB),sum(AST),sum(STL),sum(BLK),sum(TO),sum(PF),sum(PTS),sum(PLUS_MINUS),sum(ifminute),avg(seconds),sum(seconds)
1610612752,203493,Reggie Bullock,3.782608695652174,8.521739130434783,2.449275362318841,6.043478260869565,0.7536231884057971,0.855072463768116,0.2463768115942029,3.1739130434782608,3.420289855072464,1.463768115942029,0.7971014492753623,0.17391304347826086,0.6956521739130435,2.217391304347826,10.768115942028986,1.3623188405797102,261.0,588.0,169.0,417.0,52.0,59.0,17.0,219.0,236.0,101.0,55.0,12.0,48.0,153.0,743.0,94.0,69,1760.2173913043478,121455.0
1610612739,1628422,Damyean Dotson,2.6470588235294117,6.372549019607843,1.0196078431372548,3.450980392156863,0.5098039215686274,0.7647058823529411,0.11764705882352941,1.9803921568627452,2.0980392156862746,1.9803921568627452,0.35294117647058826,0.0784313725490196,1.0,0.8823529411764706,6.823529411764706,-4.568627450980392,135.0,325.0,52.0,176.0,26.0,39.0,6.0,101.0,107.0,101.0,18.0,4.0,51.0,45.0,348.0,-233.0,51,1201.9411764705883,61299.0
1610612743,203999,Nikola Jokic,9.947368421052632,17.473684210526315,1.263157894736842,3.223684210526316,4.7105263157894735,5.394736842105263,2.8026315789473686,7.934210526315789,10.736842105263158,8.289473684210526,1.3157894736842106,0.6710526315789473,3.1184210526315788,2.6578947368421053,25.86842105263158,5.381578947368421,756.0,1328.0,96.0,245.0,358.0,410.0,213.0,603.0,816.0,630.0,100.0,51.0,237.0,202.0,1966.0,409.0,76,2045.3947368421052,155450.0
