TEAM_ID,PLAYER_ID,PLAYER_NAME,avg(FGM),avg(FGA),avg(FG3M),avg(FG3A),avg(FTM),avg(FTA),avg(OREB),avg(DREB),avg(REB),avg(AST),avg(STL),avg(BLK),avg(TO),avg(PF),avg(PTS),avg(PLUS_MINUS),sum(FGM),sum(FGA),sum(FG3M),sum(FG3A),sum(FTM),sum(FTA),sum(OREB),sum(DREB),sum(REB),sum(AST),sum(STL),sum(BLK),sum(TO),sum(PF),sum(PTS),sum(PLUS_MINUS),sum(ifminute),avg(seconds),sum(seconds)
1610612759,1629640,Keldon Johnson,4.875,10.26388888888889,0.8611111111111112,2.611111111111111,2.111111111111111,2.8472222222222223,1.3333333333333333,4.625,5.958333333333333,1.7638888888888888,0.6111111111111112,0.3472222222222222,1.1666666666666667,2.0555555555555554,12.722222222222221,-2.5416666666666665,351.0,739.0,62.0,188.0,152.0,205.0,96.0,333.0,429.0,127.0,44.0,25.0,84.0,148.0,916.0,-183.0,72,1710.5277777777778,123158.0
1610612748,1629130,Duncan Robinson,4.351351351351352,9.85135135135135,3.4594594594594597,8.432432432432432,0.8648648648648649,1.0405405405405406,0.0945945945945946,3.391891891891892,3.4864864864864864,1.7297297297297298,0.581081081081081,0.2702702702702703,1.135135135135135,2.4864864864864864,13.027027027027026,1.5945945945945945,322.0,729.0,256.0,624.0,64.0,77.0,7.0,251.0,258.0,128.0,43.0,20.0,84.0,184.0,964.0,118.0,74,1874.3783783783783,138704.0
1610612742,1626161,Willie Cauley-Stein,2.1607142857142856,3.4285714285714284,0.05357142857142857,0.26785714285714285,0.875,1.3928571428571428,1.1964285714285714,3.1785714285714284,4.375,0.625,0.39285714285714285,0.7678571428571429,0.5535714285714286,2.357142857142857,5.25,2.7857142857142856,121.0,192.0,3.0,15.0,49.0,78.0,67.0,178.0,245.0,35.0,22.0,43.0,31.0,132.0,294.0,156.0,56,994.1964285714286,55675.0
1610612749,1629066,Rodions Kurucs,1.0,1.6,0.6,0.8,0.4,0.4,0.6,1.2,1.8,0.8,0.6,0.0,0.8,1.6,3.0,1.4,5.0,8.0,3.0,4.0,2.0,2.0,3.0,6.0,9.0,4.0,3.0,0.0,4.0,8.0,15.0,7.0,5,404.2,2021.0
1610612762,1629129,Trevon Bluiett,"","","","","","","","","","","","","","","","","","","","","","","","","","","","","","","","",0,"",""
