TEAM_ID,PLAYER_ID,PLAYER_NAME,avg(FGM),avg(FGA),avg(FG3M),avg(FG3A),avg(FTM),avg(FTA),avg(OREB),avg(DREB),avg(REB),avg(AST),avg(STL),avg(BLK),avg(TO),avg(PF),avg(PTS),avg(PLUS_MINUS),sum(FGM),sum(FGA),sum(FG3M),sum(FG3A),sum(FTM),sum(FTA),sum(OREB),sum(DREB),sum(REB),sum(AST),sum(STL),sum(BLK),sum(TO),sum(PF),sum(PTS),sum(PLUS_MINUS),sum(ifminute),avg(seconds),sum(seconds)
1610612738,1630202,Payton Pritchard,2.782608695652174,6.3768115942028984,1.5217391304347827,3.8115942028985508,0.6086956521739131,0.7101449275362319,0.4782608695652174,1.8840579710144927,2.36231884057971,1.7971014492753623,0.5652173913043478,0.15942028985507245,0.855072463768116,1.5942028985507246,7.695652173913044,0.37681159420289856,192.0,440.0,105.0,263.0,42.0,49.0,33.0,130.0,163.0,124.0,39.0,11.0,59.0,110.0,531.0,26.0,69,1151.9130434782608,79482.0
1610612747,201162,Jared Dudley,0.35714285714285715,1.0,0.35714285714285715,0.7142857142857143,0.07142857142857142,0.14285714285714285,0.2857142857142857,1.7142857142857142,2.0,0.5,0.07142857142857142,0.07142857142857142,0.14285714285714285,0.8571428571428571,1.1428571428571428,2.0,5.0,14.0,5.0,10.0,1.0,2.0,4.0,24.0,28.0,7.0,1.0,1.0,2.0,12.0,16.0,28.0,14,533.0714285714286,7463.0
