TEAM_ID,PLAYER_ID,PLAYER_NAME,avg(FGM),avg(FGA),avg(FG3M),avg(FG3A),avg(FTM),avg(FTA),avg(OREB),avg(DREB),avg(REB),avg(AST),avg(STL),avg(BLK),avg(TO),avg(PF),avg(PTS),avg(PLUS_MINUS),sum(FGM),sum(FGA),sum(FG3M),sum(FG3A),sum(FTM),sum(FTA),sum(OREB),sum(DREB),sum(REB),sum(AST),sum(STL),sum(BLK),sum(TO),sum(PF),sum(PTS),sum(PLUS_MINUS),sum(ifminute),avg(seconds),sum(seconds)
1610612753,1628976,Wendell Carter Jr.,4.590909090909091,9.318181818181818,0.3181818181818182,1.3181818181818181,2.227272727272727,3.090909090909091,2.8181818181818183,5.954545454545454,8.772727272727273,1.5909090909090908,0.7727272727272727,0.8181818181818182,1.3181818181818181,2.272727272727273,11.727272727272727,-6.454545454545454,101.0,205.0,7.0,29.0,49.0,68.0,62.0,131.0,193.0,35.0,17.0,18.0,29.0,50.0,258.0,-142.0,22,1591.3181818181818,35009.0
1610612740,201949,James Johnson,3.590909090909091,8.272727272727273,0.7272727272727273,2.727272727272727,1.2727272727272727,2.1363636363636362,0.8181818181818182,3.3181818181818183,4.136363636363637,2.1818181818181817,0.8181818181818182,0.8636363636363636,1.2727272727272727,2.772727272727273,9.181818181818182,-3.8181818181818183,79.0,182.0,16.0,60.0,28.0,47.0,18.0,73.0,91.0,48.0,18.0,19.0,28.0,61.0,202.0,-84.0,22,1469.9545454545455,32339.0
1610612738,1629057,Robert Williams III,3.5925925925925926,4.962962962962963,0.0,0.037037037037037035,0.8333333333333334,1.3888888888888888,2.537037037037037,4.277777777777778,6.814814814814815,1.7592592592592593,0.8148148148148148,1.7592592592592593,1.0555555555555556,2.111111111111111,8.018518518518519,-0.18518518518518517,194.0,268.0,0.0,2.0,45.0,75.0,137.0,231.0,368.0,95.0,44.0,95.0,57.0,114.0,433.0,-10.0,54,1136.5,61371.0
1610612748,1629735,Chris Silva,0.75,1.0833333333333333,0.08333333333333333,0.08333333333333333,0.9166666666666666,1.25,0.5833333333333334,1.5,2.0833333333333335,0.5833333333333334,0.08333333333333333,0.4166666666666667,0.8333333333333334,1.75,2.5,-0.75,9.0,13.0,1.0,1.0,11.0,15.0,7.0,18.0,25.0,7.0,1.0,5.0,10.0,21.0,30.0,-9.0,12,451.4166666666667,5417.0
