TEAM_ID,PLAYER_ID,PLAYER_NAME,avg(FGM),avg(FGA),avg(FG3M),avg(FG3A),avg(FTM),avg(FTA),avg(OREB),avg(DREB),avg(REB),avg(AST),avg(STL),avg(BLK),avg(TO),avg(PF),avg(PTS),avg(PLUS_MINUS),sum(FGM),sum(FGA),sum(FG3M),sum(FG3A),sum(FTM),sum(FTA),sum(OREB),sum(DREB),sum(REB),sum(AST),sum(STL),sum(BLK),sum(TO),sum(PF),sum(PTS),sum(PLUS_MINUS),sum(ifminute),avg(seconds),sum(seconds)
1610612757,203994,Jusuf Nurkic,4.439024390243903,8.829268292682928,0.2926829268292683,0.9024390243902439,1.829268292682927,3.024390243902439,2.292682926829268,6.512195121951219,8.804878048780488,3.3902439024390243,1.0,1.024390243902439,2.073170731707317,2.8048780487804876,11.0,2.6097560975609757,182.0,362.0,12.0,37.0,75.0,124.0,94.0,267.0,361.0,139.0,41.0,42.0,85.0,115.0,451.0,107.0,41,1417.9024390243903,58134.0
1610612762,1626220,Royce O'Neale,2.452054794520548,5.534246575342466,1.5068493150684932,3.9178082191780823,0.5342465753424658,0.6301369863013698,1.2191780821917808,5.534246575342466,6.7534246575342465,2.5753424657534247,0.7945205479452054,0.4383561643835616,1.1506849315068493,2.5753424657534247,6.945205479452055,6.794520547945205,179.0,404.0,110.0,286.0,39.0,46.0,89.0,404.0,493.0,188.0,58.0,32.0,84.0,188.0,507.0,496.0,73,1886.6712328767123,137727.0
1610612740,1627742,Brandon Ingram,8.261538461538462,17.8,2.3384615384615386,6.123076923076923,4.6923076923076925,5.338461538461538,0.5538461538461539,4.323076923076923,4.876923076923077,4.769230769230769,0.6923076923076923,0.5846153846153846,2.5076923076923077,2.0307692307692307,23.553846153846155,0.9076923076923077,537.0,1157.0,152.0,398.0,305.0,347.0,36.0,281.0,317.0,310.0,45.0,38.0,163.0,132.0,1531.0,59.0,65,2041.076923076923,132670.0
