TEAM_ID,PLAYER_ID,PLAYER_NAME,avg(FGM),avg(FGA),avg(FG3M),avg(FG3A),avg(FTM),avg(FTA),avg(OREB),avg(DREB),avg(REB),avg(AST),avg(STL),avg(BLK),avg(TO),avg(PF),avg(PTS),avg(PLUS_MINUS),sum(FGM),sum(FGA),sum(FG3M),sum(FG3A),sum(FTM),sum(FTA),sum(OREB),sum(DREB),sum(REB),sum(AST),sum(STL),sum(BLK),sum(TO),sum(PF),sum(PTS),sum(PLUS_MINUS),sum(ifminute),avg(seconds),sum(seconds)
1610612763,1628960,Grayson Allen,3.375,8.196428571428571,2.1607142857142856,5.553571428571429,1.5535714285714286,1.7857142857142858,0.39285714285714285,2.8035714285714284,3.1964285714285716,2.107142857142857,0.9107142857142857,0.16071428571428573,0.9285714285714286,1.3392857142857142,10.464285714285714,0.5,189.0,459.0,121.0,311.0,87.0,100.0,22.0,157.0,179.0,118.0,51.0,9.0,52.0,75.0,586.0,28.0,56,1497.9285714285713,83884.0
1610612739,1629716,Marques Bolden,1.0,2.2,0.0,0.0,0.7,1.0,1.2,0.9,2.1,0.0,0.2,0.7,0.4,0.7,2.7,-4.0,10.0,22.0,0.0,0.0,7.0,10.0,12.0,9.0,21.0,0.0,2.0,7.0,4.0,7.0,27.0,-40.0,10,542.2,5422.0
