TEAM_ID,PLAYER_ID,PLAYER_NAME,avg(FGM),avg(FGA),avg(FG3M),avg(FG3A),avg(FTM),avg(FTA),avg(OREB),avg(DREB),avg(REB),avg(AST),avg(STL),avg(BLK),avg(TO),avg(PF),avg(PTS),avg(PLUS_MINUS),sum(FGM),sum(FGA),sum(FG3M),sum(FG3A),sum(FTM),sum(FTA),sum(OREB),sum(DREB),sum(REB),sum(AST),sum(STL),sum(BLK),sum(TO),sum(PF),sum(PTS),sum(PLUS_MINUS),sum(ifminute),avg(seconds),sum(seconds)
1610612738,1628436,Luke Kornet,1.9444444444444444,4.111111111111111,0.5,2.0,0.05555555555555555,0.1111111111111111,0.7222222222222222,2.1666666666666665,2.888888888888889,1.1111111111111112,0.1111111111111111,1.3888888888888888,0.3333333333333333,1.0555555555555556,4.444444444444445,2.4444444444444446,35.0,74.0,9.0,36.0,1.0,2.0,13.0,39.0,52.0,20.0,2.0,25.0,6.0,19.0,80.0,44.0,18,845.4444444444445,15218.0
1610612755,1630194,Paul Reed,1.5555555555555556,2.888888888888889,0.0,0.2222222222222222,0.2222222222222222,0.37037037037037035,1.1111111111111112,1.1851851851851851,2.2962962962962963,0.4444444444444444,0.37037037037037035,0.48148148148148145,0.4444444444444444,1.0740740740740742,3.3333333333333335,1.2962962962962963,42.0,78.0,0.0,6.0,6.0,10.0,30.0,32.0,62.0,12.0,10.0,13.0,12.0,29.0,90.0,35.0,27,402.74074074074076,10874.0
1610612762,202324,Derrick Favors,2.2777777777777777,3.5833333333333335,0.0,0.027777777777777776,0.8888888888888888,1.2083333333333333,2.0416666666666665,3.4166666666666665,5.458333333333333,0.7222222222222222,0.4861111111111111,0.9583333333333334,0.5555555555555556,2.111111111111111,5.444444444444445,0.4305555555555556,164.0,258.0,0.0,2.0,64.0,87.0,147.0,246.0,393.0,52.0,35.0,69.0,40.0,152.0,392.0,31.0,72,915.8888888888889,65944.0
