TEAM_ID,PLAYER_ID,PLAYER_NAME,avg(FGM),avg(FGA),avg(FG3M),avg(FG3A),avg(FTM),avg(FTA),avg(OREB),avg(DREB),avg(REB),avg(AST),avg(STL),avg(BLK),avg(TO),avg(PF),avg(PTS),avg(PLUS_MINUS),sum(FGM),sum(FGA),sum(FG3M),sum(FG3A),sum(FTM),sum(FTA),sum(OREB),sum(DREB),sum(REB),sum(AST),sum(STL),sum(BLK),sum(TO),sum(PF),sum(PTS),sum(PLUS_MINUS),sum(ifminute),avg(seconds),sum(seconds)
1610612761,1630201,Malachi Flynn,2.76,7.26,1.22,3.7,0.94,1.2,0.22,2.18,2.4,2.98,0.84,0.14,0.96,1.48,7.68,-1.08,138.0,363.0,61.0,185.0,47.0,60.0,11.0,109.0,120.0,149.0,42.0,7.0,48.0,74.0,384.0,-54.0,50,1174.96,58748.0
1610612751,201933,Blake Griffin,3.576923076923077,7.269230769230769,1.1923076923076923,3.1153846153846154,1.6538461538461537,2.1153846153846154,1.0769230769230769,3.576923076923077,4.653846153846154,2.423076923076923,0.6923076923076923,0.5,1.1538461538461537,2.6538461538461537,10.0,5.0,93.0,189.0,31.0,81.0,43.0,55.0,28.0,93.0,121.0,63.0,18.0,13.0,30.0,69.0,260.0,130.0,26,1292.923076923077,33616.0
1610612754,203087,Jeremy Lamb,3.3333333333333335,7.666666666666667,1.4444444444444444,3.5555555555555554,1.9722222222222223,2.0833333333333335,0.6944444444444444,2.9444444444444446,3.638888888888889,1.4722222222222223,0.9444444444444444,0.6388888888888888,0.6111111111111112,2.0,10.083333333333334,-0.3888888888888889,120.0,276.0,52.0,128.0,71.0,75.0,25.0,106.0,131.0,53.0,34.0,23.0,22.0,72.0,363.0,-14.0,36,1275.5833333333333,45921.0
