TEAM_ID,PLAYER_ID,PLAYER_NAME,avg(FGM),avg(FGA),avg(FG3M),avg(FG3A),avg(FTM),avg(FTA),avg(OREB),avg(DREB),avg(REB),avg(AST),avg(STL),avg(BLK),avg(TO),avg(PF),avg(PTS),avg(PLUS_MINUS),sum(FGM),sum(FGA),sum(FG3M),sum(FG3A),sum(FTM),sum(FTA),sum(OREB),sum(DREB),sum(REB),sum(AST),sum(STL),sum(BLK),sum(TO),sum(PF),sum(PTS),sum(PLUS_MINUS),sum(ifminute),avg(seconds),sum(seconds)
1610612741,1630172,Patrick Williams,3.6363636363636362,7.558441558441558,0.7662337662337663,1.9350649350649352,1.3766233766233766,1.896103896103896,0.935064935064935,3.5974025974025974,4.532467532467533,1.3376623376623376,0.8831168831168831,0.6493506493506493,1.4805194805194806,1.8051948051948052,9.415584415584416,-4.0,280.0,582.0,59.0,149.0,106.0,146.0,72.0,277.0,349.0,103.0,68.0,50.0,114.0,139.0,725.0,-308.0,77,1672.948051948052,128817.0
1610612746,202694,Marcus Morris Sr.,4.842105263157895,10.24561403508772,2.456140350877193,5.192982456140351,1.280701754385965,1.5614035087719298,0.6140350877192983,3.491228070175439,4.105263157894737,1.0175438596491229,0.5964912280701754,0.2631578947368421,1.0,2.0526315789473686,13.421052631578947,2.3333333333333335,276.0,584.0,140.0,296.0,73.0,89.0,35.0,199.0,234.0,58.0,34.0,15.0,57.0,117.0,765.0,133.0,57,1580.9473684210527,90114.0
1610612739,1626204,Larry Nance Jr.,3.5675675675675675,7.5675675675675675,1.135135135135135,3.189189189189189,0.8378378378378378,1.4054054054054055,1.5135135135135136,5.135135135135135,6.648648648648648,3.0,1.6756756756756757,0.4594594594594595,1.6486486486486487,2.0,9.108108108108109,-4.135135135135135,132.0,280.0,42.0,118.0,31.0,52.0,56.0,190.0,246.0,111.0,62.0,17.0,61.0,74.0,337.0,-153.0,37,1821.2162162162163,67385.0
