TEAM_ID,PLAYER_ID,PLAYER_NAME,avg(FGM),avg(FGA),avg(FG3M),avg(FG3A),avg(FTM),avg(FTA),avg(OREB),avg(DREB),avg(REB),avg(AST),avg(STL),avg(BLK),avg(TO),avg(PF),avg(PTS),avg(PLUS_MINUS),sum(FGM),sum(FGA),sum(FG3M),sum(FG3A),sum(FTM),sum(FTA),sum(OREB),sum(DREB),sum(REB),sum(AST),sum(STL),sum(BLK),sum(TO),sum(PF),sum(PTS),sum(PLUS_MINUS),sum(ifminute),avg(seconds),sum(seconds)
1610612762,1629671,Miye Oni,0.7192982456140351,1.9649122807017543,0.5964912280701754,1.719298245614035,0.12280701754385964,0.17543859649122806,0.42105263157894735,1.2280701754385965,1.6491228070175439,0.5789473684210527,0.2631578947368421,0.14035087719298245,0.2982456140350877,1.1228070175438596,2.1578947368421053,2.0,41.0,112.0,34.0,98.0,7.0,10.0,24.0,70.0,94.0,33.0,15.0,8.0,17.0,64.0,123.0,114.0,57,600.6666666666666,34238.0
1610612744,1627737,Marquese Chriss,3.5,8.333333333333334,0.8333333333333334,2.8333333333333335,0.6666666666666666,1.3333333333333333,1.8333333333333333,5.666666666666667,7.5,1.3333333333333333,0.16666666666666666,0.5,1.0,2.0,8.5,-2.5,21.0,50.0,5.0,17.0,4.0,8.0,11.0,34.0,45.0,8.0,1.0,3.0,6.0,12.0,51.0,-15.0,6,924.8333333333334,5549.0
