TEAM_ID,PLAYER_ID,PLAYER_NAME,avg(FGM),avg(FGA),avg(FG3M),avg(FG3A),avg(FTM),avg(FTA),avg(OREB),avg(DREB),avg(REB),avg(AST),avg(STL),avg(BLK),avg(TO),avg(PF),avg(PTS),avg(PLUS_MINUS),sum(FGM),sum(FGA),sum(FG3M),sum(FG3A),sum(FTM),sum(FTA),sum(OREB),sum(DREB),sum(REB),sum(AST),sum(STL),sum(BLK),sum(TO),sum(PF),sum(PTS),sum(PLUS_MINUS),sum(ifminute),avg(seconds),sum(seconds)
1610612758,1628963,Marvin Bagley III,5.630434782608695,11.217391304347826,0.8043478260869565,2.4565217391304346,1.7608695652173914,3.0869565217391304,2.4130434782608696,4.869565217391305,7.282608695652174,0.9347826086956522,0.45652173913043476,0.4782608695652174,1.391304347826087,2.347826086956522,13.826086956521738,-2.239130434782609,259.0,516.0,37.0,113.0,81.0,142.0,111.0,224.0,335.0,43.0,21.0,22.0,64.0,108.0,636.0,-103.0,46,1529.304347826087,70348.0
