TEAM_ID,PLAYER_ID,PLAYER_NAME,avg(FGM),avg(FGA),avg(FG3M),avg(FG3A),avg(FTM),avg(FTA),avg(OREB),avg(DREB),avg(REB),avg(AST),avg(STL),avg(BLK),avg(TO),avg(PF),avg(PTS),avg(PLUS_MINUS),sum(FGM),sum(FGA),sum(FG3M),sum(FG3A),sum(FTM),sum(FTA),sum(OREB),sum(DREB),sum(REB),sum(AST),sum(STL),sum(BLK),sum(TO),sum(PF),sum(PTS),sum(PLUS_MINUS),sum(ifminute),avg(seconds),sum(seconds)
1610612750,1629020,Jarred Vanderbilt,2.1492537313432836,3.5671641791044775,0.014925373134328358,0.07462686567164178,0.8656716417910447,1.5671641791044777,1.8208955223880596,3.791044776119403,5.611940298507463,1.164179104477612,0.9701492537313433,0.7014925373134329,0.835820895522388,1.8656716417910448,5.17910447761194,-0.6865671641791045,144.0,239.0,1.0,5.0,58.0,105.0,122.0,254.0,376.0,78.0,65.0,47.0,56.0,125.0,347.0,-46.0,67,1041.55223880597,69784.0
1610612762,1628962,Udoka Azubuike,0.47058823529411764,0.8235294117647058,0.0,0.0,0.47058823529411764,0.7647058823529411,0.29411764705882354,0.7647058823529411,1.0588235294117647,0.0,0.058823529411764705,0.35294117647058826,0.29411764705882354,0.7647058823529411,1.411764705882353,-3.588235294117647,8.0,14.0,0.0,0.0,8.0,13.0,5.0,13.0,18.0,0.0,1.0,6.0,5.0,13.0,24.0,-61.0,17,269.70588235294116,4585.0
1610612760,201588,George Hill,4.3125,8.1875,1.4375,3.6875,1.4375,1.6875,0.5625,1.625,2.1875,2.9375,0.75,0.125,0.75,0.875,11.5,0.1875,69.0,131.0,23.0,59.0,23.0,27.0,9.0,26.0,35.0,47.0,12.0,2.0,12.0,14.0,184.0,3.0,16,1527.0625,24433.0
