TEAM_ID,PLAYER_ID,PLAYER_NAME,avg(FGM),avg(FGA),avg(FG3M),avg(FG3A),avg(FTM),avg(FTA),avg(OREB),avg(DREB),avg(REB),avg(AST),avg(STL),avg(BLK),avg(TO),avg(PF),avg(PTS),avg(PLUS_MINUS),sum(FGM),sum(FGA),sum(FG3M),sum(FG3A),sum(FTM),sum(FTA),sum(OREB),sum(DREB),sum(REB),sum(AST),sum(STL),sum(BLK),sum(TO),sum(PF),sum(PTS),sum(PLUS_MINUS),sum(ifminute),avg(seconds),sum(seconds)
1610612764,202397,Ish Smith,2.8085106382978724,6.680851063829787,0.40425531914893614,1.1063829787234043,0.40425531914893614,0.7021276595744681,0.48936170212765956,2.9148936170212765,3.404255319148936,4.042553191489362,0.723404255319149,0.2765957446808511,0.9361702127659575,1.3404255319148937,6.425531914893617,1.3191489361702127,132.0,314.0,19.0,52.0,19.0,33.0,23.0,137.0,160.0,190.0,34.0,13.0,44.0,63.0,302.0,62.0,47,1256.8510638297873,59072.0
1610612764,1629010,Jerome Robinson,1.6842105263157894,5.684210526315789,0.6842105263157895,2.526315789473684,0.8947368421052632,1.1578947368421053,0.21052631578947367,2.1052631578947367,2.3157894736842106,1.4210526315789473,0.631578947368421,0.3157894736842105,1.0526315789473684,1.6842105263157894,4.947368421052632,-5.684210526315789,32.0,108.0,13.0,48.0,17.0,22.0,4.0,40.0,44.0,27.0,12.0,6.0,20.0,32.0,94.0,-108.0,19,1057.4736842105262,20092.0
1610612761,1628993,Alize Johnson,0.5,0.5,0.0,0.0,0.5,1.0,0.5,2.5,3.0,0.5,0.0,0.0,1.0,1.0,1.5,-10.0,1.0,1.0,0.0,0.0,1.0,2.0,1.0,5.0,6.0,1.0,0.0,0.0,2.0,2.0,3.0,-20.0,2,328.5,657.0
