TEAM_ID,PLAYER_ID,PLAYER_NAME,avg(FGM),avg(FGA),avg(FG3M),avg(FG3A),avg(FTM),avg(FTA),avg(OREB),avg(DREB),avg(REB),avg(AST),avg(STL),avg(BLK),avg(TO),avg(PF),avg(PTS),avg(PLUS_MINUS),sum(FGM),sum(FGA),sum(FG3M),sum(FG3A),sum(FTM),sum(FTA),sum(OREB),sum(DREB),sum(REB),sum(AST),sum(STL),sum(BLK),sum(TO),sum(PF),sum(PTS),sum(PLUS_MINUS),sum(ifminute),avg(seconds),sum(seconds)
1610612746,1630187,Daniel Oturu,0.8181818181818182,1.7575757575757576,0.030303030303030304,0.15151515151515152,0.30303030303030304,0.42424242424242425,0.696969696969697,0.9090909090909091,1.606060606060606,0.3333333333333333,0.12121212121212122,0.21212121212121213,0.42424242424242425,0.8787878787878788,1.9696969696969697,-0.18181818181818182,27.0,58.0,1.0,5.0,10.0,14.0,23.0,30.0,53.0,11.0,4.0,7.0,14.0,29.0,65.0,-6.0,33,352.90909090909093,11646.0
1610612761,1629052,Oshae Brissett,0.5,3.0,0.0,2.5,1.5,2.0,0.0,0.5,0.5,0.0,1.0,0.0,0.5,0.0,2.5,3.5,1.0,6.0,0.0,5.0,3.0,4.0,0.0,1.0,1.0,0.0,2.0,0.0,1.0,0.0,5.0,7.0,2,429.0,858.0
1610612764,1630213,Yoeli Childs,1.0,4.0,0.0,0.0,1.0,2.0,3.0,2.0,5.0,0.0,0.0,0.0,2.0,0.0,3.0,2.0,1.0,4.0,0.0,0.0,1.0,2.0,3.0,2.0,5.0,0.0,0.0,0.0,2.0,0.0,3.0,2.0,1,390.0,390.0
