TEAM_ID,PLAYER_ID,PLAYER_NAME,avg(FGM),avg(FGA),avg(FG3M),avg(FG3A),avg(FTM),avg(FTA),avg(OREB),avg(DREB),avg(REB),avg(AST),avg(STL),avg(BLK),avg(TO),avg(PF),avg(PTS),avg(PLUS_MINUS),sum(FGM),sum(FGA),sum(FG3M),sum(FG3A),sum(FTM),sum(FTA),sum(OREB),sum(DREB),sum(REB),sum(AST),sum(STL),sum(BLK),sum(TO),sum(PF),sum(PTS),sum(PLUS_MINUS),sum(ifminute),avg(seconds),sum(seconds)
1610612738,1628369,Jayson Tatum,5.783132530120482,12.987951807228916,1.4337349397590362,3.855421686746988,2.433734939759036,2.8433734939759034,0.8554216867469879,5.072289156626506,5.927710843373494,2.0481927710843375,1.0481927710843373,0.6987951807228916,1.5060240963855422,2.1204819277108435,15.433734939759036,3.927710843373494,480.0,1078.0,119.0,320.0,202.0,236.0,71.0,421.0,492.0,170.0,87.0,58.0,125.0,176.0,1281.0,326.0,83,1831.855421686747,152044.0
1610612745,1627737,Marquese Chriss,0.9444444444444444,2.5555555555555554,0.05555555555555555,0.8888888888888888,0.5555555555555556,0.7222222222222222,0.5,1.5555555555555556,2.0555555555555554,0.3888888888888889,0.16666666666666666,0.5,1.1111111111111112,1.4444444444444444,2.5,-0.8333333333333334,17.0,46.0,1.0,16.0,10.0,13.0,9.0,28.0,37.0,7.0,3.0,9.0,20.0,26.0,45.0,-15.0,18,473.8888888888889,8530.0
