TEAM_ID,PLAYER_ID,PLAYER_NAME,avg(FGM),avg(FGA),avg(FG3M),avg(FG3A),avg(FTM),avg(FTA),avg(OREB),avg(DREB),avg(REB),avg(AST),avg(STL),avg(BLK),avg(TO),avg(PF),avg(PTS),avg(PLUS_MINUS),sum(FGM),sum(FGA),sum(FG3M),sum(FG3A),sum(FTM),sum(FTA),sum(OREB),sum(DREB),sum(REB),sum(AST),sum(STL),sum(BLK),sum(TO),sum(PF),sum(PTS),sum(PLUS_MINUS),sum(ifminute),avg(seconds),sum(seconds)
1610612738,1626179,Terry Rozier,3.3373493975903616,8.55421686746988,1.4698795180722892,4.228915662650603,0.9518072289156626,1.2048192771084338,0.3855421686746988,3.4698795180722892,3.855421686746988,2.855421686746988,0.8795180722891566,0.25301204819277107,0.8433734939759037,1.2891566265060241,9.096385542168674,-0.3855421686746988,277.0,710.0,122.0,351.0,79.0,100.0,32.0,288.0,320.0,237.0,73.0,21.0,70.0,107.0,755.0,-32.0,83,1357.2168674698796,112649.0
1610612742,200826,J.J. Barea,4.121951219512195,9.878048780487806,0.975609756097561,3.317073170731707,1.5853658536585367,2.2195121951219514,0.34146341463414637,2.048780487804878,2.3902439024390243,5.512195121951219,0.5609756097560976,0.024390243902439025,1.9268292682926829,1.2439024390243902,10.804878048780488,0.5853658536585366,169.0,405.0,40.0,136.0,65.0,91.0,14.0,84.0,98.0,226.0,23.0,1.0,79.0,51.0,443.0,24.0,41,1178.9512195121952,48337.0
1610612740,101127,Jarrett Jack,1.0,3.3333333333333335,0.0,0.6666666666666666,1.3333333333333333,1.3333333333333333,0.3333333333333333,0.6666666666666666,1.0,2.0,0.0,0.0,1.3333333333333333,1.0,3.3333333333333335,-11.0,3.0,10.0,0.0,2.0,4.0,4.0,1.0,2.0,3.0,6.0,0.0,0.0,4.0,3.0,10.0,-33.0,3,710.0,2130.0
