TEAM_ID,PLAYER_ID,PLAYER_NAME,avg(FGM),avg(FGA),avg(FG3M),avg(FG3A),avg(FTM),avg(FTA),avg(OREB),avg(DREB),avg(REB),avg(AST),avg(STL),avg(BLK),avg(TO),avg(PF),avg(PTS),avg(PLUS_MINUS),sum(FGM),sum(FGA),sum(FG3M),sum(FG3A),sum(FTM),sum(FTA),sum(OREB),sum(DREB),sum(REB),sum(AST),sum(STL),sum(BLK),sum(TO),sum(PF),sum(PTS),sum(PLUS_MINUS),sum(ifminute),avg(seconds),sum(seconds)
1610612762,203497,Rudy Gobert,5.857142857142857,8.702380952380953,0.0,0.0,4.059523809523809,6.345238095238095,3.7738095238095237,8.892857142857142,12.666666666666666,1.9404761904761905,0.8095238095238095,2.2976190476190474,1.619047619047619,2.8214285714285716,15.773809523809524,4.928571428571429,492.0,731.0,0.0,0.0,341.0,533.0,317.0,747.0,1064.0,163.0,68.0,193.0,136.0,237.0,1325.0,414.0,84,1890.095238095238,158768.0
1610612744,203110,Draymond Green,2.7794117647058822,6.294117647058823,0.6911764705882353,2.4705882352941178,0.9411764705882353,1.3676470588235294,0.8823529411764706,6.323529411764706,7.205882352941177,6.867647058823529,1.3970588235294117,1.0441176470588236,2.5441176470588234,3.0294117647058822,7.1911764705882355,6.955882352941177,189.0,428.0,47.0,168.0,64.0,93.0,60.0,430.0,490.0,467.0,95.0,71.0,173.0,206.0,489.0,473.0,68,1857.8382352941176,126333.0
1610612765,203687,Reggie Hearn,1.0,1.0,1.0,1.0,0.0,0.0,0.0,1.0,1.0,0.0,0.0,0.0,0.0,1.0,3.0,5.0,1.0,1.0,1.0,1.0,0.0,0.0,0.0,1.0,1.0,0.0,0.0,0.0,0.0,1.0,3.0,5.0,1,301.0,301.0
