TEAM_ID,PLAYER_ID,PLAYER_NAME,avg(FGM),avg(FGA),avg(FG3M),avg(FG3A),avg(FTM),avg(FTA),avg(OREB),avg(DREB),avg(REB),avg(AST),avg(STL),avg(BLK),avg(TO),avg(PF),avg(PTS),avg(PLUS_MINUS),sum(FGM),sum(FGA),sum(FG3M),sum(FG3A),sum(FTM),sum(FTA),sum(OREB),sum(DREB),sum(REB),sum(AST),sum(STL),sum(BLK),sum(TO),sum(PF),sum(PTS),sum(PLUS_MINUS),sum(ifminute),avg(seconds),sum(seconds)
1610612763,202718,Chandler Parsons,2.7666666666666666,6.966666666666667,1.2,3.6333333333333333,0.9,1.0333333333333334,0.13333333333333333,2.566666666666667,2.7,1.6666666666666667,0.8,0.2,1.1333333333333333,1.7,7.633333333333334,-1.9,83.0,209.0,36.0,109.0,27.0,31.0,4.0,77.0,81.0,50.0,24.0,6.0,34.0,51.0,229.0,-57.0,30,1185.1666666666667,35555.0
1610612762,202324,Derrick Favors,4.746835443037975,8.063291139240507,0.24050632911392406,1.0126582278481013,1.9746835443037976,2.9367088607594938,2.6455696202531644,4.7215189873417724,7.367088607594937,1.1518987341772151,0.7468354430379747,1.3544303797468353,1.1139240506329113,2.1645569620253164,11.708860759493671,2.670886075949367,375.0,637.0,19.0,80.0,156.0,232.0,209.0,373.0,582.0,91.0,59.0,107.0,88.0,171.0,925.0,211.0,79,1390.0,109810.0
1610612761,203961,Eric Moreland,1.5,2.5,0.16666666666666666,0.16666666666666666,0.0,0.0,1.1666666666666667,3.6666666666666665,4.833333333333333,1.1666666666666667,0.3333333333333333,0.16666666666666666,1.0,2.1666666666666665,3.1666666666666665,-0.16666666666666666,9.0,15.0,1.0,1.0,0.0,0.0,7.0,22.0,29.0,7.0,2.0,1.0,6.0,13.0,19.0,-1.0,6,669.8333333333334,4019.0
1610612752,1627758,Ron Baker,0.5625,1.375,0.1875,0.75,0.5625,0.625,0.0625,0.75,0.8125,1.1875,0.8125,0.0625,0.375,1.375,1.875,-0.75,9.0,22.0,3.0,12.0,9.0,10.0,1.0,12.0,13.0,19.0,13.0,1.0,6.0,22.0,30.0,-12.0,16,628.375,10054.0
