TEAM_ID,PLAYER_ID,PLAYER_NAME,avg(FGM),avg(FGA),avg(FG3M),avg(FG3A),avg(FTM),avg(FTA),avg(OREB),avg(DREB),avg(REB),avg(AST),avg(STL),avg(BLK),avg(TO),avg(PF),avg(PTS),avg(PLUS_MINUS),sum(FGM),sum(FGA),sum(FG3M),sum(FG3A),sum(FTM),sum(FTA),sum(OREB),sum(DREB),sum(REB),sum(AST),sum(STL),sum(BLK),sum(TO),sum(PF),sum(PTS),sum(PLUS_MINUS),sum(ifminute),avg(seconds),sum(seconds)
1610612746,1629010,Jerome Robinson,1.4166666666666667,3.6666666666666665,0.6388888888888888,1.9444444444444444,0.25,0.3611111111111111,0.1388888888888889,1.1944444444444444,1.3333333333333333,0.6111111111111112,0.3333333333333333,0.1388888888888889,0.4444444444444444,1.4444444444444444,3.7222222222222223,-0.5,51.0,132.0,23.0,70.0,9.0,13.0,5.0,43.0,48.0,22.0,12.0,5.0,16.0,52.0,134.0,-18.0,36,646.1944444444445,23263.0
1610612758,1628403,Caleb Swanigan,1.3333333333333333,3.0,0.0,0.6666666666666666,0.0,0.6666666666666666,1.3333333333333333,2.6666666666666665,4.0,1.3333333333333333,0.6666666666666666,0.3333333333333333,0.6666666666666666,2.0,2.6666666666666665,-0.3333333333333333,4.0,9.0,0.0,2.0,0.0,2.0,4.0,8.0,12.0,4.0,2.0,1.0,2.0,6.0,8.0,-1.0,3,660.3333333333334,1981.0
1610612739,1627735,Wade Baldwin IV,"","","","","","","","","","","","","","","","","","","","","","","","","","","","","","","","",0,"",""
1610612765,1627740,Henry Ellenson,2.0,4.666666666666667,0.5,1.6666666666666667,0.6666666666666666,1.0,0.6666666666666666,3.0,3.6666666666666665,1.0,0.0,0.0,0.16666666666666666,1.6666666666666667,5.166666666666667,-5.333333333333333,12.0,28.0,3.0,10.0,4.0,6.0,4.0,18.0,22.0,6.0,0.0,0.0,1.0,10.0,31.0,-32.0,6,810.0,4860.0
