TEAM_ID,PLAYER_ID,PLAYER_NAME,avg(FGM),avg(FGA),avg(FG3M),avg(FG3A),avg(FTM),avg(FTA),avg(OREB),avg(DREB),avg(REB),avg(AST),avg(STL),avg(BLK),avg(TO),avg(PF),avg(PTS),avg(PLUS_MINUS),sum(FGM),sum(FGA),sum(FG3M),sum(FG3A),sum(FTM),sum(FTA),sum(OREB),sum(DREB),sum(REB),sum(AST),sum(STL),sum(BLK),sum(TO),sum(PF),sum(PTS),sum(PLUS_MINUS),sum(ifminute),avg(seconds),sum(seconds)
1610612765,1627748,Thon Maker,1.7241379310344827,4.620689655172414,0.7931034482758621,2.586206896551724,1.2413793103448276,1.6206896551724137,0.8275862068965517,2.8275862068965516,3.6551724137931036,0.9310344827586207,0.3793103448275862,1.1379310344827587,0.8275862068965517,1.7241379310344827,5.482758620689655,-1.2758620689655173,50.0,134.0,23.0,75.0,36.0,47.0,24.0,82.0,106.0,27.0,11.0,33.0,24.0,50.0,159.0,-37.0,29,1165.1379310344828,33789.0
1610612742,1626257,Salah Mejri,1.564102564102564,3.128205128205128,0.28205128205128205,0.8717948717948718,0.5384615384615384,0.9743589743589743,0.9743589743589743,2.5641025641025643,3.5384615384615383,1.0,0.2564102564102564,0.717948717948718,0.5641025641025641,1.6666666666666667,3.948717948717949,-1.3076923076923077,61.0,122.0,11.0,34.0,21.0,38.0,38.0,100.0,138.0,39.0,10.0,28.0,22.0,65.0,154.0,-51.0,39,672.1794871794872,26215.0
1610612738,1628464,Daniel Theis,2.142857142857143,3.9571428571428573,0.37142857142857144,1.0,0.8285714285714286,1.1142857142857143,1.3142857142857143,2.085714285714286,3.4,1.0,0.3142857142857143,0.6142857142857143,0.5285714285714286,2.4857142857142858,5.485714285714286,1.5285714285714285,150.0,277.0,26.0,70.0,58.0,78.0,92.0,146.0,238.0,70.0,22.0,43.0,37.0,174.0,384.0,107.0,70,815.5142857142857,57086.0
1610612749,1626174,Christian Wood,1.8823529411764706,3.235294117647059,0.35294117647058826,0.7647058823529411,1.2352941176470589,2.1176470588235294,0.6470588235294118,2.235294117647059,2.8823529411764706,0.35294117647058826,0.058823529411764705,0.17647058823529413,0.5882352941176471,0.7058823529411765,5.352941176470588,-1.0,32.0,55.0,6.0,13.0,21.0,36.0,11.0,38.0,49.0,6.0,1.0,3.0,10.0,12.0,91.0,-17.0,17,488.94117647058823,8312.0
1610612760,203583,Abdul Gaddy,0.25,2.0,0.25,1.0,0.25,0.5,0.0,1.25,1.25,1.75,0.5,0.25,0.25,0.5,1.0,-1.25,1.0,8.0,1.0,4.0,1.0,2.0,0.0,5.0,5.0,7.0,2.0,1.0,1.0,2.0,4.0,-5.0,4,398.25,1593.0
