TEAM_ID,PLAYER_ID,PLAYER_NAME,avg(FGM),avg(FGA),avg(FG3M),avg(FG3A),avg(FTM),avg(FTA),avg(OREB),avg(DREB),avg(REB),avg(AST),avg(STL),avg(BLK),avg(TO),avg(PF),avg(PTS),avg(PLUS_MINUS),sum(FGM),sum(FGA),sum(FG3M),sum(FG3A),sum(FTM),sum(FTA),sum(OREB),sum(DREB),sum(REB),sum(AST),sum(STL),sum(BLK),sum(TO),sum(PF),sum(PTS),sum(PLUS_MINUS),sum(ifminute),avg(seconds),sum(seconds)
1610612758,1628963,Marvin Bagley III,5.7164179104477615,11.432835820895523,0.4626865671641791,1.537313432835821,2.8656716417910446,4.164179104477612,2.6417910447761193,4.91044776119403,7.552238805970149,1.0,0.5223880597014925,0.9402985074626866,1.5522388059701493,1.8955223880597014,14.761194029850746,-2.328358208955224,383.0,766.0,31.0,103.0,192.0,279.0,177.0,329.0,506.0,67.0,35.0,63.0,104.0,127.0,989.0,-156.0,67,1517.089552238806,101645.0
1610612751,1628769,Tahjere McCall,2.0,3.0,0.0,1.0,0.0,1.0,0.0,1.0,1.0,0.0,0.0,0.0,0.0,2.0,4.0,15.0,2.0,3.0,0.0,1.0,0.0,1.0,0.0,1.0,1.0,0.0,0.0,0.0,0.0,2.0,4.0,15.0,1,478.0,478.0
1610612755,1627743,Demetrius Jackson,1.5,2.75,0.375,1.125,0.75,0.75,0.25,0.25,0.5,0.875,0.25,0.125,0.375,0.875,4.125,-2.25,12.0,22.0,3.0,9.0,6.0,6.0,2.0,2.0,4.0,7.0,2.0,1.0,3.0,7.0,33.0,-18.0,8,383.75,3070.0
1610612745,1629154,Rob Gray,0.0,0.5,0.0,0.5,0.0,0.0,0.0,0.5,0.5,0.5,0.0,0.0,1.0,0.5,0.0,4.0,0.0,1.0,0.0,1.0,0.0,0.0,0.0,1.0,1.0,1.0,0.0,0.0,2.0,1.0,0.0,8.0,2,191.0,382.0
1610612759,1628417,Jaron Blossomgame,1.3333333333333333,2.0,0.0,0.0,1.0,1.6666666666666667,0.6666666666666666,1.0,1.6666666666666667,0.0,0.0,0.0,0.3333333333333333,0.3333333333333333,3.6666666666666665,-8.666666666666666,4.0,6.0,0.0,0.0,3.0,5.0,2.0,3.0,5.0,0.0,0.0,0.0,1.0,1.0,11.0,-26.0,3,380.0,1140.0
