TEAM_ID,PLAYER_ID,PLAYER_NAME,avg(FGM),avg(FGA),avg(FG3M),avg(FG3A),avg(FTM),avg(FTA),avg(OREB),avg(DREB),avg(REB),avg(AST),avg(STL),avg(BLK),avg(TO),avg(PF),avg(PTS),avg(PLUS_MINUS),sum(FGM),sum(FGA),sum(FG3M),sum(FG3A),sum(FTM),sum(FTA),sum(OREB),sum(DREB),sum(REB),sum(AST),sum(STL),sum(BLK),sum(TO),sum(PF),sum(PTS),sum(PLUS_MINUS),sum(ifminute),avg(seconds),sum(seconds)
1610612744,202691,Klay Thompson,8.378048780487806,17.853658536585368,3.1341463414634148,7.658536585365853,1.670731707317073,2.0365853658536586,0.4634146341463415,3.3658536585365852,3.8292682926829267,2.402439024390244,1.0609756097560976,0.5853658536585366,1.4390243902439024,1.9878048780487805,21.5609756097561,4.853658536585366,687.0,1464.0,257.0,628.0,137.0,167.0,38.0,276.0,314.0,197.0,87.0,48.0,118.0,163.0,1768.0,398.0,82,2004.9512195121952,164406.0
1610612740,203901,Elfrid Payton,4.191489361702128,9.659574468085106,0.7659574468085106,2.425531914893617,1.2553191489361701,1.7446808510638299,1.0851063829787233,4.085106382978723,5.170212765957447,7.51063829787234,0.9787234042553191,0.40425531914893614,2.574468085106383,1.9148936170212767,10.404255319148936,-2.3191489361702127,197.0,454.0,36.0,114.0,59.0,82.0,51.0,192.0,243.0,353.0,46.0,19.0,121.0,90.0,489.0,-109.0,47,1757.0,82579.0
1610612741,1626171,Bobby Portis,5.851851851851852,12.518518518518519,1.1851851851851851,3.3703703703703702,1.7407407407407407,2.2222222222222223,1.8888888888888888,5.148148148148148,7.037037037037037,1.2222222222222223,0.6296296296296297,0.3333333333333333,1.2592592592592593,2.6666666666666665,14.62962962962963,-4.666666666666667,158.0,338.0,32.0,91.0,47.0,60.0,51.0,139.0,190.0,33.0,17.0,9.0,34.0,72.0,395.0,-126.0,27,1427.962962962963,38555.0
1610612764,201160,Jason Smith,1.875,4.125,0.375,0.9375,1.375,1.75,1.1875,2.3125,3.5,0.9375,0.1875,0.5,0.75,2.5,5.5,-1.75,30.0,66.0,6.0,15.0,22.0,28.0,19.0,37.0,56.0,15.0,3.0,8.0,12.0,40.0,88.0,-28.0,16,762.5625,12201.0
