TEAM_ID,PLAYER_ID,PLAYER_NAME,avg(FGM),avg(FGA),avg(FG3M),avg(FG3A),avg(FTM),avg(FTA),avg(OREB),avg(DREB),avg(REB),avg(AST),avg(STL),avg(BLK),avg(TO),avg(PF),avg(PTS),avg(PLUS_MINUS),sum(FGM),sum(FGA),sum(FG3M),sum(FG3A),sum(FTM),sum(FTA),sum(OREB),sum(DREB),sum(REB),sum(AST),sum(STL),sum(BLK),sum(TO),sum(PF),sum(PTS),sum(PLUS_MINUS),sum(ifminute),avg(seconds),sum(seconds)
1610612759,202700,Donatas Motiejunas,1.0,2.0,0.0,0.0,0.0,0.6666666666666666,0.6666666666666666,0.3333333333333333,1.0,0.3333333333333333,0.0,0.3333333333333333,1.0,2.0,2.0,-5.333333333333333,3.0,6.0,0.0,0.0,0.0,2.0,2.0,1.0,3.0,1.0,0.0,1.0,3.0,6.0,6.0,-16.0,3,255.66666666666666,767.0
1610612746,1629116,Angel Delgado,1.0,2.3333333333333335,0.0,0.0,0.3333333333333333,1.0,0.6666666666666666,1.0,1.6666666666666667,0.0,0.3333333333333333,0.0,0.0,0.6666666666666666,2.3333333333333335,2.6666666666666665,3.0,7.0,0.0,0.0,1.0,3.0,2.0,3.0,5.0,0.0,1.0,0.0,0.0,2.0,7.0,8.0,3,381.6666666666667,1145.0
1610612739,201588,George Hill,3.9375,8.1875,1.0625,2.4375,1.375,1.625,1.0625,1.5625,2.625,2.6875,1.1875,0.0625,1.625,2.3125,10.3125,-3.4375,63.0,131.0,17.0,39.0,22.0,26.0,17.0,25.0,42.0,43.0,19.0,1.0,26.0,37.0,165.0,-55.0,16,1550.25,24804.0
1610612738,1629166,Jeff Roberson,1.0,1.0,1.0,1.0,1.0,1.0,0.0,0.0,0.0,0.5,0.0,0.0,0.0,0.0,4.0,7.5,2.0,2.0,2.0,2.0,2.0,2.0,0.0,0.0,0.0,1.0,0.0,0.0,0.0,0.0,8.0,15.0,2,399.0,798.0
