TEAM_ID,PLAYER_ID,PLAYER_NAME,avg(FGM),avg(FGA),avg(FG3M),avg(FG3A),avg(FTM),avg(FTA),avg(OREB),avg(DREB),avg(REB),avg(AST),avg(STL),avg(BLK),avg(TO),avg(PF),avg(PTS),avg(PLUS_MINUS),sum(FGM),sum(FGA),sum(FG3M),sum(FG3A),sum(FTM),sum(FTA),sum(OREB),sum(DREB),sum(REB),sum(AST),sum(STL),sum(BLK),sum(TO),sum(PF),sum(PTS),sum(PLUS_MINUS),sum(ifminute),avg(seconds),sum(seconds)
1610612765,201961,Wayne Ellington,4.107142857142857,9.75,2.892857142857143,7.75,0.8928571428571429,1.1785714285714286,0.2857142857142857,1.8571428571428572,2.142857142857143,1.5357142857142858,1.0714285714285714,0.10714285714285714,0.9285714285714286,1.8571428571428572,12.0,2.6785714285714284,115.0,273.0,81.0,217.0,25.0,33.0,8.0,52.0,60.0,43.0,30.0,3.0,26.0,52.0,336.0,75.0,28,1637.642857142857,45854.0
1610612739,1628021,David Nwaba,2.4716981132075473,5.09433962264151,0.4716981132075472,1.4339622641509433,1.2075471698113207,1.7358490566037736,0.7924528301886793,2.4339622641509435,3.2264150943396226,1.0754716981132075,0.6792452830188679,0.33962264150943394,0.5471698113207547,2.056603773584906,6.622641509433962,-1.490566037735849,131.0,270.0,25.0,76.0,64.0,92.0,42.0,129.0,171.0,57.0,36.0,18.0,29.0,109.0,351.0,-79.0,53,1153.9056603773586,61157.0
1610612749,1628979,Trevon Duval,0.6666666666666666,1.0,0.3333333333333333,0.3333333333333333,0.0,0.0,0.0,0.3333333333333333,0.3333333333333333,0.6666666666666666,0.0,0.0,0.0,0.0,1.6666666666666667,0.6666666666666666,2.0,3.0,1.0,1.0,0.0,0.0,0.0,1.0,1.0,2.0,0.0,0.0,0.0,0.0,5.0,2.0,3,112.33333333333333,337.0
1610612761,202685,Jonas Valanciunas,4.96969696969697,8.727272727272727,0.30303030303030304,1.0606060606060606,2.787878787878788,3.303030303030303,1.9696969696969697,5.2727272727272725,7.242424242424242,1.0,0.5454545454545454,0.7575757575757576,1.393939393939394,2.696969696969697,13.030303030303031,3.1515151515151514,164.0,288.0,10.0,35.0,92.0,109.0,65.0,174.0,239.0,33.0,18.0,25.0,46.0,89.0,430.0,104.0,33,1137.2727272727273,37530.0
