TEAM_ID,PLAYER_ID,PLAYER_NAME,avg(FGM),avg(FGA),avg(FG3M),avg(FG3A),avg(FTM),avg(FTA),avg(OREB),avg(DREB),avg(REB),avg(AST),avg(STL),avg(BLK),avg(TO),avg(PF),avg(PTS),avg(PLUS_MINUS),sum(FGM),sum(FGA),sum(FG3M),sum(FG3A),sum(FTM),sum(FTA),sum(OREB),sum(DREB),sum(REB),sum(AST),sum(STL),sum(BLK),sum(TO),sum(PF),sum(PTS),sum(PLUS_MINUS),sum(ifminute),avg(seconds),sum(seconds)
1610612765,202397,Ish Smith,3.622950819672131,8.78688524590164,0.8688524590163934,2.6721311475409837,0.8360655737704918,1.098360655737705,0.3770491803278688,2.2459016393442623,2.622950819672131,3.8688524590163933,0.4918032786885246,0.21311475409836064,1.1147540983606556,1.9672131147540983,8.950819672131148,1.540983606557377,221.0,536.0,53.0,163.0,51.0,67.0,23.0,137.0,160.0,236.0,30.0,13.0,68.0,120.0,546.0,94.0,61,1363.72131147541,83187.0
1610612741,1628959,Rawle Alkins,1.0833333333333333,3.4166666666666665,0.25,1.0833333333333333,0.6666666666666666,1.0,1.0,1.25,2.25,1.0833333333333333,0.16666666666666666,0.0,0.6666666666666666,0.5833333333333334,3.0833333333333335,-1.25,13.0,41.0,3.0,13.0,8.0,12.0,12.0,15.0,27.0,13.0,2.0,0.0,8.0,7.0,37.0,-15.0,12,619.25,7431.0
1610612762,202327,Ekpe Udoh,1.037037037037037,1.5,0.0,0.0,0.42592592592592593,0.6296296296296297,0.5740740740740741,1.2407407407407407,1.8148148148148149,0.5925925925925926,0.2037037037037037,0.5925925925925926,0.2777777777777778,0.7407407407407407,2.5,-0.18518518518518517,56.0,81.0,0.0,0.0,23.0,34.0,31.0,67.0,98.0,32.0,11.0,32.0,15.0,40.0,135.0,-10.0,54,387.72222222222223,20937.0
1610612766,203469,Cody Zeller,3.943396226415094,7.150943396226415,0.1509433962264151,0.49056603773584906,2.188679245283019,2.849056603773585,2.150943396226415,4.433962264150943,6.584905660377358,2.0,0.7358490566037735,0.8490566037735849,1.2452830188679245,3.30188679245283,10.226415094339623,0.9622641509433962,209.0,379.0,8.0,26.0,116.0,151.0,114.0,235.0,349.0,106.0,39.0,45.0,66.0,175.0,542.0,51.0,53,1499.9245283018868,79496.0
