TEAM_ID,PLAYER_ID,PLAYER_NAME,avg(FGM),avg(FGA),avg(FG3M),avg(FG3A),avg(FTM),avg(FTA),avg(OREB),avg(DREB),avg(REB),avg(AST),avg(STL),avg(BLK),avg(TO),avg(PF),avg(PTS),avg(PLUS_MINUS),sum(FGM),sum(FGA),sum(FG3M),sum(FG3A),sum(FTM),sum(FTA),sum(OREB),sum(DREB),sum(REB),sum(AST),sum(STL),sum(BLK),sum(TO),sum(PF),sum(PTS),sum(PLUS_MINUS),sum(ifminute),avg(seconds),sum(seconds)
1610612762,1628513,Naz Mitrou-Long,0.4117647058823529,1.3529411764705883,0.11764705882352941,0.7058823529411765,0.11764705882352941,0.11764705882352941,0.058823529411764705,0.35294117647058826,0.4117647058823529,1.0588235294117647,0.058823529411764705,0.058823529411764705,0.5882352941176471,0.6470588235294118,1.0588235294117647,-2.3529411764705883,7.0,23.0,2.0,12.0,2.0,2.0,1.0,6.0,7.0,18.0,1.0,1.0,10.0,11.0,18.0,-40.0,17,335.70588235294116,5707.0
1610612758,201147,Corey Brewer,1.375,3.0833333333333335,0.4166666666666667,1.25,0.9166666666666666,1.25,0.9166666666666666,1.5416666666666667,2.4583333333333335,1.2083333333333333,0.8333333333333334,0.20833333333333334,0.4583333333333333,1.9583333333333333,4.083333333333333,0.20833333333333334,33.0,74.0,10.0,30.0,22.0,30.0,22.0,37.0,59.0,29.0,20.0,5.0,11.0,47.0,98.0,5.0,24,879.875,21117.0
1610612761,1628070,Jordan Loyd,0.875,2.125,0.3125,0.75,0.875,1.0,0.125,0.8125,0.9375,0.5,0.125,0.0,0.25,0.5,2.9375,-1.0,14.0,34.0,5.0,12.0,14.0,16.0,2.0,13.0,15.0,8.0,2.0,0.0,4.0,8.0,47.0,-16.0,16,374.9375,5999.0
