TEAM_ID,PLAYER_ID,PLAYER_NAME,avg(FGM),avg(FGA),avg(FG3M),avg(FG3A),avg(FTM),avg(FTA),avg(OREB),avg(DREB),avg(REB),avg(AST),avg(STL),avg(BLK),avg(TO),avg(PF),avg(PTS),avg(PLUS_MINUS),sum(FGM),sum(FGA),sum(FG3M),sum(FG3A),sum(FTM),sum(FTA),sum(OREB),sum(DREB),sum(REB),sum(AST),sum(STL),sum(BLK),sum(TO),sum(PF),sum(PTS),sum(PLUS_MINUS),sum(ifminute),avg(seconds),sum(seconds)
1610612752,1628422,Damyean Dotson,3.8974358974358974,9.26923076923077,1.6794871794871795,4.5,1.0256410256410255,1.3717948717948718,0.46153846153846156,3.076923076923077,3.5384615384615383,1.8076923076923077,0.7564102564102564,0.1282051282051282,0.9358974358974359,1.8205128205128205,10.5,-4.269230769230769,304.0,723.0,131.0,351.0,80.0,107.0,36.0,240.0,276.0,141.0,59.0,10.0,73.0,142.0,819.0,-333.0,78,1593.0384615384614,124257.0
1610612755,1627788,Furkan Korkmaz,2.156862745098039,5.1568627450980395,1.0588235294117647,3.0392156862745097,0.7647058823529411,0.9411764705882353,0.3137254901960784,1.8627450980392157,2.176470588235294,1.0392156862745099,0.6078431372549019,0.0392156862745098,0.5294117647058824,1.3529411764705883,6.137254901960785,1.0,110.0,263.0,54.0,155.0,39.0,48.0,16.0,95.0,111.0,53.0,31.0,2.0,27.0,69.0,313.0,51.0,51,843.4313725490196,43015.0
1610612739,1626204,Larry Nance Jr.,3.6714285714285713,7.0285714285714285,0.4714285714285714,1.4142857142857144,1.4714285714285715,2.0285714285714285,2.5142857142857142,5.642857142857143,8.157142857142857,3.142857142857143,1.4428571428571428,0.5714285714285714,1.4714285714285715,2.842857142857143,9.285714285714286,-4.628571428571429,257.0,492.0,33.0,99.0,103.0,142.0,176.0,395.0,571.0,220.0,101.0,40.0,103.0,199.0,650.0,-324.0,70,1587.3714285714286,111116.0
1610612739,202688,Brandon Knight,3.259259259259259,7.888888888888889,1.3333333333333333,3.5925925925925926,0.6666666666666666,0.8518518518518519,0.3333333333333333,1.5185185185185186,1.8518518518518519,2.2962962962962963,0.7037037037037037,0.07407407407407407,0.9259259259259259,1.7777777777777777,8.518518518518519,-6.407407407407407,88.0,213.0,36.0,97.0,18.0,23.0,9.0,41.0,50.0,62.0,19.0,2.0,25.0,48.0,230.0,-173.0,27,1374.2962962962963,37106.0
