TEAM_ID,PLAYER_ID,PLAYER_NAME,avg(FGM),avg(FGA),avg(FG3M),avg(FG3A),avg(FTM),avg(FTA),avg(OREB),avg(DREB),avg(REB),avg(AST),avg(STL),avg(BLK),avg(TO),avg(PF),avg(PTS),avg(PLUS_MINUS),sum(FGM),sum(FGA),sum(FG3M),sum(FG3A),sum(FTM),sum(FTA),sum(OREB),sum(DREB),sum(REB),sum(AST),sum(STL),sum(BLK),sum(TO),sum(PF),sum(PTS),sum(PLUS_MINUS),sum(ifminute),avg(seconds),sum(seconds)
1610612745,203085,Austin Rivers,3.3191489361702127,8.042553191489361,1.5106382978723405,4.702127659574468,0.5319148936170213,1.0425531914893618,0.3191489361702128,1.6170212765957446,1.9361702127659575,2.3191489361702127,0.6170212765957447,0.2765957446808511,0.6808510638297872,2.872340425531915,8.680851063829786,2.765957446808511,156.0,378.0,71.0,221.0,25.0,49.0,15.0,76.0,91.0,109.0,29.0,13.0,32.0,135.0,408.0,130.0,47,1716.8936170212767,80694.0
1610612738,202328,Greg Monroe,1.5,2.5,0.0,0.0,0.0,0.0,1.5,0.0,1.5,0.5,0.0,0.0,0.0,0.0,3.0,2.5,3.0,5.0,0.0,0.0,0.0,0.0,3.0,0.0,3.0,1.0,0.0,0.0,0.0,0.0,6.0,5.0,2,144.5,289.0
1610612758,203463,Ben McLemore,1.4583333333333333,3.8333333333333335,0.875,2.25,0.5,0.75,0.16666666666666666,0.7916666666666666,0.9583333333333334,0.25,0.2916666666666667,0.16666666666666666,0.375,1.4583333333333333,4.291666666666667,-0.875,35.0,92.0,21.0,54.0,12.0,18.0,4.0,19.0,23.0,6.0,7.0,4.0,9.0,35.0,103.0,-21.0,24,585.5,14052.0
