TEAM_ID,PLAYER_ID,PLAYER_NAME,avg(FGM),avg(FGA),avg(FG3M),avg(FG3A),avg(FTM),avg(FTA),avg(OREB),avg(DREB),avg(REB),avg(AST),avg(STL),avg(BLK),avg(TO),avg(PF),avg(PTS),avg(PLUS_MINUS),sum(FGM),sum(FGA),sum(FG3M),sum(FG3A),sum(FTM),sum(FTA),sum(OREB),sum(DREB),sum(REB),sum(AST),sum(STL),sum(BLK),sum(TO),sum(PF),sum(PTS),sum(PLUS_MINUS),sum(ifminute),avg(seconds),sum(seconds)
1610612738,203382,Aron Baynes,2.036363636363636,4.345454545454546,0.4,1.1818181818181819,1.0545454545454545,1.2363636363636363,1.7818181818181817,2.981818181818182,4.763636363636364,1.1454545454545455,0.23636363636363636,0.6727272727272727,0.8181818181818182,2.4,5.527272727272727,2.309090909090909,112.0,239.0,22.0,65.0,58.0,68.0,98.0,164.0,262.0,63.0,13.0,37.0,45.0,132.0,304.0,127.0,55,957.6909090909091,52673.0
1610612737,1629016,Omari Spellman,2.14,5.48,0.96,2.96,0.66,0.96,1.58,2.7,4.28,1.1,0.56,0.54,0.7,1.54,5.9,-4.94,107.0,274.0,48.0,148.0,33.0,48.0,79.0,135.0,214.0,55.0,28.0,27.0,35.0,77.0,295.0,-247.0,50,1063.06,53153.0
1610612761,1627781,Malachi Richardson,0.7692307692307693,2.0,0.5,1.4230769230769231,0.2692307692307692,0.34615384615384615,0.07692307692307693,0.6923076923076923,0.7692307692307693,0.038461538461538464,0.11538461538461539,0.07692307692307693,0.5384615384615384,0.7692307692307693,2.3076923076923075,0.23076923076923078,20.0,52.0,13.0,37.0,7.0,9.0,2.0,18.0,20.0,1.0,3.0,2.0,14.0,20.0,60.0,6.0,26,371.38461538461536,9656.0
1610612764,201975,Jodie Meeks,"","","","","","","","","","","","","","","","","","","","","","","","","","","","","","","","",0,"",""
