TEAM_ID,PLAYER_ID,PLAYER_NAME,avg(FGM),avg(FGA),avg(FG3M),avg(FG3A),avg(FTM),avg(FTA),avg(OREB),avg(DREB),avg(REB),avg(AST),avg(STL),avg(BLK),avg(TO),avg(PF),avg(PTS),avg(PLUS_MINUS),sum(FGM),sum(FGA),sum(FG3M),sum(FG3A),sum(FTM),sum(FTA),sum(OREB),sum(DREB),sum(REB),sum(AST),sum(STL),sum(BLK),sum(TO),sum(PF),sum(PTS),sum(PLUS_MINUS),sum(ifminute),avg(seconds),sum(seconds)
1610612765,1629017,Khyri Thomas,0.8518518518518519,2.6296296296296298,0.37037037037037035,1.2962962962962963,0.25925925925925924,0.4444444444444444,0.18518518518518517,0.5925925925925926,0.7777777777777778,0.3333333333333333,0.2962962962962963,0.18518518518518517,0.18518518518518517,0.8518518518518519,2.3333333333333335,-0.9629629629629629,23.0,71.0,10.0,35.0,7.0,12.0,5.0,16.0,21.0,9.0,8.0,5.0,5.0,23.0,63.0,-26.0,27,449.51851851851853,12137.0
1610612757,1629018,Gary Trent Jr.,1.1111111111111112,3.8333333333333335,0.3888888888888889,1.5555555555555556,0.16666666666666666,0.3888888888888889,0.05555555555555555,0.6111111111111112,0.6666666666666666,0.5555555555555556,0.1111111111111111,0.1111111111111111,0.3888888888888889,0.5555555555555556,2.7777777777777777,-3.111111111111111,20.0,69.0,7.0,28.0,3.0,7.0,1.0,11.0,12.0,10.0,2.0,2.0,7.0,10.0,50.0,-56.0,18,488.77777777777777,8798.0
1610612747,1629203,Jemerrio Jones,2.0,5.5,0.3333333333333333,1.6666666666666667,0.16666666666666666,0.3333333333333333,2.6666666666666665,5.5,8.166666666666666,2.1666666666666665,1.1666666666666667,0.8333333333333334,0.8333333333333334,1.6666666666666667,4.5,4.666666666666667,12.0,33.0,2.0,10.0,1.0,2.0,16.0,33.0,49.0,13.0,7.0,5.0,5.0,10.0,27.0,28.0,6,1431.1666666666667,8587.0
1610612745,1628392,Isaiah Hartenstein,0.8333333333333334,1.7333333333333334,0.1,0.26666666666666666,0.6333333333333333,0.7333333333333333,0.8333333333333334,0.9333333333333333,1.7666666666666666,0.5666666666666667,0.26666666666666666,0.4,0.5333333333333333,2.1,2.4,1.1333333333333333,25.0,52.0,3.0,8.0,19.0,22.0,25.0,28.0,53.0,17.0,8.0,12.0,16.0,63.0,72.0,34.0,30,485.8,14574.0
1610612756,1629150,Emanuel Terry,2.0,3.0,0.0,0.0,0.5,1.0,1.0,2.0,3.0,0.5,1.5,0.0,1.0,2.0,4.5,1.5,4.0,6.0,0.0,0.0,1.0,2.0,2.0,4.0,6.0,1.0,3.0,0.0,2.0,4.0,9.0,3.0,2,584.5,1169.0
1610612764,1627758,Ron Baker,0.0,1.0,0.0,1.0,0.0,0.0,0.0,1.0,1.0,0.5,0.25,0.25,0.5,0.5,0.0,-4.75,0.0,4.0,0.0,4.0,0.0,0.0,0.0,4.0,4.0,2.0,1.0,1.0,2.0,2.0,0.0,-19.0,4,681.25,2725.0
