TEAM_ID,PLAYER_ID,PLAYER_NAME,avg(FGM),avg(FGA),avg(FG3M),avg(FG3A),avg(FTM),avg(FTA),avg(OREB),avg(DREB),avg(REB),avg(AST),avg(STL),avg(BLK),avg(TO),avg(PF),avg(PTS),avg(PLUS_MINUS),sum(FGM),sum(FGA),sum(FG3M),sum(FG3A),sum(FTM),sum(FTA),sum(OREB),sum(DREB),sum(REB),sum(AST),sum(STL),sum(BLK),sum(TO),sum(PF),sum(PTS),sum(PLUS_MINUS),sum(ifminute),avg(seconds),sum(seconds)
1610612765,101181,Jose Calderon,0.8846153846153846,2.3846153846153846,0.2692307692307692,1.1346153846153846,0.19230769230769232,0.23076923076923078,0.21153846153846154,0.9423076923076923,1.1538461538461537,2.2884615384615383,0.3076923076923077,0.057692307692307696,0.7307692307692307,1.2884615384615385,2.230769230769231,-3.4038461538461537,46.0,124.0,14.0,59.0,10.0,12.0,11.0,49.0,60.0,119.0,16.0,3.0,38.0,67.0,116.0,-177.0,52,762.8653846153846,39669.0
1610612757,202329,Al-Farouq Aminu,3.1411764705882352,7.235294117647059,1.2,3.447058823529412,1.7882352941176471,2.0588235294117645,1.3294117647058823,6.047058823529412,7.376470588235295,1.2352941176470589,0.8470588235294118,0.4117647058823529,0.8705882352941177,1.7411764705882353,9.270588235294118,5.035294117647059,267.0,615.0,102.0,293.0,152.0,175.0,113.0,514.0,627.0,105.0,72.0,35.0,74.0,148.0,788.0,428.0,85,1673.3058823529411,142231.0
