TEAM_ID,PLAYER_ID,PLAYER_NAME,avg(FGM),avg(FGA),avg(FG3M),avg(FG3A),avg(FTM),avg(FTA),avg(OREB),avg(DREB),avg(REB),avg(AST),avg(STL),avg(BLK),avg(TO),avg(PF),avg(PTS),avg(PLUS_MINUS),sum(FGM),sum(FGA),sum(FG3M),sum(FG3A),sum(FTM),sum(FTA),sum(OREB),sum(DREB),sum(REB),sum(AST),sum(STL),sum(BLK),sum(TO),sum(PF),sum(PTS),sum(PLUS_MINUS),sum(ifminute),avg(seconds),sum(seconds)
1610612751,1628386,Jarrett Allen,4.226190476190476,7.2023809523809526,0.09523809523809523,0.5833333333333334,2.5,3.5476190476190474,2.392857142857143,5.928571428571429,8.321428571428571,1.3452380952380953,0.5357142857142857,1.5238095238095237,1.3095238095238095,2.2738095238095237,11.047619047619047,-1.5119047619047619,355.0,605.0,8.0,49.0,210.0,298.0,201.0,498.0,699.0,113.0,45.0,128.0,110.0,191.0,928.0,-127.0,84,1571.2619047619048,131986.0
1610612762,1628396,Tony Bradley,1.8333333333333333,3.3333333333333335,0.0,0.0,0.16666666666666666,0.3333333333333333,1.5,1.3333333333333333,2.8333333333333335,0.3333333333333333,0.3333333333333333,0.5,0.5,1.5,3.8333333333333335,-3.3333333333333335,11.0,20.0,0.0,0.0,1.0,2.0,9.0,8.0,17.0,2.0,2.0,3.0,3.0,9.0,23.0,-20.0,6,493.3333333333333,2960.0
1610612740,203524,Solomon Hill,1.489795918367347,3.938775510204082,0.6938775510204082,2.2653061224489797,0.6326530612244898,0.8979591836734694,0.7959183673469388,2.2857142857142856,3.0816326530612246,1.2653061224489797,0.4897959183673469,0.2653061224489796,0.7346938775510204,1.816326530612245,4.3061224489795915,-3.36734693877551,73.0,193.0,34.0,111.0,31.0,44.0,39.0,112.0,151.0,62.0,24.0,13.0,36.0,89.0,211.0,-165.0,49,1188.857142857143,58254.0
1610612761,1626153,Delon Wright,2.5576923076923075,5.980769230769231,0.5769230769230769,1.7884615384615385,1.1346153846153846,1.3076923076923077,0.8076923076923077,1.75,2.5576923076923075,2.1346153846153846,0.8846153846153846,0.3269230769230769,0.7884615384615384,1.0576923076923077,6.826923076923077,-0.8269230769230769,133.0,311.0,30.0,93.0,59.0,68.0,42.0,91.0,133.0,111.0,46.0,17.0,41.0,55.0,355.0,-43.0,52,1100.4423076923076,57223.0
1610612739,1627883,Jalen Jones,1.625,3.875,0.625,1.75,1.1875,1.6875,0.6875,1.4375,2.125,0.4375,0.5625,0.125,0.5,1.6875,5.0625,-1.5625,26.0,62.0,10.0,28.0,19.0,27.0,11.0,23.0,34.0,7.0,9.0,2.0,8.0,27.0,81.0,-25.0,16,803.0,12848.0
1610612738,1627215,Walt Lemon Jr.,2.25,4.75,0.25,1.5,1.75,2.75,0.25,1.25,1.5,1.5,0.75,0.25,0.75,1.25,6.5,-0.75,9.0,19.0,1.0,6.0,7.0,11.0,1.0,5.0,6.0,6.0,3.0,1.0,3.0,5.0,26.0,-3.0,4,601.75,2407.0
