TEAM_ID,PLAYER_ID,PLAYER_NAME,avg(FGM),avg(FGA),avg(FG3M),avg(FG3A),avg(FTM),avg(FTA),avg(OREB),avg(DREB),avg(REB),avg(AST),avg(STL),avg(BLK),avg(TO),avg(PF),avg(PTS),avg(PLUS_MINUS),sum(FGM),sum(FGA),sum(FG3M),sum(FG3A),sum(FTM),sum(FTA),sum(OREB),sum(DREB),sum(REB),sum(AST),sum(STL),sum(BLK),sum(TO),sum(PF),sum(PTS),sum(PLUS_MINUS),sum(ifminute),avg(seconds),sum(seconds)
1610612749,204025,Tim Frazier,2.1875,5.0625,0.9375,2.0625,0.5625,0.8125,0.5625,1.8125,2.375,3.75,0.3125,0.0625,1.3125,1.5,5.875,-1.8125,35.0,81.0,15.0,33.0,9.0,13.0,9.0,29.0,38.0,60.0,5.0,1.0,21.0,24.0,94.0,-29.0,16,994.8125,15917.0
1610612745,203487,Michael Carter-Williams,2.0555555555555554,4.388888888888889,0.3888888888888889,1.1666666666666667,1.2222222222222223,2.1666666666666665,0.3888888888888889,0.7777777777777778,1.1666666666666667,1.5555555555555556,0.5555555555555556,0.3333333333333333,0.6666666666666666,1.8333333333333333,5.722222222222222,-2.2222222222222223,37.0,79.0,7.0,21.0,22.0,39.0,7.0,14.0,21.0,28.0,10.0,6.0,12.0,33.0,103.0,-40.0,18,648.6666666666666,11676.0
