TEAM_ID,PLAYER_ID,PLAYER_NAME,avg(FGM),avg(FGA),avg(FG3M),avg(FG3A),avg(FTM),avg(FTA),avg(OREB),avg(DREB),avg(REB),avg(AST),avg(STL),avg(BLK),avg(TO),avg(PF),avg(PTS),avg(PLUS_MINUS),sum(FGM),sum(FGA),sum(FG3M),sum(FG3A),sum(FTM),sum(FTA),sum(OREB),sum(DREB),sum(REB),sum(AST),sum(STL),sum(BLK),sum(TO),sum(PF),sum(PTS),sum(PLUS_MINUS),sum(ifminute),avg(seconds),sum(seconds)
1610612744,1626172,Kevon Looney,2.7058823529411766,4.329411764705882,0.011764705882352941,0.12941176470588237,0.8352941176470589,1.3411764705882352,2.376470588235294,2.7176470588235295,5.094117647058823,1.5647058823529412,0.5764705882352941,0.6588235294117647,0.6588235294117647,2.588235294117647,6.258823529411765,3.2823529411764705,230.0,368.0,1.0,11.0,71.0,114.0,202.0,231.0,433.0,133.0,49.0,56.0,56.0,220.0,532.0,279.0,85,1108.5058823529412,94223.0
1610612759,200752,Rudy Gay,5.47945205479452,10.684931506849315,1.1232876712328768,2.684931506849315,1.7123287671232876,2.095890410958904,0.9041095890410958,5.794520547945205,6.698630136986301,2.6027397260273974,0.7945205479452054,0.4931506849315068,1.6164383561643836,2.232876712328767,13.794520547945206,2.287671232876712,400.0,780.0,82.0,196.0,125.0,153.0,66.0,423.0,489.0,190.0,58.0,36.0,118.0,163.0,1007.0,167.0,73,1581.5479452054794,115453.0
1610612756,1627733,Dragan Bender,1.86,4.34,0.48,2.26,0.78,1.26,0.74,3.2,3.94,1.28,0.36,0.46,0.88,2.04,4.98,-3.98,93.0,217.0,24.0,113.0,39.0,63.0,37.0,160.0,197.0,64.0,18.0,23.0,44.0,102.0,249.0,-199.0,50,1082.38,54119.0
1610612763,203937,Kyle Anderson,3.391304347826087,6.304347826086956,0.1956521739130435,0.782608695652174,0.9347826086956522,1.5434782608695652,1.0434782608695652,4.630434782608695,5.673913043478261,2.9130434782608696,1.2826086956521738,0.8043478260869565,1.434782608695652,2.652173913043478,7.913043478260869,-1.6304347826086956,156.0,290.0,9.0,36.0,43.0,71.0,48.0,213.0,261.0,134.0,59.0,37.0,66.0,122.0,364.0,-75.0,46,1761.4565217391305,81027.0
