TEAM_ID,PLAYER_ID,PLAYER_NAME,avg(FGM),avg(FGA),avg(FG3M),avg(FG3A),avg(FTM),avg(FTA),avg(OREB),avg(DREB),avg(REB),avg(AST),avg(STL),avg(BLK),avg(TO),avg(PF),avg(PTS),avg(PLUS_MINUS),sum(FGM),sum(FGA),sum(FG3M),sum(FG3A),sum(FTM),sum(FTA),sum(OREB),sum(DREB),sum(REB),sum(AST),sum(STL),sum(BLK),sum(TO),sum(PF),sum(PTS),sum(PLUS_MINUS),sum(ifminute),avg(seconds),sum(seconds)
1610612744,1628035,Alfonzo McKinnie,1.922077922077922,4.038961038961039,0.5584415584415584,1.6493506493506493,0.4025974025974026,0.7792207792207793,1.1818181818181819,2.3506493506493507,3.5324675324675323,0.42857142857142855,0.2727272727272727,0.2077922077922078,0.44155844155844154,1.9090909090909092,4.805194805194805,-0.15584415584415584,148.0,311.0,43.0,127.0,31.0,60.0,91.0,181.0,272.0,33.0,21.0,16.0,34.0,147.0,370.0,-12.0,77,854.1688311688312,65771.0
