TEAM_ID,PLAYER_ID,PLAYER_NAME,avg(FGM),avg(FGA),avg(FG3M),avg(FG3A),avg(FTM),avg(FTA),avg(OREB),avg(DREB),avg(REB),avg(AST),avg(STL),avg(BLK),avg(TO),avg(PF),avg(PTS),avg(PLUS_MINUS),sum(FGM),sum(FGA),sum(FG3M),sum(FG3A),sum(FTM),sum(FTA),sum(OREB),sum(DREB),sum(REB),sum(AST),sum(STL),sum(BLK),sum(TO),sum(PF),sum(PTS),sum(PLUS_MINUS),sum(ifminute),avg(seconds),sum(seconds)
1610612761,201980,Danny Green,3.6506024096385543,7.819277108433735,2.4819277108433737,5.421686746987952,0.4939759036144578,0.5783132530120482,0.7590361445783133,3.180722891566265,3.9397590361445785,1.5542168674698795,0.9518072289156626,0.6385542168674698,0.9518072289156626,2.144578313253012,10.27710843373494,7.9879518072289155,303.0,649.0,206.0,450.0,41.0,48.0,63.0,264.0,327.0,129.0,79.0,53.0,79.0,178.0,853.0,663.0,83,1645.0,136535.0
1610612754,1626167,Myles Turner,5.0519480519480515,10.467532467532468,0.987012987012987,2.5714285714285716,1.9870129870129871,2.7012987012987013,1.3246753246753247,5.792207792207792,7.116883116883117,1.5454545454545454,0.7922077922077922,2.6623376623376624,1.3636363636363635,2.7012987012987013,13.077922077922079,1.3116883116883118,389.0,806.0,76.0,198.0,153.0,208.0,102.0,446.0,548.0,119.0,61.0,205.0,105.0,208.0,1007.0,101.0,77,1704.2467532467533,131227.0
1610612764,202693,Markieff Morris,4.135135135135135,9.54054054054054,1.4324324324324325,4.27027027027027,1.6216216216216217,2.081081081081081,1.135135135135135,4.108108108108108,5.243243243243243,1.7027027027027026,0.7027027027027027,0.5945945945945946,1.4054054054054055,3.4594594594594597,11.324324324324325,-3.918918918918919,153.0,353.0,53.0,158.0,60.0,77.0,42.0,152.0,194.0,63.0,26.0,22.0,52.0,128.0,419.0,-145.0,37,1536.5675675675675,56853.0
1610612765,1629037,Keenan Evans,0.0,2.0,0.0,0.0,0.0,0.0,0.0,1.0,1.0,1.0,0.0,0.0,0.0,0.0,0.0,2.0,0.0,2.0,0.0,0.0,0.0,0.0,0.0,1.0,1.0,1.0,0.0,0.0,0.0,0.0,0.0,2.0,1,142.0,142.0
1610612754,203912,C.J. Wilcox,"","","","","","","","","","","","","","","","","","","","","","","","","","","","","","","","",0,"",""
