TEAM_ID,PLAYER_ID,PLAYER_NAME,avg(FGM),avg(FGA),avg(FG3M),avg(FG3A),avg(FTM),avg(FTA),avg(OREB),avg(DREB),avg(REB),avg(AST),avg(STL),avg(BLK),avg(TO),avg(PF),avg(PTS),avg(PLUS_MINUS),sum(FGM),sum(FGA),sum(FG3M),sum(FG3A),sum(FTM),sum(FTA),sum(OREB),sum(DREB),sum(REB),sum(AST),sum(STL),sum(BLK),sum(TO),sum(PF),sum(PTS),sum(PLUS_MINUS),sum(ifminute),avg(seconds),sum(seconds)
1610612741,1627885,Shaquille Harrison,2.5205479452054793,5.835616438356165,0.3287671232876712,1.2191780821917808,1.1232876712328768,1.6849315068493151,0.4520547945205479,2.589041095890411,3.041095890410959,1.904109589041096,1.2191780821917808,0.410958904109589,0.821917808219178,1.6986301369863013,6.493150684931507,-4.328767123287672,184.0,426.0,24.0,89.0,82.0,123.0,33.0,189.0,222.0,139.0,89.0,30.0,60.0,124.0,474.0,-316.0,73,1175.3561643835617,85801.0
1610612747,202362,Lance Stephenson,2.7432432432432434,6.405405405405405,1.0,2.77027027027027,0.8918918918918919,1.2702702702702702,0.5,2.6621621621621623,3.1621621621621623,2.175675675675676,0.6351351351351351,0.0945945945945946,1.2702702702702702,1.6486486486486487,7.378378378378378,-1.9189189189189189,203.0,474.0,74.0,205.0,66.0,94.0,37.0,197.0,234.0,161.0,47.0,7.0,94.0,122.0,546.0,-142.0,74,1019.3648648648649,75433.0
1610612737,1627772,Daniel Hamilton,1.2105263157894737,3.1578947368421053,0.42105263157894735,1.2105263157894737,0.15789473684210525,0.3157894736842105,0.5263157894736842,1.9473684210526316,2.473684210526316,1.1578947368421053,0.3157894736842105,0.05263157894736842,0.8421052631578947,1.0,3.0,-1.368421052631579,23.0,60.0,8.0,23.0,3.0,6.0,10.0,37.0,47.0,22.0,6.0,1.0,16.0,19.0,57.0,-26.0,19,644.7368421052631,12250.0
1610612746,1628462,Milos Teodosic,1.0625,2.75,0.625,1.8125,0.25,0.4375,0.1875,0.8125,1.0,2.0625,0.1875,0.0625,1.375,1.75,3.0,1.5625,17.0,44.0,10.0,29.0,4.0,7.0,3.0,13.0,16.0,33.0,3.0,1.0,22.0,28.0,48.0,25.0,16,619.5625,9913.0
1610612737,202332,Cole Aldrich,"","","","","","","","","","","","","","","","","","","","","","","","","","","","","","","","",0,"",""
