TEAM_ID,PLAYER_ID,PLAYER_NAME,avg(FGM),avg(FGA),avg(FG3M),avg(FG3A),avg(FTM),avg(FTA),avg(OREB),avg(DREB),avg(REB),avg(AST),avg(STL),avg(BLK),avg(TO),avg(PF),avg(PTS),avg(PLUS_MINUS),sum(FGM),sum(FGA),sum(FG3M),sum(FG3A),sum(FTM),sum(FTA),sum(OREB),sum(DREB),sum(REB),sum(AST),sum(STL),sum(BLK),sum(TO),sum(PF),sum(PTS),sum(PLUS_MINUS),sum(ifminute),avg(seconds),sum(seconds)
1610612739,202684,Tristan Thompson,4.608695652173913,8.652173913043478,0.0,0.0,1.5869565217391304,2.5434782608695654,3.9130434782608696,6.086956521739131,10.0,2.0,0.6304347826086957,0.3695652173913043,1.3478260869565217,2.0869565217391304,10.804347826086957,-6.304347826086956,212.0,398.0,0.0,0.0,73.0,117.0,180.0,280.0,460.0,92.0,29.0,17.0,62.0,96.0,497.0,-290.0,46,1639.7608695652175,75429.0
1610612749,202703,Nikola Mirotic,4.0,9.642857142857142,2.2142857142857144,6.214285714285714,1.4285714285714286,1.6428571428571428,1.0,4.357142857142857,5.357142857142857,1.4285714285714286,0.7142857142857143,0.6428571428571429,0.7857142857142857,1.5,11.642857142857142,6.142857142857143,56.0,135.0,31.0,87.0,20.0,23.0,14.0,61.0,75.0,20.0,10.0,9.0,11.0,21.0,163.0,86.0,14,1372.5,19215.0
