TEAM_ID,PLAYER_ID,PLAYER_NAME,avg(FGM),avg(FGA),avg(FG3M),avg(FG3A),avg(FTM),avg(FTA),avg(OREB),avg(DREB),avg(REB),avg(AST),avg(STL),avg(BLK),avg(TO),avg(PF),avg(PTS),avg(PLUS_MINUS),sum(FGM),sum(FGA),sum(FG3M),sum(FG3A),sum(FTM),sum(FTA),sum(OREB),sum(DREB),sum(REB),sum(AST),sum(STL),sum(BLK),sum(TO),sum(PF),sum(PTS),sum(PLUS_MINUS),sum(ifminute),avg(seconds),sum(seconds)
1610612764,201160,Jason Smith,1.6388888888888888,3.9444444444444446,0.3055555555555556,1.3611111111111112,0.6388888888888888,0.7222222222222222,0.5833333333333334,1.1666666666666667,1.75,0.4166666666666667,0.1111111111111111,0.3611111111111111,0.4722222222222222,1.25,4.222222222222222,-2.4166666666666665,59.0,142.0,11.0,49.0,23.0,26.0,21.0,42.0,63.0,15.0,4.0,13.0,17.0,45.0,152.0,-87.0,36,575.3333333333334,20712.0
1610612754,1628410,Edmond Sumner,1.0,1.0,0.0,0.0,0.0,0.0,0.0,1.0,1.0,0.0,0.0,0.0,0.0,1.0,2.0,-6.0,1.0,1.0,0.0,0.0,0.0,0.0,0.0,1.0,1.0,0.0,0.0,0.0,0.0,1.0,2.0,-6.0,1,130.0,130.0
1610612753,204014,Damjan Rudez,0.25,1.75,0.25,1.5,0.0,0.0,0.0,0.5,0.5,0.25,0.0,0.0,0.0,0.5,0.75,2.25,1.0,7.0,1.0,6.0,0.0,0.0,0.0,2.0,2.0,1.0,0.0,0.0,0.0,2.0,3.0,9.0,4,525.25,2101.0
