TEAM_ID,PLAYER_ID,PLAYER_NAME,avg(FGM),avg(FGA),avg(FG3M),avg(FG3A),avg(FTM),avg(FTA),avg(OREB),avg(DREB),avg(REB),avg(AST),avg(STL),avg(BLK),avg(TO),avg(PF),avg(PTS),avg(PLUS_MINUS),sum(FGM),sum(FGA),sum(FG3M),sum(FG3A),sum(FTM),sum(FTA),sum(OREB),sum(DREB),sum(REB),sum(AST),sum(STL),sum(BLK),sum(TO),sum(PF),sum(PTS),sum(PLUS_MINUS),sum(ifminute),avg(seconds),sum(seconds)
1610612759,201980,Danny Green,3.0657894736842106,7.921052631578948,1.6710526315789473,4.552631578947368,0.7368421052631579,0.9473684210526315,0.5394736842105263,2.8815789473684212,3.4210526315789473,1.5657894736842106,0.868421052631579,1.105263157894737,1.0526315789473684,1.7236842105263157,8.539473684210526,0.8289473684210527,233.0,602.0,127.0,346.0,56.0,72.0,41.0,219.0,260.0,119.0,66.0,84.0,80.0,131.0,649.0,63.0,76,1505.7368421052631,114436.0
1610612750,1626157,Karl-Anthony Towns,7.694117647058824,14.188235294117646,1.4941176470588236,3.458823529411765,4.176470588235294,4.847058823529411,2.835294117647059,9.270588235294118,12.105882352941176,2.411764705882353,0.7647058823529411,1.3764705882352941,1.9529411764705882,3.388235294117647,21.058823529411764,4.317647058823529,654.0,1206.0,127.0,294.0,355.0,412.0,241.0,788.0,1029.0,205.0,65.0,117.0,166.0,288.0,1790.0,367.0,85,2110.0117647058823,179351.0
1610612753,203901,Elfrid Payton,5.1020408163265305,9.918367346938776,0.5306122448979592,1.4489795918367347,1.5918367346938775,2.489795918367347,1.0,2.979591836734694,3.979591836734694,6.285714285714286,1.469387755102041,0.3673469387755102,2.5918367346938775,2.183673469387755,12.326530612244898,-3.836734693877551,250.0,486.0,26.0,71.0,78.0,122.0,49.0,146.0,195.0,308.0,72.0,18.0,127.0,107.0,604.0,-188.0,49,1680.4489795918366,82342.0
1610612746,203186,Willie Reed,2.0,3.0454545454545454,0.022727272727272728,0.045454545454545456,0.9318181818181818,1.5,0.8636363636363636,2.0454545454545454,2.909090909090909,0.20454545454545456,0.20454545454545456,0.5,0.5227272727272727,1.4772727272727273,4.954545454545454,0.22727272727272727,88.0,134.0,1.0,2.0,41.0,66.0,38.0,90.0,128.0,9.0,9.0,22.0,23.0,65.0,218.0,10.0,44,640.7272727272727,28192.0
1610612744,162777,Georges Niang,0.0,1.0,0.0,1.0,3.0,4.0,0.0,1.0,1.0,0.0,1.0,0.0,2.0,0.0,3.0,-11.0,0.0,1.0,0.0,1.0,3.0,4.0,0.0,1.0,1.0,0.0,1.0,0.0,2.0,0.0,3.0,-11.0,1,512.0,512.0
