TEAM_ID,PLAYER_ID,PLAYER_NAME,avg(FGM),avg(FGA),avg(FG3M),avg(FG3A),avg(FTM),avg(FTA),avg(OREB),avg(DREB),avg(REB),avg(AST),avg(STL),avg(BLK),avg(TO),avg(PF),avg(PTS),avg(PLUS_MINUS),sum(FGM),sum(FGA),sum(FG3M),sum(FG3A),sum(FTM),sum(FTA),sum(OREB),sum(DREB),sum(REB),sum(AST),sum(STL),sum(BLK),sum(TO),sum(PF),sum(PTS),sum(PLUS_MINUS),sum(ifminute),avg(seconds),sum(seconds)
1610612745,203991,Clint Capela,5.897435897435898,9.115384615384615,0.0,0.01282051282051282,2.0,3.5128205128205128,3.2051282051282053,7.512820512820513,10.717948717948717,0.9230769230769231,0.7692307692307693,1.8333333333333333,1.4615384615384615,2.551282051282051,13.794871794871796,4.935897435897436,460.0,711.0,0.0,1.0,156.0,274.0,250.0,586.0,836.0,72.0,60.0,143.0,114.0,199.0,1076.0,385.0,78,1647.2307692307693,128484.0
1610612746,1626155,Sam Dekker,1.76,3.546666666666667,0.14666666666666667,0.8266666666666667,0.49333333333333335,0.7466666666666667,0.6266666666666667,1.7733333333333334,2.4,0.5333333333333333,0.32,0.12,0.44,0.96,4.16,0.84,132.0,266.0,11.0,62.0,37.0,56.0,47.0,133.0,180.0,40.0,24.0,9.0,33.0,72.0,312.0,63.0,75,722.4666666666667,54185.0
1610612766,1628493,Mangok Mathiang,1.0,1.375,0.0,0.0,0.0,0.125,0.875,2.0,2.875,0.0,0.125,0.125,0.5,1.125,2.0,-0.375,8.0,11.0,0.0,0.0,0.0,1.0,7.0,16.0,23.0,0.0,1.0,1.0,4.0,9.0,16.0,-3.0,8,282.0,2256.0
1610612752,203926,Doug McDermott,2.8135593220338984,6.033898305084746,1.0169491525423728,2.559322033898305,0.7457627118644068,1.0,0.559322033898305,1.7966101694915255,2.3559322033898304,0.9152542372881356,0.1864406779661017,0.2033898305084746,0.6610169491525424,1.305084745762712,7.389830508474576,-1.5593220338983051,166.0,356.0,60.0,151.0,44.0,59.0,33.0,106.0,139.0,54.0,11.0,12.0,39.0,77.0,436.0,-92.0,59,1267.4406779661017,74779.0
1610612738,204067,Jarell Eddie,0.0,0.5,0.0,0.5,0.0,0.0,0.0,0.5,0.5,0.0,0.5,0.0,0.0,0.0,0.0,-4.5,0.0,1.0,0.0,1.0,0.0,0.0,0.0,1.0,1.0,0.0,1.0,0.0,0.0,0.0,0.0,-9.0,2,169.0,338.0
