TEAM_ID,PLAYER_ID,PLAYER_NAME,avg(FGM),avg(FGA),avg(FG3M),avg(FG3A),avg(FTM),avg(FTA),avg(OREB),avg(DREB),avg(REB),avg(AST),avg(STL),avg(BLK),avg(TO),avg(PF),avg(PTS),avg(PLUS_MINUS),sum(FGM),sum(FGA),sum(FG3M),sum(FG3A),sum(FTM),sum(FTA),sum(OREB),sum(DREB),sum(REB),sum(AST),sum(STL),sum(BLK),sum(TO),sum(PF),sum(PTS),sum(PLUS_MINUS),sum(ifminute),avg(seconds),sum(seconds)
1610612738,202328,Greg Monroe,4.038461538461538,7.615384615384615,0.0,0.0,2.1153846153846154,2.6538461538461537,2.0384615384615383,4.3076923076923075,6.346153846153846,2.269230769230769,1.0769230769230769,0.6538461538461539,1.8461538461538463,1.8461538461538463,10.192307692307692,-2.3461538461538463,105.0,198.0,0.0,0.0,55.0,69.0,53.0,112.0,165.0,59.0,28.0,17.0,48.0,48.0,265.0,-61.0,26,1145.6538461538462,29787.0
1610612742,1627858,Kyle Collinsworth,1.1875,3.09375,0.125,0.53125,0.65625,1.25,1.0,2.34375,3.34375,1.75,0.53125,0.28125,0.75,1.375,3.15625,-0.90625,38.0,99.0,4.0,17.0,21.0,40.0,32.0,75.0,107.0,56.0,17.0,9.0,24.0,44.0,101.0,-29.0,32,899.1875,28774.0
1610612751,203915,Spencer Dinwiddie,3.988095238095238,10.25,1.7261904761904763,5.238095238095238,2.6785714285714284,3.2857142857142856,0.4880952380952381,2.6904761904761907,3.1785714285714284,6.404761904761905,0.8809523809523809,0.2857142857142857,1.5714285714285714,2.2857142857142856,12.380952380952381,-1.130952380952381,335.0,861.0,145.0,440.0,225.0,276.0,41.0,226.0,267.0,538.0,74.0,24.0,132.0,192.0,1040.0,-95.0,84,1705.404761904762,143254.0
1610612755,1626643,Jacob Pullen,0.7142857142857143,2.142857142857143,0.42857142857142855,1.4285714285714286,0.0,0.0,0.0,0.14285714285714285,0.14285714285714285,0.5714285714285714,0.2857142857142857,0.0,0.5714285714285714,0.42857142857142855,1.8571428571428572,-0.42857142857142855,5.0,15.0,3.0,10.0,0.0,0.0,0.0,1.0,1.0,4.0,2.0,0.0,4.0,3.0,13.0,-3.0,7,283.7142857142857,1986.0
