TEAM_ID,PLAYER_ID,PLAYER_NAME,avg(FGM),avg(FGA),avg(FG3M),avg(FG3A),avg(FTM),avg(FTA),avg(OREB),avg(DREB),avg(REB),avg(AST),avg(STL),avg(BLK),avg(TO),avg(PF),avg(PTS),avg(PLUS_MINUS),sum(FGM),sum(FGA),sum(FG3M),sum(FG3A),sum(FTM),sum(FTA),sum(OREB),sum(DREB),sum(REB),sum(AST),sum(STL),sum(BLK),sum(TO),sum(PF),sum(PTS),sum(PLUS_MINUS),sum(ifminute),avg(seconds),sum(seconds)
1610612750,2037,Jamal Crawford,3.746987951807229,9.048192771084338,1.2530120481927711,3.819277108433735,1.2530120481927711,1.3855421686746987,0.25301204819277107,1.0,1.2530120481927711,2.3493975903614457,0.5060240963855421,0.10843373493975904,1.2048192771084338,1.0963855421686748,10.0,-1.6265060240963856,311.0,751.0,104.0,317.0,104.0,115.0,21.0,83.0,104.0,195.0,42.0,9.0,100.0,91.0,830.0,-135.0,83,1242.012048192771,103087.0
1610612762,203497,Rudy Gobert,4.982758620689655,8.0,0.0,0.0,3.7241379310344827,5.4655172413793105,3.0,7.793103448275862,10.793103448275861,1.4655172413793103,0.7931034482758621,2.2758620689655173,1.896551724137931,2.7586206896551726,13.689655172413794,6.051724137931035,289.0,464.0,0.0,0.0,216.0,317.0,174.0,452.0,626.0,85.0,46.0,132.0,110.0,160.0,794.0,351.0,58,1935.5344827586207,112261.0
1610612762,201973,Jonas Jerebko,2.12,4.613333333333333,0.8666666666666667,2.1333333333333333,0.6666666666666666,0.8133333333333334,0.7066666666666667,2.6,3.3066666666666666,0.5733333333333334,0.32,0.16,0.37333333333333335,1.7333333333333334,5.773333333333333,0.7733333333333333,159.0,346.0,65.0,160.0,50.0,61.0,53.0,195.0,248.0,43.0,24.0,12.0,28.0,130.0,433.0,58.0,75,919.56,68967.0
1610612738,1628444,Jabari Bird,1.1875,2.0625,0.25,0.625,0.625,1.1875,0.375,1.0625,1.4375,0.5,0.375,0.0625,0.5625,0.4375,3.25,1.0,19.0,33.0,4.0,10.0,10.0,19.0,6.0,17.0,23.0,8.0,6.0,1.0,9.0,7.0,52.0,16.0,16,524.6875,8395.0
