TEAM_ID,PLAYER_ID,PLAYER_NAME,avg(FGM),avg(FGA),avg(FG3M),avg(FG3A),avg(FTM),avg(FTA),avg(OREB),avg(DREB),avg(REB),avg(AST),avg(STL),avg(BLK),avg(TO),avg(PF),avg(PTS),avg(PLUS_MINUS),sum(FGM),sum(FGA),sum(FG3M),sum(FG3A),sum(FTM),sum(FTA),sum(OREB),sum(DREB),sum(REB),sum(AST),sum(STL),sum(BLK),sum(TO),sum(PF),sum(PTS),sum(PLUS_MINUS),sum(ifminute),avg(seconds),sum(seconds)
1610612740,203121,Darius Miller,2.586206896551724,5.804597701149425,1.7701149425287357,4.264367816091954,0.6781609195402298,0.7816091954022989,0.21839080459770116,1.7701149425287357,1.9885057471264367,1.3103448275862069,0.3448275862068966,0.19540229885057472,0.7241379310344828,2.0,7.620689655172414,-0.6436781609195402,225.0,505.0,154.0,371.0,59.0,68.0,19.0,154.0,173.0,114.0,30.0,17.0,63.0,174.0,663.0,-56.0,87,1404.471264367816,122189.0
1610612754,202362,Lance Stephenson,3.738095238095238,8.75,0.8452380952380952,2.9047619047619047,1.0476190476190477,1.5833333333333333,0.7619047619047619,4.404761904761905,5.166666666666667,2.9166666666666665,0.5833333333333334,0.20238095238095238,1.5952380952380953,2.1785714285714284,9.369047619047619,-1.1785714285714286,314.0,735.0,71.0,244.0,88.0,133.0,64.0,370.0,434.0,245.0,49.0,17.0,134.0,183.0,787.0,-99.0,84,1359.1190476190477,114166.0
