TEAM_ID,PLAYER_ID,PLAYER_NAME,avg(FGM),avg(FGA),avg(FG3M),avg(FG3A),avg(FTM),avg(FTA),avg(OREB),avg(DREB),avg(REB),avg(AST),avg(STL),avg(BLK),avg(TO),avg(PF),avg(PTS),avg(PLUS_MINUS),sum(FGM),sum(FGA),sum(FG3M),sum(FG3A),sum(FTM),sum(FTA),sum(OREB),sum(DREB),sum(REB),sum(AST),sum(STL),sum(BLK),sum(TO),sum(PF),sum(PTS),sum(PLUS_MINUS),sum(ifminute),avg(seconds),sum(seconds)
1610612759,203530,Joffrey Lauvergne,1.901639344262295,3.5901639344262297,0.01639344262295082,0.18032786885245902,0.6065573770491803,0.9180327868852459,1.1147540983606556,2.2459016393442623,3.360655737704918,0.9180327868852459,0.19672131147540983,0.04918032786885246,0.7213114754098361,0.9344262295081968,4.426229508196721,-0.3442622950819672,116.0,219.0,1.0,11.0,37.0,56.0,68.0,137.0,205.0,56.0,12.0,3.0,44.0,57.0,270.0,-21.0,61,619.2622950819672,37775.0
1610612758,202697,Iman Shumpert,"","","","","","","","","","","","","","","","","","","","","","","","","","","","","","","","",0,"",""
