TEAM_ID,PLAYER_ID,PLAYER_NAME,avg(FGM),avg(FGA),avg(FG3M),avg(FG3A),avg(FTM),avg(FTA),avg(OREB),avg(DREB),avg(REB),avg(AST),avg(STL),avg(BLK),avg(TO),avg(PF),avg(PTS),avg(PLUS_MINUS),sum(FGM),sum(FGA),sum(FG3M),sum(FG3A),sum(FTM),sum(FTA),sum(OREB),sum(DREB),sum(REB),sum(AST),sum(STL),sum(BLK),sum(TO),sum(PF),sum(PTS),sum(PLUS_MINUS),sum(ifminute),avg(seconds),sum(seconds)
1610612761,1626153,Delon Wright,2.973333333333333,6.28,0.8266666666666667,2.28,1.4666666666666666,1.76,0.6533333333333333,2.24,2.8933333333333335,2.973333333333333,1.0533333333333332,0.4533333333333333,1.28,1.16,8.24,3.3066666666666666,223.0,471.0,62.0,171.0,110.0,132.0,49.0,168.0,217.0,223.0,79.0,34.0,96.0,87.0,618.0,248.0,75,1254.3333333333333,94075.0
1610612763,202705,MarShon Brooks,7.285714285714286,14.571428571428571,2.7142857142857144,4.571428571428571,2.857142857142857,3.2857142857142856,1.1428571428571428,1.8571428571428572,3.0,3.5714285714285716,1.5714285714285714,0.42857142857142855,2.2857142857142856,0.8571428571428571,20.142857142857142,1.4285714285714286,51.0,102.0,19.0,32.0,20.0,23.0,8.0,13.0,21.0,25.0,11.0,3.0,16.0,6.0,141.0,10.0,7,1650.7142857142858,11555.0
1610612762,200757,Thabo Sefolosha,3.0,6.195121951219512,0.7804878048780488,2.1219512195121952,1.0731707317073171,1.3170731707317074,0.7317073170731707,3.3902439024390243,4.121951219512195,0.8536585365853658,1.3414634146341464,0.3170731707317073,0.8780487804878049,1.5853658536585367,7.853658536585366,0.9512195121951219,123.0,254.0,32.0,87.0,44.0,54.0,30.0,139.0,169.0,35.0,55.0,13.0,36.0,65.0,322.0,39.0,41,1236.0243902439024,50677.0
