TEAM_ID,PLAYER_ID,PLAYER_NAME,avg(FGM),avg(FGA),avg(FG3M),avg(FG3A),avg(FTM),avg(FTA),avg(OREB),avg(DREB),avg(REB),avg(AST),avg(STL),avg(BLK),avg(TO),avg(PF),avg(PTS),avg(PLUS_MINUS),sum(FGM),sum(FGA),sum(FG3M),sum(FG3A),sum(FTM),sum(FTA),sum(OREB),sum(DREB),sum(REB),sum(AST),sum(STL),sum(BLK),sum(TO),sum(PF),sum(PTS),sum(PLUS_MINUS),sum(ifminute),avg(seconds),sum(seconds)
1610612750,203952,Andrew Wiggins,6.894117647058824,15.729411764705882,1.3647058823529412,4.117647058823529,2.447058823529412,3.8,0.9882352941176471,3.3058823529411763,4.294117647058823,1.9294117647058824,1.1176470588235294,0.6,1.6941176470588235,2.0,17.6,2.364705882352941,586.0,1337.0,116.0,350.0,208.0,323.0,84.0,281.0,365.0,164.0,95.0,51.0,144.0,170.0,1496.0,201.0,85,2155.7176470588233,183236.0
1610612739,2544,LeBron James,10.421686746987952,19.19277108433735,1.8072289156626506,4.927710843373494,4.674698795180723,6.409638554216867,1.1686746987951808,7.433734939759036,8.602409638554217,9.036144578313253,1.4096385542168675,0.8674698795180723,4.27710843373494,1.6867469879518073,27.325301204819276,1.0481927710843373,865.0,1593.0,150.0,409.0,388.0,532.0,97.0,617.0,714.0,750.0,117.0,72.0,355.0,140.0,2268.0,87.0,83,2208.6867469879517,183321.0
1610612737,1628535,Jordan Mathews,1.0,2.0,0.0,1.0,0.0,0.0,1.0,0.0,1.0,2.0,0.0,0.0,0.0,0.0,2.0,-2.0,1.0,2.0,0.0,1.0,0.0,0.0,1.0,0.0,1.0,2.0,0.0,0.0,0.0,0.0,2.0,-2.0,1,272.0,272.0
