TEAM_ID,PLAYER_ID,PLAYER_NAME,avg(FGM),avg(FGA),avg(FG3M),avg(FG3A),avg(FTM),avg(FTA),avg(OREB),avg(DREB),avg(REB),avg(AST),avg(STL),avg(BLK),avg(TO),avg(PF),avg(PTS),avg(PLUS_MINUS),sum(FGM),sum(FGA),sum(FG3M),sum(FG3A),sum(FTM),sum(FTA),sum(OREB),sum(DREB),sum(REB),sum(AST),sum(STL),sum(BLK),sum(TO),sum(PF),sum(PTS),sum(PLUS_MINUS),sum(ifminute),avg(seconds),sum(seconds)
1610612762,1627777,Georges Niang,0.4444444444444444,1.2222222222222223,0.0,0.4444444444444444,0.1111111111111111,0.2222222222222222,0.3333333333333333,0.6666666666666666,1.0,0.3333333333333333,0.2222222222222222,0.0,0.3333333333333333,0.1111111111111111,1.0,-1.4444444444444444,4.0,11.0,0.0,4.0,1.0,2.0,3.0,6.0,9.0,3.0,2.0,0.0,3.0,1.0,9.0,-13.0,9,211.22222222222223,1901.0
1610612738,1627824,Guerschon Yabusele,0.7837837837837838,2.054054054054054,0.3783783783783784,1.2162162162162162,0.4864864864864865,0.7567567567567568,0.5945945945945946,1.3243243243243243,1.9189189189189189,0.4864864864864865,0.2702702702702703,0.24324324324324326,0.4864864864864865,0.8648648648648649,2.4324324324324325,-0.40540540540540543,29.0,76.0,14.0,45.0,18.0,28.0,22.0,49.0,71.0,18.0,10.0,9.0,18.0,32.0,90.0,-15.0,37,486.7837837837838,18011.0
1610612746,202340,Avery Bradley,4.333333333333333,9.166666666666666,0.16666666666666666,1.5,0.3333333333333333,0.3333333333333333,0.5,3.1666666666666665,3.6666666666666665,1.8333333333333333,0.8333333333333334,0.16666666666666666,1.3333333333333333,2.0,9.166666666666666,0.5,26.0,55.0,1.0,9.0,2.0,2.0,3.0,19.0,22.0,11.0,5.0,1.0,8.0,12.0,55.0,3.0,6,1649.5,9897.0
1610612761,203909,KJ McDaniels,1.0,3.0,0.0,1.0,0.0,0.6666666666666666,0.3333333333333333,1.3333333333333333,1.6666666666666667,0.0,0.0,0.6666666666666666,1.3333333333333333,0.6666666666666666,2.0,-6.0,3.0,9.0,0.0,3.0,0.0,2.0,1.0,4.0,5.0,0.0,0.0,2.0,4.0,2.0,6.0,-18.0,3,478.0,1434.0
