TEAM_ID,PLAYER_ID,PLAYER_NAME,avg(FGM),avg(FGA),avg(FG3M),avg(FG3A),avg(FTM),avg(FTA),avg(OREB),avg(DREB),avg(REB),avg(AST),avg(STL),avg(BLK),avg(TO),avg(PF),avg(PTS),avg(PLUS_MINUS),sum(FGM),sum(FGA),sum(FG3M),sum(FG3A),sum(FTM),sum(FTA),sum(OREB),sum(DREB),sum(REB),sum(AST),sum(STL),sum(BLK),sum(TO),sum(PF),sum(PTS),sum(PLUS_MINUS),sum(ifminute),avg(seconds),sum(seconds)
1610612766,1626203,Treveon Graham,1.5238095238095237,3.507936507936508,0.6349206349206349,1.5396825396825398,0.6507936507936508,0.9365079365079365,0.6666666666666666,1.253968253968254,1.9206349206349207,0.9365079365079365,0.5238095238095238,0.031746031746031744,0.42857142857142855,1.7301587301587302,4.333333333333333,-1.5238095238095237,96.0,221.0,40.0,97.0,41.0,59.0,42.0,79.0,121.0,59.0,33.0,2.0,27.0,109.0,273.0,-96.0,63,999.5714285714286,62973.0
