TEAM_ID,PLAYER_ID,PLAYER_NAME,avg(FGM),avg(FGA),avg(FG3M),avg(FG3A),avg(FTM),avg(FTA),avg(OREB),avg(DREB),avg(REB),avg(AST),avg(STL),avg(BLK),avg(TO),avg(PF),avg(PTS),avg(PLUS_MINUS),sum(FGM),sum(FGA),sum(FG3M),sum(FG3A),sum(FTM),sum(FTA),sum(OREB),sum(DREB),sum(REB),sum(AST),sum(STL),sum(BLK),sum(TO),sum(PF),sum(PTS),sum(PLUS_MINUS),sum(ifminute),avg(seconds),sum(seconds)
1610612755,101161,Amir Johnson,1.9102564102564104,3.6025641025641026,0.15384615384615385,0.46153846153846156,0.6923076923076923,1.1153846153846154,1.7179487179487178,2.8461538461538463,4.564102564102564,1.6153846153846154,0.5897435897435898,0.6025641025641025,0.7692307692307693,2.6025641025641026,4.666666666666667,0.34615384615384615,149.0,281.0,12.0,36.0,54.0,87.0,134.0,222.0,356.0,126.0,46.0,47.0,60.0,203.0,364.0,27.0,78,953.9487179487179,74408.0
1610612751,1626143,Jahlil Okafor,2.8076923076923075,4.961538461538462,0.038461538461538464,0.15384615384615385,0.7307692307692307,0.9615384615384616,0.6538461538461539,2.269230769230769,2.923076923076923,0.4230769230769231,0.11538461538461539,0.6153846153846154,0.6923076923076923,1.6923076923076923,6.384615384615385,-5.461538461538462,73.0,129.0,1.0,4.0,19.0,25.0,17.0,59.0,76.0,11.0,3.0,16.0,18.0,44.0,166.0,-142.0,26,755.8461538461538,19652.0
1610612754,201954,Darren Collison,4.486111111111111,9.055555555555555,1.3611111111111112,2.9027777777777777,1.7916666666666667,2.0416666666666665,0.5138888888888888,2.0694444444444446,2.5833333333333335,5.277777777777778,1.3888888888888888,0.20833333333333334,1.2222222222222223,1.75,12.125,1.9166666666666667,323.0,652.0,98.0,209.0,129.0,147.0,37.0,149.0,186.0,380.0,100.0,15.0,88.0,126.0,873.0,138.0,72,1730.888888888889,124624.0
1610612763,1628504,Xavier Rathan-Mayes,2.4,8.4,0.2,2.8,0.8,1.8,0.0,1.0,1.0,3.6,1.2,0.6,2.2,3.6,5.8,-11.8,12.0,42.0,1.0,14.0,4.0,9.0,0.0,5.0,5.0,18.0,6.0,3.0,11.0,18.0,29.0,-59.0,5,1413.4,7067.0
