TEAM_ID,PLAYER_ID,PLAYER_NAME,avg(FGM),avg(FGA),avg(FG3M),avg(FG3A),avg(FTM),avg(FTA),avg(OREB),avg(DREB),avg(REB),avg(AST),avg(STL),avg(BLK),avg(TO),avg(PF),avg(PTS),avg(PLUS_MINUS),sum(FGM),sum(FGA),sum(FG3M),sum(FG3A),sum(FTM),sum(FTA),sum(OREB),sum(DREB),sum(REB),sum(AST),sum(STL),sum(BLK),sum(TO),sum(PF),sum(PTS),sum(PLUS_MINUS),sum(ifminute),avg(seconds),sum(seconds)
1610612761,203485,Lorenzo Brown,0.8823529411764706,2.5294117647058822,0.11764705882352941,1.0,0.23529411764705882,0.23529411764705882,0.23529411764705882,0.9411764705882353,1.1764705882352942,1.1176470588235294,0.29411764705882354,0.0,0.4117647058823529,0.5294117647058824,2.1176470588235294,3.4705882352941178,15.0,43.0,2.0,17.0,4.0,4.0,4.0,16.0,20.0,19.0,5.0,0.0,7.0,9.0,36.0,59.0,17,554.7647058823529,9431.0
1610612737,1627098,Malcolm Delaney,2.1186440677966103,5.508474576271187,0.8305084745762712,2.2711864406779663,1.4576271186440677,1.7796610169491525,0.1864406779661017,1.6271186440677967,1.8135593220338984,3.1016949152542375,0.6271186440677966,0.1016949152542373,1.2542372881355932,1.5084745762711864,6.52542372881356,-1.9152542372881356,125.0,325.0,49.0,134.0,86.0,105.0,11.0,96.0,107.0,183.0,37.0,6.0,74.0,89.0,385.0,-113.0,59,1132.050847457627,66791.0
1610612740,1628455,Mike James,0.5,2.25,0.0,0.25,0.0,0.0,0.25,0.0,0.25,1.5,0.25,0.0,0.25,0.75,1.0,-2.5,2.0,9.0,0.0,1.0,0.0,0.0,1.0,0.0,1.0,6.0,1.0,0.0,1.0,3.0,4.0,-10.0,4,269.0,1076.0
