TEAM_ID,PLAYER_ID,PLAYER_NAME,avg(FGM),avg(FGA),avg(FG3M),avg(FG3A),avg(FTM),avg(FTA),avg(OREB),avg(DREB),avg(REB),avg(AST),avg(STL),avg(BLK),avg(TO),avg(PF),avg(PTS),avg(PLUS_MINUS),sum(FGM),sum(FGA),sum(FG3M),sum(FG3A),sum(FTM),sum(FTA),sum(OREB),sum(DREB),sum(REB),sum(AST),sum(STL),sum(BLK),sum(TO),sum(PF),sum(PTS),sum(PLUS_MINUS),sum(ifminute),avg(seconds),sum(seconds)
1610612750,203476,Gorgui Dieng,2.426829268292683,5.036585365853658,0.24390243902439024,0.7682926829268293,1.048780487804878,1.3414634146341464,1.3780487804878048,3.3048780487804876,4.682926829268292,0.8780487804878049,0.5487804878048781,0.4878048780487805,0.7804878048780488,1.8780487804878048,6.146341463414634,-2.3902439024390243,199.0,413.0,20.0,63.0,86.0,110.0,113.0,271.0,384.0,72.0,45.0,40.0,64.0,154.0,504.0,-196.0,82,1022.5365853658536,83848.0
1610612747,1627780,Gary Payton II,1.5454545454545454,3.727272727272727,0.36363636363636365,1.1818181818181819,0.09090909090909091,0.5454545454545454,0.8181818181818182,1.6363636363636365,2.4545454545454546,1.0909090909090908,0.36363636363636365,0.18181818181818182,0.36363636363636365,1.1818181818181819,3.5454545454545454,0.0,17.0,41.0,4.0,13.0,1.0,6.0,9.0,18.0,27.0,12.0,4.0,2.0,4.0,13.0,39.0,0.0,11,628.1818181818181,6910.0
