TEAM_ID,PLAYER_ID,PLAYER_NAME,avg(FGM),avg(FGA),avg(FG3M),avg(FG3A),avg(FTM),avg(FTA),avg(OREB),avg(DREB),avg(REB),avg(AST),avg(STL),avg(BLK),avg(TO),avg(PF),avg(PTS),avg(PLUS_MINUS),sum(FGM),sum(FGA),sum(FG3M),sum(FG3A),sum(FTM),sum(FTA),sum(OREB),sum(DREB),sum(REB),sum(AST),sum(STL),sum(BLK),sum(TO),sum(PF),sum(PTS),sum(PLUS_MINUS),sum(ifminute),avg(seconds),sum(seconds)
1610612765,1626169,Stanley Johnson,3.0547945205479454,8.095890410958905,1.0136986301369864,3.4246575342465753,1.5616438356164384,2.0547945205479454,0.4931506849315068,3.219178082191781,3.712328767123288,1.5890410958904109,1.3424657534246576,0.1917808219178082,1.1506849315068493,2.452054794520548,8.684931506849315,-0.2191780821917808,223.0,591.0,74.0,250.0,114.0,150.0,36.0,235.0,271.0,116.0,98.0,14.0,84.0,179.0,634.0,-16.0,73,1644.5479452054794,120052.0
1610612741,1626170,Jerian Grant,2.8125,6.7875,0.8625,2.5875,1.8625,2.475,0.4125,2.05,2.4625,4.7375,0.85,0.1375,1.2625,1.7875,8.35,-2.575,225.0,543.0,69.0,207.0,149.0,198.0,33.0,164.0,197.0,379.0,68.0,11.0,101.0,143.0,668.0,-206.0,80,1367.5375,109403.0
1610612766,202933,Julyan Stone,0.32,0.76,0.24,0.68,0.04,0.08,0.12,1.2,1.32,1.44,0.28,0.12,0.32,0.96,0.92,1.32,8.0,19.0,6.0,17.0,1.0,2.0,3.0,30.0,33.0,36.0,7.0,3.0,8.0,24.0,23.0,33.0,25,513.8,12845.0
1610612759,202695,Kawhi Leonard,5.777777777777778,12.333333333333334,1.2222222222222223,3.888888888888889,3.4444444444444446,4.222222222222222,0.6666666666666666,4.0,4.666666666666667,2.3333333333333335,2.0,1.0,1.7777777777777777,1.0,16.22222222222222,1.8888888888888888,52.0,111.0,11.0,35.0,31.0,38.0,6.0,36.0,42.0,21.0,18.0,9.0,16.0,9.0,146.0,17.0,9,1399.111111111111,12592.0
1610612739,204002,Edy Tavares,1.0,1.5,0.0,0.5,0.0,0.0,0.5,1.5,2.0,0.0,0.0,0.0,1.0,1.5,2.0,0.0,2.0,3.0,0.0,1.0,0.0,0.0,1.0,3.0,4.0,0.0,0.0,0.0,2.0,3.0,4.0,0.0,2,293.5,587.0
1610612762,1628680,Torian Graham,"","","","","","","","","","","","","","","","","","","","","","","","","","","","","","","","",0,"",""
