TEAM_ID,PLAYER_ID,PLAYER_NAME,avg(FGM),avg(FGA),avg(FG3M),avg(FG3A),avg(FTM),avg(FTA),avg(OREB),avg(DREB),avg(REB),avg(AST),avg(STL),avg(BLK),avg(TO),avg(PF),avg(PTS),avg(PLUS_MINUS),sum(FGM),sum(FGA),sum(FG3M),sum(FG3A),sum(FTM),sum(FTA),sum(OREB),sum(DREB),sum(REB),sum(AST),sum(STL),sum(BLK),sum(TO),sum(PF),sum(PTS),sum(PLUS_MINUS),sum(ifminute),avg(seconds),sum(seconds)
1610612744,201580,JaVale McGee,2.0714285714285716,3.342857142857143,0.0,0.08571428571428572,0.7,1.0,0.9857142857142858,1.7,2.6857142857142855,0.5285714285714286,0.34285714285714286,0.9142857142857143,0.42857142857142855,1.4142857142857144,4.8428571428571425,0.6571428571428571,145.0,234.0,0.0,6.0,49.0,70.0,69.0,119.0,188.0,37.0,24.0,64.0,30.0,99.0,339.0,46.0,70,568.6142857142858,39803.0
1610612764,203107,Tomas Satoransky,2.727272727272727,5.259740259740259,0.6103896103896104,1.3636363636363635,1.0389610389610389,1.3246753246753247,0.974025974025974,2.168831168831169,3.142857142857143,3.9220779220779223,0.7272727272727273,0.19480519480519481,1.2077922077922079,1.7922077922077921,7.103896103896104,1.2207792207792207,210.0,405.0,47.0,105.0,80.0,102.0,75.0,167.0,242.0,302.0,56.0,15.0,93.0,138.0,547.0,94.0,77,1350.3376623376623,103976.0
1610612737,202379,Jeremy Evans,0.5,0.75,0.25,0.25,0.25,1.0,0.25,0.0,0.25,0.0,0.5,0.25,0.25,0.25,1.5,-4.25,2.0,3.0,1.0,1.0,1.0,4.0,1.0,0.0,1.0,0.0,2.0,1.0,1.0,1.0,6.0,-17.0,4,313.0,1252.0
