TEAM_ID,PLAYER_ID,PLAYER_NAME,avg(FGM),avg(FGA),avg(FG3M),avg(FG3A),avg(FTM),avg(FTA),avg(OREB),avg(DREB),avg(REB),avg(AST),avg(STL),avg(BLK),avg(TO),avg(PF),avg(PTS),avg(PLUS_MINUS),sum(FGM),sum(FGA),sum(FG3M),sum(FG3A),sum(FTM),sum(FTA),sum(OREB),sum(DREB),sum(REB),sum(AST),sum(STL),sum(BLK),sum(TO),sum(PF),sum(PTS),sum(PLUS_MINUS),sum(ifminute),avg(seconds),sum(seconds)
1610612745,2403,Nene,2.574074074074074,4.518518518518518,0.0,0.05555555555555555,1.2962962962962963,2.0555555555555554,1.0185185185185186,2.3333333333333335,3.3518518518518516,0.8703703703703703,0.5370370370370371,0.25925925925925924,0.7407407407407407,2.4074074074074074,6.444444444444445,5.351851851851852,139.0,244.0,0.0,3.0,70.0,111.0,55.0,126.0,181.0,47.0,29.0,14.0,40.0,130.0,348.0,289.0,54,873.7777777777778,47184.0
1610612742,1626257,Salah Mejri,1.3582089552238805,2.1492537313432836,0.0,0.05970149253731343,0.6268656716417911,1.1044776119402986,1.3880597014925373,2.656716417910448,4.044776119402985,0.5522388059701493,0.34328358208955223,1.0746268656716418,0.6268656716417911,1.8955223880597014,3.343283582089552,-0.029850746268656716,91.0,144.0,0.0,4.0,42.0,74.0,93.0,178.0,271.0,37.0,23.0,72.0,42.0,127.0,224.0,-2.0,67,705.1343283582089,47244.0
1610612748,203183,Tony Mitchell,"","","","","","","","","","","","","","","","","","","","","","","","","","","","","","","","",0,"",""
