TEAM_ID,PLAYER_ID,PLAYER_NAME,avg(FGM),avg(FGA),avg(FG3M),avg(FG3A),avg(FTM),avg(FTA),avg(OREB),avg(DREB),avg(REB),avg(AST),avg(STL),avg(BLK),avg(TO),avg(PF),avg(PTS),avg(PLUS_MINUS),sum(FGM),sum(FGA),sum(FG3M),sum(FG3A),sum(FTM),sum(FTA),sum(OREB),sum(DREB),sum(REB),sum(AST),sum(STL),sum(BLK),sum(TO),sum(PF),sum(PTS),sum(PLUS_MINUS),sum(ifminute),avg(seconds),sum(seconds)
1610612744,203110,Draymond Green,3.9594594594594597,8.81081081081081,1.1081081081081081,3.689189189189189,1.8513513513513513,2.418918918918919,1.027027027027027,6.54054054054054,7.5675675675675675,7.216216216216216,1.364864864864865,1.2972972972972974,2.8378378378378377,2.635135135135135,10.878378378378379,4.702702702702703,293.0,652.0,82.0,273.0,137.0,179.0,76.0,484.0,560.0,534.0,101.0,96.0,210.0,195.0,805.0,348.0,74,1941.8108108108108,143694.0
1610612743,201589,Darrell Arthur,1.15,2.55,0.4,1.25,0.1,0.15,0.2,0.65,0.85,0.5,0.4,0.15,0.8,1.3,2.8,-1.5,23.0,51.0,8.0,25.0,2.0,3.0,4.0,13.0,17.0,10.0,8.0,3.0,16.0,26.0,56.0,-30.0,20,442.95,8859.0
1610612749,203507,Giannis Antetokounmpo,9.805194805194805,18.51948051948052,0.5714285714285714,1.8571428571428572,6.5064935064935066,8.558441558441558,2.051948051948052,7.857142857142857,9.909090909090908,4.792207792207792,1.4415584415584415,1.4415584415584415,2.948051948051948,3.051948051948052,26.68831168831169,2.038961038961039,755.0,1426.0,44.0,143.0,501.0,659.0,158.0,605.0,763.0,369.0,111.0,111.0,227.0,235.0,2055.0,157.0,77,2186.5324675324673,168363.0
1610612763,201188,Marc Gasol,5.868421052631579,14.026315789473685,1.4605263157894737,4.276315789473684,3.8157894736842106,4.552631578947368,1.0526315789473684,7.065789473684211,8.118421052631579,4.223684210526316,0.75,1.368421052631579,2.6447368421052633,2.5,17.013157894736842,-3.6315789473684212,446.0,1066.0,111.0,325.0,290.0,346.0,80.0,537.0,617.0,321.0,57.0,104.0,201.0,190.0,1293.0,-276.0,76,1955.4868421052631,148617.0
1610612761,1628502,Nigel Hayes,1.0,1.0,1.0,1.0,0.0,0.0,0.0,0.0,0.0,0.0,0.0,0.0,0.5,0.0,3.0,2.0,2.0,2.0,2.0,2.0,0.0,0.0,0.0,0.0,0.0,0.0,0.0,0.0,1.0,0.0,6.0,4.0,2,185.5,371.0
1610612760,1628577,Rashawn Thomas,"","","","","","","","","","","","","","","","","","","","","","","","","","","","","","","","",0,"",""
