TEAM_ID,PLAYER_ID,PLAYER_NAME,avg(FGM),avg(FGA),avg(FG3M),avg(FG3A),avg(FTM),avg(FTA),avg(OREB),avg(DREB),avg(REB),avg(AST),avg(STL),avg(BLK),avg(TO),avg(PF),avg(PTS),avg(PLUS_MINUS),sum(FGM),sum(FGA),sum(FG3M),sum(FG3A),sum(FTM),sum(FTA),sum(OREB),sum(DREB),sum(REB),sum(AST),sum(STL),sum(BLK),sum(TO),sum(PF),sum(PTS),sum(PLUS_MINUS),sum(ifminute),avg(seconds),sum(seconds)
1610612748,204020,Tyler Johnson,4.2784810126582276,9.683544303797468,1.620253164556962,4.3544303797468356,1.5569620253164558,1.9113924050632911,0.45569620253164556,2.9240506329113924,3.3797468354430378,2.2025316455696204,0.810126582278481,0.45569620253164556,1.1645569620253164,1.9873417721518987,11.734177215189874,0.5063291139240507,338.0,765.0,128.0,344.0,123.0,151.0,36.0,231.0,267.0,174.0,64.0,36.0,92.0,157.0,927.0,40.0,79,1650.012658227848,130351.0
1610612758,201585,Kosta Koufos,3.0675675675675675,5.405405405405405,0.0,0.0,0.44594594594594594,1.0,2.054054054054054,4.621621621621622,6.675675675675675,1.2297297297297298,0.6621621621621622,0.4594594594594595,0.6891891891891891,2.054054054054054,6.581081081081081,-3.0135135135135136,227.0,400.0,0.0,0.0,33.0,74.0,152.0,342.0,494.0,91.0,49.0,34.0,51.0,152.0,487.0,-223.0,74,1167.972972972973,86430.0
1610612760,203902,Semaj Christon,3.0,8.0,1.0,2.0,0.0,0.0,0.0,3.0,3.0,1.0,0.0,0.0,1.0,1.0,7.0,10.0,3.0,8.0,1.0,2.0,0.0,0.0,0.0,3.0,3.0,1.0,0.0,0.0,1.0,1.0,7.0,10.0,1,1287.0,1287.0
