TEAM_ID,PLAYER_ID,PLAYER_NAME,avg(FGM),avg(FGA),avg(FG3M),avg(FG3A),avg(FTM),avg(FTA),avg(OREB),avg(DREB),avg(REB),avg(AST),avg(STL),avg(BLK),avg(TO),avg(PF),avg(PTS),avg(PLUS_MINUS),sum(FGM),sum(FGA),sum(FG3M),sum(FG3A),sum(FTM),sum(FTA),sum(OREB),sum(DREB),sum(REB),sum(AST),sum(STL),sum(BLK),sum(TO),sum(PF),sum(PTS),sum(PLUS_MINUS),sum(ifminute),avg(seconds),sum(seconds)
1610612755,203496,Robert Covington,4.211764705882353,10.282352941176471,2.5176470588235293,6.8,1.4,1.6705882352941177,0.6823529411764706,4.764705882352941,5.447058823529412,1.9294117647058824,1.6588235294117648,0.9176470588235294,1.5411764705882354,2.9647058823529413,12.341176470588236,6.752941176470588,358.0,874.0,214.0,578.0,119.0,142.0,58.0,405.0,463.0,164.0,141.0,78.0,131.0,252.0,1049.0,574.0,85,1866.6235294117646,158663.0
1610612751,203459,Allen Crabbe,4.454545454545454,10.935064935064934,2.6623376623376624,7.012987012987013,1.5974025974025974,1.87012987012987,0.36363636363636365,3.896103896103896,4.259740259740259,1.5454545454545454,0.6233766233766234,0.4675324675324675,1.025974025974026,2.220779220779221,13.168831168831169,-1.103896103896104,343.0,842.0,205.0,540.0,123.0,144.0,28.0,300.0,328.0,119.0,48.0,36.0,79.0,171.0,1014.0,-85.0,77,1735.8051948051948,133657.0
1610612756,203933,T.J. Warren,8.059701492537313,16.134328358208954,0.31343283582089554,1.3880597014925373,3.014925373134328,3.955223880597015,1.9104477611940298,3.208955223880597,5.119402985074627,1.2835820895522387,1.0,0.6268656716417911,1.2835820895522387,2.2686567164179103,19.44776119402985,-6.3283582089552235,540.0,1081.0,21.0,93.0,202.0,265.0,128.0,215.0,343.0,86.0,67.0,42.0,86.0,152.0,1303.0,-424.0,67,1958.865671641791,131244.0
