TEAM_ID,PLAYER_ID,PLAYER_NAME,avg(FGM),avg(FGA),avg(FG3M),avg(FG3A),avg(FTM),avg(FTA),avg(OREB),avg(DREB),avg(REB),avg(AST),avg(STL),avg(BLK),avg(TO),avg(PF),avg(PTS),avg(PLUS_MINUS),sum(FGM),sum(FGA),sum(FG3M),sum(FG3A),sum(FTM),sum(FTA),sum(OREB),sum(DREB),sum(REB),sum(AST),sum(STL),sum(BLK),sum(TO),sum(PF),sum(PTS),sum(PLUS_MINUS),sum(ifminute),avg(seconds),sum(seconds)
1610612760,201566,Russell Westbrook,9.378048780487806,20.79268292682927,1.2073170731707317,4.073170731707317,5.121951219512195,6.987804878048781,1.853658536585366,7.975609756097561,9.829268292682928,10.134146341463415,1.8048780487804879,0.24390243902439024,4.695121951219512,2.451219512195122,25.085365853658537,4.914634146341464,769.0,1705.0,99.0,334.0,420.0,573.0,152.0,654.0,806.0,831.0,148.0,20.0,385.0,201.0,2057.0,403.0,82,2160.0731707317073,177126.0
1610612741,203930,Sean Kilpatrick,5.222222222222222,11.88888888888889,2.111111111111111,5.333333333333333,2.888888888888889,3.5555555555555554,0.3333333333333333,2.4444444444444446,2.7777777777777777,1.4444444444444444,0.6666666666666666,0.3333333333333333,1.3333333333333333,0.8888888888888888,15.444444444444445,-4.555555555555555,47.0,107.0,19.0,48.0,26.0,32.0,3.0,22.0,25.0,13.0,6.0,3.0,12.0,8.0,139.0,-41.0,9,1423.4444444444443,12811.0
1610612738,1628400,Semi Ojeleye,0.948051948051948,2.7142857142857144,0.5974025974025974,1.7792207792207793,0.35064935064935066,0.5714285714285714,0.4805194805194805,1.7012987012987013,2.1818181818181817,0.2597402597402597,0.2727272727272727,0.05194805194805195,0.37662337662337664,1.2337662337662338,2.844155844155844,-2.5194805194805197,73.0,209.0,46.0,137.0,27.0,44.0,37.0,131.0,168.0,20.0,21.0,4.0,29.0,95.0,219.0,-194.0,77,951.7792207792207,73287.0
1610612751,1628473,Yakuba Ouattara,1.0,1.0,0.0,0.0,0.0,0.0,0.0,0.0,0.0,0.0,0.0,0.0,1.0,0.0,2.0,-7.0,1.0,1.0,0.0,0.0,0.0,0.0,0.0,0.0,0.0,0.0,0.0,0.0,1.0,0.0,2.0,-7.0,1,189.0,189.0
1610612756,1627884,Derrick Jones Jr.,0.3,0.6,0.0,0.3,0.5,0.6,0.3,0.3,0.6,0.3,0.1,0.5,0.3,0.4,1.1,-2.3,3.0,6.0,0.0,3.0,5.0,6.0,3.0,3.0,6.0,3.0,1.0,5.0,3.0,4.0,11.0,-23.0,10,343.8,3438.0
1610612766,1628517,Luke Petrasek,"","","","","","","","","","","","","","","","","","","","","","","","","","","","","","","","",0,"",""
