TEAM_ID,PLAYER_ID,PLAYER_NAME,avg(FGM),avg(FGA),avg(FG3M),avg(FG3A),avg(FTM),avg(FTA),avg(OREB),avg(DREB),avg(REB),avg(AST),avg(STL),avg(BLK),avg(TO),avg(PF),avg(PTS),avg(PLUS_MINUS),sum(FGM),sum(FGA),sum(FG3M),sum(FG3A),sum(FTM),sum(FTA),sum(OREB),sum(DREB),sum(REB),sum(AST),sum(STL),sum(BLK),sum(TO),sum(PF),sum(PTS),sum(PLUS_MINUS),sum(ifminute),avg(seconds),sum(seconds)
1610612763,201596,Mario Chalmers,2.5774647887323945,6.746478873239437,0.8028169014084507,2.8732394366197185,1.8591549295774648,2.183098591549296,0.19718309859154928,2.140845070422535,2.3380281690140845,2.971830985915493,1.1549295774647887,0.22535211267605634,1.8169014084507042,2.704225352112676,7.816901408450704,-0.4788732394366197,183.0,479.0,57.0,204.0,132.0,155.0,14.0,152.0,166.0,211.0,82.0,16.0,129.0,192.0,555.0,-34.0,71,1273.9014084507041,90447.0
1610612758,1628412,Frank Mason,2.8771929824561404,7.385964912280702,0.631578947368421,1.719298245614035,1.8771929824561404,2.2982456140350878,0.543859649122807,2.0701754385964914,2.6140350877192984,2.789473684210526,0.6140350877192983,0.17543859649122806,1.280701754385965,1.4035087719298245,8.263157894736842,-1.1403508771929824,164.0,421.0,36.0,98.0,107.0,131.0,31.0,118.0,149.0,159.0,35.0,10.0,73.0,80.0,471.0,-65.0,57,1148.6842105263158,65475.0
1610612747,1626204,Larry Nance Jr.,3.3958333333333335,5.833333333333333,0.020833333333333332,0.125,1.2291666666666667,2.0,2.4375,4.041666666666667,6.479166666666667,1.375,1.3333333333333333,0.4583333333333333,0.9375,2.7083333333333335,8.041666666666666,-1.6666666666666667,163.0,280.0,1.0,6.0,59.0,96.0,117.0,194.0,311.0,66.0,64.0,22.0,45.0,130.0,386.0,-80.0,48,1288.0625,61827.0
1610612763,1627825,Rade Zagorac,1.6,3.2,0.0,0.4,0.4,0.8,0.8,2.4,3.2,1.0,0.8,0.2,1.0,1.6,3.6,1.0,8.0,16.0,0.0,2.0,2.0,4.0,4.0,12.0,16.0,5.0,4.0,1.0,5.0,8.0,18.0,5.0,5,606.2,3031.0
1610612766,1962937755,Paige Marcus,"","","","","","","","","","","","","","","","","","","","","","","","","","","","","","","","",0,"",""
