TEAM_ID,PLAYER_ID,PLAYER_NAME,avg(FGM),avg(FGA),avg(FG3M),avg(FG3A),avg(FTM),avg(FTA),avg(OREB),avg(DREB),avg(REB),avg(AST),avg(STL),avg(BLK),avg(TO),avg(PF),avg(PTS),avg(PLUS_MINUS),sum(FGM),sum(FGA),sum(FG3M),sum(FG3A),sum(FTM),sum(FTA),sum(OREB),sum(DREB),sum(REB),sum(AST),sum(STL),sum(BLK),sum(TO),sum(PF),sum(PTS),sum(PLUS_MINUS),sum(ifminute),avg(seconds),sum(seconds)
1610612753,1628411,Wes Iwundu,1.492537313432836,3.5522388059701493,0.14925373134328357,0.7761194029850746,0.6119402985074627,0.8656716417910447,0.5373134328358209,1.8656716417910448,2.4029850746268657,0.9402985074626866,0.5074626865671642,0.1791044776119403,0.5373134328358209,1.2985074626865671,3.746268656716418,-1.6567164179104477,100.0,238.0,10.0,52.0,41.0,58.0,36.0,125.0,161.0,63.0,34.0,12.0,36.0,87.0,251.0,-111.0,67,985.8805970149253,66054.0
1610612742,1627827,Dorian Finney-Smith,2.0833333333333335,5.375,0.9583333333333334,3.0416666666666665,0.5,0.7083333333333334,0.9583333333333334,2.5416666666666665,3.5,1.25,0.4583333333333333,0.16666666666666666,1.0,1.8333333333333333,5.625,-1.0,50.0,129.0,23.0,73.0,12.0,17.0,23.0,61.0,84.0,30.0,11.0,4.0,24.0,44.0,135.0,-24.0,24,1247.9166666666667,29950.0
1610612762,1628396,Tony Bradley,0.8181818181818182,1.9090909090909092,0.0,0.09090909090909091,0.2727272727272727,0.36363636363636365,0.5454545454545454,0.7272727272727273,1.2727272727272727,0.09090909090909091,0.0,0.0,0.18181818181818182,0.5454545454545454,1.9090909090909092,-0.45454545454545453,9.0,21.0,0.0,1.0,3.0,4.0,6.0,8.0,14.0,1.0,0.0,0.0,2.0,6.0,21.0,-5.0,11,251.63636363636363,2768.0
