PLAYER_ID,PLAYER_NAME,avg(FGM),avg(FGA),avg(FG3M),avg(FG3A),avg(FTM),avg(FTA),avg(OREB),avg(DREB),avg(REB),avg(AST),avg(STL),avg(BLK),avg(TO),avg(PF),avg(PTS),avg(PLUS_MINUS),sum(FGM),sum(FGA),sum(FG3M),sum(FG3A),sum(FTM),sum(FTA),sum(OREB),sum(DREB),sum(REB),sum(AST),sum(STL),sum(BLK),sum(TO),sum(PF),sum(PTS),sum(PLUS_MINUS),sum(ifminute),avg(seconds),sum(seconds)
1882,Elton Brand,5.5058823529411764,11.388235294117647,0.0,0.011764705882352941,2.388235294117647,3.2705882352941176,2.541176470588235,4.188235294117647,6.729411764705882,1.4705882352941178,1.1529411764705881,1.035294117647059,1.6,3.0352941176470587,13.4,-0.5822784810126582,468.0,968.0,0.0,1.0,203.0,278.0,216.0,356.0,572.0,125.0,98.0,88.0,136.0,258.0,1139.0,-46.0,85,1769.7882352941176,150432.0
201568,Danilo Gallinari,4.597701149425287,11.091954022988507,1.9080459770114941,5.264367816091954,3.896551724137931,4.609195402298851,0.8735632183908046,3.954022988505747,4.827586206896552,1.7011494252873562,0.8735632183908046,0.5172413793103449,1.206896551724138,2.3908045977011496,15.0,-0.6829268292682927,400.0,965.0,166.0,458.0,339.0,401.0,76.0,344.0,420.0,148.0,76.0,45.0,105.0,208.0,1305.0,-56.0,87,2013.1149425287356,175141.0
200796,Leon Powe,1.4054054054054055,3.0,0.0,0.0,1.4594594594594594,2.5135135135135136,1.0,1.7837837837837838,2.7837837837837838,0.02702702702702703,0.32432432432432434,0.10810810810810811,0.4864864864864865,1.5135135135135136,4.27027027027027,-1.6764705882352942,52.0,111.0,0.0,0.0,54.0,93.0,37.0,66.0,103.0,1.0,12.0,4.0,18.0,56.0,158.0,-57.0,37,612.7297297297297,22671.0
201238,Mario West,0.3076923076923077,0.5576923076923077,0.0,0.038461538461538464,0.15384615384615385,0.23076923076923078,0.21153846153846154,0.4230769230769231,0.6346153846153846,0.25,0.21153846153846154,0.019230769230769232,0.21153846153846154,0.7692307692307693,0.7692307692307693,-0.717391304347826,16.0,29.0,0.0,2.0,8.0,12.0,11.0,22.0,33.0,13.0,11.0,1.0,11.0,40.0,40.0,-33.0,52,188.57692307692307,9806.0
