PLAYER_ID,PLAYER_NAME,avg(FGM),avg(FGA),avg(FG3M),avg(FG3A),avg(FTM),avg(FTA),avg(OREB),avg(DREB),avg(REB),avg(AST),avg(STL),avg(BLK),avg(TO),avg(PF),avg(PTS),avg(PLUS_MINUS),sum(FGM),sum(FGA),sum(FG3M),sum(FG3A),sum(FTM),sum(FTA),sum(OREB),sum(DREB),sum(REB),sum(AST),sum(STL),sum(BLK),sum(TO),sum(PF),sum(PTS),sum(PLUS_MINUS),sum(ifminute),avg(seconds),sum(seconds)
2545,Darko Milicic,3.806451612903226,8.14516129032258,0.0,0.016129032258064516,0.7903225806451613,1.435483870967742,1.8225806451612903,3.564516129032258,5.387096774193548,1.8709677419354838,0.7096774193548387,1.9838709677419355,1.7741935483870968,3.1774193548387095,8.403225806451612,-4.054545454545455,236.0,505.0,0.0,1.0,49.0,89.0,113.0,221.0,334.0,116.0,44.0,123.0,110.0,197.0,521.0,-223.0,62,1324.8870967741937,82143.0
1902,Jeff Foster,1.0666666666666667,1.8666666666666667,0.0,0.0,0.3333333333333333,0.6,1.4,2.3333333333333335,3.7333333333333334,1.0,0.3333333333333333,0.9333333333333333,0.4,2.1333333333333333,2.466666666666667,0.4444444444444444,16.0,28.0,0.0,0.0,5.0,9.0,21.0,35.0,56.0,15.0,5.0,14.0,6.0,32.0,37.0,4.0,15,517.5333333333333,7763.0
202417,Stephen Dennis,1.6666666666666667,4.666666666666667,0.0,1.3333333333333333,1.0,1.3333333333333333,0.3333333333333333,1.6666666666666667,2.0,2.3333333333333335,1.3333333333333333,0.0,2.0,1.6666666666666667,4.333333333333333,"",5.0,14.0,0.0,4.0,3.0,4.0,1.0,5.0,6.0,7.0,4.0,0.0,6.0,5.0,13.0,"",3,18.0,54.0
