PLAYER_ID,PLAYER_NAME,avg(FGM),avg(FGA),avg(FG3M),avg(FG3A),avg(FTM),avg(FTA),avg(OREB),avg(DREB),avg(REB),avg(AST),avg(STL),avg(BLK),avg(TO),avg(PF),avg(PTS),avg(PLUS_MINUS),sum(FGM),sum(FGA),sum(FG3M),sum(FG3A),sum(FTM),sum(FTA),sum(OREB),sum(DREB),sum(REB),sum(AST),sum(STL),sum(BLK),sum(TO),sum(PF),sum(PTS),sum(PLUS_MINUS),sum(ifminute),avg(seconds),sum(seconds)
201566,Russell Westbrook,7.413461538461538,17.153846153846153,0.4807692307692308,1.4903846153846154,6.461538461538462,7.644230769230769,1.5865384615384615,3.0865384615384617,4.673076923076923,7.788461538461538,1.7884615384615385,0.375,3.951923076923077,2.644230769230769,21.76923076923077,1.4242424242424243,771.0,1784.0,50.0,155.0,672.0,795.0,165.0,321.0,486.0,810.0,186.0,39.0,411.0,275.0,2264.0,141.0,104,2012.173076923077,209266.0
2731,Emeka Okafor,4.060975609756097,7.158536585365853,0.0,0.012195121951219513,2.048780487804878,3.573170731707317,3.158536585365854,5.939024390243903,9.097560975609756,0.5121951219512195,0.6219512195121951,1.6585365853658536,1.6341463414634145,3.3048780487804876,10.170731707317072,1.3461538461538463,333.0,587.0,0.0,1.0,168.0,293.0,259.0,487.0,746.0,42.0,51.0,136.0,134.0,271.0,834.0,105.0,82,1811.780487804878,148566.0
101236,Chuck Hayes,3.2125,6.175,0.0,0.025,1.3,1.9625,2.8625,5.0,7.8625,2.6375,1.0375,0.65,1.2,2.7125,7.725,2.824324324324324,257.0,494.0,0.0,2.0,104.0,157.0,229.0,400.0,629.0,211.0,83.0,52.0,96.0,217.0,618.0,209.0,80,1561.0375,124883.0
200748,Tyrus Thomas,3.875,8.229166666666666,0.0,0.08333333333333333,3.0833333333333335,4.020833333333333,1.5416666666666667,3.9583333333333335,5.5,0.7708333333333334,0.7708333333333334,1.5416666666666667,1.7291666666666667,2.875,10.833333333333334,-0.5365853658536586,186.0,395.0,0.0,4.0,148.0,193.0,74.0,190.0,264.0,37.0,37.0,74.0,83.0,138.0,520.0,-22.0,48,1079.8333333333333,51832.0
