PLAYER_ID,PLAYER_NAME,avg(FGM),avg(FGA),avg(FG3M),avg(FG3A),avg(FTM),avg(FTA),avg(OREB),avg(DREB),avg(REB),avg(AST),avg(STL),avg(BLK),avg(TO),avg(PF),avg(PTS),avg(PLUS_MINUS),sum(FGM),sum(FGA),sum(FG3M),sum(FG3A),sum(FTM),sum(FTA),sum(OREB),sum(DREB),sum(REB),sum(AST),sum(STL),sum(BLK),sum(TO),sum(PF),sum(PTS),sum(PLUS_MINUS),sum(ifminute),avg(seconds),sum(seconds)
101127,Jarrett Jack,3.1443298969072164,7.536082474226804,0.3917525773195876,1.2474226804123711,2.288659793814433,2.7010309278350517,0.23711340206185566,1.9484536082474226,2.185567010309278,3.0309278350515463,0.6907216494845361,0.07216494845360824,1.422680412371134,1.268041237113402,8.969072164948454,-2.134831460674157,305.0,731.0,38.0,121.0,222.0,262.0,23.0,189.0,212.0,294.0,67.0,7.0,138.0,123.0,870.0,-190.0,97,1136.1546391752577,110207.0
244,Dee Brown,1.0,1.0,0.0,0.0,0.0,0.0,0.0,1.0,1.0,0.0,1.0,0.0,0.0,0.0,2.0,"",1.0,1.0,0.0,0.0,0.0,0.0,0.0,1.0,1.0,0.0,1.0,0.0,0.0,0.0,2.0,"",1,5.0,5.0
