PLAYER_ID,PLAYER_NAME,avg(FGM),avg(FGA),avg(FG3M),avg(FG3A),avg(FTM),avg(FTA),avg(OREB),avg(DREB),avg(REB),avg(AST),avg(STL),avg(BLK),avg(TO),avg(PF),avg(PTS),avg(PLUS_MINUS),sum(FGM),sum(FGA),sum(FG3M),sum(FG3A),sum(FTM),sum(FTA),sum(OREB),sum(DREB),sum(REB),sum(AST),sum(STL),sum(BLK),sum(TO),sum(PF),sum(PTS),sum(PLUS_MINUS),sum(ifminute),avg(seconds),sum(seconds)
2574,Jason Kapono,2.0444444444444443,5.066666666666666,0.9333333333333333,2.688888888888889,0.2,0.24444444444444444,0.24444444444444444,1.0,1.2444444444444445,0.7555555555555555,0.4222222222222222,0.08888888888888889,0.5555555555555556,1.3111111111111111,5.222222222222222,-1.3421052631578947,92.0,228.0,42.0,121.0,9.0,11.0,11.0,45.0,56.0,34.0,19.0,4.0,25.0,59.0,235.0,-51.0,45,833.9555555555555,37528.0
201175,Glen Davis,3.1238938053097347,6.778761061946903,0.008849557522123894,0.12389380530973451,2.2389380530973453,3.0442477876106193,1.575221238938053,2.9026548672566372,4.477876106194691,0.7345132743362832,0.6460176991150443,0.34513274336283184,1.0442477876106195,2.52212389380531,8.495575221238939,-0.009433962264150943,353.0,766.0,1.0,14.0,253.0,344.0,178.0,328.0,506.0,83.0,73.0,39.0,118.0,285.0,960.0,-1.0,113,1229.513274336283,138935.0
2746,Josh Smith,6.009708737864078,12.359223300970873,0.2524271844660194,0.7184466019417476,2.9514563106796117,4.601941747572815,2.5242718446601944,6.087378640776699,8.611650485436893,3.941747572815534,1.4563106796116505,1.9320388349514563,2.504854368932039,2.8932038834951457,15.223300970873787,1.1354166666666667,619.0,1273.0,26.0,74.0,304.0,474.0,260.0,627.0,887.0,406.0,150.0,199.0,258.0,298.0,1568.0,109.0,103,2025.8446601941748,208662.0
