PLAYER_ID,PLAYER_NAME,avg(FGM),avg(FGA),avg(FG3M),avg(FG3A),avg(FTM),avg(FTA),avg(OREB),avg(DREB),avg(REB),avg(AST),avg(STL),avg(BLK),avg(TO),avg(PF),avg(PTS),avg(PLUS_MINUS),sum(FGM),sum(FGA),sum(FG3M),sum(FG3A),sum(FTM),sum(FTA),sum(OREB),sum(DREB),sum(REB),sum(AST),sum(STL),sum(BLK),sum(TO),sum(PF),sum(PTS),sum(PLUS_MINUS),sum(ifminute),avg(seconds),sum(seconds)
2588,Matt Bonner,2.5454545454545454,5.454545454545454,1.5454545454545454,3.4155844155844157,0.6103896103896104,0.7792207792207793,0.8831168831168831,2.7012987012987013,3.5844155844155843,0.8441558441558441,0.36363636363636365,0.3116883116883117,0.38961038961038963,1.8051948051948052,7.246753246753247,3.388888888888889,196.0,420.0,119.0,263.0,47.0,60.0,68.0,208.0,276.0,65.0,28.0,24.0,30.0,139.0,558.0,244.0,77,1212.1818181818182,93338.0
