PLAYER_ID,PLAYER_NAME,avg(FGM),avg(FGA),avg(FG3M),avg(FG3A),avg(FTM),avg(FTA),avg(OREB),avg(DREB),avg(REB),avg(AST),avg(STL),avg(BLK),avg(TO),avg(PF),avg(PTS),avg(PLUS_MINUS),sum(FGM),sum(FGA),sum(FG3M),sum(FG3A),sum(FTM),sum(FTA),sum(OREB),sum(DREB),sum(REB),sum(AST),sum(STL),sum(BLK),sum(TO),sum(PF),sum(PTS),sum(PLUS_MINUS),sum(ifminute),avg(seconds),sum(seconds)
2240,Gilbert Arenas,3.8354430379746836,10.227848101265822,1.3544303797468353,4.481012658227848,1.5949367088607596,2.1012658227848102,0.3291139240506329,2.392405063291139,2.721518987341772,3.7341772151898733,1.0,0.2911392405063291,2.367088607594937,2.607594936708861,10.620253164556962,-0.22666666666666666,303.0,808.0,107.0,354.0,126.0,166.0,26.0,189.0,215.0,295.0,79.0,23.0,187.0,206.0,839.0,-17.0,79,1426.7974683544303,112717.0
