PLAYER_ID,PLAYER_NAME,avg(FGM),avg(FGA),avg(FG3M),avg(FG3A),avg(FTM),avg(FTA),avg(OREB),avg(DREB),avg(REB),avg(AST),avg(STL),avg(BLK),avg(TO),avg(PF),avg(PTS),avg(PLUS_MINUS),sum(FGM),sum(FGA),sum(FG3M),sum(FG3A),sum(FTM),sum(FTA),sum(OREB),sum(DREB),sum(REB),sum(AST),sum(STL),sum(BLK),sum(TO),sum(PF),sum(PTS),sum(PLUS_MINUS),sum(ifminute),avg(seconds),sum(seconds)
202087,Alonzo Gee,1.4333333333333333,3.2666666666666666,0.26666666666666666,0.5,1.1,1.6,1.0333333333333334,1.3333333333333333,2.3666666666666667,0.4666666666666667,0.5666666666666667,0.16666666666666666,0.8666666666666667,1.0333333333333334,4.233333333333333,-2.3214285714285716,43.0,98.0,8.0,15.0,33.0,48.0,31.0,40.0,71.0,14.0,17.0,5.0,26.0,31.0,127.0,-65.0,30,706.2666666666667,21188.0
