PLAYER_ID,PLAYER_NAME,avg(FGM),avg(FGA),avg(FG3M),avg(FG3A),avg(FTM),avg(FTA),avg(OREB),avg(DREB),avg(REB),avg(AST),avg(STL),avg(BLK),avg(TO),avg(PF),avg(PTS),avg(PLUS_MINUS),sum(FGM),sum(FGA),sum(FG3M),sum(FG3A),sum(FTM),sum(FTA),sum(OREB),sum(DREB),sum(REB),sum(AST),sum(STL),sum(BLK),sum(TO),sum(PF),sum(PTS),sum(PLUS_MINUS),sum(ifminute),avg(seconds),sum(seconds)
1938,Manu Ginobili,5.4,12.488888888888889,1.9,5.444444444444445,4.388888888888889,5.088888888888889,0.5,3.1222222222222222,3.6222222222222222,4.811111111111111,1.5444444444444445,0.35555555555555557,2.2,2.033333333333333,17.08888888888889,6.576470588235294,486.0,1124.0,171.0,490.0,395.0,458.0,45.0,281.0,326.0,433.0,139.0,32.0,198.0,183.0,1538.0,559.0,90,1734.3111111111111,156088.0
