PLAYER_ID,PLAYER_NAME,avg(FGM),avg(FGA),avg(FG3M),avg(FG3A),avg(FTM),avg(FTA),avg(OREB),avg(DREB),avg(REB),avg(AST),avg(STL),avg(BLK),avg(TO),avg(PF),avg(PTS),avg(PLUS_MINUS),sum(FGM),sum(FGA),sum(FG3M),sum(FG3A),sum(FTM),sum(FTA),sum(OREB),sum(DREB),sum(REB),sum(AST),sum(STL),sum(BLK),sum(TO),sum(PF),sum(PTS),sum(PLUS_MINUS),sum(ifminute),avg(seconds),sum(seconds)
201142,Kevin Durant,8.97,19.52,1.89,5.44,7.55,8.69,0.75,6.18,6.93,2.79,1.11,0.96,2.64,2.2,27.38,3.3684210526315788,897.0,1952.0,189.0,544.0,755.0,869.0,75.0,618.0,693.0,279.0,111.0,96.0,264.0,220.0,2738.0,320.0,100,2257.28,225728.0
200757,Thabo Sefolosha,1.9595959595959596,4.181818181818182,0.32323232323232326,1.303030303030303,0.7474747474747475,0.9494949494949495,0.7878787878787878,3.323232323232323,4.111111111111111,1.2626262626262625,1.1515151515151516,0.43434343434343436,0.7373737373737373,2.0,4.98989898989899,0.5625,194.0,414.0,32.0,129.0,74.0,94.0,78.0,329.0,407.0,125.0,114.0,43.0,73.0,198.0,494.0,54.0,99,1451.2525252525252,143674.0
2030,Kenyon Martin,3.943396226415094,7.773584905660377,0.03773584905660377,0.16981132075471697,1.0,1.6981132075471699,1.3773584905660377,4.962264150943396,6.339622641509434,2.207547169811321,0.8490566037735849,0.6981132075471698,1.2452830188679245,2.9056603773584904,8.924528301886792,3.339622641509434,209.0,412.0,2.0,9.0,53.0,90.0,73.0,263.0,336.0,117.0,45.0,37.0,66.0,154.0,473.0,177.0,53,1563.7924528301887,82881.0
