PLAYER_ID,PLAYER_NAME,avg(FGM),avg(FGA),avg(FG3M),avg(FG3A),avg(FTM),avg(FTA),avg(OREB),avg(DREB),avg(REB),avg(AST),avg(STL),avg(BLK),avg(TO),avg(PF),avg(PTS),avg(PLUS_MINUS),sum(FGM),sum(FGA),sum(FG3M),sum(FG3A),sum(FTM),sum(FTA),sum(OREB),sum(DREB),sum(REB),sum(AST),sum(STL),sum(BLK),sum(TO),sum(PF),sum(PTS),sum(PLUS_MINUS),sum(ifminute),avg(seconds),sum(seconds)
202083,Wesley Matthews,5.236559139784946,11.580645161290322,1.8064516129032258,4.451612903225806,3.225806451612903,3.827956989247312,0.6021505376344086,2.3870967741935485,2.989247311827957,1.935483870967742,1.1505376344086022,0.11827956989247312,1.6236559139784945,2.3548387096774195,15.505376344086022,1.4886363636363635,487.0,1077.0,168.0,414.0,300.0,356.0,56.0,222.0,278.0,180.0,107.0,11.0,151.0,219.0,1442.0,131.0,93,1911.0645161290322,177729.0
201977,Marcus Thornton,4.5125,10.825,1.1125,3.1,1.925,2.4875,0.775,2.6625,3.4375,1.775,0.8875,0.1125,1.2875,1.475,12.0625,-1.63013698630137,361.0,866.0,89.0,248.0,154.0,199.0,62.0,213.0,275.0,142.0,71.0,9.0,103.0,118.0,965.0,-119.0,80,1333.4875,106679.0
