PLAYER_ID,PLAYER_NAME,avg(FGM),avg(FGA),avg(FG3M),avg(FG3A),avg(FTM),avg(FTA),avg(OREB),avg(DREB),avg(REB),avg(AST),avg(STL),avg(BLK),avg(TO),avg(PF),avg(PTS),avg(PLUS_MINUS),sum(FGM),sum(FGA),sum(FG3M),sum(FG3A),sum(FTM),sum(FTA),sum(OREB),sum(DREB),sum(REB),sum(AST),sum(STL),sum(BLK),sum(TO),sum(PF),sum(PTS),sum(PLUS_MINUS),sum(ifminute),avg(seconds),sum(seconds)
2200,Pau Gasol,6.858585858585859,13.232323232323232,0.020202020202020204,0.050505050505050504,4.2727272727272725,5.232323232323233,3.202020202020202,6.555555555555555,9.757575757575758,3.303030303030303,0.5757575757575758,1.595959595959596,1.7272727272727273,2.5757575757575757,18.01010101010101,5.956521739130435,679.0,1310.0,2.0,5.0,423.0,518.0,317.0,649.0,966.0,327.0,57.0,158.0,171.0,255.0,1783.0,548.0,99,2059.626262626263,203903.0
202400,Anthony Mason,2.0,4.666666666666667,0.3333333333333333,1.3333333333333333,0.0,0.0,2.0,2.3333333333333335,4.333333333333333,1.0,0.3333333333333333,0.3333333333333333,2.3333333333333335,2.0,4.333333333333333,"",6.0,14.0,1.0,4.0,0.0,0.0,6.0,7.0,13.0,3.0,1.0,1.0,7.0,6.0,13.0,"",3,23.666666666666668,71.0
