PLAYER_ID,PLAYER_NAME,avg(FGM),avg(FGA),avg(FG3M),avg(FG3A),avg(FTM),avg(FTA),avg(OREB),avg(DREB),avg(REB),avg(AST),avg(STL),avg(BLK),avg(TO),avg(PF),avg(PTS),avg(PLUS_MINUS),sum(FGM),sum(FGA),sum(FG3M),sum(FG3A),sum(FTM),sum(FTA),sum(OREB),sum(DREB),sum(REB),sum(AST),sum(STL),sum(BLK),sum(TO),sum(PF),sum(PTS),sum(PLUS_MINUS),sum(ifminute),avg(seconds),sum(seconds)
2399,Mike Dunleavy,3.558139534883721,8.19767441860465,1.3372093023255813,3.7906976744186047,1.755813953488372,2.1627906976744184,0.46511627906976744,3.8488372093023258,4.313953488372093,1.6511627906976745,0.6162790697674418,0.43023255813953487,1.069767441860465,1.6511627906976745,10.209302325581396,1.1139240506329113,306.0,705.0,115.0,326.0,151.0,186.0,40.0,331.0,371.0,142.0,53.0,37.0,92.0,142.0,878.0,88.0,86,1370.453488372093,117859.0
1938,Manu Ginobili,5.783505154639175,13.02061855670103,2.0309278350515463,5.536082474226804,4.474226804123711,5.185567010309279,0.7319587628865979,3.0721649484536084,3.804123711340206,5.164948453608248,1.5670103092783505,0.30927835051546393,2.2783505154639174,2.0927835051546393,18.072164948453608,5.423913043478261,561.0,1263.0,197.0,537.0,434.0,503.0,71.0,298.0,369.0,501.0,152.0,30.0,221.0,203.0,1753.0,499.0,97,1794.1443298969073,174032.0
2030,Kenyon Martin,5.0256410256410255,10.692307692307692,0.10256410256410256,0.38461538461538464,1.5384615384615385,3.0,2.3846153846153846,7.3076923076923075,9.692307692307692,1.8461538461538463,1.1794871794871795,0.9487179487179487,1.5384615384615385,3.2051282051282053,11.692307692307692,0.15384615384615385,196.0,417.0,4.0,15.0,60.0,117.0,93.0,285.0,378.0,72.0,46.0,37.0,60.0,125.0,456.0,6.0,39,1973.8974358974358,76982.0
