PLAYER_ID,PLAYER_NAME,avg(FGM),avg(FGA),avg(FG3M),avg(FG3A),avg(FTM),avg(FTA),avg(OREB),avg(DREB),avg(REB),avg(AST),avg(STL),avg(BLK),avg(TO),avg(PF),avg(PTS),avg(PLUS_MINUS),sum(FGM),sum(FGA),sum(FG3M),sum(FG3A),sum(FTM),sum(FTA),sum(OREB),sum(DREB),sum(REB),sum(AST),sum(STL),sum(BLK),sum(TO),sum(PF),sum(PTS),sum(PLUS_MINUS),sum(ifminute),avg(seconds),sum(seconds)
956,Erick Dampier,1.1730769230769231,2.3846153846153846,0.019230769230769232,0.057692307692307696,0.6346153846153846,1.0576923076923077,1.8076923076923077,3.076923076923077,4.884615384615385,0.5576923076923077,0.28846153846153844,0.9230769230769231,0.8076923076923077,2.3653846153846154,3.0,0.5961538461538461,61.0,124.0,1.0,3.0,33.0,55.0,94.0,160.0,254.0,29.0,15.0,48.0,42.0,123.0,156.0,31.0,52,1120.7884615384614,58281.0
101106,Andrew Bogut,6.472222222222222,12.347222222222221,0.0,0.05555555555555555,2.1944444444444446,3.75,3.125,7.486111111111111,10.61111111111111,1.6805555555555556,0.5694444444444444,2.861111111111111,1.8611111111111112,3.0972222222222223,15.13888888888889,3.1594202898550723,466.0,889.0,0.0,4.0,158.0,270.0,225.0,539.0,764.0,121.0,41.0,206.0,134.0,223.0,1090.0,218.0,72,1919.4305555555557,138199.0
201592,J.R. Giddens,1.3529411764705883,2.823529411764706,0.0,0.47058823529411764,0.4117647058823529,0.7647058823529411,0.8235294117647058,1.5294117647058822,2.3529411764705883,0.5294117647058824,0.4117647058823529,0.11764705882352941,0.7058823529411765,1.3529411764705883,3.1176470588235294,-3.7058823529411766,23.0,48.0,0.0,8.0,7.0,13.0,14.0,26.0,40.0,9.0,7.0,2.0,12.0,23.0,53.0,-63.0,17,630.1176470588235,10712.0
