PLAYER_ID,PLAYER_NAME,avg(FGM),avg(FGA),avg(FG3M),avg(FG3A),avg(FTM),avg(FTA),avg(OREB),avg(DREB),avg(REB),avg(AST),avg(STL),avg(BLK),avg(TO),avg(PF),avg(PTS),avg(PLUS_MINUS),sum(FGM),sum(FGA),sum(FG3M),sum(FG3A),sum(FTM),sum(FTA),sum(OREB),sum(DREB),sum(REB),sum(AST),sum(STL),sum(BLK),sum(TO),sum(PF),sum(PTS),sum(PLUS_MINUS),sum(ifminute),avg(seconds),sum(seconds)
202328,Greg Monroe,2.0256410256410255,4.6923076923076925,0.0,0.02564102564102564,1.4102564102564104,2.4358974358974357,2.0256410256410255,2.948717948717949,4.9743589743589745,1.0256410256410255,0.8717948717948718,0.41025641025641024,1.1538461538461537,2.282051282051282,5.461538461538462,-2.870967741935484,79.0,183.0,0.0,1.0,55.0,95.0,79.0,115.0,194.0,40.0,34.0,16.0,45.0,89.0,213.0,-89.0,39,926.0512820512821,36116.0
201563,Michael Beasley,6.684782608695652,14.673913043478262,0.5652173913043478,1.4673913043478262,2.6739130434782608,3.5543478260869565,1.5434782608695652,4.434782608695652,5.978260869565218,1.4130434782608696,1.0108695652173914,0.75,2.2717391304347827,3.0652173913043477,16.608695652173914,-1.1785714285714286,615.0,1350.0,52.0,135.0,246.0,327.0,142.0,408.0,550.0,130.0,93.0,69.0,209.0,282.0,1528.0,-99.0,92,1684.608695652174,154984.0
2567,Brian Cook,2.193548387096774,5.193548387096774,0.967741935483871,2.2580645161290325,0.8064516129032258,1.0,0.5161290322580645,2.161290322580645,2.6774193548387095,0.45161290322580644,0.25806451612903225,0.3548387096774194,0.8064516129032258,2.129032258064516,6.161290322580645,-0.7916666666666666,68.0,161.0,30.0,70.0,25.0,31.0,16.0,67.0,83.0,14.0,8.0,11.0,25.0,66.0,191.0,-19.0,31,542.741935483871,16825.0
