PLAYER_ID,PLAYER_NAME,avg(FGM),avg(FGA),avg(FG3M),avg(FG3A),avg(FTM),avg(FTA),avg(OREB),avg(DREB),avg(REB),avg(AST),avg(STL),avg(BLK),avg(TO),avg(PF),avg(PTS),avg(PLUS_MINUS),sum(FGM),sum(FGA),sum(FG3M),sum(FG3A),sum(FTM),sum(FTA),sum(OREB),sum(DREB),sum(REB),sum(AST),sum(STL),sum(BLK),sum(TO),sum(PF),sum(PTS),sum(PLUS_MINUS),sum(ifminute),avg(seconds),sum(seconds)
200758,Ronnie Brewer,2.3137254901960786,4.921568627450981,0.08823529411764706,0.3431372549019608,1.0686274509803921,1.588235294117647,0.6274509803921569,2.392156862745098,3.019607843137255,1.5784313725490196,1.1862745098039216,0.28431372549019607,0.6176470588235294,0.9705882352941176,5.784313725490196,2.3195876288659796,236.0,502.0,9.0,35.0,109.0,162.0,64.0,244.0,308.0,161.0,121.0,29.0,63.0,99.0,590.0,225.0,102,1201.9901960784314,122603.0
2550,Kirk Hinrich,3.8588235294117648,8.552941176470588,1.1176470588235294,2.7176470588235295,1.3294117647058823,1.611764705882353,0.3176470588235294,2.2823529411764705,2.6,3.8705882352941177,1.0470588235294118,0.2235294117647059,1.588235294117647,2.5764705882352943,10.16470588235294,-4.897435897435898,328.0,727.0,95.0,231.0,113.0,137.0,27.0,194.0,221.0,329.0,89.0,19.0,135.0,219.0,864.0,-382.0,85,1646.929411764706,139989.0
2063,Jake Voskuhl,0.0,2.0,0.0,0.0,0.0,0.0,0.0,7.0,7.0,0.0,1.0,0.0,3.0,5.0,0.0,"",0.0,2.0,0.0,0.0,0.0,0.0,0.0,7.0,7.0,0.0,1.0,0.0,3.0,5.0,0.0,"",1,17.0,17.0
