PLAYER_ID,PLAYER_NAME,avg(FGM),avg(FGA),avg(FG3M),avg(FG3A),avg(FTM),avg(FTA),avg(OREB),avg(DREB),avg(REB),avg(AST),avg(STL),avg(BLK),avg(TO),avg(PF),avg(PTS),avg(PLUS_MINUS),sum(FGM),sum(FGA),sum(FG3M),sum(FG3A),sum(FTM),sum(FTA),sum(OREB),sum(DREB),sum(REB),sum(AST),sum(STL),sum(BLK),sum(TO),sum(PF),sum(PTS),sum(PLUS_MINUS),sum(ifminute),avg(seconds),sum(seconds)
202066,Garrett Temple,1.2142857142857142,3.0,0.3333333333333333,1.0,1.0238095238095237,1.4761904761904763,0.16666666666666666,0.9285714285714286,1.0952380952380953,0.8571428571428571,0.42857142857142855,0.19047619047619047,0.8809523809523809,1.1904761904761905,3.7857142857142856,-0.6666666666666666,51.0,126.0,14.0,42.0,43.0,62.0,7.0,39.0,46.0,36.0,18.0,8.0,37.0,50.0,159.0,-24.0,42,530.1190476190476,22265.0
