PLAYER_ID,PLAYER_NAME,avg(FGM),avg(FGA),avg(FG3M),avg(FG3A),avg(FTM),avg(FTA),avg(OREB),avg(DREB),avg(REB),avg(AST),avg(STL),avg(BLK),avg(TO),avg(PF),avg(PTS),avg(PLUS_MINUS),sum(FGM),sum(FGA),sum(FG3M),sum(FG3A),sum(FTM),sum(FTA),sum(OREB),sum(DREB),sum(REB),sum(AST),sum(STL),sum(BLK),sum(TO),sum(PF),sum(PTS),sum(PLUS_MINUS),sum(ifminute),avg(seconds),sum(seconds)
201935,James Harden,3.6285714285714286,8.228571428571428,1.361904761904762,3.9523809523809526,3.857142857142857,4.552380952380952,0.5523809523809524,3.0095238095238095,3.5619047619047617,2.4095238095238094,1.2,0.38095238095238093,1.4476190476190476,2.6285714285714286,12.476190476190476,2.888888888888889,381.0,864.0,143.0,415.0,405.0,478.0,58.0,316.0,374.0,253.0,126.0,40.0,152.0,276.0,1310.0,286.0,105,1559.0666666666666,163702.0
2203,Shane Battier,2.6176470588235294,5.901960784313726,1.1372549019607843,3.019607843137255,0.7647058823529411,1.0784313725490196,1.1176470588235294,3.2941176470588234,4.411764705882353,2.088235294117647,0.7941176470588235,0.8725490196078431,0.8823529411764706,1.892156862745098,7.137254901960785,2.1578947368421053,267.0,602.0,116.0,308.0,78.0,110.0,114.0,336.0,450.0,213.0,81.0,89.0,90.0,193.0,728.0,205.0,102,1597.9313725490197,162989.0
2225,Tony Parker,6.977528089887641,13.584269662921349,0.29213483146067415,0.898876404494382,3.101123595505618,4.033707865168539,0.3595505617977528,2.606741573033708,2.966292134831461,6.337078651685394,1.1573033707865168,0.056179775280898875,2.595505617977528,1.7303370786516854,17.348314606741575,3.4404761904761907,621.0,1209.0,26.0,80.0,276.0,359.0,32.0,232.0,264.0,564.0,103.0,5.0,231.0,154.0,1544.0,289.0,89,1854.3932584269662,165041.0
201785,Othyus Jeffers,2.0454545454545454,4.136363636363637,0.045454545454545456,0.22727272727272727,1.5454545454545454,2.3636363636363638,1.5,2.090909090909091,3.590909090909091,0.9545454545454546,0.8636363636363636,0.0,0.7727272727272727,1.8181818181818181,5.681818181818182,1.0,45.0,91.0,1.0,5.0,34.0,52.0,33.0,46.0,79.0,21.0,19.0,0.0,17.0,40.0,125.0,17.0,22,881.3636363636364,19390.0
202346,Dominique Jones,1.6538461538461537,4.461538461538462,0.038461538461538464,0.38461538461538464,1.3076923076923077,1.8846153846153846,0.5,1.3461538461538463,1.8461538461538463,1.6153846153846154,0.34615384615384615,0.11538461538461539,1.0384615384615385,1.0384615384615385,4.653846153846154,-1.1666666666666667,43.0,116.0,1.0,10.0,34.0,49.0,13.0,35.0,48.0,42.0,9.0,3.0,27.0,27.0,121.0,-21.0,26,318.96153846153845,8293.0
