PLAYER_ID,PLAYER_NAME,avg(FGM),avg(FGA),avg(FG3M),avg(FG3A),avg(FTM),avg(FTA),avg(OREB),avg(DREB),avg(REB),avg(AST),avg(STL),avg(BLK),avg(TO),avg(PF),avg(PTS),avg(PLUS_MINUS),sum(FGM),sum(FGA),sum(FG3M),sum(FG3A),sum(FTM),sum(FTA),sum(OREB),sum(DREB),sum(REB),sum(AST),sum(STL),sum(BLK),sum(TO),sum(PF),sum(PTS),sum(PLUS_MINUS),sum(ifminute),avg(seconds),sum(seconds)
2041,Etan Thomas,0.8421052631578947,2.0526315789473686,0.0,0.0,0.6842105263157895,1.0,0.631578947368421,1.263157894736842,1.894736842105263,0.3157894736842105,0.15789473684210525,0.3157894736842105,0.47368421052631576,0.9473684210526315,2.3684210526315788,-2.142857142857143,16.0,39.0,0.0,0.0,13.0,19.0,12.0,24.0,36.0,6.0,3.0,6.0,9.0,18.0,45.0,-30.0,19,282.4736842105263,5367.0
2760,Anderson Varejao,3.6666666666666665,6.878787878787879,0.0,0.06060606060606061,1.7272727272727273,2.5757575757575757,3.090909090909091,6.484848484848484,9.575757575757576,1.4848484848484849,0.9393939393939394,1.2121212121212122,1.3333333333333333,2.8181818181818183,9.06060606060606,-5.516129032258065,121.0,227.0,0.0,2.0,57.0,85.0,102.0,214.0,316.0,49.0,31.0,40.0,44.0,93.0,299.0,-171.0,33,1809.0,59697.0
2648,Ronald Dupree,1.0,2.625,0.0,0.125,0.75,1.375,0.5,0.875,1.375,0.375,0.25,0.125,0.25,1.125,2.75,-1.6666666666666667,8.0,21.0,0.0,1.0,6.0,11.0,4.0,7.0,11.0,3.0,2.0,1.0,2.0,9.0,22.0,-5.0,8,102.625,821.0
