PLAYER_ID,PLAYER_NAME,avg(FGM),avg(FGA),avg(FG3M),avg(FG3A),avg(FTM),avg(FTA),avg(OREB),avg(DREB),avg(REB),avg(AST),avg(STL),avg(BLK),avg(TO),avg(PF),avg(PTS),avg(PLUS_MINUS),sum(FGM),sum(FGA),sum(FG3M),sum(FG3A),sum(FTM),sum(FTA),sum(OREB),sum(DREB),sum(REB),sum(AST),sum(STL),sum(BLK),sum(TO),sum(PF),sum(PTS),sum(PLUS_MINUS),sum(ifminute),avg(seconds),sum(seconds)
201575,Brandon Rush,4.074074074074074,9.123456790123457,1.6419753086419753,3.7901234567901234,1.0864197530864197,1.5061728395061729,0.5679012345679012,3.4814814814814814,4.049382716049383,1.4074074074074074,0.6666666666666666,0.7407407407407407,1.2592592592592593,2.197530864197531,10.876543209876543,-2.6493506493506493,330.0,739.0,133.0,307.0,88.0,122.0,46.0,282.0,328.0,114.0,54.0,60.0,102.0,178.0,881.0,-204.0,81,1796.2222222222222,145494.0
101120,Antoine Wright,2.381818181818182,5.781818181818182,0.8727272727272727,2.5636363636363635,0.7454545454545455,1.0909090909090908,0.5818181818181818,2.1636363636363636,2.7454545454545456,0.8545454545454545,0.4909090909090909,0.14545454545454545,0.8181818181818182,1.6,6.381818181818182,0.803921568627451,131.0,318.0,48.0,141.0,41.0,60.0,32.0,119.0,151.0,47.0,27.0,8.0,45.0,88.0,351.0,41.0,55,1127.1090909090908,61991.0
201980,Danny Green,1.0,2.6842105263157894,0.3684210526315789,1.2105263157894737,0.15789473684210525,0.3157894736842105,0.42105263157894735,0.6842105263157895,1.105263157894737,0.2631578947368421,0.47368421052631576,0.3157894736842105,0.5263157894736842,0.6842105263157895,2.526315789473684,-0.5625,19.0,51.0,7.0,23.0,3.0,6.0,8.0,13.0,21.0,5.0,9.0,6.0,10.0,13.0,48.0,-9.0,19,348.57894736842104,6623.0
