PLAYER_ID,PLAYER_NAME,avg(FGM),avg(FGA),avg(FG3M),avg(FG3A),avg(FTM),avg(FTA),avg(OREB),avg(DREB),avg(REB),avg(AST),avg(STL),avg(BLK),avg(TO),avg(PF),avg(PTS),avg(PLUS_MINUS),sum(FGM),sum(FGA),sum(FG3M),sum(FG3A),sum(FTM),sum(FTA),sum(OREB),sum(DREB),sum(REB),sum(AST),sum(STL),sum(BLK),sum(TO),sum(PF),sum(PTS),sum(PLUS_MINUS),sum(ifminute),avg(seconds),sum(seconds)
101108,Chris Paul,5.290322580645161,11.43010752688172,0.8817204301075269,2.3118279569892475,4.204301075268817,4.870967741935484,0.4946236559139785,3.6451612903225805,4.139784946236559,9.78494623655914,2.2580645161290325,0.07526881720430108,2.3010752688172045,2.4086021505376345,15.666666666666666,2.6627906976744184,492.0,1063.0,82.0,215.0,391.0,453.0,46.0,339.0,385.0,910.0,210.0,7.0,214.0,224.0,1457.0,229.0,93,2021.3118279569892,187982.0
