PLAYER_ID,PLAYER_NAME,avg(FGM),avg(FGA),avg(FG3M),avg(FG3A),avg(FTM),avg(FTA),avg(OREB),avg(DREB),avg(REB),avg(AST),avg(STL),avg(BLK),avg(TO),avg(PF),avg(PTS),avg(PLUS_MINUS),sum(FGM),sum(FGA),sum(FG3M),sum(FG3A),sum(FTM),sum(FTA),sum(OREB),sum(DREB),sum(REB),sum(AST),sum(STL),sum(BLK),sum(TO),sum(PF),sum(PTS),sum(PLUS_MINUS),sum(ifminute),avg(seconds),sum(seconds)
2584,Willie Green,3.3736263736263736,7.758241758241758,0.6703296703296703,1.956043956043956,1.0,1.2857142857142858,0.27472527472527475,1.7142857142857142,1.989010989010989,1.021978021978022,0.42857142857142855,0.14285714285714285,0.8571428571428571,1.945054945054945,8.417582417582418,-0.9156626506024096,307.0,706.0,61.0,178.0,91.0,117.0,25.0,156.0,181.0,93.0,39.0,13.0,78.0,177.0,766.0,-76.0,91,1160.3846153846155,105595.0
201154,Al Thornton,2.8552631578947367,6.026315789473684,0.05263157894736842,0.3684210526315789,1.5921052631578947,2.039473684210526,0.8421052631578947,2.1578947368421053,3.0,0.8947368421052632,0.4868421052631579,0.23684210526315788,0.8947368421052632,1.9342105263157894,7.355263157894737,-2.0422535211267605,217.0,458.0,4.0,28.0,121.0,155.0,64.0,164.0,228.0,68.0,37.0,18.0,68.0,147.0,559.0,-145.0,76,1093.6052631578948,83114.0
