PLAYER_ID,PLAYER_NAME,avg(FGM),avg(FGA),avg(FG3M),avg(FG3A),avg(FTM),avg(FTA),avg(OREB),avg(DREB),avg(REB),avg(AST),avg(STL),avg(BLK),avg(TO),avg(PF),avg(PTS),avg(PLUS_MINUS),sum(FGM),sum(FGA),sum(FG3M),sum(FG3A),sum(FTM),sum(FTA),sum(OREB),sum(DREB),sum(REB),sum(AST),sum(STL),sum(BLK),sum(TO),sum(PF),sum(PTS),sum(PLUS_MINUS),sum(ifminute),avg(seconds),sum(seconds)
201961,Wayne Ellington,2.6714285714285713,6.571428571428571,0.7857142857142857,1.9428571428571428,0.8571428571428571,1.1142857142857143,0.4142857142857143,1.3857142857142857,1.8,1.2428571428571429,0.4714285714285714,0.07142857142857142,0.8285714285714286,1.3428571428571427,6.985714285714286,-3.274193548387097,187.0,460.0,55.0,136.0,60.0,78.0,29.0,97.0,126.0,87.0,33.0,5.0,58.0,94.0,489.0,-203.0,70,1014.9428571428572,71046.0
2590,Mo Williams,4.983050847457627,12.525423728813559,1.3728813559322033,4.220338983050848,2.610169491525424,3.0508474576271185,0.3559322033898305,2.2711864406779663,2.6271186440677967,6.559322033898305,0.8983050847457628,0.1694915254237288,2.9491525423728815,2.559322033898305,13.94915254237288,-5.724137931034483,294.0,739.0,81.0,249.0,154.0,180.0,21.0,134.0,155.0,387.0,53.0,10.0,174.0,151.0,823.0,-332.0,59,1819.322033898305,107340.0
200760,Rodney Carney,1.7666666666666666,4.1,0.6333333333333333,1.5,0.6666666666666666,1.0,0.4666666666666667,1.2666666666666666,1.7333333333333334,0.36666666666666664,0.43333333333333335,0.16666666666666666,0.6333333333333333,1.2,4.833333333333333,-3.074074074074074,53.0,123.0,19.0,45.0,20.0,30.0,14.0,38.0,52.0,11.0,13.0,5.0,19.0,36.0,145.0,-83.0,30,671.9666666666667,20159.0
