PLAYER_ID,PLAYER_NAME,avg(FGM),avg(FGA),avg(FG3M),avg(FG3A),avg(FTM),avg(FTA),avg(OREB),avg(DREB),avg(REB),avg(AST),avg(STL),avg(BLK),avg(TO),avg(PF),avg(PTS),avg(PLUS_MINUS),sum(FGM),sum(FGA),sum(FG3M),sum(FG3A),sum(FTM),sum(FTA),sum(OREB),sum(DREB),sum(REB),sum(AST),sum(STL),sum(BLK),sum(TO),sum(PF),sum(PTS),sum(PLUS_MINUS),sum(ifminute),avg(seconds),sum(seconds)
201600,Omer Asik,0.9333333333333333,1.723809523809524,0.0,0.0,0.8571428571428571,1.7428571428571429,1.4095238095238096,2.323809523809524,3.7333333333333334,0.3619047619047619,0.2761904761904762,0.6952380952380952,0.7714285714285715,1.9238095238095239,2.723809523809524,2.422680412371134,98.0,181.0,0.0,0.0,90.0,183.0,148.0,244.0,392.0,38.0,29.0,73.0,81.0,202.0,286.0,235.0,105,651.495238095238,68407.0
201974,Derrick Brown,1.894736842105263,3.3157894736842106,0.10526315789473684,0.21052631578947367,0.9649122807017544,1.543859649122807,0.9122807017543859,1.4385964912280702,2.3508771929824563,0.7719298245614035,0.45614035087719296,0.19298245614035087,0.7368421052631579,1.2456140350877194,4.859649122807017,-0.8775510204081632,108.0,189.0,6.0,12.0,55.0,88.0,52.0,82.0,134.0,44.0,26.0,11.0,42.0,71.0,277.0,-43.0,57,608.719298245614,34697.0
202389,Timofey Mozgov,1.5769230769230769,3.3076923076923075,0.0,0.0,0.9807692307692307,1.4038461538461537,0.9615384615384616,1.8653846153846154,2.826923076923077,0.4230769230769231,0.4230769230769231,0.6346153846153846,0.8846153846153846,2.1346153846153846,4.134615384615385,-0.9333333333333333,82.0,172.0,0.0,0.0,51.0,73.0,50.0,97.0,147.0,22.0,22.0,33.0,46.0,111.0,215.0,-42.0,52,607.5576923076923,31593.0
