PLAYER_ID,PLAYER_NAME,avg(FGM),avg(FGA),avg(FG3M),avg(FG3A),avg(FTM),avg(FTA),avg(OREB),avg(DREB),avg(REB),avg(AST),avg(STL),avg(BLK),avg(TO),avg(PF),avg(PTS),avg(PLUS_MINUS),sum(FGM),sum(FGA),sum(FG3M),sum(FG3A),sum(FTM),sum(FTA),sum(OREB),sum(DREB),sum(REB),sum(AST),sum(STL),sum(BLK),sum(TO),sum(PF),sum(PTS),sum(PLUS_MINUS),sum(ifminute),avg(seconds),sum(seconds)
201941,Jordan Hill,2.425,4.8875,0.0,0.0375,0.8875,1.325,1.7375,2.425,4.1625,0.4375,0.225,0.725,0.95,2.2,5.7375,-2.125,194.0,391.0,0.0,3.0,71.0,106.0,139.0,194.0,333.0,35.0,18.0,58.0,76.0,176.0,459.0,-153.0,80,845.175,67614.0
202324,Derrick Favors,2.7176470588235295,5.3882352941176475,0.0,0.0,1.3529411764705883,2.3058823529411763,2.1058823529411765,3.1176470588235294,5.223529411764706,0.47058823529411764,0.4,0.8588235294117647,1.035294117647059,3.1882352941176473,6.788235294117647,-3.0,231.0,458.0,0.0,0.0,115.0,196.0,179.0,265.0,444.0,40.0,34.0,73.0,88.0,271.0,577.0,-234.0,85,1085.6588235294118,92281.0
1112,Ben Wallace,1.2950819672131149,2.7540983606557377,0.01639344262295082,0.03278688524590164,0.3442622950819672,1.0491803278688525,2.3114754098360657,4.147540983606557,6.459016393442623,1.3278688524590163,1.0163934426229508,0.9180327868852459,0.8360655737704918,1.4918032786885247,2.9508196721311477,-3.1666666666666665,79.0,168.0,1.0,2.0,21.0,64.0,141.0,253.0,394.0,81.0,62.0,56.0,51.0,91.0,180.0,-171.0,61,1220.1639344262296,74430.0
202344,Trevor Booker,2.0422535211267605,3.9014084507042255,0.0,0.028169014084507043,1.0422535211267605,1.5633802816901408,1.5352112676056338,2.408450704225352,3.943661971830986,0.5492957746478874,0.49295774647887325,0.6338028169014085,0.647887323943662,1.8732394366197183,5.126760563380282,-2.6615384615384614,145.0,277.0,0.0,2.0,74.0,111.0,109.0,171.0,280.0,39.0,35.0,45.0,46.0,133.0,364.0,-173.0,71,899.6760563380282,63877.0
