PLAYER_ID,PLAYER_NAME,avg(FGM),avg(FGA),avg(FG3M),avg(FG3A),avg(FTM),avg(FTA),avg(OREB),avg(DREB),avg(REB),avg(AST),avg(STL),avg(BLK),avg(TO),avg(PF),avg(PTS),avg(PLUS_MINUS),sum(FGM),sum(FGA),sum(FG3M),sum(FG3A),sum(FTM),sum(FTA),sum(OREB),sum(DREB),sum(REB),sum(AST),sum(STL),sum(BLK),sum(TO),sum(PF),sum(PTS),sum(PLUS_MINUS),sum(ifminute),avg(seconds),sum(seconds)
2405,Amar'e Stoudemire,9.25287356321839,18.54022988505747,0.12643678160919541,0.3103448275862069,6.091954022988506,7.712643678160919,2.5057471264367814,5.482758620689655,7.988505747126437,2.4827586206896552,0.8735632183908046,1.839080459770115,3.2413793103448274,3.413793103448276,24.724137931034484,0.012195121951219513,805.0,1613.0,11.0,27.0,530.0,671.0,218.0,477.0,695.0,216.0,76.0,160.0,282.0,297.0,2151.0,1.0,87,2072.9540229885056,180347.0
2748,Dorell Wright,5.752808988764045,13.707865168539326,2.269662921348315,6.089887640449438,2.191011235955056,2.730337078651685,1.0674157303370786,4.101123595505618,5.168539325842697,3.0,1.4606741573033708,0.7752808988764045,1.6853932584269662,2.033707865168539,15.96629213483146,-1.6097560975609757,512.0,1220.0,202.0,542.0,195.0,243.0,95.0,365.0,460.0,267.0,130.0,69.0,150.0,181.0,1421.0,-132.0,89,2123.820224719101,189020.0
2755,Kevin Martin,6.704545454545454,15.25,2.1704545454545454,5.534090909090909,7.2272727272727275,8.136363636363637,0.3409090909090909,2.8295454545454546,3.1704545454545454,2.352272727272727,0.9886363636363636,0.17045454545454544,2.1818181818181817,1.8409090909090908,22.806818181818183,2.0375,590.0,1342.0,191.0,487.0,636.0,716.0,30.0,249.0,279.0,207.0,87.0,15.0,192.0,162.0,2007.0,163.0,88,1776.465909090909,156329.0
