PLAYER_ID,PLAYER_NAME,avg(FGM),avg(FGA),avg(FG3M),avg(FG3A),avg(FTM),avg(FTA),avg(OREB),avg(DREB),avg(REB),avg(AST),avg(STL),avg(BLK),avg(TO),avg(PF),avg(PTS),avg(PLUS_MINUS),sum(FGM),sum(FGA),sum(FG3M),sum(FG3A),sum(FTM),sum(FTA),sum(OREB),sum(DREB),sum(REB),sum(AST),sum(STL),sum(BLK),sum(TO),sum(PF),sum(PTS),sum(PLUS_MINUS),sum(ifminute),avg(seconds),sum(seconds)
1710,Mike Bibby,3.366336633663366,7.673267326732673,1.6237623762376239,3.8514851485148514,0.6732673267326733,0.900990099009901,0.22772277227722773,1.9207920792079207,2.1485148514851486,3.5247524752475248,0.6534653465346535,0.039603960396039604,1.1683168316831682,2.1683168316831685,9.029702970297029,2.136842105263158,340.0,775.0,164.0,389.0,68.0,91.0,23.0,194.0,217.0,356.0,66.0,4.0,118.0,219.0,912.0,203.0,101,1577.2277227722773,159300.0
436,Juwan Howard,2.2439024390243905,4.573170731707317,0.0,0.012195121951219513,0.6829268292682927,0.8536585365853658,1.3048780487804879,2.6951219512195124,4.0,0.7439024390243902,0.36585365853658536,0.0975609756097561,0.8536585365853658,2.292682926829268,5.170731707317073,-0.8333333333333334,184.0,375.0,0.0,1.0,56.0,70.0,107.0,221.0,328.0,61.0,30.0,8.0,70.0,188.0,424.0,-65.0,82,1157.5243902439024,94917.0
202391,Jeremy Lin,0.6521739130434783,1.9565217391304348,0.0,0.08695652173913043,0.8695652173913043,1.1304347826086956,0.34782608695652173,0.6086956521739131,0.9565217391304348,1.0434782608695652,1.0434782608695652,0.30434782608695654,0.6956521739130435,0.782608695652174,2.1739130434782608,-0.5294117647058824,15.0,45.0,0.0,2.0,20.0,26.0,8.0,14.0,22.0,24.0,24.0,7.0,16.0,18.0,50.0,-9.0,23,381.2608695652174,8769.0
