PLAYER_ID,PLAYER_NAME,avg(FGM),avg(FGA),avg(FG3M),avg(FG3A),avg(FTM),avg(FTA),avg(OREB),avg(DREB),avg(REB),avg(AST),avg(STL),avg(BLK),avg(TO),avg(PF),avg(PTS),avg(PLUS_MINUS),sum(FGM),sum(FGA),sum(FG3M),sum(FG3A),sum(FTM),sum(FTA),sum(OREB),sum(DREB),sum(REB),sum(AST),sum(STL),sum(BLK),sum(TO),sum(PF),sum(PTS),sum(PLUS_MINUS),sum(ifminute),avg(seconds),sum(seconds)
2403,Nene,4.920454545454546,8.181818181818182,0.011363636363636364,0.03409090909090909,3.977272727272727,5.556818181818182,1.8068181818181819,5.090909090909091,6.8977272727272725,2.3181818181818183,1.1590909090909092,0.8409090909090909,1.5909090909090908,3.272727272727273,13.829545454545455,3.2804878048780486,433.0,720.0,1.0,3.0,350.0,489.0,159.0,448.0,607.0,204.0,102.0,74.0,140.0,288.0,1217.0,269.0,88,1830.625,161095.0
201186,Stephane Lasme,1.5714285714285714,2.4285714285714284,0.0,0.0,1.0,1.2857142857142858,0.8571428571428571,1.7142857142857142,2.5714285714285716,0.5714285714285714,0.0,0.42857142857142855,1.4285714285714286,2.4285714285714284,4.142857142857143,"",11.0,17.0,0.0,0.0,7.0,9.0,6.0,12.0,18.0,4.0,0.0,3.0,10.0,17.0,29.0,"",7,12.571428571428571,88.0
202068,Marcus Landry,1.0833333333333333,2.75,0.6666666666666666,2.0833333333333335,0.4166666666666667,0.5833333333333334,0.3333333333333333,1.1666666666666667,1.5,0.08333333333333333,0.08333333333333333,0.08333333333333333,0.4166666666666667,1.1666666666666667,3.25,-3.4,13.0,33.0,8.0,25.0,5.0,7.0,4.0,14.0,18.0,1.0,1.0,1.0,5.0,14.0,39.0,-34.0,12,306.9166666666667,3683.0
