PLAYER_ID,PLAYER_NAME,avg(FGM),avg(FGA),avg(FG3M),avg(FG3A),avg(FTM),avg(FTA),avg(OREB),avg(DREB),avg(REB),avg(AST),avg(STL),avg(BLK),avg(TO),avg(PF),avg(PTS),avg(PLUS_MINUS),sum(FGM),sum(FGA),sum(FG3M),sum(FG3A),sum(FTM),sum(FTA),sum(OREB),sum(DREB),sum(REB),sum(AST),sum(STL),sum(BLK),sum(TO),sum(PF),sum(PTS),sum(PLUS_MINUS),sum(ifminute),avg(seconds),sum(seconds)
202330,Gordon Hayward,2.0,4.3,0.45,1.0375,1.2125,1.575,0.6,1.4125,2.0125,1.175,0.475,0.25,1.025,1.6,5.6625,-2.7083333333333335,160.0,344.0,36.0,83.0,97.0,126.0,48.0,113.0,161.0,94.0,38.0,20.0,82.0,128.0,453.0,-195.0,80,915.525,73242.0
101161,Amir Johnson,3.875,6.7875,0.0,0.0125,1.775,2.3375,2.65,3.6375,6.2875,1.075,0.7375,1.1875,0.9875,3.675,9.525,-1.75,310.0,543.0,0.0,1.0,142.0,187.0,212.0,291.0,503.0,86.0,59.0,95.0,79.0,294.0,762.0,-126.0,80,1391.4125,111313.0
2038,Joel Przybilla,0.6944444444444444,1.2222222222222223,0.0,0.0,0.3888888888888889,0.75,1.0277777777777777,3.0,4.027777777777778,0.3611111111111111,0.1388888888888889,0.4166666666666667,0.8055555555555556,2.1944444444444446,1.7777777777777777,-2.0555555555555554,25.0,44.0,0.0,0.0,14.0,27.0,37.0,108.0,145.0,13.0,5.0,15.0,29.0,79.0,64.0,-74.0,36,866.3055555555555,31187.0
