PLAYER_ID,PLAYER_NAME,avg(FGM),avg(FGA),avg(FG3M),avg(FG3A),avg(FTM),avg(FTA),avg(OREB),avg(DREB),avg(REB),avg(AST),avg(STL),avg(BLK),avg(TO),avg(PF),avg(PTS),avg(PLUS_MINUS),sum(FGM),sum(FGA),sum(FG3M),sum(FG3A),sum(FTM),sum(FTA),sum(OREB),sum(DREB),sum(REB),sum(AST),sum(STL),sum(BLK),sum(TO),sum(PF),sum(PTS),sum(PLUS_MINUS),sum(ifminute),avg(seconds),sum(seconds)
101135,David Lee,7.691358024691358,15.160493827160494,0.0,0.06172839506172839,3.345679012345679,4.135802469135802,3.1604938271604937,8.197530864197532,11.358024691358025,3.7037037037037037,1.0246913580246915,0.4691358024691358,2.4074074074074074,2.876543209876543,18.728395061728396,-3.6301369863013697,623.0,1228.0,0.0,5.0,271.0,335.0,256.0,664.0,920.0,300.0,83.0,38.0,195.0,233.0,1517.0,-265.0,81,2039.9753086419753,165238.0
686,Antonio McDyess,2.5604395604395602,5.384615384615385,0.0,0.01098901098901099,0.43956043956043955,0.5824175824175825,1.7582417582417582,3.9450549450549453,5.7032967032967035,1.10989010989011,0.4175824175824176,0.5164835164835165,0.9560439560439561,1.9120879120879122,5.56043956043956,2.1494252873563218,233.0,490.0,0.0,1.0,40.0,53.0,160.0,359.0,519.0,101.0,38.0,47.0,87.0,174.0,506.0,187.0,91,1152.3076923076924,104860.0
201587,Nicolas Batum,3.817073170731707,7.963414634146342,1.3658536585365855,3.6707317073170733,1.0609756097560976,1.353658536585366,1.1585365853658536,2.817073170731707,3.975609756097561,1.2804878048780488,0.7560975609756098,0.5365853658536586,0.9512195121951219,2.426829268292683,10.060975609756097,1.0,313.0,653.0,112.0,301.0,87.0,111.0,95.0,231.0,326.0,105.0,62.0,44.0,78.0,199.0,825.0,75.0,82,1426.0121951219512,116933.0
201043,Randolph Morris,0.5882352941176471,1.0,0.0,0.0,0.4117647058823529,0.7058823529411765,0.29411764705882354,0.8823529411764706,1.1764705882352942,0.11764705882352941,0.17647058823529413,0.0,0.4117647058823529,0.8823529411764706,1.588235294117647,0.11764705882352941,10.0,17.0,0.0,0.0,7.0,12.0,5.0,15.0,20.0,2.0,3.0,0.0,7.0,15.0,27.0,2.0,17,215.8235294117647,3669.0
