PLAYER_ID,PLAYER_NAME,avg(FGM),avg(FGA),avg(FG3M),avg(FG3A),avg(FTM),avg(FTA),avg(OREB),avg(DREB),avg(REB),avg(AST),avg(STL),avg(BLK),avg(TO),avg(PF),avg(PTS),avg(PLUS_MINUS),sum(FGM),sum(FGA),sum(FG3M),sum(FG3A),sum(FTM),sum(FTA),sum(OREB),sum(DREB),sum(REB),sum(AST),sum(STL),sum(BLK),sum(TO),sum(PF),sum(PTS),sum(PLUS_MINUS),sum(ifminute),avg(seconds),sum(seconds)
101108,Chris Paul,5.650793650793651,11.968253968253968,0.9682539682539683,2.4603174603174605,3.6984126984126986,4.2063492063492065,0.49206349206349204,3.5396825396825395,4.031746031746032,10.0,2.4603174603174605,0.07936507936507936,2.4603174603174605,2.5714285714285716,15.968253968253968,2.2142857142857144,356.0,754.0,61.0,155.0,233.0,265.0,31.0,223.0,254.0,630.0,155.0,5.0,155.0,162.0,1006.0,124.0,63,1954.3492063492063,123124.0
101132,Linas Kleiza,4.972972972972973,10.54054054054054,1.1081081081081081,3.2432432432432434,1.2432432432432432,1.7567567567567568,0.972972972972973,3.5945945945945947,4.5675675675675675,1.2162162162162162,0.5405405405405406,0.13513513513513514,1.9189189189189189,2.6216216216216215,12.297297297297296,-0.1,184.0,390.0,41.0,120.0,46.0,65.0,36.0,133.0,169.0,45.0,20.0,5.0,71.0,97.0,455.0,-3.0,37,1263.054054054054,46733.0
201191,JamesOn Curry,0.0,0.0,0.0,0.0,0.0,0.0,0.0,0.0,0.0,0.0,0.0,0.0,0.0,0.0,0.0,0.0,0.0,0.0,0.0,0.0,0.0,0.0,0.0,0.0,0.0,0.0,0.0,0.0,0.0,0.0,0.0,0.0,1,4.0,4.0
