PLAYER_ID,PLAYER_NAME,avg(FGM),avg(FGA),avg(FG3M),avg(FG3A),avg(FTM),avg(FTA),avg(OREB),avg(DREB),avg(REB),avg(AST),avg(STL),avg(BLK),avg(TO),avg(PF),avg(PTS),avg(PLUS_MINUS),sum(FGM),sum(FGA),sum(FG3M),sum(FG3A),sum(FTM),sum(FTA),sum(OREB),sum(DREB),sum(REB),sum(AST),sum(STL),sum(BLK),sum(TO),sum(PF),sum(PTS),sum(PLUS_MINUS),sum(ifminute),avg(seconds),sum(seconds)
406,Shaquille O'Neal,4.682539682539683,7.587301587301587,0.0,0.0,2.492063492063492,4.396825396825397,1.6349206349206349,4.142857142857143,5.777777777777778,1.1587301587301588,0.3333333333333333,1.0,1.9365079365079365,3.3968253968253967,11.857142857142858,3.3275862068965516,295.0,478.0,0.0,0.0,157.0,277.0,103.0,261.0,364.0,73.0,21.0,63.0,122.0,214.0,747.0,193.0,63,1243.3333333333333,78330.0
