PLAYER_ID,PLAYER_NAME,avg(FGM),avg(FGA),avg(FG3M),avg(FG3A),avg(FTM),avg(FTA),avg(OREB),avg(DREB),avg(REB),avg(AST),avg(STL),avg(BLK),avg(TO),avg(PF),avg(PTS),avg(PLUS_MINUS),sum(FGM),sum(FGA),sum(FG3M),sum(FG3A),sum(FTM),sum(FTA),sum(OREB),sum(DREB),sum(REB),sum(AST),sum(STL),sum(BLK),sum(TO),sum(PF),sum(PTS),sum(PLUS_MINUS),sum(ifminute),avg(seconds),sum(seconds)
201599,DeAndre Jordan,2.847058823529412,4.176470588235294,0.0,0.011764705882352941,1.188235294117647,2.6588235294117646,2.5058823529411764,4.470588235294118,6.976470588235294,0.5294117647058824,0.49411764705882355,1.7058823529411764,1.2705882352941176,3.164705882352941,6.882352941176471,-1.25,242.0,355.0,0.0,1.0,101.0,226.0,213.0,380.0,593.0,45.0,42.0,145.0,108.0,269.0,585.0,-100.0,85,1445.6941176470589,122884.0
202423,Chris Kramer,1.75,4.5,0.25,1.5,2.0,2.25,0.0,3.5,3.5,1.0,0.75,0.75,1.25,2.25,5.75,"",7.0,18.0,1.0,6.0,8.0,9.0,0.0,14.0,14.0,4.0,3.0,3.0,5.0,9.0,23.0,"",4,23.25,93.0
