PLAYER_ID,PLAYER_NAME,avg(FGM),avg(FGA),avg(FG3M),avg(FG3A),avg(FTM),avg(FTA),avg(OREB),avg(DREB),avg(REB),avg(AST),avg(STL),avg(BLK),avg(TO),avg(PF),avg(PTS),avg(PLUS_MINUS),sum(FGM),sum(FGA),sum(FG3M),sum(FG3A),sum(FTM),sum(FTA),sum(OREB),sum(DREB),sum(REB),sum(AST),sum(STL),sum(BLK),sum(TO),sum(PF),sum(PTS),sum(PLUS_MINUS),sum(ifminute),avg(seconds),sum(seconds)
202340,Avery Bradley,0.7352941176470589,2.176470588235294,0.0,0.14705882352941177,0.17647058823529413,0.35294117647058826,0.11764705882352941,0.47058823529411764,0.5882352941176471,0.38235294117647056,0.2647058823529412,0.0,0.5588235294117647,0.6176470588235294,1.6470588235294117,-1.8064516129032258,25.0,74.0,0.0,5.0,6.0,12.0,4.0,16.0,20.0,13.0,9.0,0.0,19.0,21.0,56.0,-56.0,34,287.1764705882353,9764.0
