PLAYER_ID,PLAYER_NAME,avg(FGM),avg(FGA),avg(FG3M),avg(FG3A),avg(FTM),avg(FTA),avg(OREB),avg(DREB),avg(REB),avg(AST),avg(STL),avg(BLK),avg(TO),avg(PF),avg(PTS),avg(PLUS_MINUS),sum(FGM),sum(FGA),sum(FG3M),sum(FG3A),sum(FTM),sum(FTA),sum(OREB),sum(DREB),sum(REB),sum(AST),sum(STL),sum(BLK),sum(TO),sum(PF),sum(PTS),sum(PLUS_MINUS),sum(ifminute),avg(seconds),sum(seconds)
202377,Pape Sy,0.5714285714285714,1.2857142857142858,0.0,0.14285714285714285,0.7142857142857143,1.0,0.42857142857142855,0.14285714285714285,0.5714285714285714,0.7142857142857143,0.2857142857142857,0.0,0.5714285714285714,0.2857142857142857,1.8571428571428572,-0.14285714285714285,4.0,9.0,0.0,1.0,5.0,7.0,3.0,1.0,4.0,5.0,2.0,0.0,4.0,2.0,13.0,-1.0,7,274.0,1918.0
202347,Quincy Pondexter,1.1842105263157894,2.960526315789474,0.27631578947368424,0.8421052631578947,0.40789473684210525,0.5921052631578947,0.3157894736842105,0.9736842105263158,1.2894736842105263,0.42105263157894735,0.2631578947368421,0.13157894736842105,0.25,1.0526315789473684,3.0526315789473686,-0.9710144927536232,90.0,225.0,21.0,64.0,31.0,45.0,24.0,74.0,98.0,32.0,20.0,10.0,19.0,80.0,232.0,-67.0,76,587.5263157894736,44652.0
1922,Francisco Elson,0.890625,1.890625,0.0,0.0,0.40625,0.515625,0.609375,1.3125,1.921875,0.546875,0.34375,0.234375,0.515625,1.390625,2.1875,-0.9516129032258065,57.0,121.0,0.0,0.0,26.0,33.0,39.0,84.0,123.0,35.0,22.0,15.0,33.0,89.0,140.0,-59.0,64,572.203125,36621.0
2431,David Andersen,1.574468085106383,3.4468085106382977,0.2765957446808511,0.723404255319149,0.46808510638297873,0.6808510638297872,0.5531914893617021,1.851063829787234,2.404255319148936,0.40425531914893614,0.23404255319148937,0.23404255319148937,0.5957446808510638,1.1914893617021276,3.893617021276596,0.5,74.0,162.0,13.0,34.0,22.0,32.0,26.0,87.0,113.0,19.0,11.0,11.0,28.0,56.0,183.0,20.0,47,478.3404255319149,22482.0
