PLAYER_ID,PLAYER_NAME,avg(FGM),avg(FGA),avg(FG3M),avg(FG3A),avg(FTM),avg(FTA),avg(OREB),avg(DREB),avg(REB),avg(AST),avg(STL),avg(BLK),avg(TO),avg(PF),avg(PTS),avg(PLUS_MINUS),sum(FGM),sum(FGA),sum(FG3M),sum(FG3A),sum(FTM),sum(FTA),sum(OREB),sum(DREB),sum(REB),sum(AST),sum(STL),sum(BLK),sum(TO),sum(PF),sum(PTS),sum(PLUS_MINUS),sum(ifminute),avg(seconds),sum(seconds)
2570,Kendrick Perkins,2.0869565217391304,4.217391304347826,0.0,0.0,1.2826086956521738,2.282608695652174,2.152173913043478,5.130434782608695,7.282608695652174,0.8478260869565217,0.2826086956521739,0.8478260869565217,1.8043478260869565,3.217391304347826,5.456521739130435,1.3695652173913044,96.0,194.0,0.0,0.0,59.0,105.0,99.0,236.0,335.0,39.0,13.0,39.0,83.0,148.0,251.0,63.0,46,1592.195652173913,73241.0
201604,Chris Douglas-Roberts,3.0,6.903846153846154,0.28846153846153844,0.9615384615384616,1.8076923076923077,2.2115384615384617,0.25,1.8846153846153846,2.1346153846153846,1.2115384615384615,0.7115384615384616,0.3269230769230769,1.0,1.8461538461538463,8.096153846153847,-0.5227272727272727,156.0,359.0,15.0,50.0,94.0,115.0,13.0,98.0,111.0,63.0,37.0,17.0,52.0,96.0,421.0,-23.0,52,1025.076923076923,53304.0
