PLAYER_ID,PLAYER_NAME,avg(FGM),avg(FGA),avg(FG3M),avg(FG3A),avg(FTM),avg(FTA),avg(OREB),avg(DREB),avg(REB),avg(AST),avg(STL),avg(BLK),avg(TO),avg(PF),avg(PTS),avg(PLUS_MINUS),sum(FGM),sum(FGA),sum(FG3M),sum(FG3A),sum(FTM),sum(FTA),sum(OREB),sum(DREB),sum(REB),sum(AST),sum(STL),sum(BLK),sum(TO),sum(PF),sum(PTS),sum(PLUS_MINUS),sum(ifminute),avg(seconds),sum(seconds)
201962,Toney Douglas,3.5072463768115942,8.434782608695652,1.5507246376811594,4.246376811594203,1.4492753623188406,1.7391304347826086,0.7391304347826086,1.9710144927536233,2.710144927536232,2.550724637681159,1.2028985507246377,0.07246376811594203,1.1014492753623188,2.449275362318841,10.014492753623188,-1.0317460317460319,242.0,582.0,107.0,293.0,100.0,120.0,51.0,136.0,187.0,176.0,83.0,5.0,76.0,169.0,691.0,-65.0,69,1287.159420289855,88814.0
202358,Terrico White,0.0,1.0,0.0,1.0,0.0,0.0,0.0,0.0,0.0,1.0,0.0,0.0,2.0,1.0,0.0,"",0.0,1.0,0.0,1.0,0.0,0.0,0.0,0.0,0.0,1.0,0.0,0.0,2.0,1.0,0.0,"",1,4.0,4.0
