PLAYER_ID,PLAYER_NAME,avg(FGM),avg(FGA),avg(FG3M),avg(FG3A),avg(FTM),avg(FTA),avg(OREB),avg(DREB),avg(REB),avg(AST),avg(STL),avg(BLK),avg(TO),avg(PF),avg(PTS),avg(PLUS_MINUS),sum(FGM),sum(FGA),sum(FG3M),sum(FG3A),sum(FTM),sum(FTA),sum(OREB),sum(DREB),sum(REB),sum(AST),sum(STL),sum(BLK),sum(TO),sum(PF),sum(PTS),sum(PLUS_MINUS),sum(ifminute),avg(seconds),sum(seconds)
202327,Ekpe Udoh,0.6666666666666666,1.5555555555555556,0.0,0.0,0.7777777777777778,0.8888888888888888,0.8888888888888888,1.4444444444444444,2.3333333333333335,1.0,0.2222222222222222,1.2222222222222223,0.8888888888888888,1.3333333333333333,2.111111111111111,-1.4444444444444444,6.0,14.0,0.0,0.0,7.0,8.0,8.0,13.0,21.0,9.0,2.0,11.0,8.0,12.0,19.0,-13.0,9,727.1111111111111,6544.0
