PLAYER_ID,PLAYER_NAME,avg(FGM),avg(FGA),avg(FG3M),avg(FG3A),avg(FTM),avg(FTA),avg(OREB),avg(DREB),avg(REB),avg(AST),avg(STL),avg(BLK),avg(TO),avg(PF),avg(PTS),avg(PLUS_MINUS),sum(FGM),sum(FGA),sum(FG3M),sum(FG3A),sum(FTM),sum(FTA),sum(OREB),sum(DREB),sum(REB),sum(AST),sum(STL),sum(BLK),sum(TO),sum(PF),sum(PTS),sum(PLUS_MINUS),sum(ifminute),avg(seconds),sum(seconds)
101126,Nate Robinson,3.16,7.45,1.34,3.52,1.09,1.43,0.4,1.43,1.83,2.47,0.67,0.07,1.15,1.92,8.75,0.3695652173913043,316.0,745.0,134.0,352.0,109.0,143.0,40.0,143.0,183.0,247.0,67.0,7.0,115.0,192.0,875.0,34.0,100,977.15,97715.0
201591,DJ White,1.7,3.6333333333333333,0.0,0.0,0.5666666666666667,0.9,0.9333333333333333,1.8,2.7333333333333334,0.16666666666666666,0.36666666666666664,0.43333333333333335,0.26666666666666666,1.3666666666666667,3.966666666666667,1.8333333333333333,51.0,109.0,0.0,0.0,17.0,27.0,28.0,54.0,82.0,5.0,11.0,13.0,8.0,41.0,119.0,44.0,30,455.5,13665.0
200984,Lance Allred,0.0,0.0,0.0,0.0,0.0,0.0,0.0,0.0,0.0,0.0,0.0,0.0,0.0,1.0,0.0,"",0.0,0.0,0.0,0.0,0.0,0.0,0.0,0.0,0.0,0.0,0.0,0.0,0.0,1.0,0.0,"",1,2.0,2.0
