PLAYER_ID,PLAYER_NAME,avg(FGM),avg(FGA),avg(FG3M),avg(FG3A),avg(FTM),avg(FTA),avg(OREB),avg(DREB),avg(REB),avg(AST),avg(STL),avg(BLK),avg(TO),avg(PF),avg(PTS),avg(PLUS_MINUS),sum(FGM),sum(FGA),sum(FG3M),sum(FG3A),sum(FTM),sum(FTA),sum(OREB),sum(DREB),sum(REB),sum(AST),sum(STL),sum(BLK),sum(TO),sum(PF),sum(PTS),sum(PLUS_MINUS),sum(ifminute),avg(seconds),sum(seconds)
951,Ray Allen,5.72972972972973,11.972972972972974,1.972972972972973,5.072072072072072,2.7477477477477477,3.063063063063063,0.5315315315315315,2.774774774774775,3.3063063063063063,2.675675675675676,0.8468468468468469,0.2072072072072072,1.5405405405405406,2.2432432432432434,16.18018018018018,4.134615384615385,636.0,1329.0,219.0,563.0,305.0,340.0,59.0,308.0,367.0,297.0,94.0,23.0,171.0,249.0,1796.0,430.0,111,2035.7117117117118,225964.0
200780,Solomon Jones,1.359375,3.28125,0.0,0.0625,1.0625,1.53125,1.03125,1.640625,2.671875,0.609375,0.25,0.640625,0.828125,2.296875,3.78125,-1.7627118644067796,87.0,210.0,0.0,4.0,68.0,98.0,66.0,105.0,171.0,39.0,16.0,41.0,53.0,147.0,242.0,-104.0,64,727.09375,46534.0
200826,J.J. Barea,2.5274725274725274,6.241758241758242,0.38461538461538464,1.7472527472527473,1.054945054945055,1.3296703296703296,0.27472527472527475,1.5274725274725274,1.8021978021978022,3.230769230769231,0.4065934065934066,0.04395604395604396,1.3296703296703296,1.5384615384615385,6.4945054945054945,-1.3012048192771084,230.0,568.0,35.0,159.0,96.0,121.0,25.0,139.0,164.0,294.0,37.0,4.0,121.0,140.0,591.0,-108.0,91,955.8131868131868,86979.0
