PLAYER_ID,PLAYER_NAME,avg(FGM),avg(FGA),avg(FG3M),avg(FG3A),avg(FTM),avg(FTA),avg(OREB),avg(DREB),avg(REB),avg(AST),avg(STL),avg(BLK),avg(TO),avg(PF),avg(PTS),avg(PLUS_MINUS),sum(FGM),sum(FGA),sum(FG3M),sum(FG3A),sum(FTM),sum(FTA),sum(OREB),sum(DREB),sum(REB),sum(AST),sum(STL),sum(BLK),sum(TO),sum(PF),sum(PTS),sum(PLUS_MINUS),sum(ifminute),avg(seconds),sum(seconds)
2037,Jamal Crawford,4.793478260869565,11.565217391304348,1.565217391304348,4.576086956521739,3.010869565217391,3.5652173913043477,0.25,1.4130434782608696,1.6630434782608696,3.0760869565217392,0.7608695652173914,0.21739130434782608,1.8695652173913044,1.2934782608695652,14.16304347826087,-0.5568181818181818,441.0,1064.0,144.0,421.0,277.0,328.0,23.0,130.0,153.0,283.0,70.0,20.0,172.0,119.0,1303.0,-49.0,92,1732.7717391304348,159415.0
202178,Sundiata Gaines,1.7857142857142858,4.357142857142857,0.42857142857142855,1.6071428571428572,0.6785714285714286,1.4642857142857142,0.5357142857142857,0.9642857142857143,1.5,1.8214285714285714,0.7142857142857143,0.03571428571428571,1.0714285714285714,0.9285714285714286,4.678571428571429,-1.4583333333333333,50.0,122.0,12.0,45.0,19.0,41.0,15.0,27.0,42.0,51.0,20.0,1.0,30.0,26.0,131.0,-35.0,28,645.7857142857143,18082.0
