PLAYER_ID,PLAYER_NAME,avg(FGM),avg(FGA),avg(FG3M),avg(FG3A),avg(FTM),avg(FTA),avg(OREB),avg(DREB),avg(REB),avg(AST),avg(STL),avg(BLK),avg(TO),avg(PF),avg(PTS),avg(PLUS_MINUS),sum(FGM),sum(FGA),sum(FG3M),sum(FG3A),sum(FTM),sum(FTA),sum(OREB),sum(DREB),sum(REB),sum(AST),sum(STL),sum(BLK),sum(TO),sum(PF),sum(PTS),sum(PLUS_MINUS),sum(ifminute),avg(seconds),sum(seconds)
201145,Jeff Green,5.797752808988764,13.101123595505618,1.2808988764044944,3.898876404494382,2.651685393258427,3.4157303370786516,1.2696629213483146,4.415730337078652,5.685393258426966,1.651685393258427,1.2247191011235956,0.6404494382022472,1.4157303370786516,2.7752808988764044,15.52808988764045,1.8674698795180722,516.0,1166.0,114.0,347.0,236.0,304.0,113.0,393.0,506.0,147.0,109.0,57.0,126.0,247.0,1382.0,155.0,89,2125.078651685393,189132.0
1495,Tim Duncan,6.319587628865979,12.721649484536082,0.030927835051546393,0.10309278350515463,2.8350515463917527,4.288659793814433,2.711340206185567,6.907216494845361,9.618556701030927,3.0412371134020617,0.6288659793814433,1.5154639175257731,1.7731958762886597,1.9690721649484537,15.505154639175258,4.9021739130434785,613.0,1234.0,3.0,10.0,275.0,416.0,263.0,670.0,933.0,295.0,61.0,147.0,172.0,191.0,1504.0,451.0,97,1764.2268041237114,171130.0
201971,DeJuan Blair,3.36,6.56,0.0,0.03,1.09,1.86,2.58,3.91,6.49,0.89,0.89,0.38,1.25,2.67,7.81,1.2553191489361701,336.0,656.0,0.0,3.0,109.0,186.0,258.0,391.0,649.0,89.0,89.0,38.0,125.0,267.0,781.0,118.0,100,1043.72,104372.0
