PLAYER_ID,PLAYER_NAME,avg(FGM),avg(FGA),avg(FG3M),avg(FG3A),avg(FTM),avg(FTA),avg(OREB),avg(DREB),avg(REB),avg(AST),avg(STL),avg(BLK),avg(TO),avg(PF),avg(PTS),avg(PLUS_MINUS),sum(FGM),sum(FGA),sum(FG3M),sum(FG3A),sum(FTM),sum(FTA),sum(OREB),sum(DREB),sum(REB),sum(AST),sum(STL),sum(BLK),sum(TO),sum(PF),sum(PTS),sum(PLUS_MINUS),sum(ifminute),avg(seconds),sum(seconds)
2738,Andre Iguodala,4.948717948717949,11.14102564102564,0.8846153846153846,2.628205128205128,3.0128205128205128,4.294871794871795,0.9487179487179487,4.897435897435898,5.846153846153846,6.128205128205129,1.4102564102564104,0.5128205128205128,2.08974358974359,1.7435897435897436,13.794871794871796,2.0277777777777777,386.0,869.0,69.0,205.0,235.0,335.0,74.0,382.0,456.0,478.0,110.0,40.0,163.0,136.0,1076.0,146.0,78,2041.2564102564102,159218.0
2223,Samuel Dalembert,3.35,7.0875,0.0,0.025,1.35,1.85,2.65,5.5625,8.2125,0.8375,0.45,1.45,1.65,2.8125,8.05,-3.15,268.0,567.0,0.0,2.0,108.0,148.0,212.0,445.0,657.0,67.0,36.0,116.0,132.0,225.0,644.0,-252.0,80,1453.125,116250.0
1952,Raja Bell,2.736842105263158,6.697368421052632,1.0,2.75,1.2894736842105263,1.4473684210526316,0.40789473684210525,2.013157894736842,2.4210526315789473,1.6842105263157894,0.8026315789473685,0.18421052631578946,0.9473684210526315,2.3815789473684212,7.7631578947368425,-3.1323529411764706,208.0,509.0,76.0,209.0,98.0,110.0,31.0,153.0,184.0,128.0,61.0,14.0,72.0,181.0,590.0,-213.0,76,1657.7236842105262,125987.0
