PLAYER_ID,PLAYER_NAME,avg(FGM),avg(FGA),avg(FG3M),avg(FG3A),avg(FTM),avg(FTA),avg(OREB),avg(DREB),avg(REB),avg(AST),avg(STL),avg(BLK),avg(TO),avg(PF),avg(PTS),avg(PLUS_MINUS),sum(FGM),sum(FGA),sum(FG3M),sum(FG3A),sum(FTM),sum(FTA),sum(OREB),sum(DREB),sum(REB),sum(AST),sum(STL),sum(BLK),sum(TO),sum(PF),sum(PTS),sum(PLUS_MINUS),sum(ifminute),avg(seconds),sum(seconds)
200809,Chris Quinn,0.7872340425531915,2.0851063829787235,0.3404255319148936,1.0638297872340425,0.1702127659574468,0.1702127659574468,0.0425531914893617,0.574468085106383,0.6170212765957447,1.0638297872340425,0.23404255319148937,0.0425531914893617,0.2765957446808511,0.5106382978723404,2.0851063829787235,-0.8863636363636364,37.0,98.0,16.0,50.0,8.0,8.0,2.0,27.0,29.0,50.0,11.0,2.0,13.0,24.0,98.0,-39.0,47,448.8723404255319,21097.0
201144,Mike Conley,4.966292134831461,10.97752808988764,1.0112359550561798,2.651685393258427,2.1123595505617976,2.842696629213483,0.42696629213483145,2.303370786516854,2.730337078651685,5.98876404494382,1.6179775280898876,0.12359550561797752,2.404494382022472,2.269662921348315,13.0561797752809,1.6219512195121952,442.0,977.0,90.0,236.0,188.0,253.0,38.0,205.0,243.0,533.0,144.0,11.0,214.0,202.0,1162.0,133.0,89,1890.7078651685392,168273.0
1863,Earl Boykins,2.352112676056338,5.309859154929577,0.36619718309859156,0.8732394366197183,0.9014084507042254,1.0845070422535212,0.16901408450704225,0.676056338028169,0.8450704225352113,2.1690140845070425,0.38028169014084506,0.04225352112676056,1.0704225352112675,0.5774647887323944,5.971830985915493,-3.171875,167.0,377.0,26.0,62.0,64.0,77.0,12.0,48.0,60.0,154.0,27.0,3.0,76.0,41.0,424.0,-203.0,71,793.3380281690141,56327.0
2239,Trenton Hassell,0.84,2.6,0.0,0.08,0.84,1.2,0.76,1.28,2.04,0.8,0.28,0.08,0.88,1.32,2.52,-6.12,21.0,65.0,0.0,2.0,21.0,30.0,19.0,32.0,51.0,20.0,7.0,2.0,22.0,33.0,63.0,-153.0,25,906.84,22671.0
