PLAYER_ID,PLAYER_NAME,avg(FGM),avg(FGA),avg(FG3M),avg(FG3A),avg(FTM),avg(FTA),avg(OREB),avg(DREB),avg(REB),avg(AST),avg(STL),avg(BLK),avg(TO),avg(PF),avg(PTS),avg(PLUS_MINUS),sum(FGM),sum(FGA),sum(FG3M),sum(FG3A),sum(FTM),sum(FTA),sum(OREB),sum(DREB),sum(REB),sum(AST),sum(STL),sum(BLK),sum(TO),sum(PF),sum(PTS),sum(PLUS_MINUS),sum(ifminute),avg(seconds),sum(seconds)
202378,Willie Warren,0.7692307692307693,2.076923076923077,0.23076923076923078,0.6923076923076923,0.46153846153846156,0.46153846153846156,0.07692307692307693,0.5384615384615384,0.6153846153846154,1.4615384615384615,0.38461538461538464,0.0,0.46153846153846156,1.0769230769230769,2.230769230769231,1.6666666666666667,10.0,27.0,3.0,9.0,6.0,6.0,1.0,7.0,8.0,19.0,5.0,0.0,6.0,14.0,29.0,20.0,13,488.53846153846155,6351.0
