PLAYER_ID,PLAYER_NAME,avg(FGM),avg(FGA),avg(FG3M),avg(FG3A),avg(FTM),avg(FTA),avg(OREB),avg(DREB),avg(REB),avg(AST),avg(STL),avg(BLK),avg(TO),avg(PF),avg(PTS),avg(PLUS_MINUS),sum(FGM),sum(FGA),sum(FG3M),sum(FG3A),sum(FTM),sum(FTA),sum(OREB),sum(DREB),sum(REB),sum(AST),sum(STL),sum(BLK),sum(TO),sum(PF),sum(PTS),sum(PLUS_MINUS),sum(ifminute),avg(seconds),sum(seconds)
201967,Dante Cunningham,2.0919540229885056,4.333333333333333,0.0,0.08045977011494253,0.6781609195402298,0.9540229885057471,1.0804597701149425,2.103448275862069,3.1839080459770117,0.4367816091954023,0.5747126436781609,0.4482758620689655,0.5057471264367817,2.1724137931034484,4.862068965517241,-0.7,182.0,377.0,0.0,7.0,59.0,83.0,94.0,183.0,277.0,38.0,50.0,39.0,44.0,189.0,423.0,-56.0,87,817.1264367816092,71090.0
201196,Ramon Sessions,3.264367816091954,7.551724137931035,0.0,0.13793103448275862,2.7586206896551726,3.4827586206896552,0.6436781609195402,2.0229885057471266,2.6666666666666665,3.528735632183908,0.5977011494252874,0.04597701149425287,1.6436781609195403,1.264367816091954,9.28735632183908,-2.7375,284.0,657.0,0.0,12.0,240.0,303.0,56.0,176.0,232.0,307.0,52.0,4.0,143.0,110.0,808.0,-219.0,87,1163.8505747126437,101255.0
