PLAYER_ID,PLAYER_NAME,avg(FGM),avg(FGA),avg(FG3M),avg(FG3A),avg(FTM),avg(FTA),avg(OREB),avg(DREB),avg(REB),avg(AST),avg(STL),avg(BLK),avg(TO),avg(PF),avg(PTS),avg(PLUS_MINUS),sum(FGM),sum(FGA),sum(FG3M),sum(FG3A),sum(FTM),sum(FTA),sum(OREB),sum(DREB),sum(REB),sum(AST),sum(STL),sum(BLK),sum(TO),sum(PF),sum(PTS),sum(PLUS_MINUS),sum(ifminute),avg(seconds),sum(seconds)
101162,Marcin Gortat,1.73,3.07,0.0,0.03,0.67,0.95,1.36,3.31,4.67,0.54,0.28,0.82,0.56,1.9,4.13,1.3191489361702127,173.0,307.0,0.0,3.0,67.0,95.0,136.0,331.0,467.0,54.0,28.0,82.0,56.0,190.0,413.0,124.0,100,844.93,84493.0
201589,Darrell Arthur,2.927536231884058,6.028985507246377,0.0,0.028985507246376812,0.855072463768116,1.2463768115942029,1.318840579710145,2.8405797101449277,4.159420289855072,0.463768115942029,0.5797101449275363,0.4782608695652174,1.0,2.3333333333333335,6.7101449275362315,-1.9838709677419355,202.0,416.0,0.0,2.0,59.0,86.0,91.0,196.0,287.0,32.0,40.0,33.0,69.0,161.0,463.0,-123.0,69,946.8115942028985,65330.0
1497,Chauncey Billups,5.317073170731708,12.74390243902439,2.048780487804878,5.439024390243903,6.2317073170731705,6.865853658536586,0.25609756097560976,2.6341463414634148,2.8902439024390243,5.548780487804878,1.1097560975609757,0.14634146341463414,2.6341463414634148,2.158536585365854,18.914634146341463,2.0384615384615383,436.0,1045.0,168.0,446.0,511.0,563.0,21.0,216.0,237.0,455.0,91.0,12.0,216.0,177.0,1551.0,159.0,82,1978.658536585366,162250.0
