PLAYER_ID,PLAYER_NAME,avg(FGM),avg(FGA),avg(FG3M),avg(FG3A),avg(FTM),avg(FTA),avg(OREB),avg(DREB),avg(REB),avg(AST),avg(STL),avg(BLK),avg(TO),avg(PF),avg(PTS),avg(PLUS_MINUS),sum(FGM),sum(FGA),sum(FG3M),sum(FG3A),sum(FTM),sum(FTA),sum(OREB),sum(DREB),sum(REB),sum(AST),sum(STL),sum(BLK),sum(TO),sum(PF),sum(PTS),sum(PLUS_MINUS),sum(ifminute),avg(seconds),sum(seconds)
2735,Josh Childress,2.4411764705882355,4.323529411764706,0.029411764705882353,0.23529411764705882,1.1764705882352942,1.9705882352941178,1.588235294117647,1.7058823529411764,3.2941176470588234,0.8823529411764706,0.5882352941176471,0.3235294117647059,0.9411764705882353,1.588235294117647,6.088235294117647,-1.5185185185185186,83.0,147.0,1.0,8.0,40.0,67.0,54.0,58.0,112.0,30.0,20.0,11.0,32.0,54.0,207.0,-41.0,34,826.9705882352941,28117.0
2592,James Jones,1.9166666666666667,4.716666666666667,1.6166666666666667,3.8833333333333333,0.6333333333333333,0.7,0.21666666666666667,1.65,1.8666666666666667,0.55,0.38333333333333336,0.26666666666666666,0.43333333333333335,1.6333333333333333,6.083333333333333,2.537037037037037,115.0,283.0,97.0,233.0,38.0,42.0,13.0,99.0,112.0,33.0,23.0,16.0,26.0,98.0,365.0,137.0,60,986.5,59190.0
