PLAYER_ID,PLAYER_NAME,avg(FGM),avg(FGA),avg(FG3M),avg(FG3A),avg(FTM),avg(FTA),avg(OREB),avg(DREB),avg(REB),avg(AST),avg(STL),avg(BLK),avg(TO),avg(PF),avg(PTS),avg(PLUS_MINUS),sum(FGM),sum(FGA),sum(FG3M),sum(FG3A),sum(FTM),sum(FTA),sum(OREB),sum(DREB),sum(REB),sum(AST),sum(STL),sum(BLK),sum(TO),sum(PF),sum(PTS),sum(PLUS_MINUS),sum(ifminute),avg(seconds),sum(seconds)
201142,Kevin Durant,9.175824175824175,19.846153846153847,1.7032967032967032,4.725274725274725,9.054945054945055,10.043956043956044,1.0769230769230769,6.142857142857143,7.21978021978022,2.802197802197802,1.1868131868131868,1.0879120879120878,3.043956043956044,1.989010989010989,29.10989010989011,5.151162790697675,835.0,1806.0,155.0,430.0,824.0,914.0,98.0,559.0,657.0,255.0,108.0,99.0,277.0,181.0,2649.0,443.0,91,2223.6483516483518,202352.0
202362,Lance Stephenson,1.4,5.0,0.2,1.6,0.8,1.6,0.2,1.0,1.2,0.8,0.2,0.0,1.2,1.4,3.8,"",7.0,25.0,1.0,8.0,4.0,8.0,1.0,5.0,6.0,4.0,1.0,0.0,6.0,7.0,19.0,"",5,14.8,74.0
202404,Drew Naymick,0.0,0.0,0.0,0.0,0.0,0.0,0.5,0.5,1.0,0.0,0.0,0.0,0.0,1.0,0.0,"",0.0,0.0,0.0,0.0,0.0,0.0,1.0,1.0,2.0,0.0,0.0,0.0,0.0,2.0,0.0,"",2,8.0,16.0
947,Allen Iverson,4.823529411764706,11.764705882352942,0.35294117647058826,1.1176470588235294,3.176470588235294,3.8823529411764706,0.5882352941176471,2.0,2.588235294117647,3.9411764705882355,0.5294117647058824,0.058823529411764705,2.4705882352941178,1.2352941176470589,13.176470588235293,-2.5294117647058822,82.0,200.0,6.0,19.0,54.0,66.0,10.0,34.0,44.0,67.0,9.0,1.0,42.0,21.0,224.0,-43.0,17,1881.0588235294117,31978.0
