PLAYER_ID,PLAYER_NAME,avg(FGM),avg(FGA),avg(FG3M),avg(FG3A),avg(FTM),avg(FTA),avg(OREB),avg(DREB),avg(REB),avg(AST),avg(STL),avg(BLK),avg(TO),avg(PF),avg(PTS),avg(PLUS_MINUS),sum(FGM),sum(FGA),sum(FG3M),sum(FG3A),sum(FTM),sum(FTA),sum(OREB),sum(DREB),sum(REB),sum(AST),sum(STL),sum(BLK),sum(TO),sum(PF),sum(PTS),sum(PLUS_MINUS),sum(ifminute),avg(seconds),sum(seconds)
2202,Jason Richardson,5.602150537634409,12.720430107526882,2.247311827956989,5.817204301075269,1.4623655913978495,1.967741935483871,0.8602150537634409,3.236559139784946,4.096774193548387,1.7311827956989247,1.118279569892473,0.20430107526881722,1.1720430107526882,2.064516129032258,14.913978494623656,3.070588235294118,521.0,1183.0,209.0,541.0,136.0,183.0,80.0,301.0,381.0,161.0,104.0,19.0,109.0,192.0,1387.0,261.0,93,1852.2903225806451,172263.0
