TEAM_ID,PLAYER_ID,PLAYER_NAME,avg(FGM),avg(FGA),avg(FG3M),avg(FG3A),avg(FTM),avg(FTA),avg(OREB),avg(DREB),avg(REB),avg(AST),avg(STL),avg(BLK),avg(TO),avg(PF),avg(PTS),avg(PLUS_MINUS),sum(FGM),sum(FGA),sum(FG3M),sum(FG3A),sum(FTM),sum(FTA),sum(OREB),sum(DREB),sum(REB),sum(AST),sum(STL),sum(BLK),sum(TO),sum(PF),sum(PTS),sum(PLUS_MINUS),sum(ifminute),avg(seconds),sum(seconds)
1610612737,101107,Marvin Williams,3.169811320754717,7.415094339622642,0.5283018867924528,1.3773584905660377,2.0,2.3207547169811322,1.1320754716981132,3.2264150943396226,4.3584905660377355,1.150943396226415,0.5849056603773585,0.49056603773584906,0.8490566037735849,1.6037735849056605,8.867924528301886,-1.9803921568627452,168.0,393.0,28.0,73.0,106.0,123.0,60.0,171.0,231.0,61.0,31.0,26.0,45.0,85.0,470.0,-101.0,53,1448.433962264151,76767.0
1610612761,201949,James Johnson,3.2666666666666666,7.3,0.23333333333333334,0.9,1.4333333333333333,2.0,1.1333333333333333,3.7,4.833333333333333,2.8666666666666667,1.2666666666666666,1.3,2.033333333333333,2.8666666666666667,8.2,-3.0714285714285716,98.0,219.0,7.0,27.0,43.0,60.0,34.0,111.0,145.0,86.0,38.0,39.0,61.0,86.0,246.0,-86.0,30,1557.9666666666667,46739.0
1610612752,101142,Ronny Turiaf,1.697674418604651,2.627906976744186,0.0,0.0,0.9302325581395349,1.441860465116279,1.0,2.558139534883721,3.558139534883721,1.0930232558139534,0.4883720930232558,1.1162790697674418,0.5348837209302325,2.2325581395348837,4.325581395348837,-1.3488372093023255,73.0,113.0,0.0,0.0,40.0,62.0,43.0,110.0,153.0,47.0,21.0,48.0,23.0,96.0,186.0,-58.0,43,1061.6046511627908,45649.0
