TEAM_ID,PLAYER_ID,PLAYER_NAME,avg(FGM),avg(FGA),avg(FG3M),avg(FG3A),avg(FTM),avg(FTA),avg(OREB),avg(DREB),avg(REB),avg(AST),avg(STL),avg(BLK),avg(TO),avg(PF),avg(PTS),avg(PLUS_MINUS),sum(FGM),sum(FGA),sum(FG3M),sum(FG3A),sum(FTM),sum(FTA),sum(OREB),sum(DREB),sum(REB),sum(AST),sum(STL),sum(BLK),sum(TO),sum(PF),sum(PTS),sum(PLUS_MINUS),sum(ifminute),avg(seconds),sum(seconds)
1610612765,202328,Greg Monroe,5.036363636363636,8.618181818181819,0.0,0.01818181818181818,2.3454545454545452,3.4,3.6363636363636362,5.454545454545454,9.090909090909092,1.6545454545454545,1.4363636363636363,0.6363636363636364,1.2181818181818183,2.7818181818181817,12.418181818181818,-1.2264150943396226,277.0,474.0,0.0,1.0,129.0,187.0,200.0,300.0,500.0,91.0,79.0,35.0,67.0,153.0,683.0,-65.0,55,1907.5272727272727,104914.0
1610612746,2406,Caron Butler,4.8,11.0,1.6,4.0,1.4,2.0,0.0,3.0,3.0,2.4,1.2,0.0,0.6,1.6,12.6,0.6666666666666666,24.0,55.0,8.0,20.0,7.0,10.0,0.0,15.0,15.0,12.0,6.0,0.0,3.0,8.0,63.0,2.0,5,1219.2,6096.0
1610612763,201144,Mike Conley,5.184615384615385,12.138461538461538,0.9538461538461539,2.646153846153846,2.3230769230769233,3.0615384615384613,0.4307692307692308,2.723076923076923,3.1538461538461537,6.123076923076923,1.4923076923076923,0.26153846153846155,1.9692307692307693,2.3692307692307693,13.646153846153846,3.4375,337.0,789.0,62.0,172.0,151.0,199.0,28.0,177.0,205.0,398.0,97.0,17.0,128.0,154.0,887.0,220.0,65,2087.9384615384615,135716.0
1610612751,201627,Anthony Morrow,4.564102564102564,10.820512820512821,1.8205128205128205,4.435897435897436,1.6153846153846154,1.7692307692307692,0.6153846153846154,2.1025641025641026,2.717948717948718,1.0512820512820513,0.38461538461538464,0.07692307692307693,0.8205128205128205,2.0,12.564102564102564,-2.108108108108108,178.0,422.0,71.0,173.0,63.0,69.0,24.0,82.0,106.0,41.0,15.0,3.0,32.0,78.0,490.0,-78.0,39,1675.051282051282,65327.0
1610612759,202371,Gani Lawal,0.5,3.0,0.0,0.0,0.5,0.5,0.5,2.0,2.5,0.0,0.0,0.5,1.0,1.5,1.5,"",1.0,6.0,0.0,0.0,1.0,1.0,1.0,4.0,5.0,0.0,0.0,1.0,2.0,3.0,3.0,"",2,11.5,23.0
1610612743,201163,Wilson Chandler,4.1923076923076925,10.384615384615385,1.0384615384615385,3.1538461538461537,1.5769230769230769,1.9615384615384615,0.5769230769230769,4.3076923076923075,4.884615384615385,1.3846153846153846,0.6538461538461539,1.0769230769230769,1.5769230769230769,2.3846153846153846,11.0,3.5384615384615383,109.0,270.0,27.0,82.0,41.0,51.0,15.0,112.0,127.0,36.0,17.0,28.0,41.0,62.0,286.0,92.0,26,1746.0,45396.0
