TEAM_ID,PLAYER_ID,PLAYER_NAME,avg(FGM),avg(FGA),avg(FG3M),avg(FG3A),avg(FTM),avg(FTA),avg(OREB),avg(DREB),avg(REB),avg(AST),avg(STL),avg(BLK),avg(TO),avg(PF),avg(PTS),avg(PLUS_MINUS),sum(FGM),sum(FGA),sum(FG3M),sum(FG3A),sum(FTM),sum(FTA),sum(OREB),sum(DREB),sum(REB),sum(AST),sum(STL),sum(BLK),sum(TO),sum(PF),sum(PTS),sum(PLUS_MINUS),sum(ifminute),avg(seconds),sum(seconds)
1610612738,1718,Paul Pierce,6.345679012345679,14.82716049382716,1.5679012345679013,4.444444444444445,4.9753086419753085,5.765432098765432,0.6296296296296297,4.777777777777778,5.407407407407407,4.148148148148148,1.2345679012345678,0.5432098765432098,2.8271604938271606,2.654320987654321,19.234567901234566,2.1728395061728394,514.0,1201.0,127.0,360.0,403.0,467.0,51.0,387.0,438.0,336.0,100.0,44.0,229.0,215.0,1558.0,176.0,81,2112.7654320987654,171134.0
1610612745,202622,Courtney Fortson,1.0,3.3333333333333335,0.3333333333333333,1.5,0.6666666666666666,1.0,0.3333333333333333,0.8333333333333334,1.1666666666666667,0.8333333333333334,0.5,0.0,0.8333333333333334,0.3333333333333333,3.0,-0.3333333333333333,6.0,20.0,2.0,9.0,4.0,6.0,2.0,5.0,7.0,5.0,3.0,0.0,5.0,2.0,18.0,-2.0,6,492.6666666666667,2956.0
1610612761,202334,Ed Davis,2.661764705882353,5.117647058823529,0.0,0.014705882352941176,1.0588235294117647,1.6176470588235294,2.0441176470588234,4.661764705882353,6.705882352941177,0.8970588235294118,0.5882352941176471,0.9264705882352942,1.0147058823529411,2.3823529411764706,6.382352941176471,-3.5,181.0,348.0,0.0,1.0,72.0,110.0,139.0,317.0,456.0,61.0,40.0,63.0,69.0,162.0,434.0,-231.0,68,1354.1029411764705,92079.0
1610612757,2222,Gerald Wallace,4.659090909090909,10.0,0.5909090909090909,2.340909090909091,3.1136363636363638,4.0227272727272725,1.4318181818181819,5.068181818181818,6.5,2.727272727272727,1.5,0.5681818181818182,1.9772727272727273,2.5454545454545454,13.022727272727273,3.4285714285714284,205.0,440.0,26.0,103.0,137.0,177.0,63.0,223.0,286.0,120.0,66.0,25.0,87.0,112.0,573.0,144.0,44,2050.431818181818,90219.0
