TEAM_ID,PLAYER_ID,PLAYER_NAME,avg(FGM),avg(FGA),avg(FG3M),avg(FG3A),avg(FTM),avg(FTA),avg(OREB),avg(DREB),avg(REB),avg(AST),avg(STL),avg(BLK),avg(TO),avg(PF),avg(PTS),avg(PLUS_MINUS),sum(FGM),sum(FGA),sum(FG3M),sum(FG3A),sum(FTM),sum(FTA),sum(OREB),sum(DREB),sum(REB),sum(AST),sum(STL),sum(BLK),sum(TO),sum(PF),sum(PTS),sum(PLUS_MINUS),sum(ifminute),avg(seconds),sum(seconds)
1610612746,2030,Kenyon Martin,2.2452830188679247,4.943396226415095,0.05660377358490566,0.24528301886792453,0.4716981132075472,1.169811320754717,1.1320754716981132,2.943396226415094,4.0754716981132075,0.39622641509433965,0.9056603773584906,1.169811320754717,0.6792452830188679,2.6226415094339623,5.018867924528302,0.3018867924528302,119.0,262.0,3.0,13.0,25.0,62.0,60.0,156.0,216.0,21.0,48.0,62.0,36.0,139.0,266.0,16.0,53,1282.698113207547,67983.0
1610612743,201163,Wilson Chandler,3.875,9.875,0.375,1.5,1.25,1.5,0.75,4.375,5.125,2.125,0.75,0.75,2.25,2.25,9.375,-2.375,31.0,79.0,3.0,12.0,10.0,12.0,6.0,35.0,41.0,17.0,6.0,6.0,18.0,18.0,75.0,-19.0,8,1609.5,12876.0
