TEAM_ID,PLAYER_ID,PLAYER_NAME,avg(FGM),avg(FGA),avg(FG3M),avg(FG3A),avg(FTM),avg(FTA),avg(OREB),avg(DREB),avg(REB),avg(AST),avg(STL),avg(BLK),avg(TO),avg(PF),avg(PTS),avg(PLUS_MINUS),sum(FGM),sum(FGA),sum(FG3M),sum(FG3A),sum(FTM),sum(FTA),sum(OREB),sum(DREB),sum(REB),sum(AST),sum(STL),sum(BLK),sum(TO),sum(PF),sum(PTS),sum(PLUS_MINUS),sum(ifminute),avg(seconds),sum(seconds)
1610612743,201167,Arron Afflalo,4.326086956521739,9.173913043478262,1.391304347826087,3.5434782608695654,2.1739130434782608,2.5869565217391304,0.717391304347826,2.5869565217391304,3.3043478260869565,2.391304347826087,0.3695652173913043,0.2608695652173913,0.8043478260869565,2.260869565217391,12.217391304347826,1.7333333333333334,199.0,422.0,64.0,163.0,100.0,119.0,33.0,119.0,152.0,110.0,17.0,12.0,37.0,104.0,562.0,78.0,46,1838.5,84571.0
1610612757,2222,Gerald Wallace,5.5,11.088235294117647,0.9411764705882353,3.176470588235294,3.6470588235294117,4.5588235294117645,1.588235294117647,6.117647058823529,7.705882352941177,2.5294117647058822,1.7647058823529411,0.6176470588235294,2.2941176470588234,2.8529411764705883,15.588235294117647,5.375,187.0,377.0,32.0,108.0,124.0,155.0,54.0,208.0,262.0,86.0,60.0,21.0,78.0,97.0,530.0,172.0,34,2037.1176470588234,69262.0
1610612738,2441,Jamal Sampson,0.0,0.0,0.0,0.0,0.0,0.0,0.0,1.0,1.0,0.0,0.0,0.0,0.0,0.0,0.0,"",0.0,0.0,0.0,0.0,0.0,0.0,0.0,1.0,1.0,0.0,0.0,0.0,0.0,0.0,0.0,"",1,2.0,2.0
1610612738,2211,Troy Murphy,0.8888888888888888,2.111111111111111,0.05555555555555555,0.5555555555555556,0.6111111111111112,0.7222222222222222,0.6666666666666666,1.5,2.1666666666666665,0.3333333333333333,0.4444444444444444,0.05555555555555555,0.3888888888888889,1.0555555555555556,2.4444444444444446,-4.611111111111111,16.0,38.0,1.0,10.0,11.0,13.0,12.0,27.0,39.0,6.0,8.0,1.0,7.0,19.0,44.0,-83.0,18,602.3333333333334,10842.0
1610612758,2223,Samuel Dalembert,4.056603773584905,8.226415094339623,0.0,0.018867924528301886,1.6603773584905661,2.207547169811321,2.6792452830188678,6.056603773584905,8.735849056603774,0.8490566037735849,0.5660377358490566,1.2452830188679245,1.7547169811320755,2.8867924528301887,9.773584905660377,-3.641509433962264,215.0,436.0,0.0,1.0,88.0,117.0,142.0,321.0,463.0,45.0,30.0,66.0,93.0,153.0,518.0,-193.0,53,1551.0566037735848,82206.0
