TEAM_ID,PLAYER_ID,PLAYER_NAME,avg(FGM),avg(FGA),avg(FG3M),avg(FG3A),avg(FTM),avg(FTA),avg(OREB),avg(DREB),avg(REB),avg(AST),avg(STL),avg(BLK),avg(TO),avg(PF),avg(PTS),avg(PLUS_MINUS),sum(FGM),sum(FGA),sum(FG3M),sum(FG3A),sum(FTM),sum(FTA),sum(OREB),sum(DREB),sum(REB),sum(AST),sum(STL),sum(BLK),sum(TO),sum(PF),sum(PTS),sum(PLUS_MINUS),sum(ifminute),avg(seconds),sum(seconds)
1610612763,201188,Marc Gasol,4.818181818181818,9.151515151515152,0.045454545454545456,0.12121212121212122,2.893939393939394,3.909090909090909,2.015151515151515,5.7727272727272725,7.787878787878788,2.257575757575758,0.9242424242424242,1.9242424242424243,1.8181818181818181,3.1818181818181817,12.575757575757576,1.4848484848484849,318.0,604.0,3.0,8.0,191.0,258.0,133.0,381.0,514.0,149.0,61.0,127.0,120.0,210.0,830.0,98.0,66,1979.030303030303,130616.0
1610612759,202912,Frank Hassell,0.5,2.0,0.0,0.0,1.0,1.0,0.5,1.0,1.5,0.5,0.5,0.5,0.0,2.0,2.0,"",1.0,4.0,0.0,0.0,2.0,2.0,1.0,2.0,3.0,1.0,1.0,1.0,0.0,4.0,4.0,"",2,10.0,20.0
