TEAM_ID,PLAYER_ID,PLAYER_NAME,avg(FGM),avg(FGA),avg(FG3M),avg(FG3A),avg(FTM),avg(FTA),avg(OREB),avg(DREB),avg(REB),avg(AST),avg(STL),avg(BLK),avg(TO),avg(PF),avg(PTS),avg(PLUS_MINUS),sum(FGM),sum(FGA),sum(FG3M),sum(FG3A),sum(FTM),sum(FTA),sum(OREB),sum(DREB),sum(REB),sum(AST),sum(STL),sum(BLK),sum(TO),sum(PF),sum(PTS),sum(PLUS_MINUS),sum(ifminute),avg(seconds),sum(seconds)
1610612740,202329,Al-Farouq Aminu,0.75,2.25,0.0,0.5,1.5,2.0,1.25,3.0,4.25,0.5,0.5,0.25,1.0,2.5,3.0,2.0,3.0,9.0,0.0,2.0,6.0,8.0,5.0,12.0,17.0,2.0,2.0,1.0,4.0,10.0,12.0,6.0,4,577.0,2308.0
1610612748,956,Erick Dampier,1.2571428571428571,1.8571428571428572,0.0,0.0,0.5428571428571428,1.0285714285714285,1.0,2.5714285714285716,3.5714285714285716,0.5142857142857142,0.2571428571428571,1.0,0.8,1.6571428571428573,3.057142857142857,2.0,44.0,65.0,0.0,0.0,19.0,36.0,35.0,90.0,125.0,18.0,9.0,35.0,28.0,58.0,107.0,70.0,35,1029.4285714285713,36030.0
1610612752,1853,Anthony Carter,1.8695652173913044,3.9565217391304346,0.391304347826087,1.3478260869565217,0.34782608695652173,0.34782608695652173,0.391304347826087,1.6521739130434783,2.0434782608695654,2.130434782608696,0.8695652173913043,0.2608695652173913,1.2608695652173914,1.3478260869565217,4.478260869565218,1.565217391304348,43.0,91.0,9.0,31.0,8.0,8.0,9.0,38.0,47.0,49.0,20.0,6.0,29.0,31.0,103.0,36.0,23,936.0869565217391,21530.0
1610612765,1888,Richard Hamilton,5.44,12.24,0.72,2.08,2.96,3.52,0.44,1.68,2.12,3.68,0.68,0.16,1.68,1.8,14.56,0.6,136.0,306.0,18.0,52.0,74.0,88.0,11.0,42.0,53.0,92.0,17.0,4.0,42.0,45.0,364.0,15.0,25,1684.56,42114.0
