TEAM_ID,PLAYER_ID,PLAYER_NAME,avg(FGM),avg(FGA),avg(FG3M),avg(FG3A),avg(FTM),avg(FTA),avg(OREB),avg(DREB),avg(REB),avg(AST),avg(STL),avg(BLK),avg(TO),avg(PF),avg(PTS),avg(PLUS_MINUS),sum(FGM),sum(FGA),sum(FG3M),sum(FG3A),sum(FTM),sum(FTA),sum(OREB),sum(DREB),sum(REB),sum(AST),sum(STL),sum(BLK),sum(TO),sum(PF),sum(PTS),sum(PLUS_MINUS),sum(ifminute),avg(seconds),sum(seconds)
1610612762,2734,Devin Harris,3.8840579710144927,8.782608695652174,1.2028985507246377,3.391304347826087,2.4347826086956523,3.260869565217391,0.17391304347826086,1.5942028985507246,1.7681159420289856,4.840579710144928,1.0144927536231885,0.21739130434782608,2.0434782608695654,2.2318840579710146,11.405797101449275,0.746268656716418,268.0,606.0,83.0,234.0,168.0,225.0,12.0,110.0,122.0,334.0,70.0,15.0,141.0,154.0,787.0,50.0,69,1618.8695652173913,111702.0
1610612766,200748,Tyrus Thomas,2.2363636363636363,6.2,0.01818181818181818,0.05454545454545454,1.1454545454545455,1.509090909090909,0.9272727272727272,2.8727272727272726,3.8,0.6545454545454545,0.6545454545454545,1.1272727272727272,0.9636363636363636,2.6363636363636362,5.636363636363637,-5.537037037037037,123.0,341.0,1.0,3.0,63.0,83.0,51.0,158.0,209.0,36.0,36.0,62.0,53.0,145.0,310.0,-299.0,55,1105.8727272727272,60823.0
