TEAM_ID,PLAYER_ID,PLAYER_NAME,avg(FGM),avg(FGA),avg(FG3M),avg(FG3A),avg(FTM),avg(FTA),avg(OREB),avg(DREB),avg(REB),avg(AST),avg(STL),avg(BLK),avg(TO),avg(PF),avg(PTS),avg(PLUS_MINUS),sum(FGM),sum(FGA),sum(FG3M),sum(FG3A),sum(FTM),sum(FTA),sum(OREB),sum(DREB),sum(REB),sum(AST),sum(STL),sum(BLK),sum(TO),sum(PF),sum(PTS),sum(PLUS_MINUS),sum(ifminute),avg(seconds),sum(seconds)
1610612758,101128,Francisco Garcia,3.9393939393939394,9.333333333333334,1.393939393939394,4.333333333333333,1.393939393939394,1.6666666666666667,0.5151515151515151,2.0303030303030303,2.5454545454545454,1.2424242424242424,1.0303030303030303,0.8787878787878788,0.7878787878787878,2.303030303030303,10.666666666666666,-1.6875,130.0,308.0,46.0,143.0,46.0,55.0,17.0,67.0,84.0,41.0,34.0,29.0,26.0,76.0,352.0,-54.0,33,1544.030303030303,50953.0
1610612756,255,Grant Hill,4.333333333333333,9.907407407407407,0.7407407407407407,1.962962962962963,2.3703703703703702,2.7962962962962963,0.6111111111111112,3.1296296296296298,3.740740740740741,2.425925925925926,0.7777777777777778,0.48148148148148145,1.7037037037037037,1.9814814814814814,11.777777777777779,0.5849056603773585,234.0,535.0,40.0,106.0,128.0,151.0,33.0,169.0,202.0,131.0,42.0,26.0,92.0,107.0,636.0,31.0,54,1739.5555555555557,93936.0
1610612765,201155,Rodney Stuckey,4.826086956521739,11.282608695652174,0.5217391304347826,1.4782608695652173,4.413043478260869,5.043478260869565,1.0434782608695652,1.9782608695652173,3.0217391304347827,5.086956521739131,1.0217391304347827,0.15217391304347827,2.1956521739130435,2.152173913043478,14.58695652173913,-0.8888888888888888,222.0,519.0,24.0,68.0,203.0,232.0,48.0,91.0,139.0,234.0,47.0,7.0,101.0,99.0,671.0,-40.0,46,1793.5434782608695,82503.0
1610612746,202717,Trey Thompkins,1.75,4.0,1.0,1.5,0.0,0.0,0.5,1.75,2.25,0.0,0.25,0.0,0.25,0.0,4.5,-2.5,7.0,16.0,4.0,6.0,0.0,0.0,2.0,7.0,9.0,0.0,1.0,0.0,1.0,0.0,18.0,-5.0,4,200.5,802.0
1610612761,1853,Anthony Carter,0.0,1.0,0.0,0.5,0.0,0.0,0.0,0.0,0.0,0.0,0.0,0.0,0.5,1.0,0.0,-8.0,0.0,2.0,0.0,1.0,0.0,0.0,0.0,0.0,0.0,0.0,0.0,0.0,1.0,2.0,0.0,-16.0,2,246.0,492.0
