TEAM_ID,PLAYER_ID,PLAYER_NAME,avg(FGM),avg(FGA),avg(FG3M),avg(FG3A),avg(FTM),avg(FTA),avg(OREB),avg(DREB),avg(REB),avg(AST),avg(STL),avg(BLK),avg(TO),avg(PF),avg(PTS),avg(PLUS_MINUS),sum(FGM),sum(FGA),sum(FG3M),sum(FG3A),sum(FTM),sum(FTA),sum(OREB),sum(DREB),sum(REB),sum(AST),sum(STL),sum(BLK),sum(TO),sum(PF),sum(PTS),sum(PLUS_MINUS),sum(ifminute),avg(seconds),sum(seconds)
1610612752,2405,Amar'e Stoudemire,8.545454545454545,18.054545454545455,0.12727272727272726,0.3090909090909091,5.709090909090909,7.236363636363636,2.4545454545454546,4.890909090909091,7.345454545454546,2.4727272727272727,0.8727272727272727,1.5636363636363637,2.727272727272727,3.290909090909091,22.927272727272726,-1.7547169811320755,470.0,993.0,7.0,17.0,314.0,398.0,135.0,269.0,404.0,136.0,48.0,86.0,150.0,181.0,1261.0,-93.0,55,2076.163636363636,114189.0
1610612746,2260,Jarron Collins,0.0,0.0,0.0,0.0,0.25,0.5,0.5,0.25,0.75,0.25,0.0,0.0,0.0,0.5,0.25,1.25,0.0,0.0,0.0,0.0,1.0,2.0,2.0,1.0,3.0,1.0,0.0,0.0,0.0,2.0,1.0,5.0,4,222.5,890.0
