TEAM_ID,PLAYER_ID,PLAYER_NAME,avg(FGM),avg(FGA),avg(FG3M),avg(FG3A),avg(FTM),avg(FTA),avg(OREB),avg(DREB),avg(REB),avg(AST),avg(STL),avg(BLK),avg(TO),avg(PF),avg(PTS),avg(PLUS_MINUS),sum(FGM),sum(FGA),sum(FG3M),sum(FG3A),sum(FTM),sum(FTA),sum(OREB),sum(DREB),sum(REB),sum(AST),sum(STL),sum(BLK),sum(TO),sum(PF),sum(PTS),sum(PLUS_MINUS),sum(ifminute),avg(seconds),sum(seconds)
1610612754,201946,Tyler Hansbrough,2.8607594936708862,7.10126582278481,0.0,0.012658227848101266,3.2025316455696204,3.9746835443037973,1.6835443037974684,2.7341772151898733,4.417721518987341,0.4936708860759494,0.810126582278481,0.16455696202531644,0.9367088607594937,2.3544303797468356,8.924050632911392,-0.6623376623376623,226.0,561.0,0.0,1.0,253.0,314.0,133.0,216.0,349.0,39.0,64.0,13.0,74.0,186.0,705.0,-51.0,79,1220.3291139240507,96406.0
1610612739,202810,D.J. Kennedy,2.5,6.0,1.0,2.0,0.0,1.0,0.5,3.0,3.5,1.5,1.0,0.0,1.5,3.5,6.0,-16.0,5.0,12.0,2.0,4.0,0.0,2.0,1.0,6.0,7.0,3.0,2.0,0.0,3.0,7.0,12.0,-32.0,2,1766.0,3532.0
1610612765,1962936495,Damien Wilkins,1.0,4.0,0.0,1.0,0.0,0.0,1.0,3.0,4.0,1.0,1.0,0.0,0.0,2.0,2.0,"",1.0,4.0,0.0,1.0,0.0,0.0,1.0,3.0,4.0,1.0,1.0,0.0,0.0,2.0,2.0,"",1,23.0,23.0
