TEAM_ID,PLAYER_ID,PLAYER_NAME,avg(FGM),avg(FGA),avg(FG3M),avg(FG3A),avg(FTM),avg(FTA),avg(OREB),avg(DREB),avg(REB),avg(AST),avg(STL),avg(BLK),avg(TO),avg(PF),avg(PTS),avg(PLUS_MINUS),sum(FGM),sum(FGA),sum(FG3M),sum(FG3A),sum(FTM),sum(FTA),sum(OREB),sum(DREB),sum(REB),sum(AST),sum(STL),sum(BLK),sum(TO),sum(PF),sum(PTS),sum(PLUS_MINUS),sum(ifminute),avg(seconds),sum(seconds)
1610612759,1938,Manu Ginobili,5.372881355932203,12.423728813559322,1.6440677966101696,4.8474576271186445,4.3559322033898304,5.033898305084746,0.4576271186440678,3.2711864406779663,3.7288135593220337,4.711864406779661,1.4915254237288136,0.3220338983050847,2.152542372881356,2.1864406779661016,16.74576271186441,5.614035087719298,317.0,733.0,97.0,286.0,257.0,297.0,27.0,193.0,220.0,278.0,88.0,19.0,127.0,129.0,988.0,320.0,59,1715.9661016949153,101242.0
