TEAM_ID,PLAYER_ID,PLAYER_NAME,avg(FGM),avg(FGA),avg(FG3M),avg(FG3A),avg(FTM),avg(FTA),avg(OREB),avg(DREB),avg(REB),avg(AST),avg(STL),avg(BLK),avg(TO),avg(PF),avg(PTS),avg(PLUS_MINUS),sum(FGM),sum(FGA),sum(FG3M),sum(FG3A),sum(FTM),sum(FTA),sum(OREB),sum(DREB),sum(REB),sum(AST),sum(STL),sum(BLK),sum(TO),sum(PF),sum(PTS),sum(PLUS_MINUS),sum(ifminute),avg(seconds),sum(seconds)
1610612752,202391,Jeremy Lin,0.0,1.0,0.0,0.0,0.6666666666666666,0.6666666666666666,0.3333333333333333,0.0,0.3333333333333333,0.3333333333333333,0.3333333333333333,0.0,0.6666666666666666,1.3333333333333333,0.6666666666666666,-0.6666666666666666,0.0,3.0,0.0,0.0,2.0,2.0,1.0,0.0,1.0,1.0,1.0,0.0,2.0,4.0,2.0,-2.0,3,139.33333333333334,418.0
1610612744,201187,Dominic McGuire,1.3333333333333333,2.5,0.0,0.0,1.0,1.1666666666666667,0.5,1.3333333333333333,1.8333333333333333,0.5,0.3333333333333333,0.0,0.5,0.6666666666666666,3.6666666666666665,-3.25,8.0,15.0,0.0,0.0,6.0,7.0,3.0,8.0,11.0,3.0,2.0,0.0,3.0,4.0,22.0,-13.0,6,430.6666666666667,2584.0
1610612761,201573,Jerryd Bayless,3.3125,7.791666666666667,0.7083333333333334,2.0625,2.4791666666666665,2.9583333333333335,0.3333333333333333,1.875,2.2083333333333335,3.75,0.5833333333333334,0.08333333333333333,1.875,2.3125,9.8125,-5.3478260869565215,159.0,374.0,34.0,99.0,119.0,142.0,16.0,90.0,106.0,180.0,28.0,4.0,90.0,111.0,471.0,-246.0,48,1273.25,61116.0
1610612756,202220,Zabian Dowdell,2.125,5.208333333333333,0.125,0.4166666666666667,0.6666666666666666,0.7083333333333334,0.20833333333333334,0.625,0.8333333333333334,2.125,0.8333333333333334,0.08333333333333333,1.2083333333333333,1.25,5.041666666666667,-1.8333333333333333,51.0,125.0,3.0,10.0,16.0,17.0,5.0,15.0,20.0,51.0,20.0,2.0,29.0,30.0,121.0,-44.0,24,729.2916666666666,17503.0
1610612738,202419,Chris Johnson,0.5,0.75,0.0,0.0,0.5,0.5,0.25,1.0,1.25,0.25,0.0,0.75,0.5,0.75,1.5,-1.75,2.0,3.0,0.0,0.0,2.0,2.0,1.0,4.0,5.0,1.0,0.0,3.0,2.0,3.0,6.0,-7.0,4,486.25,1945.0
