TEAM_ID,PLAYER_ID,PLAYER_NAME,avg(FGM),avg(FGA),avg(FG3M),avg(FG3A),avg(FTM),avg(FTA),avg(OREB),avg(DREB),avg(REB),avg(AST),avg(STL),avg(BLK),avg(TO),avg(PF),avg(PTS),avg(PLUS_MINUS),sum(FGM),sum(FGA),sum(FG3M),sum(FG3A),sum(FTM),sum(FTA),sum(OREB),sum(DREB),sum(REB),sum(AST),sum(STL),sum(BLK),sum(TO),sum(PF),sum(PTS),sum(PLUS_MINUS),sum(ifminute),avg(seconds),sum(seconds)
1610612759,1536,Stephen Jackson,2.857142857142857,6.4,1.2857142857142858,3.0,1.6571428571428573,1.9714285714285715,0.3142857142857143,2.8,3.1142857142857143,1.8571428571428572,1.0571428571428572,0.2857142857142857,1.5714285714285714,2.1714285714285713,8.657142857142857,2.4285714285714284,100.0,224.0,45.0,105.0,58.0,69.0,11.0,98.0,109.0,65.0,37.0,10.0,55.0,76.0,303.0,85.0,35,1368.8,47908.0
1610612755,2738,Andre Iguodala,4.532467532467533,10.376623376623376,1.2597402597402598,3.207792207792208,2.038961038961039,3.3506493506493507,0.948051948051948,5.064935064935065,6.012987012987013,5.116883116883117,1.6623376623376624,0.4675324675324675,1.8051948051948052,1.6883116883116882,12.363636363636363,2.933333333333333,349.0,799.0,97.0,247.0,157.0,258.0,73.0,390.0,463.0,394.0,128.0,36.0,139.0,130.0,952.0,220.0,77,2115.688311688312,162908.0
1610612746,202727,Travis Leslie,0.5,1.4,0.0,0.0,0.4,0.9,0.6,0.3,0.9,0.5,0.2,0.2,0.2,0.4,1.4,-2.3,5.0,14.0,0.0,0.0,4.0,9.0,6.0,3.0,9.0,5.0,2.0,2.0,2.0,4.0,14.0,-23.0,10,271.7,2717.0
1610612761,202458,Justin Dentmon,2.0,5.5,0.5,2.5,1.0,1.5,0.0,1.75,1.75,2.25,0.25,0.0,1.5,2.0,5.5,-4.25,8.0,22.0,2.0,10.0,4.0,6.0,0.0,7.0,7.0,9.0,1.0,0.0,6.0,8.0,22.0,-17.0,4,1080.75,4323.0
