TEAM_ID,PLAYER_ID,PLAYER_NAME,avg(FGM),avg(FGA),avg(FG3M),avg(FG3A),avg(FTM),avg(FTA),avg(OREB),avg(DREB),avg(REB),avg(AST),avg(STL),avg(BLK),avg(TO),avg(PF),avg(PTS),avg(PLUS_MINUS),sum(FGM),sum(FGA),sum(FG3M),sum(FG3A),sum(FTM),sum(FTA),sum(OREB),sum(DREB),sum(REB),sum(AST),sum(STL),sum(BLK),sum(TO),sum(PF),sum(PTS),sum(PLUS_MINUS),sum(ifminute),avg(seconds),sum(seconds)
1610612759,2210,Richard Jefferson,3.1147540983606556,6.721311475409836,1.540983606557377,3.442622950819672,1.278688524590164,1.6557377049180328,0.5573770491803278,2.8852459016393444,3.442622950819672,1.1311475409836065,0.36065573770491804,0.36065573770491804,1.1311475409836065,2.1475409836065573,9.049180327868852,2.23728813559322,190.0,410.0,94.0,210.0,78.0,101.0,34.0,176.0,210.0,69.0,22.0,22.0,69.0,131.0,552.0,132.0,61,1699.4754098360656,103668.0
1610612763,201820,Josh Davis,2.0,3.0,0.0,1.0,1.0,1.0,4.0,4.0,8.0,1.0,1.0,0.0,1.0,6.0,5.0,"",2.0,3.0,0.0,1.0,1.0,1.0,4.0,4.0,8.0,1.0,1.0,0.0,1.0,6.0,5.0,"",1,29.0,29.0
1610612746,200783,Craig Smith,2.0,3.8333333333333335,0.0,0.041666666666666664,0.9583333333333334,1.2916666666666667,0.7083333333333334,1.2916666666666667,2.0,0.2916666666666667,0.3333333333333333,0.20833333333333334,0.5,1.25,4.958333333333333,-1.125,48.0,92.0,0.0,1.0,23.0,31.0,17.0,31.0,48.0,7.0,8.0,5.0,12.0,30.0,119.0,-27.0,24,635.2083333333334,15245.0
