TEAM_ID,PLAYER_ID,PLAYER_NAME,avg(FGM),avg(FGA),avg(FG3M),avg(FG3A),avg(FTM),avg(FTA),avg(OREB),avg(DREB),avg(REB),avg(AST),avg(STL),avg(BLK),avg(TO),avg(PF),avg(PTS),avg(PLUS_MINUS),sum(FGM),sum(FGA),sum(FG3M),sum(FG3A),sum(FTM),sum(FTA),sum(OREB),sum(DREB),sum(REB),sum(AST),sum(STL),sum(BLK),sum(TO),sum(PF),sum(PTS),sum(PLUS_MINUS),sum(ifminute),avg(seconds),sum(seconds)
1610612747,202726,Andrew Goudelock,1.0,3.2,1.0,2.0,0.0,0.0,0.4,0.8,1.2,0.8,0.0,0.0,0.4,1.2,3.0,0.75,5.0,16.0,5.0,10.0,0.0,0.0,2.0,4.0,6.0,4.0,0.0,0.0,2.0,6.0,15.0,3.0,5,280.2,1401.0
1610612740,101108,Chris Paul,5.3584905660377355,11.830188679245284,0.8679245283018868,2.4150943396226414,4.452830188679245,5.283018867924528,0.49056603773584906,3.6792452830188678,4.169811320754717,9.943396226415095,1.9622641509433962,0.07547169811320754,2.207547169811321,2.358490566037736,16.037735849056602,2.056603773584906,284.0,627.0,46.0,128.0,236.0,280.0,26.0,195.0,221.0,527.0,104.0,4.0,117.0,125.0,850.0,109.0,53,2238.490566037736,118640.0
1610612762,101179,Ronnie Price,1.2307692307692308,4.038461538461538,0.38461538461538464,1.2692307692307692,0.6923076923076923,1.0,0.5769230769230769,0.7692307692307693,1.3461538461538463,1.2692307692307692,0.7307692307692307,0.11538461538461539,1.1153846153846154,1.9230769230769231,3.5384615384615383,-1.6153846153846154,32.0,105.0,10.0,33.0,18.0,26.0,15.0,20.0,35.0,33.0,19.0,3.0,29.0,50.0,92.0,-42.0,26,813.1923076923077,21143.0
