TEAM_ID,PLAYER_ID,PLAYER_NAME,avg(FGM),avg(FGA),avg(FG3M),avg(FG3A),avg(FTM),avg(FTA),avg(OREB),avg(DREB),avg(REB),avg(AST),avg(STL),avg(BLK),avg(TO),avg(PF),avg(PTS),avg(PLUS_MINUS),sum(FGM),sum(FGA),sum(FG3M),sum(FG3A),sum(FTM),sum(FTA),sum(OREB),sum(DREB),sum(REB),sum(AST),sum(STL),sum(BLK),sum(TO),sum(PF),sum(PTS),sum(PLUS_MINUS),sum(ifminute),avg(seconds),sum(seconds)
1610612737,2584,Willie Green,1.75,5.75,0.5,1.5,0.5,1.0,1.25,1.5,2.75,0.25,0.25,0.25,0.5,2.25,4.5,4.5,7.0,23.0,2.0,6.0,2.0,4.0,5.0,6.0,11.0,1.0,1.0,1.0,2.0,9.0,18.0,18.0,4,970.0,3880.0
1610612737,202728,Keith Benson,1.0,2.5,0.0,0.0,0.0,0.0,1.0,0.5,1.5,0.0,1.0,1.5,0.5,1.5,2.0,"",2.0,5.0,0.0,0.0,0.0,0.0,2.0,1.0,3.0,0.0,2.0,3.0,1.0,3.0,4.0,"",2,12.0,24.0
1610612762,2246,Mehmet Okur,1.3636363636363635,3.8181818181818183,0.2727272727272727,1.1818181818181819,1.4545454545454546,1.8181818181818181,0.6363636363636364,1.5454545454545454,2.1818181818181817,1.7272727272727273,0.36363636363636365,0.2727272727272727,0.36363636363636365,1.6363636363636365,4.454545454545454,-2.5555555555555554,15.0,42.0,3.0,13.0,16.0,20.0,7.0,17.0,24.0,19.0,4.0,3.0,4.0,18.0,49.0,-23.0,11,608.5454545454545,6694.0
1610612766,202395,Sherron Collins,0.5714285714285714,1.5714285714285714,0.14285714285714285,0.7142857142857143,0.0,0.0,0.0,0.5714285714285714,0.5714285714285714,0.42857142857142855,0.0,0.0,0.2857142857142857,0.0,1.2857142857142858,0.42857142857142855,4.0,11.0,1.0,5.0,0.0,0.0,0.0,4.0,4.0,3.0,0.0,0.0,2.0,0.0,9.0,3.0,7,196.71428571428572,1377.0
1610612749,202066,Garrett Temple,0.7777777777777778,2.3333333333333335,0.3333333333333333,1.1111111111111112,0.0,0.4444444444444444,0.0,0.6666666666666666,0.6666666666666666,0.6666666666666666,0.1111111111111111,0.1111111111111111,0.2222222222222222,0.8888888888888888,1.8888888888888888,0.3333333333333333,7.0,21.0,3.0,10.0,0.0,4.0,0.0,6.0,6.0,6.0,1.0,1.0,2.0,8.0,17.0,3.0,9,555.0,4995.0
