TEAM_ID,PLAYER_ID,PLAYER_NAME,avg(FGM),avg(FGA),avg(FG3M),avg(FG3A),avg(FTM),avg(FTA),avg(OREB),avg(DREB),avg(REB),avg(AST),avg(STL),avg(BLK),avg(TO),avg(PF),avg(PTS),avg(PLUS_MINUS),sum(FGM),sum(FGA),sum(FG3M),sum(FG3A),sum(FTM),sum(FTA),sum(OREB),sum(DREB),sum(REB),sum(AST),sum(STL),sum(BLK),sum(TO),sum(PF),sum(PTS),sum(PLUS_MINUS),sum(ifminute),avg(seconds),sum(seconds)
1610612764,101154,Andray Blatche,6.441860465116279,14.372093023255815,0.0,0.11627906976744186,3.3255813953488373,4.255813953488372,2.8372093023255816,5.232558139534884,8.069767441860465,2.511627906976744,1.5348837209302326,0.8604651162790697,2.4186046511627906,2.6744186046511627,16.209302325581394,-3.975609756097561,277.0,618.0,0.0,5.0,143.0,183.0,122.0,225.0,347.0,108.0,66.0,37.0,104.0,115.0,697.0,-163.0,43,1876.6046511627908,80694.0
1610612753,101138,Brandon Bass,4.183673469387755,8.408163265306122,0.0,0.0,2.4693877551020407,3.061224489795918,1.6122448979591837,3.938775510204082,5.551020408163265,0.5714285714285714,0.40816326530612246,0.8775510204081632,1.163265306122449,2.122448979591837,10.83673469387755,-0.061224489795918366,205.0,412.0,0.0,0.0,121.0,150.0,79.0,193.0,272.0,28.0,20.0,43.0,57.0,104.0,531.0,-3.0,49,1635.7551020408164,80152.0
