TEAM_ID,PLAYER_ID,PLAYER_NAME,avg(FGM),avg(FGA),avg(FG3M),avg(FG3A),avg(FTM),avg(FTA),avg(OREB),avg(DREB),avg(REB),avg(AST),avg(STL),avg(BLK),avg(TO),avg(PF),avg(PTS),avg(PLUS_MINUS),sum(FGM),sum(FGA),sum(FG3M),sum(FG3A),sum(FTM),sum(FTA),sum(OREB),sum(DREB),sum(REB),sum(AST),sum(STL),sum(BLK),sum(TO),sum(PF),sum(PTS),sum(PLUS_MINUS),sum(ifminute),avg(seconds),sum(seconds)
1610612743,201164,Rudy Fernandez,2.2,7.4,1.6,5.6,1.4,2.0,0.2,1.2,1.4,3.2,1.6,0.0,1.4,2.0,7.4,11.5,11.0,37.0,8.0,28.0,7.0,10.0,1.0,6.0,7.0,16.0,8.0,0.0,7.0,10.0,37.0,46.0,5,1225.4,6127.0
1610612761,101161,Amir Johnson,4.022222222222222,6.933333333333334,0.0,0.022222222222222223,1.6,2.088888888888889,2.6222222222222222,4.155555555555556,6.777777777777778,1.2666666666666666,0.7777777777777778,1.2666666666666666,0.9777777777777777,3.6,9.644444444444444,-3.0,181.0,312.0,0.0,1.0,72.0,94.0,118.0,187.0,305.0,57.0,35.0,57.0,44.0,162.0,434.0,-129.0,45,1583.5555555555557,71260.0
1610612749,201972,Jon Brockman,0.7804878048780488,1.5121951219512195,0.0,0.0,0.7073170731707317,1.146341463414634,1.3170731707317074,1.8780487804878048,3.1951219512195124,0.34146341463414637,0.17073170731707318,0.07317073170731707,0.3902439024390244,1.951219512195122,2.268292682926829,1.525,32.0,62.0,0.0,0.0,29.0,47.0,54.0,77.0,131.0,14.0,7.0,3.0,16.0,80.0,93.0,61.0,41,638.3658536585366,26173.0
1610612766,201591,DJ White,3.310344827586207,6.413793103448276,0.0,0.06896551724137931,1.6551724137931034,2.2413793103448274,1.3103448275862069,3.206896551724138,4.517241379310345,0.6896551724137931,0.27586206896551724,0.7241379310344828,0.3103448275862069,1.8620689655172413,8.275862068965518,-3.925925925925926,96.0,186.0,0.0,2.0,48.0,65.0,38.0,93.0,131.0,20.0,8.0,21.0,9.0,54.0,240.0,-106.0,29,1119.0689655172414,32453.0
1610612766,201974,Derrick Brown,1.1764705882352942,2.411764705882353,0.0,0.17647058823529413,0.5294117647058824,1.0588235294117647,1.3529411764705883,1.1764705882352942,2.5294117647058822,0.7058823529411765,0.23529411764705882,0.058823529411764705,0.47058823529411764,1.0,2.8823529411764706,-0.7333333333333333,20.0,41.0,0.0,3.0,9.0,18.0,23.0,20.0,43.0,12.0,4.0,1.0,8.0,17.0,49.0,-11.0,17,526.7058823529412,8954.0
