TEAM_ID,PLAYER_ID,PLAYER_NAME,avg(FGM),avg(FGA),avg(FG3M),avg(FG3A),avg(FTM),avg(FTA),avg(OREB),avg(DREB),avg(REB),avg(AST),avg(STL),avg(BLK),avg(TO),avg(PF),avg(PTS),avg(PLUS_MINUS),sum(FGM),sum(FGA),sum(FG3M),sum(FG3A),sum(FTM),sum(FTA),sum(OREB),sum(DREB),sum(REB),sum(AST),sum(STL),sum(BLK),sum(TO),sum(PF),sum(PTS),sum(PLUS_MINUS),sum(ifminute),avg(seconds),sum(seconds)
1610612758,201574,Jason Thompson,3.789473684210526,7.228070175438597,0.0,0.03508771929824561,1.5789473684210527,2.754385964912281,1.894736842105263,4.0,5.894736842105263,1.280701754385965,0.49122807017543857,0.6842105263157895,1.3859649122807018,2.912280701754386,9.157894736842104,-2.2,216.0,412.0,0.0,2.0,90.0,157.0,108.0,228.0,336.0,73.0,28.0,39.0,79.0,166.0,522.0,-121.0,57,1396.7368421052631,79614.0
1610612751,2743,Kris Humphries,4.782608695652174,9.065217391304348,0.0,0.021739130434782608,2.152173913043478,3.282608695652174,3.4130434782608696,7.804347826086956,11.217391304347826,1.2826086956521738,0.4782608695652174,1.0217391304347827,1.6304347826086956,2.347826086956522,11.717391304347826,-1.6666666666666667,220.0,417.0,0.0,1.0,99.0,151.0,157.0,359.0,516.0,59.0,22.0,47.0,75.0,108.0,539.0,-75.0,46,1790.5434782608695,82365.0
1610612751,2566,Travis Outlaw,3.061224489795918,8.204081632653061,0.7959183673469388,2.7755102040816326,1.3877551020408163,1.836734693877551,0.7346938775510204,2.979591836734694,3.7142857142857144,1.0408163265306123,0.4489795918367347,0.46938775510204084,0.7959183673469388,1.5918367346938775,8.306122448979592,-3.9183673469387754,150.0,402.0,39.0,136.0,68.0,90.0,36.0,146.0,182.0,51.0,22.0,23.0,39.0,78.0,407.0,-192.0,49,1593.469387755102,78080.0
