TEAM_ID,PLAYER_ID,PLAYER_NAME,avg(FGM),avg(FGA),avg(FG3M),avg(FG3A),avg(FTM),avg(FTA),avg(OREB),avg(DREB),avg(REB),avg(AST),avg(STL),avg(BLK),avg(TO),avg(PF),avg(PTS),avg(PLUS_MINUS),sum(FGM),sum(FGA),sum(FG3M),sum(FG3A),sum(FTM),sum(FTA),sum(OREB),sum(DREB),sum(REB),sum(AST),sum(STL),sum(BLK),sum(TO),sum(PF),sum(PTS),sum(PLUS_MINUS),sum(ifminute),avg(seconds),sum(seconds)
1610612760,1737,Nazr Mohammed,1.2054794520547945,2.6164383561643834,0.0,0.0136986301369863,0.2054794520547945,0.3698630136986301,0.9315068493150684,1.7397260273972603,2.671232876712329,0.2054794520547945,0.273972602739726,0.5616438356164384,0.4383561643835616,1.6849315068493151,2.6164383561643834,0.7746478873239436,88.0,191.0,0.0,1.0,15.0,27.0,68.0,127.0,195.0,15.0,20.0,41.0,32.0,123.0,191.0,55.0,73,637.2054794520548,46516.0
1610612766,1894,Corey Maggette,4.363636363636363,11.606060606060606,0.7575757575757576,2.0303030303030303,5.606060606060606,6.606060606060606,0.6363636363636364,3.303030303030303,3.9393939393939394,1.2121212121212122,0.696969696969697,0.030303030303030304,1.8181818181818181,2.5757575757575757,15.090909090909092,-8.59375,144.0,383.0,25.0,67.0,185.0,218.0,21.0,109.0,130.0,40.0,23.0,1.0,60.0,85.0,498.0,-275.0,33,1601.939393939394,52864.0
