TEAM_ID,PLAYER_ID,PLAYER_NAME,avg(FGM),avg(FGA),avg(FG3M),avg(FG3A),avg(FTM),avg(FTA),avg(OREB),avg(DREB),avg(REB),avg(AST),avg(STL),avg(BLK),avg(TO),avg(PF),avg(PTS),avg(PLUS_MINUS),sum(FGM),sum(FGA),sum(FG3M),sum(FG3A),sum(FTM),sum(FTA),sum(OREB),sum(DREB),sum(REB),sum(AST),sum(STL),sum(BLK),sum(TO),sum(PF),sum(PTS),sum(PLUS_MINUS),sum(ifminute),avg(seconds),sum(seconds)
1610612762,101139,CJ Miles,4.584905660377358,11.415094339622641,1.3773584905660377,4.2075471698113205,2.3773584905660377,2.943396226415094,0.6792452830188679,2.509433962264151,3.188679245283019,1.6037735849056605,0.9056603773584906,0.4716981132075472,1.3396226415094339,2.943396226415094,12.924528301886792,-2.6470588235294117,243.0,605.0,73.0,223.0,126.0,156.0,36.0,133.0,169.0,85.0,48.0,25.0,71.0,156.0,685.0,-135.0,53,1492.9433962264152,79126.0
1610612763,2216,Zach Randolph,7.969230769230769,15.938461538461539,0.13846153846153847,0.6,4.769230769230769,6.123076923076923,4.0,7.4,11.4,2.3692307692307693,0.9538461538461539,0.4,2.076923076923077,2.646153846153846,20.846153846153847,3.5555555555555554,518.0,1036.0,9.0,39.0,310.0,398.0,260.0,481.0,741.0,154.0,62.0,26.0,135.0,172.0,1355.0,224.0,65,2148.1846153846154,139632.0
