TEAM_ID,PLAYER_ID,PLAYER_NAME,avg(FGM),avg(FGA),avg(FG3M),avg(FG3A),avg(FTM),avg(FTA),avg(OREB),avg(DREB),avg(REB),avg(AST),avg(STL),avg(BLK),avg(TO),avg(PF),avg(PTS),avg(PLUS_MINUS),sum(FGM),sum(FGA),sum(FG3M),sum(FG3A),sum(FTM),sum(FTA),sum(OREB),sum(DREB),sum(REB),sum(AST),sum(STL),sum(BLK),sum(TO),sum(PF),sum(PTS),sum(PLUS_MINUS),sum(ifminute),avg(seconds),sum(seconds)
1610612748,201596,Mario Chalmers,3.5730337078651684,8.01123595505618,1.5168539325842696,4.0,1.4269662921348314,1.853932584269663,0.3258426966292135,2.6179775280898876,2.943820224719101,3.595505617977528,1.4606741573033708,0.20224719101123595,2.101123595505618,2.6741573033707864,10.089887640449438,5.7011494252873565,318.0,713.0,135.0,356.0,127.0,165.0,29.0,233.0,262.0,320.0,130.0,18.0,187.0,238.0,898.0,496.0,89,1782.7977528089887,158669.0
1610612754,201588,George Hill,3.4603174603174605,7.904761904761905,1.0952380952380953,3.015873015873016,2.0793650793650795,2.634920634920635,0.6507936507936508,2.1587301587301586,2.8095238095238093,2.857142857142857,0.873015873015873,0.31746031746031744,1.2063492063492063,1.9523809523809523,10.095238095238095,2.557377049180328,218.0,498.0,69.0,190.0,131.0,166.0,41.0,136.0,177.0,180.0,55.0,20.0,76.0,123.0,636.0,156.0,63,1543.936507936508,97268.0
1610612746,201599,DeAndre Jordan,2.9873417721518987,4.8354430379746836,0.0,0.012658227848101266,1.0632911392405062,2.151898734177215,2.8354430379746836,4.974683544303797,7.810126582278481,0.26582278481012656,0.4810126582278481,2.0126582278481013,1.0379746835443038,2.7341772151898733,7.037974683544304,1.0,236.0,382.0,0.0,1.0,84.0,170.0,224.0,393.0,617.0,21.0,38.0,159.0,82.0,216.0,556.0,77.0,79,1555.7215189873418,122902.0
1610612756,202693,Markieff Morris,2.8,6.953846153846154,0.6923076923076923,2.0,1.2307692307692308,1.7076923076923076,1.1076923076923078,3.4153846153846152,4.523076923076923,1.0153846153846153,0.676923076923077,0.7076923076923077,1.1076923076923078,2.9384615384615387,7.523076923076923,-1.1587301587301588,182.0,452.0,45.0,130.0,80.0,111.0,72.0,222.0,294.0,66.0,44.0,46.0,72.0,191.0,489.0,-73.0,65,1133.3076923076924,73665.0
1610612744,2596,Tommy Smith,1.0,1.0,0.0,0.0,0.0,0.0,1.0,0.0,1.0,0.0,0.0,0.0,0.0,1.0,2.0,"",1.0,1.0,0.0,0.0,0.0,0.0,1.0,0.0,1.0,0.0,0.0,0.0,0.0,1.0,2.0,"",1,5.0,5.0
