TEAM_ID,PLAYER_ID,PLAYER_NAME,avg(FGM),avg(FGA),avg(FG3M),avg(FG3A),avg(FTM),avg(FTA),avg(OREB),avg(DREB),avg(REB),avg(AST),avg(STL),avg(BLK),avg(TO),avg(PF),avg(PTS),avg(PLUS_MINUS),sum(FGM),sum(FGA),sum(FG3M),sum(FG3A),sum(FTM),sum(FTA),sum(OREB),sum(DREB),sum(REB),sum(AST),sum(STL),sum(BLK),sum(TO),sum(PF),sum(PTS),sum(PLUS_MINUS),sum(ifminute),avg(seconds),sum(seconds)
1610612742,101133,Ian Mahinmi,2.1492537313432836,4.0,0.0,0.014925373134328358,1.6119402985074627,2.4477611940298507,1.8208955223880596,2.970149253731343,4.791044776119403,0.208955223880597,0.6567164179104478,0.5373134328358209,0.7910447761194029,2.91044776119403,5.91044776119403,1.2307692307692308,144.0,268.0,0.0,1.0,108.0,164.0,122.0,199.0,321.0,14.0,44.0,36.0,53.0,195.0,396.0,80.0,67,1083.686567164179,72607.0
1610612757,202701,Nolan Smith,1.5,4.065217391304348,0.2826086956521739,1.0,0.43478260869565216,0.6086956521739131,0.391304347826087,0.9347826086956522,1.326086956521739,1.391304347826087,0.391304347826087,0.06521739130434782,0.9347826086956522,1.2391304347826086,3.717391304347826,-3.340909090909091,69.0,187.0,13.0,46.0,20.0,28.0,18.0,43.0,61.0,64.0,18.0,3.0,43.0,57.0,171.0,-147.0,46,706.1521739130435,32483.0
1610612764,101142,Ronny Turiaf,0.8333333333333334,1.0,0.0,0.0,0.0,0.16666666666666666,0.3333333333333333,2.3333333333333335,2.6666666666666665,1.0,1.0,0.5,1.1666666666666667,1.3333333333333333,1.6666666666666667,3.75,5.0,6.0,0.0,0.0,0.0,1.0,2.0,14.0,16.0,6.0,6.0,3.0,7.0,8.0,10.0,15.0,6,584.8333333333334,3509.0
