TEAM_ID,PLAYER_ID,PLAYER_NAME,avg(FGM),avg(FGA),avg(FG3M),avg(FG3A),avg(FTM),avg(FTA),avg(OREB),avg(DREB),avg(REB),avg(AST),avg(STL),avg(BLK),avg(TO),avg(PF),avg(PTS),avg(PLUS_MINUS),sum(FGM),sum(FGA),sum(FG3M),sum(FG3A),sum(FTM),sum(FTA),sum(OREB),sum(DREB),sum(REB),sum(AST),sum(STL),sum(BLK),sum(TO),sum(PF),sum(PTS),sum(PLUS_MINUS),sum(ifminute),avg(seconds),sum(seconds)
1610612750,201563,Michael Beasley,4.73469387755102,10.693877551020408,0.7959183673469388,2.1020408163265305,1.4489795918367347,2.183673469387755,0.8571428571428571,3.5306122448979593,4.387755102040816,0.9795918367346939,0.3877551020408163,0.42857142857142855,1.6734693877551021,1.7755102040816326,11.714285714285714,-1.6382978723404256,232.0,524.0,39.0,103.0,71.0,107.0,42.0,173.0,215.0,48.0,19.0,21.0,82.0,87.0,574.0,-77.0,49,1332.4489795918366,65290.0
1610612766,202687,Bismack Biyombo,2.015625,4.34375,0.0,0.0,1.09375,2.265625,1.78125,4.0,5.78125,0.421875,0.3125,1.828125,1.171875,2.3125,5.125,-7.333333333333333,129.0,278.0,0.0,0.0,70.0,145.0,114.0,256.0,370.0,27.0,20.0,117.0,75.0,148.0,328.0,-462.0,64,1364.546875,87331.0
1610612744,202728,Keith Benson,0.0,0.3333333333333333,0.0,0.0,0.0,0.0,0.6666666666666666,0.3333333333333333,1.0,0.0,0.0,0.0,0.0,0.0,0.0,2.3333333333333335,0.0,1.0,0.0,0.0,0.0,0.0,2.0,1.0,3.0,0.0,0.0,0.0,0.0,0.0,0.0,7.0,3,182.66666666666666,548.0
