TEAM_ID,PLAYER_ID,PLAYER_NAME,avg(FGM),avg(FGA),avg(FG3M),avg(FG3A),avg(FTM),avg(FTA),avg(OREB),avg(DREB),avg(REB),avg(AST),avg(STL),avg(BLK),avg(TO),avg(PF),avg(PTS),avg(PLUS_MINUS),sum(FGM),sum(FGA),sum(FG3M),sum(FG3A),sum(FTM),sum(FTA),sum(OREB),sum(DREB),sum(REB),sum(AST),sum(STL),sum(BLK),sum(TO),sum(PF),sum(PTS),sum(PLUS_MINUS),sum(ifminute),avg(seconds),sum(seconds)
1610612752,201611,Henry Walker,2.0434782608695654,4.673913043478261,1.108695652173913,2.869565217391304,0.6739130434782609,0.9347826086956522,0.3695652173913043,2.0434782608695654,2.4130434782608696,0.6956521739130435,0.6086956521739131,0.13043478260869565,0.782608695652174,1.8478260869565217,5.869565217391305,1.565217391304348,94.0,215.0,51.0,132.0,31.0,43.0,17.0,94.0,111.0,32.0,28.0,6.0,36.0,85.0,270.0,72.0,46,916.3695652173913,42153.0
1610612752,101209,Devin Green,1.0,2.0,0.5,1.0,0.5,1.0,0.5,0.0,0.5,0.5,0.5,1.0,0.0,2.0,3.0,"",2.0,4.0,1.0,2.0,1.0,2.0,1.0,0.0,1.0,1.0,1.0,2.0,0.0,4.0,6.0,"",2,7.0,14.0
