TEAM_ID,PLAYER_ID,PLAYER_NAME,avg(FGM),avg(FGA),avg(FG3M),avg(FG3A),avg(FTM),avg(FTA),avg(OREB),avg(DREB),avg(REB),avg(AST),avg(STL),avg(BLK),avg(TO),avg(PF),avg(PTS),avg(PLUS_MINUS),sum(FGM),sum(FGA),sum(FG3M),sum(FG3A),sum(FTM),sum(FTA),sum(OREB),sum(DREB),sum(REB),sum(AST),sum(STL),sum(BLK),sum(TO),sum(PF),sum(PTS),sum(PLUS_MINUS),sum(ifminute),avg(seconds),sum(seconds)
1610612755,101150,Lou Williams,4.781818181818182,11.363636363636363,1.290909090909091,3.5454545454545454,4.054545454545455,4.909090909090909,0.4909090909090909,1.709090909090909,2.2,3.2363636363636363,0.6909090909090909,0.21818181818181817,1.2363636363636363,1.7272727272727273,14.909090909090908,1.3018867924528301,263.0,625.0,71.0,195.0,223.0,270.0,27.0,94.0,121.0,178.0,38.0,12.0,68.0,95.0,820.0,69.0,55,1426.9272727272728,78481.0
1610612754,200811,Lou Amundson,0.0,1.6666666666666667,0.0,0.0,0.6666666666666666,0.6666666666666666,0.6666666666666666,0.6666666666666666,1.3333333333333333,0.0,0.6666666666666666,0.6666666666666666,0.3333333333333333,2.6666666666666665,0.6666666666666666,-1.0,0.0,5.0,0.0,0.0,2.0,2.0,2.0,2.0,4.0,0.0,2.0,2.0,1.0,8.0,2.0,-3.0,3,485.6666666666667,1457.0
