TEAM_ID,PLAYER_ID,PLAYER_NAME,avg(FGM),avg(FGA),avg(FG3M),avg(FG3A),avg(FTM),avg(FTA),avg(OREB),avg(DREB),avg(REB),avg(AST),avg(STL),avg(BLK),avg(TO),avg(PF),avg(PTS),avg(PLUS_MINUS),sum(FGM),sum(FGA),sum(FG3M),sum(FG3A),sum(FTM),sum(FTA),sum(OREB),sum(DREB),sum(REB),sum(AST),sum(STL),sum(BLK),sum(TO),sum(PF),sum(PTS),sum(PLUS_MINUS),sum(ifminute),avg(seconds),sum(seconds)
1610612740,202349,Greivis Vasquez,2.3333333333333335,6.666666666666667,0.3333333333333333,2.3333333333333335,1.6666666666666667,1.6666666666666667,0.0,2.0,2.0,3.0,1.3333333333333333,0.0,1.6666666666666667,0.6666666666666666,6.666666666666667,3.3333333333333335,7.0,20.0,1.0,7.0,5.0,5.0,0.0,6.0,6.0,9.0,4.0,0.0,5.0,2.0,20.0,10.0,3,1176.6666666666667,3530.0
1610612738,202734,E'Twaun Moore,0.8,2.6,0.2,0.6,1.2,1.6,0.2,0.8,1.0,0.4,0.2,0.0,0.6,0.8,3.0,-3.6666666666666665,4.0,13.0,1.0,3.0,6.0,8.0,1.0,4.0,5.0,2.0,1.0,0.0,3.0,4.0,15.0,-11.0,5,139.4,697.0
1610612759,202390,Gary Neal,3.8333333333333335,8.444444444444445,1.537037037037037,3.6666666666666665,1.0925925925925926,1.3703703703703705,0.2222222222222222,2.2037037037037037,2.425925925925926,1.3148148148148149,0.2777777777777778,0.07407407407407407,1.0555555555555556,1.8888888888888888,10.296296296296296,-0.3148148148148148,207.0,456.0,83.0,198.0,59.0,74.0,12.0,119.0,131.0,71.0,15.0,4.0,57.0,102.0,556.0,-17.0,54,1354.6296296296296,73150.0
