TEAM_ID,PLAYER_ID,PLAYER_NAME,avg(FGM),avg(FGA),avg(FG3M),avg(FG3A),avg(FTM),avg(FTA),avg(OREB),avg(DREB),avg(REB),avg(AST),avg(STL),avg(BLK),avg(TO),avg(PF),avg(PTS),avg(PLUS_MINUS),sum(FGM),sum(FGA),sum(FG3M),sum(FG3A),sum(FTM),sum(FTA),sum(OREB),sum(DREB),sum(REB),sum(AST),sum(STL),sum(BLK),sum(TO),sum(PF),sum(PTS),sum(PLUS_MINUS),sum(ifminute),avg(seconds),sum(seconds)
1610612744,202719,Jeremy Tyler,0.4,1.0,0.0,0.0,0.0,0.0,0.2,1.0,1.2,0.0,0.0,0.2,0.6,1.0,0.8,-1.3333333333333333,2.0,5.0,0.0,0.0,0.0,0.0,1.0,5.0,6.0,0.0,0.0,1.0,3.0,5.0,4.0,-4.0,5,57.8,289.0
1610612745,201978,Chase Budinger,3.8181818181818183,8.545454545454545,1.2181818181818183,3.4909090909090907,1.6727272727272726,1.9090909090909092,0.6363636363636364,2.981818181818182,3.618181818181818,1.5636363636363637,0.509090909090909,0.21818181818181817,0.9090909090909091,1.4363636363636363,10.527272727272727,3.2452830188679247,210.0,470.0,67.0,192.0,92.0,105.0,35.0,164.0,199.0,86.0,28.0,12.0,50.0,79.0,579.0,172.0,55,1381.0545454545454,75958.0
1610612745,201944,Terrence Williams,1.9375,4.8125,0.375,1.1875,0.6875,1.0,0.125,2.1875,2.3125,1.0,0.375,0.0625,0.875,0.8125,4.9375,-1.5714285714285714,31.0,77.0,6.0,19.0,11.0,16.0,2.0,35.0,37.0,16.0,6.0,1.0,14.0,13.0,79.0,-22.0,16,559.75,8956.0
1610612765,2732,Ben Gordon,4.074074074074074,9.5,1.3333333333333333,3.3703703703703702,1.6666666666666667,1.9814814814814814,0.5185185185185185,1.6666666666666667,2.185185185185185,2.0555555555555554,0.46296296296296297,0.2222222222222222,1.5740740740740742,1.962962962962963,11.148148148148149,-2.6792452830188678,220.0,513.0,72.0,182.0,90.0,107.0,28.0,90.0,118.0,111.0,25.0,12.0,85.0,106.0,602.0,-142.0,54,1494.6851851851852,80713.0
1610612763,200796,Leon Powe,1.6,3.4,0.0,0.1,1.55,2.5,0.5,0.95,1.45,0.25,0.15,0.05,0.35,1.2,4.75,-1.2,32.0,68.0,0.0,2.0,31.0,50.0,10.0,19.0,29.0,5.0,3.0,1.0,7.0,24.0,95.0,-24.0,20,464.6,9292.0
