TEAM_ID,PLAYER_ID,PLAYER_NAME,avg(FGM),avg(FGA),avg(FG3M),avg(FG3A),avg(FTM),avg(FTA),avg(OREB),avg(DREB),avg(REB),avg(AST),avg(STL),avg(BLK),avg(TO),avg(PF),avg(PTS),avg(PLUS_MINUS),sum(FGM),sum(FGA),sum(FG3M),sum(FG3A),sum(FTM),sum(FTA),sum(OREB),sum(DREB),sum(REB),sum(AST),sum(STL),sum(BLK),sum(TO),sum(PF),sum(PTS),sum(PLUS_MINUS),sum(ifminute),avg(seconds),sum(seconds)
1610612741,2736,Luol Deng,5.758064516129032,13.790322580645162,1.4193548387096775,3.935483870967742,2.2580645161290325,2.935483870967742,1.4193548387096775,5.241935483870968,6.661290322580645,2.725806451612903,1.0161290322580645,0.7419354838709677,1.7903225806451613,1.4838709677419355,15.193548387096774,6.083333333333333,357.0,855.0,88.0,244.0,140.0,182.0,88.0,325.0,413.0,169.0,63.0,46.0,111.0,92.0,942.0,365.0,62,2281.8225806451615,141473.0
1610612740,101127,Jarrett Jack,5.851063829787234,12.851063829787234,0.8936170212765957,2.5106382978723403,2.9148936170212765,3.3404255319148937,0.5106382978723404,3.425531914893617,3.9361702127659575,6.361702127659575,0.7446808510638298,0.2127659574468085,2.276595744680851,2.0425531914893615,15.51063829787234,-5.844444444444444,275.0,604.0,42.0,118.0,137.0,157.0,24.0,161.0,185.0,299.0,35.0,10.0,107.0,96.0,729.0,-263.0,47,1954.7659574468084,91874.0
1610612737,202728,Keith Benson,1.0,2.5,0.0,0.0,0.0,0.0,1.0,0.5,1.5,0.0,1.0,1.5,0.5,1.5,2.0,"",2.0,5.0,0.0,0.0,0.0,0.0,2.0,1.0,3.0,0.0,2.0,3.0,1.0,3.0,4.0,"",2,12.0,24.0
