TEAM_ID,PLAYER_ID,PLAYER_NAME,avg(FGM),avg(FGA),avg(FG3M),avg(FG3A),avg(FTM),avg(FTA),avg(OREB),avg(DREB),avg(REB),avg(AST),avg(STL),avg(BLK),avg(TO),avg(PF),avg(PTS),avg(PLUS_MINUS),sum(FGM),sum(FGA),sum(FG3M),sum(FG3A),sum(FTM),sum(FTA),sum(OREB),sum(DREB),sum(REB),sum(AST),sum(STL),sum(BLK),sum(TO),sum(PF),sum(PTS),sum(PLUS_MINUS),sum(ifminute),avg(seconds),sum(seconds)
1610612742,1891,Jason Terry,5.974025974025974,12.974025974025974,1.7142857142857142,4.415584415584416,2.4935064935064934,2.961038961038961,0.2987012987012987,1.5194805194805194,1.8181818181818181,3.6233766233766236,1.0389610389610389,0.12987012987012986,1.8181818181818181,1.7142857142857142,16.155844155844157,4.2368421052631575,460.0,999.0,132.0,340.0,192.0,228.0,23.0,117.0,140.0,279.0,80.0,10.0,140.0,132.0,1244.0,322.0,77,1851.4805194805194,142564.0
1610612753,2240,Gilbert Arenas,2.765957446808511,7.914893617021277,0.8723404255319149,3.4680851063829787,1.3191489361702127,1.7659574468085106,0.40425531914893614,1.9148936170212767,2.3191489361702127,2.7872340425531914,0.7659574468085106,0.1702127659574468,1.9574468085106382,2.234042553191489,7.723404255319149,0.6382978723404256,130.0,372.0,41.0,163.0,62.0,83.0,19.0,90.0,109.0,131.0,36.0,8.0,92.0,105.0,363.0,30.0,47,1252.2340425531916,58855.0
1610612744,2429,Dan Gadzuric,1.1666666666666667,3.5,0.0,0.16666666666666666,0.16666666666666666,0.3333333333333333,2.5,0.6666666666666666,3.1666666666666665,0.16666666666666666,0.5,1.0,0.5,2.8333333333333335,2.5,1.5,7.0,21.0,0.0,1.0,1.0,2.0,15.0,4.0,19.0,1.0,3.0,6.0,3.0,17.0,15.0,9.0,6,589.8333333333334,3539.0
