TEAM_ID,PLAYER_ID,PLAYER_NAME,avg(FGM),avg(FGA),avg(FG3M),avg(FG3A),avg(FTM),avg(FTA),avg(OREB),avg(DREB),avg(REB),avg(AST),avg(STL),avg(BLK),avg(TO),avg(PF),avg(PTS),avg(PLUS_MINUS),sum(FGM),sum(FGA),sum(FG3M),sum(FG3A),sum(FTM),sum(FTA),sum(OREB),sum(DREB),sum(REB),sum(AST),sum(STL),sum(BLK),sum(TO),sum(PF),sum(PTS),sum(PLUS_MINUS),sum(ifminute),avg(seconds),sum(seconds)
1610612758,202715,Tyler Honeycutt,0.5882352941176471,1.6470588235294117,0.11764705882352941,0.29411764705882354,0.23529411764705882,0.4117647058823529,0.23529411764705882,0.6470588235294118,0.8823529411764706,0.47058823529411764,0.23529411764705882,0.23529411764705882,0.29411764705882354,0.17647058823529413,1.5294117647058822,-0.5333333333333333,10.0,28.0,2.0,5.0,4.0,7.0,4.0,11.0,15.0,8.0,4.0,4.0,5.0,3.0,26.0,-8.0,17,311.8235294117647,5301.0
1610612759,202371,Gani Lawal,0.5,3.0,0.0,0.0,0.5,0.5,0.5,2.0,2.5,0.0,0.0,0.5,1.0,1.5,1.5,"",1.0,6.0,0.0,0.0,1.0,1.0,1.0,4.0,5.0,0.0,0.0,1.0,2.0,3.0,3.0,"",2,11.5,23.0
1610612763,1962936489,Brian Skinner,2.0,5.0,0.0,0.0,0.0,0.0,2.0,7.0,9.0,0.0,1.0,2.0,0.0,3.0,4.0,"",2.0,5.0,0.0,0.0,0.0,0.0,2.0,7.0,9.0,0.0,1.0,2.0,0.0,3.0,4.0,"",1,28.0,28.0
