TEAM_ID,PLAYER_ID,PLAYER_NAME,avg(FGM),avg(FGA),avg(FG3M),avg(FG3A),avg(FTM),avg(FTA),avg(OREB),avg(DREB),avg(REB),avg(AST),avg(STL),avg(BLK),avg(TO),avg(PF),avg(PTS),avg(PLUS_MINUS),sum(FGM),sum(FGA),sum(FG3M),sum(FG3A),sum(FTM),sum(FTA),sum(OREB),sum(DREB),sum(REB),sum(AST),sum(STL),sum(BLK),sum(TO),sum(PF),sum(PTS),sum(PLUS_MINUS),sum(ifminute),avg(seconds),sum(seconds)
1610612741,202710,Jimmy Butler,0.7446808510638298,1.7446808510638299,0.0425531914893617,0.23404255319148937,0.9574468085106383,1.2765957446808511,0.48936170212765956,0.723404255319149,1.2127659574468086,0.3191489361702128,0.2553191489361702,0.10638297872340426,0.2978723404255319,0.46808510638297873,2.4893617021276597,1.6222222222222222,35.0,82.0,2.0,11.0,45.0,60.0,23.0,34.0,57.0,15.0,12.0,5.0,14.0,22.0,117.0,73.0,47,463.9574468085106,21806.0
1610612737,201274,Ivan Johnson,2.4603174603174605,4.888888888888889,0.031746031746031744,0.1111111111111111,1.2063492063492063,1.6825396825396826,1.2222222222222223,2.873015873015873,4.095238095238095,0.5238095238095238,0.7936507936507936,0.2857142857142857,1.1587301587301588,1.9682539682539681,6.158730158730159,0.3114754098360656,155.0,308.0,2.0,7.0,76.0,106.0,77.0,181.0,258.0,33.0,50.0,18.0,73.0,124.0,388.0,19.0,63,942.3333333333334,59367.0
1610612744,202874,Chris Wright,1.04,1.96,0.0,0.0,0.96,1.32,0.84,1.08,1.92,0.16,0.36,0.6,0.36,0.88,3.04,-0.875,26.0,49.0,0.0,0.0,24.0,33.0,21.0,27.0,48.0,4.0,9.0,15.0,9.0,22.0,76.0,-21.0,25,446.44,11161.0
1610612744,2853,Earl Barron,1.0,2.0,0.0,0.0,0.0,0.0,0.5,0.0,0.5,0.0,0.0,0.0,0.0,2.5,2.0,-1.0,2.0,4.0,0.0,0.0,0.0,0.0,1.0,0.0,1.0,0.0,0.0,0.0,0.0,5.0,4.0,-2.0,2,261.5,523.0
