TEAM_ID,PLAYER_ID,PLAYER_NAME,avg(FGM),avg(FGA),avg(FG3M),avg(FG3A),avg(FTM),avg(FTA),avg(OREB),avg(DREB),avg(REB),avg(AST),avg(STL),avg(BLK),avg(TO),avg(PF),avg(PTS),avg(PLUS_MINUS),sum(FGM),sum(FGA),sum(FG3M),sum(FG3A),sum(FTM),sum(FTA),sum(OREB),sum(DREB),sum(REB),sum(AST),sum(STL),sum(BLK),sum(TO),sum(PF),sum(PTS),sum(PLUS_MINUS),sum(ifminute),avg(seconds),sum(seconds)
1610612766,201945,Gerald Henderson,5.894736842105263,12.824561403508772,0.19298245614035087,0.8245614035087719,2.754385964912281,3.6140350877192984,1.1228070175438596,2.8596491228070176,3.982456140350877,2.210526315789474,0.8771929824561403,0.3508771929824561,1.8070175438596492,2.3684210526315788,14.736842105263158,-8.945454545454545,336.0,731.0,11.0,47.0,157.0,206.0,64.0,163.0,227.0,126.0,50.0,20.0,103.0,135.0,840.0,-492.0,57,1928.3684210526317,109917.0
