TEAM_ID,PLAYER_ID,PLAYER_NAME,avg(FGM),avg(FGA),avg(FG3M),avg(FG3A),avg(FTM),avg(FTA),avg(OREB),avg(DREB),avg(REB),avg(AST),avg(STL),avg(BLK),avg(TO),avg(PF),avg(PTS),avg(PLUS_MINUS),sum(FGM),sum(FGA),sum(FG3M),sum(FG3A),sum(FTM),sum(FTA),sum(OREB),sum(DREB),sum(REB),sum(AST),sum(STL),sum(BLK),sum(TO),sum(PF),sum(PTS),sum(PLUS_MINUS),sum(ifminute),avg(seconds),sum(seconds)
1610612755,201950,Jrue Holiday,5.45,12.016666666666667,1.1333333333333333,2.85,1.9833333333333334,2.3333333333333335,0.8,3.316666666666667,4.116666666666666,6.116666666666666,1.5666666666666667,0.35,2.6333333333333333,2.2666666666666666,14.016666666666667,2.689655172413793,327.0,721.0,68.0,171.0,119.0,140.0,48.0,199.0,247.0,367.0,94.0,21.0,158.0,136.0,841.0,156.0,60,2088.3,125298.0
1610612755,2804,Andres Nocioni,1.5,3.8461538461538463,0.5,1.5769230769230769,0.6923076923076923,0.8461538461538461,0.3076923076923077,2.230769230769231,2.5384615384615383,0.8076923076923077,0.11538461538461539,0.11538461538461539,0.6538461538461539,1.6538461538461537,4.1923076923076925,-1.9230769230769231,39.0,100.0,13.0,41.0,18.0,22.0,8.0,58.0,66.0,21.0,3.0,3.0,17.0,43.0,109.0,-50.0,26,864.0769230769231,22466.0
1610612766,201945,Gerald Henderson,4.678571428571429,10.178571428571429,0.16071428571428573,0.625,2.232142857142857,2.75,0.8392857142857143,2.6607142857142856,3.5,1.7321428571428572,0.8928571428571429,0.5357142857142857,1.1428571428571428,2.0357142857142856,11.75,-1.8888888888888888,262.0,570.0,9.0,35.0,125.0,154.0,47.0,149.0,196.0,97.0,50.0,30.0,64.0,114.0,658.0,-102.0,56,1667.232142857143,93365.0
1610612749,202699,Tobias Harris,1.0,4.0,0.0,1.0,2.0,2.0,0.0,1.0,1.0,1.0,0.0,0.0,0.0,1.0,4.0,"",1.0,4.0,0.0,1.0,2.0,2.0,0.0,1.0,1.0,1.0,0.0,0.0,0.0,1.0,4.0,"",1,7.0,7.0
