TEAM_ID,PLAYER_ID,PLAYER_NAME,avg(FGM),avg(FGA),avg(FG3M),avg(FG3A),avg(FTM),avg(FTA),avg(OREB),avg(DREB),avg(REB),avg(AST),avg(STL),avg(BLK),avg(TO),avg(PF),avg(PTS),avg(PLUS_MINUS),sum(FGM),sum(FGA),sum(FG3M),sum(FG3A),sum(FTM),sum(FTA),sum(OREB),sum(DREB),sum(REB),sum(AST),sum(STL),sum(BLK),sum(TO),sum(PF),sum(PTS),sum(PLUS_MINUS),sum(ifminute),avg(seconds),sum(seconds)
1610612743,201960,DeMarre Carroll,2.6666666666666665,3.6666666666666665,0.3333333333333333,0.6666666666666666,1.6666666666666667,1.6666666666666667,0.0,1.3333333333333333,1.3333333333333333,1.0,0.3333333333333333,0.0,0.3333333333333333,0.6666666666666666,7.333333333333333,-7.0,8.0,11.0,1.0,2.0,5.0,5.0,0.0,4.0,4.0,3.0,1.0,0.0,1.0,2.0,22.0,-7.0,3,126.66666666666667,380.0
1610612753,2730,Dwight Howard,8.084745762711865,13.35593220338983,0.0,0.0847457627118644,7.203389830508475,11.898305084745763,4.254237288135593,10.525423728813559,14.779661016949152,1.5084745762711864,1.3728813559322033,2.3220338983050848,3.6440677966101696,3.152542372881356,23.372881355932204,7.7894736842105265,477.0,788.0,0.0,5.0,425.0,702.0,251.0,621.0,872.0,89.0,81.0,137.0,215.0,186.0,1379.0,444.0,59,2287.813559322034,134981.0
1610612752,201974,Derrick Brown,1.5,2.25,0.375,0.5,0.875,1.625,1.125,0.75,1.875,0.5,0.5,0.25,0.875,1.375,4.25,-3.25,12.0,18.0,3.0,4.0,7.0,13.0,9.0,6.0,15.0,4.0,4.0,2.0,7.0,11.0,34.0,-26.0,8,657.25,5258.0
1610612750,201147,Corey Brewer,3.1739130434782608,7.521739130434782,0.4782608695652174,1.6521739130434783,1.9565217391304348,2.9565217391304346,0.9130434782608695,1.565217391304348,2.4782608695652173,1.173913043478261,1.5217391304347827,0.34782608695652173,1.5217391304347827,2.391304347826087,8.782608695652174,-5.391304347826087,73.0,173.0,11.0,38.0,45.0,68.0,21.0,36.0,57.0,27.0,35.0,8.0,35.0,55.0,202.0,-124.0,23,1490.7826086956522,34288.0
