TEAM_ID,PLAYER_ID,PLAYER_NAME,avg(FGM),avg(FGA),avg(FG3M),avg(FG3A),avg(FTM),avg(FTA),avg(OREB),avg(DREB),avg(REB),avg(AST),avg(STL),avg(BLK),avg(TO),avg(PF),avg(PTS),avg(PLUS_MINUS),sum(FGM),sum(FGA),sum(FG3M),sum(FG3A),sum(FTM),sum(FTA),sum(OREB),sum(DREB),sum(REB),sum(AST),sum(STL),sum(BLK),sum(TO),sum(PF),sum(PTS),sum(PLUS_MINUS),sum(ifminute),avg(seconds),sum(seconds)
1610612755,202323,Evan Turner,3.0689655172413794,7.0344827586206895,0.25862068965517243,0.6551724137931034,1.3275862068965518,1.5862068965517242,0.5517241379310345,3.3448275862068964,3.896551724137931,2.103448275862069,0.603448275862069,0.1896551724137931,0.9137931034482759,1.6551724137931034,7.724137931034483,-0.07142857142857142,178.0,408.0,15.0,38.0,77.0,92.0,32.0,194.0,226.0,122.0,35.0,11.0,53.0,96.0,448.0,-4.0,58,1284.0862068965516,74477.0
1610612753,200755,JJ Redick,3.372093023255814,7.8604651162790695,1.255813953488372,3.5348837209302326,2.0930232558139537,2.3488372093023258,0.11627906976744186,1.9069767441860466,2.0232558139534884,1.6744186046511629,0.4186046511627907,0.11627906976744186,1.069767441860465,1.4186046511627908,10.093023255813954,3.048780487804878,145.0,338.0,54.0,152.0,90.0,101.0,5.0,82.0,87.0,72.0,18.0,5.0,46.0,61.0,434.0,125.0,43,1444.0697674418604,62095.0
1610612751,2052,DeShawn Stevenson,0.75,2.5,0.75,2.5,0.5,0.5,0.0,1.0,1.0,0.75,0.25,0.0,0.0,0.75,2.75,-5.75,3.0,10.0,3.0,10.0,2.0,2.0,0.0,4.0,4.0,3.0,1.0,0.0,0.0,3.0,11.0,-23.0,4,732.0,2928.0
1610612751,101211,Stephen Graham,1.3333333333333333,3.2564102564102564,0.1282051282051282,0.4358974358974359,0.38461538461538464,0.5128205128205128,0.23076923076923078,2.076923076923077,2.3076923076923075,0.7948717948717948,0.1794871794871795,0.0,0.7435897435897436,2.0,3.1794871794871793,-5.1891891891891895,52.0,127.0,5.0,17.0,15.0,20.0,9.0,81.0,90.0,31.0,7.0,0.0,29.0,78.0,124.0,-192.0,39,958.4615384615385,37380.0
1610612746,202329,Al-Farouq Aminu,1.6326530612244898,4.571428571428571,0.2653061224489796,1.510204081632653,1.2653061224489797,1.5714285714285714,0.8979591836734694,2.183673469387755,3.0816326530612246,0.7959183673469388,0.7142857142857143,0.3877551020408163,1.1224489795918366,1.3877551020408163,4.795918367346939,-3.2244897959183674,80.0,224.0,13.0,74.0,62.0,77.0,44.0,107.0,151.0,39.0,35.0,19.0,55.0,68.0,235.0,-158.0,49,1075.591836734694,52704.0
