TEAM_ID,PLAYER_ID,PLAYER_NAME,avg(FGM),avg(FGA),avg(FG3M),avg(FG3A),avg(FTM),avg(FTA),avg(OREB),avg(DREB),avg(REB),avg(AST),avg(STL),avg(BLK),avg(TO),avg(PF),avg(PTS),avg(PLUS_MINUS),sum(FGM),sum(FGA),sum(FG3M),sum(FG3A),sum(FTM),sum(FTA),sum(OREB),sum(DREB),sum(REB),sum(AST),sum(STL),sum(BLK),sum(TO),sum(PF),sum(PTS),sum(PLUS_MINUS),sum(ifminute),avg(seconds),sum(seconds)
1610612743,1889,Andre Miller,3.7333333333333334,8.56,0.29333333333333333,1.24,2.04,2.506666666666667,0.9066666666666666,2.7333333333333334,3.64,6.733333333333333,1.0266666666666666,0.14666666666666667,2.6266666666666665,2.066666666666667,9.8,2.4246575342465753,280.0,642.0,22.0,93.0,153.0,188.0,68.0,205.0,273.0,505.0,77.0,11.0,197.0,155.0,735.0,177.0,75,1607.6133333333332,120571.0
1610612740,2772,Trevor Ariza,4.119047619047619,9.880952380952381,0.6904761904761905,2.0714285714285716,1.9047619047619047,2.4761904761904763,1.0,4.142857142857143,5.142857142857143,3.3333333333333335,1.7380952380952381,0.5952380952380952,1.880952380952381,1.7380952380952381,10.833333333333334,-4.195121951219512,173.0,415.0,29.0,87.0,80.0,104.0,42.0,174.0,216.0,140.0,73.0,25.0,79.0,73.0,455.0,-172.0,42,1929.404761904762,81035.0
1610612764,202322,John Wall,5.676470588235294,13.529411764705882,0.04411764705882353,0.6617647058823529,4.794117647058823,6.044117647058823,0.7058823529411765,3.7205882352941178,4.426470588235294,7.882352941176471,1.411764705882353,0.8529411764705882,3.8970588235294117,2.073529411764706,16.191176470588236,-3.909090909090909,386.0,920.0,3.0,45.0,326.0,411.0,48.0,253.0,301.0,536.0,96.0,58.0,265.0,141.0,1101.0,-258.0,68,2106.235294117647,143224.0
1610612739,200797,Ryan Hollins,1.12,2.36,0.0,0.0,1.48,2.44,1.16,1.24,2.4,0.28,0.16,0.52,1.08,2.44,3.72,-0.75,28.0,59.0,0.0,0.0,37.0,61.0,29.0,31.0,60.0,7.0,4.0,13.0,27.0,61.0,93.0,-18.0,25,869.48,21737.0
1610612743,2403,Nene,5.103448275862069,9.862068965517242,0.0,0.06896551724137931,3.103448275862069,4.620689655172414,1.4827586206896552,5.724137931034483,7.206896551724138,2.103448275862069,1.2758620689655173,0.896551724137931,2.6551724137931036,2.3793103448275863,13.310344827586206,1.3928571428571428,148.0,286.0,0.0,2.0,90.0,134.0,43.0,166.0,209.0,61.0,37.0,26.0,77.0,69.0,386.0,39.0,29,1709.655172413793,49580.0
1610612746,200780,Solomon Jones,0.1,0.8,0.0,0.0,0.4,0.5,1.1,0.6,1.7,0.2,0.4,0.5,0.5,1.2,0.6,-5.1,1.0,8.0,0.0,0.0,4.0,5.0,11.0,6.0,17.0,2.0,4.0,5.0,5.0,12.0,6.0,-51.0,10,576.9,5769.0
