TEAM_ID,PLAYER_ID,PLAYER_NAME,avg(FGM),avg(FGA),avg(FG3M),avg(FG3A),avg(FTM),avg(FTA),avg(OREB),avg(DREB),avg(REB),avg(AST),avg(STL),avg(BLK),avg(TO),avg(PF),avg(PTS),avg(PLUS_MINUS),sum(FGM),sum(FGA),sum(FG3M),sum(FG3A),sum(FTM),sum(FTA),sum(OREB),sum(DREB),sum(REB),sum(AST),sum(STL),sum(BLK),sum(TO),sum(PF),sum(PTS),sum(PLUS_MINUS),sum(ifminute),avg(seconds),sum(seconds)
1610612741,1627215,Walt Lemon Jr.,6.333333333333333,14.5,0.3333333333333333,0.8333333333333334,1.3333333333333333,1.8333333333333333,0.6666666666666666,3.8333333333333335,4.5,5.0,1.8333333333333333,0.16666666666666666,1.6666666666666667,2.3333333333333335,14.333333333333334,-3.8333333333333335,38.0,87.0,2.0,5.0,8.0,11.0,4.0,23.0,27.0,30.0,11.0,1.0,10.0,14.0,86.0,-23.0,6,1671.5,10029.0
