TEAM_ID,PLAYER_ID,PLAYER_NAME,avg(FGM),avg(FGA),avg(FG3M),avg(FG3A),avg(FTM),avg(FTA),avg(OREB),avg(DREB),avg(REB),avg(AST),avg(STL),avg(BLK),avg(TO),avg(PF),avg(PTS),avg(PLUS_MINUS),sum(FGM),sum(FGA),sum(FG3M),sum(FG3A),sum(FTM),sum(FTA),sum(OREB),sum(DREB),sum(REB),sum(AST),sum(STL),sum(BLK),sum(TO),sum(PF),sum(PTS),sum(PLUS_MINUS),sum(ifminute),avg(seconds),sum(seconds)
1610612741,1628374,Lauri Markkanen,5.8979591836734695,13.204081632653061,2.2653061224489797,5.795918367346939,2.1020408163265305,2.489795918367347,1.2040816326530612,6.3061224489795915,7.510204081632653,1.0612244897959184,0.7551020408163265,0.673469387755102,1.3265306122448979,1.7755102040816326,16.163265306122447,-6.408163265306122,289.0,647.0,111.0,284.0,103.0,122.0,59.0,309.0,368.0,52.0,37.0,33.0,65.0,87.0,792.0,-314.0,49,1805.4897959183672,88469.0
1610612761,202328,Greg Monroe,1.9583333333333333,4.375,0.0,0.125,0.7916666666666666,1.1666666666666667,1.625,2.2916666666666665,3.9166666666666665,0.4583333333333333,0.375,0.16666666666666666,0.625,1.5,4.708333333333333,-2.9583333333333335,47.0,105.0,0.0,3.0,19.0,28.0,39.0,55.0,94.0,11.0,9.0,4.0,15.0,36.0,113.0,-71.0,24,652.0,15648.0
1610612743,201156,Nick Young,0.75,2.25,0.75,2.0,0.0,0.0,0.0,0.25,0.25,0.5,0.0,0.25,0.5,1.0,2.25,-1.25,3.0,9.0,3.0,8.0,0.0,0.0,0.0,1.0,1.0,2.0,0.0,1.0,2.0,4.0,9.0,-5.0,4,557.0,2228.0
1610612760,203460,Andre Roberson,2.0,3.0,0.0,0.0,0.6,2.2,1.8,2.8,4.6,1.4,1.8,0.8,0.2,2.6,4.6,15.6,10.0,15.0,0.0,0.0,3.0,11.0,9.0,14.0,23.0,7.0,9.0,4.0,1.0,13.0,23.0,78.0,5,1453.0,7265.0
1610612756,203901,Elfrid Payton,4.7894736842105265,11.0,0.2631578947368421,1.3157894736842106,1.9473684210526316,2.8421052631578947,0.8947368421052632,4.368421052631579,5.2631578947368425,6.2105263157894735,1.0,0.3157894736842105,2.8421052631578947,2.6315789473684212,11.789473684210526,-13.473684210526315,91.0,209.0,5.0,25.0,37.0,54.0,17.0,83.0,100.0,118.0,19.0,6.0,54.0,50.0,224.0,-256.0,19,1740.6842105263158,33073.0
