TEAM_ID,PLAYER_ID,PLAYER_NAME,avg(FGM),avg(FGA),avg(FG3M),avg(FG3A),avg(FTM),avg(FTA),avg(OREB),avg(DREB),avg(REB),avg(AST),avg(STL),avg(BLK),avg(TO),avg(PF),avg(PTS),avg(PLUS_MINUS),sum(FGM),sum(FGA),sum(FG3M),sum(FG3A),sum(FTM),sum(FTA),sum(OREB),sum(DREB),sum(REB),sum(AST),sum(STL),sum(BLK),sum(TO),sum(PF),sum(PTS),sum(PLUS_MINUS),sum(ifminute),avg(seconds),sum(seconds)
1610612755,1629013,Landry Shamet,2.725,6.35,1.75,4.45,0.925,1.1,0.3,1.125,1.425,0.925,0.4,0.15,0.525,1.875,8.125,-1.475,109.0,254.0,70.0,178.0,37.0,44.0,12.0,45.0,57.0,37.0,16.0,6.0,21.0,75.0,325.0,-59.0,40,1220.125,48805.0
1610612758,1628368,De'Aaron Fox,5.571428571428571,12.571428571428571,1.0119047619047619,2.869047619047619,2.9523809523809526,4.071428571428571,0.5238095238095238,2.619047619047619,3.142857142857143,6.023809523809524,1.3095238095238095,0.40476190476190477,2.7023809523809526,2.369047619047619,15.107142857142858,-2.4166666666666665,468.0,1056.0,85.0,241.0,248.0,342.0,44.0,220.0,264.0,506.0,110.0,34.0,227.0,199.0,1269.0,-203.0,84,1817.654761904762,152683.0
1610612751,1629033,Theo Pinson,0.8333333333333334,2.8333333333333335,0.0,1.1666666666666667,0.3333333333333333,0.3333333333333333,0.16666666666666666,1.3333333333333333,1.5,1.3333333333333333,0.16666666666666666,0.16666666666666666,0.16666666666666666,0.3333333333333333,2.0,-1.1666666666666667,5.0,17.0,0.0,7.0,2.0,2.0,1.0,8.0,9.0,8.0,1.0,1.0,1.0,2.0,12.0,-7.0,6,585.0,3510.0
1610612739,1626224,Cedi Osman,2.6941176470588237,6.458823529411765,0.9058823529411765,2.8941176470588235,1.0705882352941176,1.5176470588235293,0.43529411764705883,2.823529411764706,3.2588235294117647,1.4352941176470588,0.4588235294117647,0.10588235294117647,0.9294117647058824,1.6588235294117648,7.364705882352941,-3.176470588235294,229.0,549.0,77.0,246.0,91.0,129.0,37.0,240.0,277.0,122.0,39.0,9.0,79.0,141.0,626.0,-270.0,85,1186.8470588235293,100882.0
