TEAM_ID,PLAYER_ID,PLAYER_NAME,avg(FGM),avg(FGA),avg(FG3M),avg(FG3A),avg(FTM),avg(FTA),avg(OREB),avg(DREB),avg(REB),avg(AST),avg(STL),avg(BLK),avg(TO),avg(PF),avg(PTS),avg(PLUS_MINUS),sum(FGM),sum(FGA),sum(FG3M),sum(FG3A),sum(FTM),sum(FTA),sum(OREB),sum(DREB),sum(REB),sum(AST),sum(STL),sum(BLK),sum(TO),sum(PF),sum(PTS),sum(PLUS_MINUS),sum(ifminute),avg(seconds),sum(seconds)
1610612738,203935,Marcus Smart,2.942857142857143,7.557142857142857,1.2,4.057142857142857,1.7428571428571429,2.3142857142857145,0.7714285714285715,2.2285714285714286,3.0,4.3428571428571425,1.6857142857142857,0.37142857142857144,1.8,2.5428571428571427,8.82857142857143,2.6714285714285713,206.0,529.0,84.0,284.0,122.0,162.0,54.0,156.0,210.0,304.0,118.0,26.0,126.0,178.0,618.0,187.0,70,1610.8857142857144,112762.0
1610612742,203939,Dwight Powell,3.3684210526315788,5.7105263157894735,0.34210526315789475,1.25,2.223684210526316,3.026315789473684,1.644736842105263,3.6973684210526314,5.342105263157895,1.1973684210526316,0.7368421052631579,0.47368421052631576,0.9210526315789473,2.8026315789473686,9.302631578947368,-0.6710526315789473,256.0,434.0,26.0,95.0,169.0,230.0,125.0,281.0,406.0,91.0,56.0,36.0,70.0,213.0,707.0,-51.0,76,1236.171052631579,93949.0
1610612757,203917,Nik Stauskas,2.3095238095238093,5.642857142857143,1.0952380952380953,3.0714285714285716,0.9285714285714286,1.0,0.3333333333333333,1.7142857142857142,2.0476190476190474,1.5238095238095237,0.30952380952380953,0.16666666666666666,0.9761904761904762,0.8809523809523809,6.642857142857143,-2.761904761904762,97.0,237.0,46.0,129.0,39.0,42.0,14.0,72.0,86.0,64.0,13.0,7.0,41.0,37.0,279.0,-116.0,42,997.2142857142857,41883.0
1610612748,201609,Goran Dragic,6.303030303030303,13.984848484848484,1.4848484848484849,4.196969696969697,2.8181818181818183,3.5303030303030303,0.6515151515151515,3.0303030303030303,3.6818181818181817,4.893939393939394,0.7575757575757576,0.13636363636363635,2.287878787878788,2.4393939393939394,16.90909090909091,1.9696969696969697,416.0,923.0,98.0,277.0,186.0,233.0,43.0,200.0,243.0,323.0,50.0,9.0,151.0,161.0,1116.0,130.0,66,1834.0454545454545,121047.0
1610612766,1629122,J.P. Macura,0.75,1.0,0.25,0.5,1.5,2.0,0.0,0.25,0.25,0.25,0.0,0.0,0.25,1.0,3.25,0.0,3.0,4.0,1.0,2.0,6.0,8.0,0.0,1.0,1.0,1.0,0.0,0.0,1.0,4.0,13.0,0.0,4,333.75,1335.0
