TEAM_ID,PLAYER_ID,PLAYER_NAME,avg(FGM),avg(FGA),avg(FG3M),avg(FG3A),avg(FTM),avg(FTA),avg(OREB),avg(DREB),avg(REB),avg(AST),avg(STL),avg(BLK),avg(TO),avg(PF),avg(PTS),avg(PLUS_MINUS),sum(FGM),sum(FGA),sum(FG3M),sum(FG3A),sum(FTM),sum(FTA),sum(OREB),sum(DREB),sum(REB),sum(AST),sum(STL),sum(BLK),sum(TO),sum(PF),sum(PTS),sum(PLUS_MINUS),sum(ifminute),avg(seconds),sum(seconds)
1610612750,203496,Robert Covington,4.818181818181818,11.136363636363637,2.5,6.7272727272727275,2.3181818181818183,3.0,0.9545454545454546,4.7727272727272725,5.7272727272727275,1.4545454545454546,2.272727272727273,1.0909090909090908,1.1363636363636365,3.6818181818181817,14.454545454545455,2.0454545454545454,106.0,245.0,55.0,148.0,51.0,66.0,21.0,105.0,126.0,32.0,50.0,24.0,25.0,81.0,318.0,45.0,22,2079.909090909091,45758.0
1610612763,1629226,Ismaila Kane,0.0,0.0,0.0,0.0,0.0,0.0,0.0,0.0,0.0,0.0,0.0,0.0,1.0,1.0,0.0,-4.0,0.0,0.0,0.0,0.0,0.0,0.0,0.0,0.0,0.0,0.0,0.0,0.0,1.0,1.0,0.0,-4.0,1,126.0,126.0
