TEAM_ID,PLAYER_ID,PLAYER_NAME,avg(FGM),avg(FGA),avg(FG3M),avg(FG3A),avg(FTM),avg(FTA),avg(OREB),avg(DREB),avg(REB),avg(AST),avg(STL),avg(BLK),avg(TO),avg(PF),avg(PTS),avg(PLUS_MINUS),sum(FGM),sum(FGA),sum(FG3M),sum(FG3A),sum(FTM),sum(FTA),sum(OREB),sum(DREB),sum(REB),sum(AST),sum(STL),sum(BLK),sum(TO),sum(PF),sum(PTS),sum(PLUS_MINUS),sum(ifminute),avg(seconds),sum(seconds)
1610612749,202339,Eric Bledsoe,5.833333333333333,12.302083333333334,1.53125,4.791666666666667,2.25,3.0416666666666665,1.125,3.4270833333333335,4.552083333333333,5.28125,1.40625,0.3645833333333333,2.125,1.9583333333333333,15.447916666666666,7.28125,560.0,1181.0,147.0,460.0,216.0,292.0,108.0,329.0,437.0,507.0,135.0,35.0,204.0,188.0,1483.0,699.0,96,1726.5729166666667,165751.0
1610612741,1628976,Wendell Carter Jr.,3.979591836734694,8.244897959183673,0.14285714285714285,0.7142857142857143,1.8979591836734695,2.4081632653061225,1.9591836734693877,4.877551020408164,6.836734693877551,1.816326530612245,0.6122448979591837,1.2244897959183674,1.4489795918367347,3.4489795918367347,10.0,-5.673469387755102,195.0,404.0,7.0,35.0,93.0,118.0,96.0,239.0,335.0,89.0,30.0,60.0,71.0,169.0,490.0,-278.0,49,1488.4285714285713,72933.0
1610612747,201563,Michael Beasley,2.625,5.5,0.125,0.65625,1.03125,1.46875,0.4375,1.75,2.1875,1.0625,0.40625,0.4375,1.1875,1.875,6.40625,-2.28125,84.0,176.0,4.0,21.0,33.0,47.0,14.0,56.0,70.0,34.0,13.0,14.0,38.0,60.0,205.0,-73.0,32,663.03125,21217.0
1610612739,204066,John Holland,2.25,3.25,1.0,1.5,0.75,0.75,0.0,1.0,1.0,0.75,0.0,0.0,0.5,0.25,6.25,0.0,9.0,13.0,4.0,6.0,3.0,3.0,0.0,4.0,4.0,3.0,0.0,0.0,2.0,1.0,25.0,0.0,4,484.25,1937.0
