TEAM_ID,PLAYER_ID,PLAYER_NAME,avg(FGM),avg(FGA),avg(FG3M),avg(FG3A),avg(FTM),avg(FTA),avg(OREB),avg(DREB),avg(REB),avg(AST),avg(STL),avg(BLK),avg(TO),avg(PF),avg(PTS),avg(PLUS_MINUS),sum(FGM),sum(FGA),sum(FG3M),sum(FG3A),sum(FTM),sum(FTA),sum(OREB),sum(DREB),sum(REB),sum(AST),sum(STL),sum(BLK),sum(TO),sum(PF),sum(PTS),sum(PLUS_MINUS),sum(ifminute),avg(seconds),sum(seconds)
1610612761,1627832,Fred VanVleet,3.5952380952380953,8.44047619047619,1.7619047619047619,4.369047619047619,1.25,1.5357142857142858,0.35714285714285715,2.2023809523809526,2.5595238095238093,3.6547619047619047,0.8571428571428571,0.23809523809523808,1.0714285714285714,1.6785714285714286,10.202380952380953,3.5476190476190474,302.0,709.0,148.0,367.0,105.0,129.0,30.0,185.0,215.0,307.0,72.0,20.0,90.0,141.0,857.0,298.0,84,1387.3095238095239,116534.0
