TEAM_ID,PLAYER_ID,PLAYER_NAME,avg(FGM),avg(FGA),avg(FG3M),avg(FG3A),avg(FTM),avg(FTA),avg(OREB),avg(DREB),avg(REB),avg(AST),avg(STL),avg(BLK),avg(TO),avg(PF),avg(PTS),avg(PLUS_MINUS),sum(FGM),sum(FGA),sum(FG3M),sum(FG3A),sum(FTM),sum(FTA),sum(OREB),sum(DREB),sum(REB),sum(AST),sum(STL),sum(BLK),sum(TO),sum(PF),sum(PTS),sum(PLUS_MINUS),sum(ifminute),avg(seconds),sum(seconds)
1610612760,203500,Steven Adams,6.078651685393258,10.01123595505618,0.0,0.033707865168539325,2.2247191011235956,4.235955056179775,4.865168539325842,4.53932584269663,9.404494382022472,1.5168539325842696,1.2134831460674158,0.9550561797752809,1.5842696629213484,2.6179775280898876,14.382022471910112,5.786516853932584,541.0,891.0,0.0,3.0,198.0,377.0,433.0,404.0,837.0,135.0,108.0,85.0,141.0,233.0,1280.0,515.0,89,1978.247191011236,176064.0
1610612760,1629093,Tyler Davis,0.3333333333333333,1.0,0.0,0.0,0.3333333333333333,0.6666666666666666,1.3333333333333333,0.3333333333333333,1.6666666666666667,0.0,0.3333333333333333,0.0,0.3333333333333333,0.6666666666666666,1.0,-2.3333333333333335,1.0,3.0,0.0,0.0,1.0,2.0,4.0,1.0,5.0,0.0,1.0,0.0,1.0,2.0,3.0,-7.0,3,140.0,420.0
1610612750,203498,Shabazz Muhammad,1.2222222222222223,2.7777777777777777,0.0,0.0,1.0,1.4444444444444444,0.3333333333333333,0.4444444444444444,0.7777777777777778,0.0,0.0,0.0,0.2222222222222222,0.3333333333333333,3.4444444444444446,-1.5555555555555556,11.0,25.0,0.0,0.0,9.0,13.0,3.0,4.0,7.0,0.0,0.0,0.0,2.0,3.0,31.0,-14.0,9,315.3333333333333,2838.0
1610612756,1627737,Marquese Chriss,3.264705882352941,7.705882352941177,0.8235294117647058,3.0,1.5294117647058822,2.6176470588235294,1.2058823529411764,4.9411764705882355,6.147058823529412,1.088235294117647,0.8823529411764706,0.9411764705882353,1.8235294117647058,2.676470588235294,8.882352941176471,-7.0588235294117645,111.0,262.0,28.0,102.0,52.0,89.0,41.0,168.0,209.0,37.0,30.0,32.0,62.0,91.0,302.0,-240.0,34,1312.5882352941176,44628.0
