TEAM_ID,PLAYER_ID,PLAYER_NAME,avg(FGM),avg(FGA),avg(FG3M),avg(FG3A),avg(FTM),avg(FTA),avg(OREB),avg(DREB),avg(REB),avg(AST),avg(STL),avg(BLK),avg(TO),avg(PF),avg(PTS),avg(PLUS_MINUS),sum(FGM),sum(FGA),sum(FG3M),sum(FG3A),sum(FTM),sum(FTA),sum(OREB),sum(DREB),sum(REB),sum(AST),sum(STL),sum(BLK),sum(TO),sum(PF),sum(PTS),sum(PLUS_MINUS),sum(ifminute),avg(seconds),sum(seconds)
1610612738,1629057,Robert Williams III,1.1282051282051282,1.6153846153846154,0.0,0.02564102564102564,0.38461538461538464,0.5897435897435898,0.7692307692307693,1.6923076923076923,2.4615384615384617,0.20512820512820512,0.3076923076923077,1.1282051282051282,0.28205128205128205,1.1282051282051282,2.641025641025641,-1.0,44.0,63.0,0.0,1.0,15.0,23.0,30.0,66.0,96.0,8.0,12.0,44.0,11.0,44.0,103.0,-39.0,39,516.0512820512821,20126.0
1610612737,1626296,Jordan Sibert,1.0,1.0,1.0,1.0,0.0,0.0,0.0,0.0,0.0,0.0,0.0,0.0,0.0,0.0,3.0,-5.0,1.0,1.0,1.0,1.0,0.0,0.0,0.0,0.0,0.0,0.0,0.0,0.0,0.0,0.0,3.0,-5.0,1,254.0,254.0
1610612741,203953,Jabari Parker,5.454545454545454,11.909090909090908,0.9545454545454546,2.9545454545454546,2.0454545454545454,2.772727272727273,1.0454545454545454,5.2272727272727275,6.2727272727272725,2.2045454545454546,0.5454545454545454,0.36363636363636365,2.022727272727273,2.159090909090909,13.909090909090908,-5.454545454545454,240.0,524.0,42.0,130.0,90.0,122.0,46.0,230.0,276.0,97.0,24.0,16.0,89.0,95.0,612.0,-240.0,44,1595.2045454545455,70189.0
