TEAM_ID,PLAYER_ID,PLAYER_NAME,avg(FGM),avg(FGA),avg(FG3M),avg(FG3A),avg(FTM),avg(FTA),avg(OREB),avg(DREB),avg(REB),avg(AST),avg(STL),avg(BLK),avg(TO),avg(PF),avg(PTS),avg(PLUS_MINUS),sum(FGM),sum(FGA),sum(FG3M),sum(FG3A),sum(FTM),sum(FTA),sum(OREB),sum(DREB),sum(REB),sum(AST),sum(STL),sum(BLK),sum(TO),sum(PF),sum(PTS),sum(PLUS_MINUS),sum(ifminute),avg(seconds),sum(seconds)
1610612738,1627824,Guerschon Yabusele,0.9591836734693877,2.0408163265306123,0.1836734693877551,0.673469387755102,0.40816326530612246,0.6938775510204082,0.5918367346938775,0.7959183673469388,1.3877551020408163,0.40816326530612246,0.20408163265306123,0.2653061224489796,0.42857142857142855,0.8163265306122449,2.510204081632653,-0.24489795918367346,47.0,100.0,9.0,33.0,20.0,34.0,29.0,39.0,68.0,20.0,10.0,13.0,21.0,40.0,123.0,-12.0,49,396.3673469387755,19422.0
1610612753,202389,Timofey Mozgov,"","","","","","","","","","","","","","","","","","","","","","","","","","","","","","","","",0,"",""
1610612740,202721,Darius Morris,0.0,1.3333333333333333,0.0,0.3333333333333333,0.0,0.0,0.0,0.0,0.0,1.6666666666666667,0.3333333333333333,0.0,0.6666666666666666,0.0,0.0,-1.3333333333333333,0.0,4.0,0.0,1.0,0.0,0.0,0.0,0.0,0.0,5.0,1.0,0.0,2.0,0.0,0.0,-4.0,3,436.6666666666667,1310.0
