TEAM_ID,PLAYER_ID,PLAYER_NAME,avg(FGM),avg(FGA),avg(FG3M),avg(FG3A),avg(FTM),avg(FTA),avg(OREB),avg(DREB),avg(REB),avg(AST),avg(STL),avg(BLK),avg(TO),avg(PF),avg(PTS),avg(PLUS_MINUS),sum(FGM),sum(FGA),sum(FG3M),sum(FG3A),sum(FTM),sum(FTA),sum(OREB),sum(DREB),sum(REB),sum(AST),sum(STL),sum(BLK),sum(TO),sum(PF),sum(PTS),sum(PLUS_MINUS),sum(ifminute),avg(seconds),sum(seconds)
1610612763,1629164,Brandon Goodwin,0.5,2.0,0.0,0.0,2.25,2.5,0.0,0.5,0.5,0.5,0.25,0.25,0.25,0.5,3.25,-1.5,2.0,8.0,0.0,0.0,9.0,10.0,0.0,2.0,2.0,2.0,1.0,1.0,1.0,2.0,13.0,-6.0,4,345.75,1383.0
1610612751,203112,Quincy Acy,1.8974358974358974,5.205128205128205,1.5384615384615385,4.333333333333333,0.46153846153846156,0.5641025641025641,0.5641025641025641,2.769230769230769,3.3333333333333335,0.9743589743589743,0.5897435897435898,0.5897435897435898,0.717948717948718,2.230769230769231,5.794871794871795,-2.0,74.0,203.0,60.0,169.0,18.0,22.0,22.0,108.0,130.0,38.0,23.0,23.0,28.0,87.0,226.0,-78.0,39,1222.2051282051282,47666.0
