TEAM_ID,PLAYER_ID,PLAYER_NAME,avg(FGM),avg(FGA),avg(FG3M),avg(FG3A),avg(FTM),avg(FTA),avg(OREB),avg(DREB),avg(REB),avg(AST),avg(STL),avg(BLK),avg(TO),avg(PF),avg(PTS),avg(PLUS_MINUS),sum(FGM),sum(FGA),sum(FG3M),sum(FG3A),sum(FTM),sum(FTA),sum(OREB),sum(DREB),sum(REB),sum(AST),sum(STL),sum(BLK),sum(TO),sum(PF),sum(PTS),sum(PLUS_MINUS),sum(ifminute),avg(seconds),sum(seconds)
1610612744,203110,Draymond Green,3.3666666666666667,7.3,0.6666666666666666,2.5,1.2777777777777777,1.8222222222222222,1.1222222222222222,6.8,7.9222222222222225,7.266666666666667,1.4111111111111112,1.1555555555555554,2.8444444444444446,3.2333333333333334,8.677777777777777,6.666666666666667,303.0,657.0,60.0,225.0,115.0,164.0,101.0,612.0,713.0,654.0,127.0,104.0,256.0,291.0,781.0,600.0,90,1970.6666666666667,177360.0
1610612762,203497,Rudy Gobert,5.741573033707865,8.573033707865168,0.0,0.0,4.033707865168539,6.247191011235955,3.8202247191011236,8.707865168539326,12.52808988764045,1.9101123595505618,0.797752808988764,2.3146067415730336,1.6292134831460674,2.842696629213483,15.51685393258427,4.089887640449438,511.0,763.0,0.0,0.0,359.0,556.0,340.0,775.0,1115.0,170.0,71.0,206.0,145.0,253.0,1381.0,364.0,89,1886.4044943820224,167890.0
1610612765,203687,Reggie Hearn,1.0,1.0,1.0,1.0,0.0,0.0,0.0,1.0,1.0,0.0,0.0,0.0,0.0,1.0,3.0,5.0,1.0,1.0,1.0,1.0,0.0,0.0,0.0,1.0,1.0,0.0,0.0,0.0,0.0,1.0,3.0,5.0,1,301.0,301.0
