TEAM_ID,PLAYER_ID,PLAYER_NAME,avg(FGM),avg(FGA),avg(FG3M),avg(FG3A),avg(FTM),avg(FTA),avg(OREB),avg(DREB),avg(REB),avg(AST),avg(STL),avg(BLK),avg(TO),avg(PF),avg(PTS),avg(PLUS_MINUS),sum(FGM),sum(FGA),sum(FG3M),sum(FG3A),sum(FTM),sum(FTA),sum(OREB),sum(DREB),sum(REB),sum(AST),sum(STL),sum(BLK),sum(TO),sum(PF),sum(PTS),sum(PLUS_MINUS),sum(ifminute),avg(seconds),sum(seconds)
1610612759,2200,Pau Gasol,3.1451612903225805,6.790322580645161,0.3225806451612903,1.032258064516129,2.0,2.693548387096774,1.532258064516129,5.548387096774194,7.080645161290323,3.0,0.27419354838709675,0.8709677419354839,1.2580645161290323,1.564516129032258,8.612903225806452,0.16129032258064516,195.0,421.0,20.0,64.0,124.0,167.0,95.0,344.0,439.0,186.0,17.0,54.0,78.0,97.0,534.0,10.0,62,1245.2903225806451,77208.0
1610612761,101139,CJ Miles,2.632183908045977,7.264367816091954,1.7586206896551724,5.183908045977011,1.1494252873563218,1.4367816091954022,0.3103448275862069,1.8275862068965518,2.1379310344827585,0.7471264367816092,0.3793103448275862,0.2413793103448276,0.6091954022988506,1.839080459770115,8.172413793103448,1.3793103448275863,229.0,632.0,153.0,451.0,100.0,125.0,27.0,159.0,186.0,65.0,33.0,21.0,53.0,160.0,711.0,120.0,87,1091.1264367816093,94928.0
1610612746,1627820,Tyrone Wallace,2.7413793103448274,6.120689655172414,0.1724137931034483,0.8275862068965517,1.293103448275862,1.793103448275862,0.5689655172413793,2.0689655172413794,2.6379310344827585,1.5,0.6896551724137931,0.3103448275862069,1.0689655172413792,2.086206896551724,6.948275862068965,0.3620689655172414,159.0,355.0,10.0,48.0,75.0,104.0,33.0,120.0,153.0,87.0,40.0,18.0,62.0,121.0,403.0,21.0,58,1172.2758620689656,67992.0
