TEAM_ID,PLAYER_ID,PLAYER_NAME,avg(FGM),avg(FGA),avg(FG3M),avg(FG3A),avg(FTM),avg(FTA),avg(OREB),avg(DREB),avg(REB),avg(AST),avg(STL),avg(BLK),avg(TO),avg(PF),avg(PTS),avg(PLUS_MINUS),sum(FGM),sum(FGA),sum(FG3M),sum(FG3A),sum(FTM),sum(FTA),sum(OREB),sum(DREB),sum(REB),sum(AST),sum(STL),sum(BLK),sum(TO),sum(PF),sum(PTS),sum(PLUS_MINUS),sum(ifminute),avg(seconds),sum(seconds)
1610612749,203503,Tony Snell,1.9770114942528736,4.471264367816092,1.0114942528735633,2.5402298850574714,0.45977011494252873,0.5172413793103449,0.3563218390804598,1.6091954022988506,1.9655172413793103,0.8275862068965517,0.3333333333333333,0.21839080459770116,0.27586206896551724,1.1724137931034482,5.425287356321839,2.0689655172413794,172.0,389.0,88.0,221.0,40.0,45.0,31.0,140.0,171.0,72.0,29.0,19.0,24.0,102.0,472.0,180.0,87,968.8275862068965,84288.0
1610612751,203925,Joe Harris,4.788235294117647,9.741176470588234,2.2823529411764705,5.070588235294117,1.4823529411764707,1.776470588235294,0.6941176470588235,3.1176470588235294,3.8117647058823527,2.2823529411764705,0.5058823529411764,0.2235294117647059,1.6,2.376470588235294,13.341176470588236,-1.7411764705882353,407.0,828.0,194.0,431.0,126.0,151.0,59.0,265.0,324.0,194.0,43.0,19.0,136.0,202.0,1134.0,-148.0,85,1796.2470588235294,152681.0
1610612766,1628407,Dwayne Bacon,2.75,5.916666666666667,0.8125,1.9375,0.9166666666666666,1.3333333333333333,0.1875,1.9375,2.125,1.0416666666666667,0.2916666666666667,0.10416666666666667,0.5625,1.7291666666666667,7.229166666666667,-0.16666666666666666,132.0,284.0,39.0,93.0,44.0,64.0,9.0,93.0,102.0,50.0,14.0,5.0,27.0,83.0,347.0,-8.0,48,1060.9791666666667,50927.0
1610612739,1626224,Cedi Osman,4.658227848101266,10.936708860759493,1.6835443037974684,4.860759493670886,1.8354430379746836,2.3417721518987342,0.5949367088607594,4.113924050632911,4.708860759493671,2.569620253164557,0.759493670886076,0.13924050632911392,1.4556962025316456,2.5316455696202533,12.835443037974683,-7.9113924050632916,368.0,864.0,133.0,384.0,145.0,185.0,47.0,325.0,372.0,203.0,60.0,11.0,115.0,200.0,1014.0,-625.0,79,1890.493670886076,149349.0
