TEAM_ID,PLAYER_ID,PLAYER_NAME,avg(FGM),avg(FGA),avg(FG3M),avg(FG3A),avg(FTM),avg(FTA),avg(OREB),avg(DREB),avg(REB),avg(AST),avg(STL),avg(BLK),avg(TO),avg(PF),avg(PTS),avg(PLUS_MINUS),sum(FGM),sum(FGA),sum(FG3M),sum(FG3A),sum(FTM),sum(FTA),sum(OREB),sum(DREB),sum(REB),sum(AST),sum(STL),sum(BLK),sum(TO),sum(PF),sum(PTS),sum(PLUS_MINUS),sum(ifminute),avg(seconds),sum(seconds)
1610612748,1626196,Josh Richardson,5.482758620689655,12.839080459770114,1.9540229885057472,5.0,2.2528735632183907,2.6436781609195403,0.896551724137931,2.8275862068965516,3.7241379310344827,3.4022988505747125,1.5172413793103448,0.8275862068965517,1.6666666666666667,2.5517241379310347,15.172413793103448,1.2988505747126438,477.0,1117.0,170.0,435.0,196.0,230.0,78.0,246.0,324.0,296.0,132.0,72.0,145.0,222.0,1320.0,113.0,87,1996.551724137931,173700.0
1610612764,101133,Ian Mahinmi,1.8591549295774648,3.295774647887324,0.04225352112676056,0.18309859154929578,1.5352112676056338,2.140845070422535,1.5211267605633803,2.3380281690140845,3.859154929577465,0.5915492957746479,0.5352112676056338,0.6338028169014085,1.0985915492957747,2.7746478873239435,5.295774647887324,-0.2112676056338028,132.0,234.0,3.0,13.0,109.0,152.0,108.0,166.0,274.0,42.0,38.0,45.0,78.0,197.0,376.0,-15.0,71,861.7605633802817,61185.0
1610612741,1627755,Tyler Ulis,0.0,0.0,0.0,0.0,0.0,0.0,0.0,0.0,0.0,0.0,0.0,0.0,0.0,0.0,0.0,0.0,0.0,0.0,0.0,0.0,0.0,0.0,0.0,0.0,0.0,0.0,0.0,0.0,0.0,0.0,0.0,0.0,1,50.0,50.0
1610612760,203583,Abdul Gaddy,0.25,2.0,0.25,1.0,0.25,0.5,0.0,1.25,1.25,1.75,0.5,0.25,0.25,0.5,1.0,-1.25,1.0,8.0,1.0,4.0,1.0,2.0,0.0,5.0,5.0,7.0,2.0,1.0,1.0,2.0,4.0,-5.0,4,398.25,1593.0
1610612760,1628576,Bryce Alford,0.3333333333333333,1.3333333333333333,0.3333333333333333,1.0,1.3333333333333333,2.0,0.6666666666666666,0.0,0.6666666666666666,0.0,0.0,0.0,0.3333333333333333,0.0,2.3333333333333335,-2.0,1.0,4.0,1.0,3.0,4.0,6.0,2.0,0.0,2.0,0.0,0.0,0.0,1.0,0.0,7.0,-6.0,3,181.66666666666666,545.0
1610612761,1628502,Nigel Hayes,1.0,1.0,1.0,1.0,0.0,0.0,0.0,0.0,0.0,0.0,0.0,0.0,0.5,0.0,3.0,2.0,2.0,2.0,2.0,2.0,0.0,0.0,0.0,0.0,0.0,0.0,0.0,0.0,1.0,0.0,6.0,4.0,2,185.5,371.0
