TEAM_ID,PLAYER_ID,PLAYER_NAME,avg(FGM),avg(FGA),avg(FG3M),avg(FG3A),avg(FTM),avg(FTA),avg(OREB),avg(DREB),avg(REB),avg(AST),avg(STL),avg(BLK),avg(TO),avg(PF),avg(PTS),avg(PLUS_MINUS),sum(FGM),sum(FGA),sum(FG3M),sum(FG3A),sum(FTM),sum(FTA),sum(OREB),sum(DREB),sum(REB),sum(AST),sum(STL),sum(BLK),sum(TO),sum(PF),sum(PTS),sum(PLUS_MINUS),sum(ifminute),avg(seconds),sum(seconds)
1610612758,1628385,Harry Giles III,3.142857142857143,6.428571428571429,0.031746031746031744,0.14285714285714285,1.1746031746031746,1.8571428571428572,1.1587301587301588,2.7936507936507935,3.9523809523809526,1.5396825396825398,0.5714285714285714,0.36507936507936506,1.2698412698412698,2.6825396825396823,7.492063492063492,-2.7777777777777777,198.0,405.0,2.0,9.0,74.0,117.0,73.0,176.0,249.0,97.0,36.0,23.0,80.0,169.0,472.0,-175.0,63,886.0,55818.0
1610612748,204020,Tyler Johnson,3.7551020408163267,9.061224489795919,1.5510204081632653,4.489795918367347,1.3673469387755102,2.0816326530612246,0.5510204081632653,2.3469387755102042,2.8979591836734695,2.63265306122449,0.9387755102040817,0.42857142857142855,1.4489795918367347,1.653061224489796,10.428571428571429,-1.653061224489796,184.0,444.0,76.0,220.0,67.0,102.0,27.0,115.0,142.0,129.0,46.0,21.0,71.0,81.0,511.0,-81.0,49,1523.6734693877552,74660.0
