TEAM_ID,PLAYER_ID,PLAYER_NAME,avg(FGM),avg(FGA),avg(FG3M),avg(FG3A),avg(FTM),avg(FTA),avg(OREB),avg(DREB),avg(REB),avg(AST),avg(STL),avg(BLK),avg(TO),avg(PF),avg(PTS),avg(PLUS_MINUS),sum(FGM),sum(FGA),sum(FG3M),sum(FG3A),sum(FTM),sum(FTA),sum(OREB),sum(DREB),sum(REB),sum(AST),sum(STL),sum(BLK),sum(TO),sum(PF),sum(PTS),sum(PLUS_MINUS),sum(ifminute),avg(seconds),sum(seconds)
1610612745,201935,James Harden,8.956043956043956,20.52747252747253,3.7142857142857144,10.483516483516484,8.307692307692308,9.725274725274724,0.7142857142857143,4.923076923076923,5.637362637362638,8.076923076923077,1.956043956043956,0.6813186813186813,4.78021978021978,2.7252747252747254,29.934065934065934,4.472527472527473,815.0,1868.0,338.0,954.0,756.0,885.0,65.0,448.0,513.0,735.0,178.0,62.0,435.0,248.0,2724.0,407.0,91,2139.263736263736,194673.0
1610612762,1628378,Donovan Mitchell,7.945054945054945,18.75824175824176,2.2967032967032965,7.164835164835165,3.32967032967033,4.164835164835165,0.7032967032967034,3.3626373626373627,4.065934065934066,3.6923076923076925,1.5604395604395604,0.27472527472527475,2.8131868131868134,2.5384615384615383,21.516483516483518,4.736263736263736,723.0,1707.0,209.0,652.0,303.0,379.0,64.0,306.0,370.0,336.0,142.0,25.0,256.0,231.0,1958.0,431.0,91,2047.7142857142858,186342.0
1610612756,2199,Tyson Chandler,1.9655172413793103,2.9310344827586206,0.0,0.0,1.103448275862069,1.8620689655172413,2.0,5.0344827586206895,7.0344827586206895,1.2758620689655173,0.3448275862068966,0.3103448275862069,1.1724137931034482,1.8275862068965518,5.0344827586206895,-8.758620689655173,57.0,85.0,0.0,0.0,32.0,54.0,58.0,146.0,204.0,37.0,10.0,9.0,34.0,53.0,146.0,-254.0,29,1173.551724137931,34033.0
1610612750,202357,Nemanja Bjelica,2.56,5.82,1.18,2.88,0.56,0.72,0.92,3.7,4.62,1.5,0.82,0.24,0.76,2.2,6.86,0.02,128.0,291.0,59.0,144.0,28.0,36.0,46.0,185.0,231.0,75.0,41.0,12.0,38.0,110.0,343.0,1.0,50,1322.6,66130.0
