TEAM_ID,PLAYER_ID,PLAYER_NAME,avg(FGM),avg(FGA),avg(FG3M),avg(FG3A),avg(FTM),avg(FTA),avg(OREB),avg(DREB),avg(REB),avg(AST),avg(STL),avg(BLK),avg(TO),avg(PF),avg(PTS),avg(PLUS_MINUS),sum(FGM),sum(FGA),sum(FG3M),sum(FG3A),sum(FTM),sum(FTA),sum(OREB),sum(DREB),sum(REB),sum(AST),sum(STL),sum(BLK),sum(TO),sum(PF),sum(PTS),sum(PLUS_MINUS),sum(ifminute),avg(seconds),sum(seconds)
1610612743,1627823,Juancho Hernangomez,2.933333333333333,6.222222222222222,1.4666666666666666,3.577777777777778,1.488888888888889,1.8444444444444446,1.3111111111111111,3.7555555555555555,5.066666666666666,0.9111111111111111,0.4666666666666667,0.5111111111111111,0.7333333333333333,1.6888888888888889,8.822222222222223,2.6222222222222222,132.0,280.0,66.0,161.0,67.0,83.0,59.0,169.0,228.0,41.0,21.0,23.0,33.0,76.0,397.0,118.0,45,1445.7333333333333,65058.0
1610612740,1628429,Charles Cooke,0.0,0.8571428571428571,0.0,0.5714285714285714,0.0,0.0,0.0,0.2857142857142857,0.2857142857142857,0.0,0.0,0.0,0.0,0.0,0.0,-0.42857142857142855,0.0,6.0,0.0,4.0,0.0,0.0,0.0,2.0,2.0,0.0,0.0,0.0,0.0,0.0,0.0,-3.0,7,171.71428571428572,1202.0
1610612755,203923,James Young,0.8333333333333334,2.3333333333333335,0.5,1.6666666666666667,0.6666666666666666,1.0,0.0,0.3333333333333333,0.3333333333333333,0.3333333333333333,0.0,0.0,0.16666666666666666,0.6666666666666666,2.8333333333333335,-4.333333333333333,5.0,14.0,3.0,10.0,4.0,6.0,0.0,2.0,2.0,2.0,0.0,0.0,1.0,4.0,17.0,-26.0,6,611.1666666666666,3667.0
