TEAM_ID,PLAYER_ID,PLAYER_NAME,avg(FGM),avg(FGA),avg(FG3M),avg(FG3A),avg(FTM),avg(FTA),avg(OREB),avg(DREB),avg(REB),avg(AST),avg(STL),avg(BLK),avg(TO),avg(PF),avg(PTS),avg(PLUS_MINUS),sum(FGM),sum(FGA),sum(FG3M),sum(FG3A),sum(FTM),sum(FTA),sum(OREB),sum(DREB),sum(REB),sum(AST),sum(STL),sum(BLK),sum(TO),sum(PF),sum(PTS),sum(PLUS_MINUS),sum(ifminute),avg(seconds),sum(seconds)
1610612745,203085,Austin Rivers,3.210526315789474,7.719298245614035,1.5263157894736843,4.491228070175438,0.5087719298245614,0.9649122807017544,0.2982456140350877,1.6666666666666667,1.9649122807017543,2.087719298245614,0.5964912280701754,0.24561403508771928,0.7017543859649122,2.912280701754386,8.456140350877194,2.6491228070175437,183.0,440.0,87.0,256.0,29.0,55.0,17.0,95.0,112.0,119.0,34.0,14.0,40.0,166.0,482.0,151.0,57,1642.421052631579,93618.0
1610612738,202328,Greg Monroe,1.5,2.5,0.0,0.0,0.0,0.0,1.5,0.0,1.5,0.5,0.0,0.0,0.0,0.0,3.0,2.5,3.0,5.0,0.0,0.0,0.0,0.0,3.0,0.0,3.0,1.0,0.0,0.0,0.0,0.0,6.0,5.0,2,144.5,289.0
1610612758,203463,Ben McLemore,1.4583333333333333,3.8333333333333335,0.875,2.25,0.5,0.75,0.16666666666666666,0.7916666666666666,0.9583333333333334,0.25,0.2916666666666667,0.16666666666666666,0.375,1.4583333333333333,4.291666666666667,-0.875,35.0,92.0,21.0,54.0,12.0,18.0,4.0,19.0,23.0,6.0,7.0,4.0,9.0,35.0,103.0,-21.0,24,585.5,14052.0
