TEAM_ID,PLAYER_ID,PLAYER_NAME,avg(FGM),avg(FGA),avg(FG3M),avg(FG3A),avg(FTM),avg(FTA),avg(OREB),avg(DREB),avg(REB),avg(AST),avg(STL),avg(BLK),avg(TO),avg(PF),avg(PTS),avg(PLUS_MINUS),sum(FGM),sum(FGA),sum(FG3M),sum(FG3A),sum(FTM),sum(FTA),sum(OREB),sum(DREB),sum(REB),sum(AST),sum(STL),sum(BLK),sum(TO),sum(PF),sum(PTS),sum(PLUS_MINUS),sum(ifminute),avg(seconds),sum(seconds)
1610612757,203552,Seth Curry,2.694736842105263,6.094736842105263,1.4631578947368422,3.336842105263158,0.5894736842105263,0.6947368421052632,0.3368421052631579,1.2947368421052632,1.631578947368421,0.9473684210526315,0.5368421052631579,0.16842105263157894,0.7578947368421053,1.3894736842105264,7.442105263157894,2.2736842105263158,256.0,579.0,139.0,317.0,56.0,66.0,32.0,123.0,155.0,90.0,51.0,16.0,72.0,132.0,707.0,216.0,95,1150.5052631578947,109298.0
1610612755,200755,JJ Redick,5.736263736263736,12.901098901098901,3.1538461538461537,7.78021978021978,2.769230769230769,3.10989010989011,0.25274725274725274,2.010989010989011,2.2637362637362637,2.5934065934065935,0.37362637362637363,0.21978021978021978,1.3626373626373627,1.8241758241758241,17.395604395604394,3.8351648351648353,522.0,1174.0,287.0,708.0,252.0,283.0,23.0,183.0,206.0,236.0,34.0,20.0,124.0,166.0,1583.0,349.0,91,1858.2307692307693,169099.0
1610612756,1629001,De'Anthony Melton,2.018867924528302,5.113207547169812,0.5849056603773585,1.8867924528301887,0.4528301886792453,0.6226415094339622,0.49056603773584906,2.169811320754717,2.660377358490566,3.0,1.2830188679245282,0.4716981132075472,1.471698113207547,2.2264150943396226,5.0754716981132075,-3.4716981132075473,107.0,271.0,31.0,100.0,24.0,33.0,26.0,115.0,141.0,159.0,68.0,25.0,78.0,118.0,269.0,-184.0,53,1140.9622641509434,60471.0
1610612754,204179,Omari Johnson,0.0,5.0,0.0,2.0,0.0,0.0,2.0,3.0,5.0,1.0,1.0,0.0,0.0,1.0,0.0,-4.0,0.0,5.0,0.0,2.0,0.0,0.0,2.0,3.0,5.0,1.0,1.0,0.0,0.0,1.0,0.0,-4.0,1,721.0,721.0
