TEAM_ID,PLAYER_ID,PLAYER_NAME,avg(FGM),avg(FGA),avg(FG3M),avg(FG3A),avg(FTM),avg(FTA),avg(OREB),avg(DREB),avg(REB),avg(AST),avg(STL),avg(BLK),avg(TO),avg(PF),avg(PTS),avg(PLUS_MINUS),sum(FGM),sum(FGA),sum(FG3M),sum(FG3A),sum(FTM),sum(FTA),sum(OREB),sum(DREB),sum(REB),sum(AST),sum(STL),sum(BLK),sum(TO),sum(PF),sum(PTS),sum(PLUS_MINUS),sum(ifminute),avg(seconds),sum(seconds)
1610612765,203922,Glenn Robinson III,1.709090909090909,4.218181818181818,0.43636363636363634,1.5636363636363637,0.8363636363636363,1.0,0.4909090909090909,1.2181818181818183,1.709090909090909,0.4909090909090909,0.36363636363636365,0.16363636363636364,0.38181818181818183,1.0363636363636364,4.6909090909090905,-1.290909090909091,94.0,232.0,24.0,86.0,46.0,55.0,27.0,67.0,94.0,27.0,20.0,9.0,21.0,57.0,258.0,-71.0,55,809.4727272727273,44521.0
1610612749,201160,Jason Smith,0.6666666666666666,2.1666666666666665,0.5,1.5,0.3333333333333333,0.3333333333333333,0.5,1.3333333333333333,1.8333333333333333,0.16666666666666666,0.3333333333333333,0.3333333333333333,0.8333333333333334,1.0,2.1666666666666665,-5.833333333333333,4.0,13.0,3.0,9.0,2.0,2.0,3.0,8.0,11.0,1.0,2.0,2.0,5.0,6.0,13.0,-35.0,6,404.6666666666667,2428.0
