TEAM_ID,PLAYER_ID,PLAYER_NAME,avg(FGM),avg(FGA),avg(FG3M),avg(FG3A),avg(FTM),avg(FTA),avg(OREB),avg(DREB),avg(REB),avg(AST),avg(STL),avg(BLK),avg(TO),avg(PF),avg(PTS),avg(PLUS_MINUS),sum(FGM),sum(FGA),sum(FG3M),sum(FG3A),sum(FTM),sum(FTA),sum(OREB),sum(DREB),sum(REB),sum(AST),sum(STL),sum(BLK),sum(TO),sum(PF),sum(PTS),sum(PLUS_MINUS),sum(ifminute),avg(seconds),sum(seconds)
1610612748,203482,Kelly Olynyk,3.2588235294117647,7.211764705882353,1.4470588235294117,4.105882352941176,1.9764705882352942,2.376470588235294,0.8941176470588236,3.764705882352941,4.658823529411765,1.7529411764705882,0.6588235294117647,0.4823529411764706,1.5294117647058822,2.3411764705882354,9.941176470588236,0.9294117647058824,277.0,613.0,123.0,349.0,168.0,202.0,76.0,320.0,396.0,149.0,56.0,41.0,130.0,199.0,845.0,79.0,85,1371.870588235294,116609.0
1610612744,1627814,Damion Lee,1.75,3.96875,0.84375,2.125,0.59375,0.6875,0.25,1.75,2.0,0.40625,0.40625,0.0,0.34375,0.875,4.9375,-1.6875,56.0,127.0,27.0,68.0,19.0,22.0,8.0,56.0,64.0,13.0,13.0,0.0,11.0,28.0,158.0,-54.0,32,703.46875,22511.0
1610612737,1626154,RJ Hunter,0.3333333333333333,1.3333333333333333,0.0,0.6666666666666666,0.0,0.3333333333333333,0.0,0.0,0.0,1.0,0.0,0.0,0.3333333333333333,0.0,0.6666666666666666,-3.0,1.0,4.0,0.0,2.0,0.0,1.0,0.0,0.0,0.0,3.0,0.0,0.0,1.0,0.0,2.0,-9.0,3,260.6666666666667,782.0
