TEAM_ID,PLAYER_ID,PLAYER_NAME,avg(FGM),avg(FGA),avg(FG3M),avg(FG3A),avg(FTM),avg(FTA),avg(OREB),avg(DREB),avg(REB),avg(AST),avg(STL),avg(BLK),avg(TO),avg(PF),avg(PTS),avg(PLUS_MINUS),sum(FGM),sum(FGA),sum(FG3M),sum(FG3A),sum(FTM),sum(FTA),sum(OREB),sum(DREB),sum(REB),sum(AST),sum(STL),sum(BLK),sum(TO),sum(PF),sum(PTS),sum(PLUS_MINUS),sum(ifminute),avg(seconds),sum(seconds)
1610612744,101106,Andrew Bogut,1.4,2.433333333333333,0.0,0.0,0.23333333333333334,0.26666666666666666,1.1666666666666667,3.1333333333333333,4.3,1.0666666666666667,0.26666666666666666,0.4666666666666667,0.6,2.0,3.033333333333333,-0.03333333333333333,42.0,73.0,0.0,0.0,7.0,8.0,35.0,94.0,129.0,32.0,8.0,14.0,18.0,60.0,91.0,-1.0,30,625.7666666666667,18773.0
1610612748,2548,Dwyane Wade,5.623376623376624,13.090909090909092,1.1688311688311688,3.5584415584415585,2.220779220779221,3.155844155844156,0.948051948051948,2.987012987012987,3.935064935064935,4.077922077922078,0.8181818181818182,0.5454545454545454,2.324675324675325,1.6493506493506493,14.636363636363637,-1.2727272727272727,433.0,1008.0,90.0,274.0,171.0,243.0,73.0,230.0,303.0,314.0,63.0,42.0,179.0,127.0,1127.0,-98.0,77,1545.6883116883116,119018.0
