TEAM_ID,PLAYER_ID,PLAYER_NAME,avg(FGM),avg(FGA),avg(FG3M),avg(FG3A),avg(FTM),avg(FTA),avg(OREB),avg(DREB),avg(REB),avg(AST),avg(STL),avg(BLK),avg(TO),avg(PF),avg(PTS),avg(PLUS_MINUS),sum(FGM),sum(FGA),sum(FG3M),sum(FG3A),sum(FTM),sum(FTA),sum(OREB),sum(DREB),sum(REB),sum(AST),sum(STL),sum(BLK),sum(TO),sum(PF),sum(PTS),sum(PLUS_MINUS),sum(ifminute),avg(seconds),sum(seconds)
1610612743,203486,Mason Plumlee,3.07,5.19,0.02,0.11,1.34,2.37,2.01,4.07,6.08,2.72,0.74,0.87,1.44,3.03,7.5,0.19,307.0,519.0,2.0,11.0,134.0,237.0,201.0,407.0,608.0,272.0,74.0,87.0,144.0,303.0,750.0,19.0,100,1214.43,121443.0
1610612750,201959,Taj Gibson,4.32,7.533333333333333,0.14666666666666667,0.4666666666666667,1.92,2.533333333333333,2.3866666666666667,4.013333333333334,6.4,1.2,0.7333333333333333,0.5333333333333333,1.0666666666666667,2.68,10.706666666666667,-1.6133333333333333,324.0,565.0,11.0,35.0,144.0,190.0,179.0,301.0,480.0,90.0,55.0,40.0,80.0,201.0,803.0,-121.0,75,1431.24,107343.0
1610612747,2199,Tyson Chandler,1.1041666666666667,1.8125,0.0,0.020833333333333332,0.8541666666666666,1.4375,1.7708333333333333,3.8125,5.583333333333333,0.6458333333333334,0.3958333333333333,0.4583333333333333,0.7291666666666666,1.8541666666666667,3.0625,0.6458333333333334,53.0,87.0,0.0,1.0,41.0,69.0,85.0,183.0,268.0,31.0,19.0,22.0,35.0,89.0,147.0,31.0,48,982.2291666666666,47147.0
