TEAM_ID,PLAYER_ID,PLAYER_NAME,avg(FGM),avg(FGA),avg(FG3M),avg(FG3A),avg(FTM),avg(FTA),avg(OREB),avg(DREB),avg(REB),avg(AST),avg(STL),avg(BLK),avg(TO),avg(PF),avg(PTS),avg(PLUS_MINUS),sum(FGM),sum(FGA),sum(FG3M),sum(FG3A),sum(FTM),sum(FTA),sum(OREB),sum(DREB),sum(REB),sum(AST),sum(STL),sum(BLK),sum(TO),sum(PF),sum(PTS),sum(PLUS_MINUS),sum(ifminute),avg(seconds),sum(seconds)
1610612740,1629129,Trevon Bluiett,1.0,2.0,0.6666666666666666,1.3333333333333333,0.0,0.0,0.0,0.3333333333333333,0.3333333333333333,0.3333333333333333,0.3333333333333333,0.0,0.3333333333333333,0.6666666666666666,2.6666666666666665,-2.0,3.0,6.0,2.0,4.0,0.0,0.0,0.0,1.0,1.0,1.0,1.0,0.0,1.0,2.0,8.0,-6.0,3,469.0,1407.0
1610612755,1628383,Justin Patton,"","","","","","","","","","","","","","","","","","","","","","","","","","","","","","","","",0,"",""
1610612756,1627885,Shaquille Harrison,2.5,5.423076923076923,0.3076923076923077,1.2692307692307692,1.2692307692307692,1.7307692307692308,0.4230769230769231,2.230769230769231,2.6538461538461537,2.3846153846153846,1.1153846153846154,0.3076923076923077,1.1538461538461537,2.0,6.576923076923077,1.8846153846153846,65.0,141.0,8.0,33.0,33.0,45.0,11.0,58.0,69.0,62.0,29.0,8.0,30.0,52.0,171.0,49.0,26,1038.8076923076924,27009.0
1610612755,203658,Norvel Pelle,"","","","","","","","","","","","","","","","","","","","","","","","","","","","","","","","",0,"",""
1610612759,203464,Brandon Paul,0.5161290322580645,1.1935483870967742,0.06451612903225806,0.3870967741935484,0.12903225806451613,0.4838709677419355,0.12903225806451613,0.7419354838709677,0.8709677419354839,0.25806451612903225,0.12903225806451613,0.06451612903225806,0.3225806451612903,0.5483870967741935,1.2258064516129032,0.1935483870967742,16.0,37.0,2.0,12.0,4.0,15.0,4.0,23.0,27.0,8.0,4.0,2.0,10.0,17.0,38.0,6.0,31,350.8709677419355,10877.0
