TEAM_ID,PLAYER_ID,PLAYER_NAME,avg(FGM),avg(FGA),avg(FG3M),avg(FG3A),avg(FTM),avg(FTA),avg(OREB),avg(DREB),avg(REB),avg(AST),avg(STL),avg(BLK),avg(TO),avg(PF),avg(PTS),avg(PLUS_MINUS),sum(FGM),sum(FGA),sum(FG3M),sum(FG3A),sum(FTM),sum(FTA),sum(OREB),sum(DREB),sum(REB),sum(AST),sum(STL),sum(BLK),sum(TO),sum(PF),sum(PTS),sum(PLUS_MINUS),sum(ifminute),avg(seconds),sum(seconds)
1610612749,202339,Eric Bledsoe,6.021739130434782,12.293478260869565,1.6521739130434783,4.576086956521739,2.597826086956522,3.2934782608695654,0.8152173913043478,3.2717391304347827,4.086956521739131,5.282608695652174,1.6521739130434783,0.5,2.5434782608695654,2.4456521739130435,16.293478260869566,4.304347826086956,554.0,1131.0,152.0,421.0,239.0,303.0,75.0,301.0,376.0,486.0,152.0,46.0,234.0,225.0,1499.0,396.0,92,1833.5760869565217,168689.0
1610612756,1628432,Davon Reed,1.08,3.8,0.52,1.8,0.48,0.72,0.28,1.8,2.08,0.56,0.48,0.12,0.48,0.88,3.16,-4.48,27.0,95.0,13.0,45.0,12.0,18.0,7.0,45.0,52.0,14.0,12.0,3.0,12.0,22.0,79.0,-112.0,25,725.0,18125.0
1610612755,101141,Ersan Ilyasova,3.909090909090909,8.969696969696969,1.1818181818181819,3.4545454545454546,1.3636363636363635,2.0,2.121212121212121,4.848484848484849,6.96969696969697,1.5757575757575757,0.7272727272727273,0.3939393939393939,1.1818181818181819,2.727272727272727,10.363636363636363,4.333333333333333,129.0,296.0,39.0,114.0,45.0,66.0,70.0,160.0,230.0,52.0,24.0,13.0,39.0,90.0,342.0,143.0,33,1431.4545454545455,47238.0
1610612751,201967,Dante Cunningham,2.9545454545454546,6.318181818181818,1.0454545454545454,2.727272727272727,0.5,0.7272727272727273,1.2727272727272727,3.5,4.7727272727272725,1.0,0.5454545454545454,0.6363636363636364,0.7727272727272727,1.6363636363636365,7.454545454545454,-2.227272727272727,65.0,139.0,23.0,60.0,11.0,16.0,28.0,77.0,105.0,22.0,12.0,14.0,17.0,36.0,164.0,-49.0,22,1218.5454545454545,26808.0
