TEAM_ID,PLAYER_ID,PLAYER_NAME,avg(FGM),avg(FGA),avg(FG3M),avg(FG3A),avg(FTM),avg(FTA),avg(OREB),avg(DREB),avg(REB),avg(AST),avg(STL),avg(BLK),avg(TO),avg(PF),avg(PTS),avg(PLUS_MINUS),sum(FGM),sum(FGA),sum(FG3M),sum(FG3A),sum(FTM),sum(FTA),sum(OREB),sum(DREB),sum(REB),sum(AST),sum(STL),sum(BLK),sum(TO),sum(PF),sum(PTS),sum(PLUS_MINUS),sum(ifminute),avg(seconds),sum(seconds)
1610612759,201942,DeMar DeRozan,8.209302325581396,17.325581395348838,0.20930232558139536,1.0930232558139534,5.209302325581396,6.27906976744186,0.6511627906976745,4.744186046511628,5.395348837209302,5.976744186046512,1.0465116279069768,0.4883720930232558,2.2790697674418605,2.0930232558139537,21.837209302325583,0.16279069767441862,353.0,745.0,9.0,47.0,224.0,270.0,28.0,204.0,232.0,257.0,45.0,21.0,98.0,90.0,939.0,7.0,43,2046.6976744186047,88008.0
1610612740,204025,Tim Frazier,1.8275862068965518,4.103448275862069,0.7241379310344828,1.793103448275862,0.5862068965517241,0.7586206896551724,0.7586206896551724,2.206896551724138,2.9655172413793105,4.586206896551724,0.5862068965517241,0.06896551724137931,1.3103448275862069,2.1379310344827585,4.9655172413793105,-0.7241379310344828,53.0,119.0,21.0,52.0,17.0,22.0,22.0,64.0,86.0,133.0,17.0,2.0,38.0,62.0,144.0,-21.0,29,1209.8275862068965,35085.0
