TEAM_ID,PLAYER_ID,PLAYER_NAME,avg(FGM),avg(FGA),avg(FG3M),avg(FG3A),avg(FTM),avg(FTA),avg(OREB),avg(DREB),avg(REB),avg(AST),avg(STL),avg(BLK),avg(TO),avg(PF),avg(PTS),avg(PLUS_MINUS),sum(FGM),sum(FGA),sum(FG3M),sum(FG3A),sum(FTM),sum(FTA),sum(OREB),sum(DREB),sum(REB),sum(AST),sum(STL),sum(BLK),sum(TO),sum(PF),sum(PTS),sum(PLUS_MINUS),sum(ifminute),avg(seconds),sum(seconds)
1610612761,1626153,Delon Wright,2.7311827956989245,6.21505376344086,0.7849462365591398,2.129032258064516,1.1290322580645162,1.3655913978494623,0.6774193548387096,2.096774193548387,2.774193548387097,2.6236559139784945,0.9354838709677419,0.45161290322580644,0.9032258064516129,1.021505376344086,7.376344086021505,0.8602150537634409,254.0,578.0,73.0,198.0,105.0,127.0,63.0,195.0,258.0,244.0,87.0,42.0,84.0,95.0,686.0,80.0,93,1191.3333333333333,110794.0
1610612749,1628425,Sterling Brown,1.72,4.12,0.6933333333333334,1.9466666666666668,0.44,0.49333333333333335,0.49333333333333335,2.3466666666666667,2.84,0.68,0.4533333333333333,0.2,0.5466666666666666,1.4266666666666667,4.573333333333333,-0.72,129.0,309.0,52.0,146.0,33.0,37.0,37.0,176.0,213.0,51.0,34.0,15.0,41.0,107.0,343.0,-54.0,75,905.5733333333334,67918.0
1610612739,202684,Tristan Thompson,3.5348837209302326,6.337209302325581,0.0,0.011627906976744186,1.1046511627906976,1.8488372093023255,3.3488372093023258,5.058139534883721,8.406976744186046,1.1744186046511629,0.4186046511627907,0.36046511627906974,0.9651162790697675,2.0,8.174418604651162,-2.7093023255813953,304.0,545.0,0.0,1.0,95.0,159.0,288.0,435.0,723.0,101.0,36.0,31.0,83.0,172.0,703.0,-233.0,86,1451.1511627906978,124799.0
1610612743,2734,Devin Harris,2.5555555555555554,6.296296296296297,1.2962962962962963,3.7777777777777777,1.8148148148148149,2.1481481481481484,0.1111111111111111,1.4444444444444444,1.5555555555555556,2.4814814814814814,0.5185185185185185,0.14814814814814814,1.0,2.037037037037037,8.222222222222221,-0.4074074074074074,69.0,170.0,35.0,102.0,49.0,58.0,3.0,39.0,42.0,67.0,14.0,4.0,27.0,55.0,222.0,-11.0,27,1184.0740740740741,31970.0
1610612738,204067,Jarell Eddie,0.0,0.5,0.0,0.5,0.0,0.0,0.0,0.5,0.5,0.0,0.5,0.0,0.0,0.0,0.0,-4.5,0.0,1.0,0.0,1.0,0.0,0.0,0.0,1.0,1.0,0.0,1.0,0.0,0.0,0.0,0.0,-9.0,2,169.0,338.0
