TEAM_ID,PLAYER_ID,PLAYER_NAME,avg(FGM),avg(FGA),avg(FG3M),avg(FG3A),avg(FTM),avg(FTA),avg(OREB),avg(DREB),avg(REB),avg(AST),avg(STL),avg(BLK),avg(TO),avg(PF),avg(PTS),avg(PLUS_MINUS),sum(FGM),sum(FGA),sum(FG3M),sum(FG3A),sum(FTM),sum(FTA),sum(OREB),sum(DREB),sum(REB),sum(AST),sum(STL),sum(BLK),sum(TO),sum(PF),sum(PTS),sum(PLUS_MINUS),sum(ifminute),avg(seconds),sum(seconds)
1610612755,202710,Jimmy Butler,6.5,13.95,1.25,3.2,3.85,4.35,1.65,2.95,4.6,3.2,1.95,0.5,1.45,1.8,18.1,2.6,130.0,279.0,25.0,64.0,77.0,87.0,33.0,59.0,92.0,64.0,39.0,10.0,29.0,36.0,362.0,52.0,20,1907.4,38148.0
1610612737,203145,Kent Bazemore,4.797101449275362,10.869565217391305,1.6521739130434783,4.550724637681159,2.36231884057971,3.101449275362319,0.463768115942029,2.971014492753623,3.4347826086956523,2.8115942028985508,1.4492753623188406,0.855072463768116,2.1739130434782608,2.391304347826087,13.608695652173912,-4.231884057971015,331.0,750.0,114.0,314.0,163.0,214.0,32.0,205.0,237.0,194.0,100.0,59.0,150.0,165.0,939.0,-292.0,69,1605.9565217391305,110811.0
1610612764,201951,Ty Lawson,1.8,5.2,1.0,1.6,1.2,1.2,0.4,2.2,2.6,3.0,0.6,0.0,0.6,1.2,5.8,-0.6,9.0,26.0,5.0,8.0,6.0,6.0,2.0,11.0,13.0,15.0,3.0,0.0,3.0,6.0,29.0,-3.0,5,1155.6,5778.0
1610612756,201162,Jared Dudley,0.9696969696969697,2.5757575757575757,0.5757575757575758,1.696969696969697,0.5454545454545454,0.7272727272727273,0.09090909090909091,1.7575757575757576,1.8484848484848484,1.5454545454545454,0.48484848484848486,0.2727272727272727,0.6363636363636364,1.7575757575757576,3.0606060606060606,-1.2121212121212122,32.0,85.0,19.0,56.0,18.0,24.0,3.0,58.0,61.0,51.0,16.0,9.0,21.0,58.0,101.0,-40.0,33,885.7878787878788,29231.0
1610612742,1628405,Johnathan Motley,3.9,7.4,0.1,0.6,1.3,2.4,1.4,3.4,4.8,0.7,0.3,0.1,0.9,1.8,9.2,-2.1,39.0,74.0,1.0,6.0,13.0,24.0,14.0,34.0,48.0,7.0,3.0,1.0,9.0,18.0,92.0,-21.0,10,1042.9,10429.0
