TEAM_ID,PLAYER_ID,PLAYER_NAME,avg(FGM),avg(FGA),avg(FG3M),avg(FG3A),avg(FTM),avg(FTA),avg(OREB),avg(DREB),avg(REB),avg(AST),avg(STL),avg(BLK),avg(TO),avg(PF),avg(PTS),avg(PLUS_MINUS),sum(FGM),sum(FGA),sum(FG3M),sum(FG3A),sum(FTM),sum(FTA),sum(OREB),sum(DREB),sum(REB),sum(AST),sum(STL),sum(BLK),sum(TO),sum(PF),sum(PTS),sum(PLUS_MINUS),sum(ifminute),avg(seconds),sum(seconds)
1610612738,1628369,Jayson Tatum,5.75,12.934782608695652,1.4021739130434783,3.8152173913043477,2.510869565217391,2.989130434782609,0.8478260869565217,5.1521739130434785,6.0,2.032608695652174,1.0543478260869565,0.7065217391304348,1.5543478260869565,2.141304347826087,15.41304347826087,3.467391304347826,529.0,1190.0,129.0,351.0,231.0,275.0,78.0,474.0,552.0,187.0,97.0,65.0,143.0,197.0,1418.0,319.0,92,1845.195652173913,169758.0
1610612745,1627737,Marquese Chriss,0.9444444444444444,2.5555555555555554,0.05555555555555555,0.8888888888888888,0.5555555555555556,0.7222222222222222,0.5,1.5555555555555556,2.0555555555555554,0.3888888888888889,0.16666666666666666,0.5,1.1111111111111112,1.4444444444444444,2.5,-0.8333333333333334,17.0,46.0,1.0,16.0,10.0,13.0,9.0,28.0,37.0,7.0,3.0,9.0,20.0,26.0,45.0,-15.0,18,473.8888888888889,8530.0
