TEAM_ID,PLAYER_ID,PLAYER_NAME,avg(FGM),avg(FGA),avg(FG3M),avg(FG3A),avg(FTM),avg(FTA),avg(OREB),avg(DREB),avg(REB),avg(AST),avg(STL),avg(BLK),avg(TO),avg(PF),avg(PTS),avg(PLUS_MINUS),sum(FGM),sum(FGA),sum(FG3M),sum(FG3A),sum(FTM),sum(FTA),sum(OREB),sum(DREB),sum(REB),sum(AST),sum(STL),sum(BLK),sum(TO),sum(PF),sum(PTS),sum(PLUS_MINUS),sum(ifminute),avg(seconds),sum(seconds)
1610612754,201936,Tyreke Evans,3.6944444444444446,9.944444444444445,1.2777777777777777,3.638888888888889,1.8055555555555556,2.4166666666666665,0.6388888888888888,2.4166666666666665,3.0555555555555554,2.5,1.1666666666666667,0.3055555555555556,1.9444444444444444,1.8888888888888888,10.472222222222221,1.5277777777777777,133.0,358.0,46.0,131.0,65.0,87.0,23.0,87.0,110.0,90.0,42.0,11.0,70.0,68.0,377.0,55.0,36,1282.4444444444443,46168.0
1610612742,2734,Devin Harris,2.268292682926829,5.7073170731707314,0.926829268292683,3.1463414634146343,1.6585365853658536,2.048780487804878,0.0975609756097561,1.7073170731707317,1.8048780487804879,1.3414634146341464,0.6829268292682927,0.17073170731707318,0.8536585365853658,1.8048780487804879,7.121951219512195,-1.6341463414634145,93.0,234.0,38.0,129.0,68.0,84.0,4.0,70.0,74.0,55.0,28.0,7.0,35.0,74.0,292.0,-67.0,41,974.8780487804878,39970.0
1610612742,1628467,Maxi Kleber,2.013333333333333,4.586666666666667,0.72,2.4266666666666667,0.8,1.0133333333333334,0.92,2.493333333333333,3.4133333333333336,0.7866666666666666,0.44,0.96,0.5333333333333333,1.52,5.546666666666667,0.4666666666666667,151.0,344.0,54.0,182.0,60.0,76.0,69.0,187.0,256.0,59.0,33.0,72.0,40.0,114.0,416.0,35.0,75,990.3066666666666,74273.0
1610612743,201589,Darrell Arthur,1.3571428571428572,2.357142857142857,0.5,1.0,0.14285714285714285,0.21428571428571427,0.14285714285714285,0.5,0.6428571428571429,0.5714285714285714,0.42857142857142855,0.21428571428571427,0.5714285714285714,1.0714285714285714,3.357142857142857,-0.5,19.0,33.0,7.0,14.0,2.0,3.0,2.0,7.0,9.0,8.0,6.0,3.0,8.0,15.0,47.0,-7.0,14,417.2142857142857,5841.0
1610612762,203918,Rodney Hood,5.636363636363637,12.272727272727273,1.8181818181818181,5.545454545454546,1.8181818181818181,1.9090909090909092,0.36363636363636365,3.0,3.3636363636363638,1.6363636363636365,0.6363636363636364,0.09090909090909091,1.5454545454545454,1.2727272727272727,14.909090909090908,0.36363636363636365,62.0,135.0,20.0,61.0,20.0,21.0,4.0,33.0,37.0,18.0,7.0,1.0,17.0,14.0,164.0,4.0,11,1539.4545454545455,16934.0
