TEAM_ID,PLAYER_ID,PLAYER_NAME,avg(FGM),avg(FGA),avg(FG3M),avg(FG3A),avg(FTM),avg(FTA),avg(OREB),avg(DREB),avg(REB),avg(AST),avg(STL),avg(BLK),avg(TO),avg(PF),avg(PTS),avg(PLUS_MINUS),sum(FGM),sum(FGA),sum(FG3M),sum(FG3A),sum(FTM),sum(FTA),sum(OREB),sum(DREB),sum(REB),sum(AST),sum(STL),sum(BLK),sum(TO),sum(PF),sum(PTS),sum(PLUS_MINUS),sum(ifminute),avg(seconds),sum(seconds)
1610612744,201156,Nick Young,2.046153846153846,5.430769230769231,1.3384615384615384,3.8,0.6615384615384615,0.7076923076923077,0.23076923076923078,1.1384615384615384,1.3692307692307693,0.38461538461538464,0.38461538461538464,0.06153846153846154,0.35384615384615387,1.2307692307692308,6.092307692307692,0.09230769230769231,133.0,353.0,87.0,247.0,43.0,46.0,15.0,74.0,89.0,25.0,25.0,4.0,23.0,80.0,396.0,6.0,65,1020.0153846153846,66301.0
1610612760,1626177,Dakari Johnson,0.4117647058823529,0.6470588235294118,0.0,0.0,0.17647058823529413,0.35294117647058826,0.4117647058823529,0.35294117647058826,0.7647058823529411,0.0,0.058823529411764705,0.11764705882352941,0.0,0.4117647058823529,1.0,0.7647058823529411,7.0,11.0,0.0,0.0,3.0,6.0,7.0,6.0,13.0,0.0,1.0,2.0,0.0,7.0,17.0,13.0,17,181.76470588235293,3090.0
1610612753,1628503,Jamel Artis,2.7,6.2,0.8,2.4,0.6,0.9,0.3,2.8,3.1,1.4,0.2,0.3,0.8,1.1,6.8,-0.8,27.0,62.0,8.0,24.0,6.0,9.0,3.0,28.0,31.0,14.0,2.0,3.0,8.0,11.0,68.0,-8.0,10,1342.5,13425.0
