TEAM_ID,PLAYER_ID,PLAYER_NAME,avg(FGM),avg(FGA),avg(FG3M),avg(FG3A),avg(FTM),avg(FTA),avg(OREB),avg(DREB),avg(REB),avg(AST),avg(STL),avg(BLK),avg(TO),avg(PF),avg(PTS),avg(PLUS_MINUS),sum(FGM),sum(FGA),sum(FG3M),sum(FG3A),sum(FTM),sum(FTA),sum(OREB),sum(DREB),sum(REB),sum(AST),sum(STL),sum(BLK),sum(TO),sum(PF),sum(PTS),sum(PLUS_MINUS),sum(ifminute),avg(seconds),sum(seconds)
1610612765,1628379,Luke Kennard,2.953125,6.609375,1.109375,2.90625,0.859375,0.984375,0.28125,2.5,2.78125,1.765625,0.484375,0.1875,0.921875,1.34375,7.875,-0.234375,189.0,423.0,71.0,186.0,55.0,63.0,18.0,160.0,178.0,113.0,31.0,12.0,59.0,86.0,504.0,-15.0,64,1250.484375,80031.0
1610612746,201933,Blake Griffin,7.5,16.083333333333332,1.6666666666666667,5.166666666666667,4.083333333333333,5.333333333333333,1.4166666666666667,6.833333333333333,8.25,5.916666666666667,0.8333333333333334,0.08333333333333333,2.9166666666666665,2.0,20.75,0.08333333333333333,90.0,193.0,20.0,62.0,49.0,64.0,17.0,82.0,99.0,71.0,10.0,1.0,35.0,24.0,249.0,1.0,12,1967.25,23607.0
1610612747,101106,Andrew Bogut,0.0,0.0,0.0,0.0,0.0,0.0,1.0,2.0,3.0,1.0,0.0,0.0,1.0,0.0,0.0,2.0,0.0,0.0,0.0,0.0,0.0,0.0,1.0,2.0,3.0,1.0,0.0,0.0,1.0,0.0,0.0,2.0,1,504.0,504.0
