TEAM_ID,PLAYER_ID,PLAYER_NAME,avg(FGM),avg(FGA),avg(FG3M),avg(FG3A),avg(FTM),avg(FTA),avg(OREB),avg(DREB),avg(REB),avg(AST),avg(STL),avg(BLK),avg(TO),avg(PF),avg(PTS),avg(PLUS_MINUS),sum(FGM),sum(FGA),sum(FG3M),sum(FG3A),sum(FTM),sum(FTA),sum(OREB),sum(DREB),sum(REB),sum(AST),sum(STL),sum(BLK),sum(TO),sum(PF),sum(PTS),sum(PLUS_MINUS),sum(ifminute),avg(seconds),sum(seconds)
1610612745,202702,Kenneth Faried,4.516129032258065,7.612903225806452,0.25806451612903225,0.6774193548387096,1.903225806451613,2.870967741935484,2.7419354838709675,4.580645161290323,7.32258064516129,0.6451612903225806,0.5483870967741935,0.6129032258064516,0.8709677419354839,2.5806451612903225,11.193548387096774,3.096774193548387,140.0,236.0,8.0,21.0,59.0,89.0,85.0,142.0,227.0,20.0,17.0,19.0,27.0,80.0,347.0,96.0,31,1290.225806451613,39997.0
1610612742,203939,Dwight Powell,3.759493670886076,6.329113924050633,0.4936708860759494,1.6582278481012658,2.5443037974683542,3.2911392405063293,1.8227848101265822,3.518987341772152,5.341772151898734,1.4556962025316456,0.5822784810126582,0.6455696202531646,0.8987341772151899,2.6582278481012658,10.556962025316455,0.24050632911392406,297.0,500.0,39.0,131.0,201.0,260.0,144.0,278.0,422.0,115.0,46.0,51.0,71.0,210.0,834.0,19.0,79,1290.9367088607594,101984.0
1610612740,1626143,Jahlil Okafor,3.6,6.15,0.016666666666666666,0.08333333333333333,0.9833333333333333,1.4833333333333334,1.4166666666666667,3.3333333333333335,4.75,0.6833333333333333,0.25,0.7,0.9,1.6333333333333333,8.2,-2.1666666666666665,216.0,369.0,1.0,5.0,59.0,89.0,85.0,200.0,285.0,41.0,15.0,42.0,54.0,98.0,492.0,-130.0,60,951.8166666666667,57109.0
