TEAM_ID,PLAYER_ID,PLAYER_NAME,avg(FGM),avg(FGA),avg(FG3M),avg(FG3A),avg(FTM),avg(FTA),avg(OREB),avg(DREB),avg(REB),avg(AST),avg(STL),avg(BLK),avg(TO),avg(PF),avg(PTS),avg(PLUS_MINUS),sum(FGM),sum(FGA),sum(FG3M),sum(FG3A),sum(FTM),sum(FTA),sum(OREB),sum(DREB),sum(REB),sum(AST),sum(STL),sum(BLK),sum(TO),sum(PF),sum(PTS),sum(PLUS_MINUS),sum(ifminute),avg(seconds),sum(seconds)
1610612754,1627734,Domantas Sabonis,5.235294117647059,9.364705882352942,0.17647058823529413,0.43529411764705883,2.447058823529412,3.2823529411764705,2.3294117647058825,5.882352941176471,8.211764705882352,2.223529411764706,0.6,0.4588235294117647,2.0823529411764707,3.1058823529411765,13.094117647058823,2.411764705882353,445.0,796.0,15.0,37.0,208.0,279.0,198.0,500.0,698.0,189.0,51.0,39.0,177.0,264.0,1113.0,205.0,85,1474.6705882352942,125347.0
1610612753,1628518,Amile Jefferson,1.0,1.3333333333333333,0.0,0.0,0.6666666666666666,1.3333333333333333,0.3333333333333333,2.0,2.3333333333333335,0.0,0.0,0.0,0.0,1.3333333333333333,2.6666666666666665,5.0,3.0,4.0,0.0,0.0,2.0,4.0,1.0,6.0,7.0,0.0,0.0,0.0,0.0,4.0,8.0,15.0,3,408.3333333333333,1225.0
1610612764,203085,Austin Rivers,2.5757575757575757,6.7272727272727275,1.0606060606060606,3.6666666666666665,0.7878787878787878,1.4545454545454546,0.3333333333333333,2.090909090909091,2.4242424242424243,2.090909090909091,0.6363636363636364,0.3333333333333333,1.1818181818181819,2.5454545454545454,7.0,-1.0606060606060606,85.0,222.0,35.0,121.0,26.0,48.0,11.0,69.0,80.0,69.0,21.0,11.0,39.0,84.0,231.0,-35.0,33,1416.060606060606,46730.0
1610612751,1629162,Jordan McLaughlin,0.0,2.0,0.0,2.0,0.0,0.0,0.0,0.0,0.0,1.0,0.0,0.0,2.0,1.0,0.0,4.0,0.0,2.0,0.0,2.0,0.0,0.0,0.0,0.0,0.0,1.0,0.0,0.0,2.0,1.0,0.0,4.0,1,500.0,500.0
