TEAM_ID,PLAYER_ID,PLAYER_NAME,avg(FGM),avg(FGA),avg(FG3M),avg(FG3A),avg(FTM),avg(FTA),avg(OREB),avg(DREB),avg(REB),avg(AST),avg(STL),avg(BLK),avg(TO),avg(PF),avg(PTS),avg(PLUS_MINUS),sum(FGM),sum(FGA),sum(FG3M),sum(FG3A),sum(FTM),sum(FTA),sum(OREB),sum(DREB),sum(REB),sum(AST),sum(STL),sum(BLK),sum(TO),sum(PF),sum(PTS),sum(PLUS_MINUS),sum(ifminute),avg(seconds),sum(seconds)
1610612754,202709,Cory Joseph,3.043956043956044,7.021978021978022,0.7252747252747253,2.1868131868131866,0.6813186813186813,0.989010989010989,0.5054945054945055,3.043956043956044,3.5494505494505493,3.4725274725274726,1.164835164835165,0.2087912087912088,1.1428571428571428,1.7362637362637363,7.4945054945054945,1.89010989010989,277.0,639.0,66.0,199.0,62.0,90.0,46.0,277.0,323.0,316.0,106.0,19.0,104.0,158.0,682.0,172.0,91,1596.4725274725274,145279.0
1610612744,1627745,Damian Jones,1.7659574468085106,2.574468085106383,0.0,0.0,0.8085106382978723,1.3617021276595744,0.8936170212765957,1.574468085106383,2.4680851063829787,0.851063829787234,0.40425531914893614,0.6808510638297872,0.6170212765957447,1.9787234042553192,4.340425531914893,0.425531914893617,83.0,121.0,0.0,0.0,38.0,64.0,42.0,74.0,116.0,40.0,19.0,32.0,29.0,93.0,204.0,20.0,47,762.7446808510638,35849.0
1610612743,202918,Xavier Silas,0.0,3.0,0.0,2.0,0.0,0.0,0.5,0.5,1.0,0.5,0.0,0.0,0.5,2.0,0.0,-5.0,0.0,6.0,0.0,4.0,0.0,0.0,1.0,1.0,2.0,1.0,0.0,0.0,1.0,4.0,0.0,-10.0,2,444.0,888.0
1610612759,1938,Manu Ginobili,3.1538461538461537,7.153846153846154,1.1538461538461537,2.948717948717949,1.794871794871795,2.1794871794871793,0.2564102564102564,1.9743589743589745,2.230769230769231,2.6666666666666665,0.7435897435897436,0.20512820512820512,1.4615384615384615,2.1025641025641026,9.256410256410257,0.23076923076923078,123.0,279.0,45.0,115.0,70.0,85.0,10.0,77.0,87.0,104.0,29.0,8.0,57.0,82.0,361.0,9.0,39,1169.4358974358975,45608.0
1610612758,203960,JaKarr Sampson,1.9375,3.6875,0.1875,0.4375,0.5,0.875,0.8125,2.1875,3.0,0.4375,0.375,1.125,0.375,1.9375,4.5625,-0.625,31.0,59.0,3.0,7.0,8.0,14.0,13.0,35.0,48.0,7.0,6.0,18.0,6.0,31.0,73.0,-10.0,16,908.125,14530.0
