TEAM_ID,PLAYER_ID,PLAYER_NAME,avg(FGM),avg(FGA),avg(FG3M),avg(FG3A),avg(FTM),avg(FTA),avg(OREB),avg(DREB),avg(REB),avg(AST),avg(STL),avg(BLK),avg(TO),avg(PF),avg(PTS),avg(PLUS_MINUS),sum(FGM),sum(FGA),sum(FG3M),sum(FG3A),sum(FTM),sum(FTA),sum(OREB),sum(DREB),sum(REB),sum(AST),sum(STL),sum(BLK),sum(TO),sum(PF),sum(PTS),sum(PLUS_MINUS),sum(ifminute),avg(seconds),sum(seconds)
1610612761,202361,Landry Fields,0.7333333333333333,1.4333333333333333,0.03333333333333333,0.06666666666666667,0.16666666666666666,0.2,0.4,0.6,1.0,0.6666666666666666,0.43333333333333335,0.0,0.36666666666666664,0.4,1.6666666666666667,-2.4,22.0,43.0,1.0,2.0,5.0,6.0,12.0,18.0,30.0,20.0,13.0,0.0,11.0,12.0,50.0,-72.0,30,503.46666666666664,15104.0
1610612746,202327,Ekpe Udoh,0.2972972972972973,0.7837837837837838,0.0,0.0,0.24324324324324326,0.35135135135135137,0.32432432432432434,0.6486486486486487,0.972972972972973,0.24324324324324326,0.21621621621621623,0.1891891891891892,0.2702702702702703,0.7837837837837838,0.8378378378378378,-0.7027027027027027,11.0,29.0,0.0,0.0,9.0,13.0,12.0,24.0,36.0,9.0,8.0,7.0,10.0,29.0,31.0,-26.0,37,246.6216216216216,9125.0
1610612740,203085,Austin Rivers,2.4761904761904763,6.404761904761905,0.38095238095238093,1.4047619047619047,1.7142857142857142,2.357142857142857,0.30952380952380953,1.9047619047619047,2.2142857142857144,2.6666666666666665,0.5714285714285714,0.19047619047619047,0.9523809523809523,2.0,7.0476190476190474,-0.5,104.0,269.0,16.0,59.0,72.0,99.0,13.0,80.0,93.0,112.0,24.0,8.0,40.0,84.0,296.0,-21.0,42,1362.5,57225.0
