TEAM_ID,PLAYER_ID,PLAYER_NAME,avg(FGM),avg(FGA),avg(FG3M),avg(FG3A),avg(FTM),avg(FTA),avg(OREB),avg(DREB),avg(REB),avg(AST),avg(STL),avg(BLK),avg(TO),avg(PF),avg(PTS),avg(PLUS_MINUS),sum(FGM),sum(FGA),sum(FG3M),sum(FG3A),sum(FTM),sum(FTA),sum(OREB),sum(DREB),sum(REB),sum(AST),sum(STL),sum(BLK),sum(TO),sum(PF),sum(PTS),sum(PLUS_MINUS),sum(ifminute),avg(seconds),sum(seconds)
1610612763,2757,Beno Udrih,3.0476190476190474,6.2976190476190474,0.35714285714285715,1.2380952380952381,1.1071428571428572,1.2976190476190477,0.2619047619047619,1.5595238095238095,1.8214285714285714,2.7261904761904763,0.5952380952380952,0.09523809523809523,1.1785714285714286,1.0714285714285714,7.559523809523809,-0.30952380952380953,256.0,529.0,30.0,104.0,93.0,109.0,22.0,131.0,153.0,229.0,50.0,8.0,99.0,90.0,635.0,-26.0,84,1124.3690476190477,94447.0
1610612755,204040,Ronald Roberts Jr.,1.0,1.75,0.0,0.0,0.0,0.5,0.5,0.75,1.25,0.25,0.0,0.0,0.5,0.5,2.0,0.5,4.0,7.0,0.0,0.0,0.0,2.0,2.0,3.0,5.0,1.0,0.0,0.0,2.0,2.0,8.0,2.0,4,348.0,1392.0
