TEAM_ID,PLAYER_ID,PLAYER_NAME,avg(FGM),avg(FGA),avg(FG3M),avg(FG3A),avg(FTM),avg(FTA),avg(OREB),avg(DREB),avg(REB),avg(AST),avg(STL),avg(BLK),avg(TO),avg(PF),avg(PTS),avg(PLUS_MINUS),sum(FGM),sum(FGA),sum(FG3M),sum(FG3A),sum(FTM),sum(FTA),sum(OREB),sum(DREB),sum(REB),sum(AST),sum(STL),sum(BLK),sum(TO),sum(PF),sum(PTS),sum(PLUS_MINUS),sum(ifminute),avg(seconds),sum(seconds)
1610612753,202696,Nikola Vucevic,8.35,15.925,0.025,0.075,2.1,2.8,3.1375,7.55,10.6875,1.9,0.725,0.75,1.9875,2.9375,18.825,-3.8625,668.0,1274.0,2.0,6.0,168.0,224.0,251.0,604.0,855.0,152.0,58.0,60.0,159.0,235.0,1506.0,-309.0,80,2010.0625,160805.0
1610612758,201574,Jason Thompson,2.425287356321839,5.137931034482759,0.0,0.011494252873563218,1.1264367816091954,1.839080459770115,1.7011494252873562,4.804597701149425,6.505747126436781,1.0114942528735633,0.40229885057471265,0.6896551724137931,1.0919540229885059,2.9080459770114944,5.977011494252873,-1.9655172413793103,211.0,447.0,0.0,1.0,98.0,160.0,148.0,418.0,566.0,88.0,35.0,60.0,95.0,253.0,520.0,-171.0,87,1458.2183908045977,126865.0
1610612747,201156,Nick Young,4.142857142857143,11.333333333333334,1.9761904761904763,5.357142857142857,3.142857142857143,3.5238095238095237,0.40476190476190477,1.880952380952381,2.2857142857142856,0.9761904761904762,0.5476190476190477,0.2619047619047619,1.0476190476190477,1.9761904761904763,13.404761904761905,-1.5952380952380953,174.0,476.0,83.0,225.0,132.0,148.0,17.0,79.0,96.0,41.0,23.0,11.0,44.0,83.0,563.0,-67.0,42,1428.8333333333333,60011.0
1610612745,203123,Kostas Papanikolaou,1.7843137254901962,5.1568627450980395,0.7450980392156863,2.7058823529411766,0.5098039215686274,0.7058823529411765,0.9019607843137255,1.9215686274509804,2.823529411764706,2.0588235294117645,0.7254901960784313,0.37254901960784315,1.3333333333333333,1.803921568627451,4.823529411764706,-0.6274509803921569,91.0,263.0,38.0,138.0,26.0,36.0,46.0,98.0,144.0,105.0,37.0,19.0,68.0,92.0,246.0,-32.0,51,1178.3529411764705,60096.0
