TEAM_ID,PLAYER_ID,PLAYER_NAME,avg(FGM),avg(FGA),avg(FG3M),avg(FG3A),avg(FTM),avg(FTA),avg(OREB),avg(DREB),avg(REB),avg(AST),avg(STL),avg(BLK),avg(TO),avg(PF),avg(PTS),avg(PLUS_MINUS),sum(FGM),sum(FGA),sum(FG3M),sum(FG3A),sum(FTM),sum(FTA),sum(OREB),sum(DREB),sum(REB),sum(AST),sum(STL),sum(BLK),sum(TO),sum(PF),sum(PTS),sum(PLUS_MINUS),sum(ifminute),avg(seconds),sum(seconds)
1610612760,203956,Mitch McGary,2.878787878787879,5.424242424242424,0.0,0.06060606060606061,0.7575757575757576,1.2121212121212122,1.6666666666666667,3.4545454545454546,5.121212121212121,0.48484848484848486,0.5454545454545454,0.48484848484848486,0.9696969696969697,2.242424242424242,6.515151515151516,0.7575757575757576,95.0,179.0,0.0,2.0,25.0,40.0,55.0,114.0,169.0,16.0,18.0,16.0,32.0,74.0,215.0,25.0,33,947.1515151515151,31256.0
1610612738,101138,Brandon Bass,4.1,8.144444444444444,0.12222222222222222,0.4,2.2,2.7555555555555555,1.6777777777777778,3.077777777777778,4.7555555555555555,1.288888888888889,0.4666666666666667,0.4111111111111111,1.0666666666666667,1.6666666666666667,10.522222222222222,-2.2777777777777777,369.0,733.0,11.0,36.0,198.0,248.0,151.0,277.0,428.0,116.0,42.0,37.0,96.0,150.0,947.0,-205.0,90,1385.9222222222222,124733.0
1610612758,204033,David Wear,0.0,1.0,0.0,0.5,0.0,0.0,1.0,0.0,1.0,0.5,0.0,0.0,0.0,0.5,0.0,-4.5,0.0,2.0,0.0,1.0,0.0,0.0,2.0,0.0,2.0,1.0,0.0,0.0,0.0,1.0,0.0,-9.0,2,209.0,418.0
1610612756,101122,Danny Granger,"","","","","","","","","","","","","","","","","","","","","","","","","","","","","","","","",0,"",""
