TEAM_ID,PLAYER_ID,PLAYER_NAME,avg(FGM),avg(FGA),avg(FG3M),avg(FG3A),avg(FTM),avg(FTA),avg(OREB),avg(DREB),avg(REB),avg(AST),avg(STL),avg(BLK),avg(TO),avg(PF),avg(PTS),avg(PLUS_MINUS),sum(FGM),sum(FGA),sum(FG3M),sum(FG3A),sum(FTM),sum(FTA),sum(OREB),sum(DREB),sum(REB),sum(AST),sum(STL),sum(BLK),sum(TO),sum(PF),sum(PTS),sum(PLUS_MINUS),sum(ifminute),avg(seconds),sum(seconds)
1610612747,201961,Wayne Ellington,3.767123287671233,9.41095890410959,1.2876712328767124,3.6027397260273974,0.8767123287671232,1.0410958904109588,0.4657534246575342,2.671232876712329,3.136986301369863,1.6575342465753424,0.5616438356164384,0.0273972602739726,0.7671232876712328,1.2602739726027397,9.698630136986301,-2.3698630136986303,275.0,687.0,94.0,263.0,64.0,76.0,34.0,195.0,229.0,121.0,41.0,2.0,56.0,92.0,708.0,-173.0,73,1553.7671232876712,113425.0
1610612757,203197,Diante Garrett,0.0,0.5,0.0,0.5,0.0,0.0,0.0,0.0,0.0,0.5,0.0,0.0,0.5,0.0,0.0,-2.0,0.0,1.0,0.0,1.0,0.0,0.0,0.0,0.0,0.0,1.0,0.0,0.0,1.0,0.0,0.0,-4.0,2,341.5,683.0
