TEAM_ID,PLAYER_ID,PLAYER_NAME,avg(FGM),avg(FGA),avg(FG3M),avg(FG3A),avg(FTM),avg(FTA),avg(OREB),avg(DREB),avg(REB),avg(AST),avg(STL),avg(BLK),avg(TO),avg(PF),avg(PTS),avg(PLUS_MINUS),sum(FGM),sum(FGA),sum(FG3M),sum(FG3A),sum(FTM),sum(FTA),sum(OREB),sum(DREB),sum(REB),sum(AST),sum(STL),sum(BLK),sum(TO),sum(PF),sum(PTS),sum(PLUS_MINUS),sum(ifminute),avg(seconds),sum(seconds)
1610612765,203540,Gigi Datome,1.6666666666666667,3.5,0.16666666666666666,1.0,0.16666666666666666,0.3333333333333333,0.16666666666666666,1.1666666666666667,1.3333333333333333,0.3333333333333333,0.16666666666666666,0.0,0.5,0.16666666666666666,3.6666666666666665,2.5,10.0,21.0,1.0,6.0,1.0,2.0,1.0,7.0,8.0,2.0,1.0,0.0,3.0,1.0,22.0,15.0,6,482.3333333333333,2894.0
1610612752,2747,JR Smith,3.935483870967742,10.096774193548388,1.1612903225806452,3.4516129032258065,1.096774193548387,1.5806451612903225,0.25806451612903225,2.129032258064516,2.3870967741935485,3.032258064516129,0.7419354838709677,0.12903225806451613,1.7419354838709677,1.8709677419354838,10.129032258064516,-2.806451612903226,122.0,313.0,36.0,107.0,34.0,49.0,8.0,66.0,74.0,94.0,23.0,4.0,54.0,58.0,314.0,-87.0,31,1494.516129032258,46330.0
1610612738,203585,Rodney McGruder,1.0,2.0,0.0,0.0,0.0,1.0,0.6666666666666666,0.0,0.6666666666666666,0.0,0.0,0.0,0.0,1.0,2.0,-4.666666666666667,3.0,6.0,0.0,0.0,0.0,3.0,2.0,0.0,2.0,0.0,0.0,0.0,0.0,3.0,6.0,-14.0,3,292.3333333333333,877.0
1610612738,204024,Christian Watford,0.0,1.0,0.0,0.0,0.0,0.0,0.0,0.0,0.0,0.0,0.0,0.0,0.0,0.3333333333333333,0.0,-3.3333333333333335,0.0,3.0,0.0,0.0,0.0,0.0,0.0,0.0,0.0,0.0,0.0,0.0,0.0,1.0,0.0,-10.0,3,132.0,396.0
