TEAM_ID,PLAYER_ID,PLAYER_NAME,avg(FGM),avg(FGA),avg(FG3M),avg(FG3A),avg(FTM),avg(FTA),avg(OREB),avg(DREB),avg(REB),avg(AST),avg(STL),avg(BLK),avg(TO),avg(PF),avg(PTS),avg(PLUS_MINUS),sum(FGM),sum(FGA),sum(FG3M),sum(FG3A),sum(FTM),sum(FTA),sum(OREB),sum(DREB),sum(REB),sum(AST),sum(STL),sum(BLK),sum(TO),sum(PF),sum(PTS),sum(PLUS_MINUS),sum(ifminute),avg(seconds),sum(seconds)
1610612743,201167,Arron Afflalo,4.934426229508197,11.475409836065573,1.4426229508196722,4.147540983606557,2.377049180327869,2.8360655737704916,0.36065573770491804,2.8360655737704916,3.19672131147541,1.819672131147541,0.5573770491803278,0.09836065573770492,1.5081967213114753,1.9836065573770492,13.688524590163935,-2.0327868852459017,301.0,700.0,88.0,253.0,145.0,173.0,22.0,173.0,195.0,111.0,34.0,6.0,92.0,121.0,835.0,-124.0,61,1890.4918032786886,115320.0
1610612762,203467,Carrick Felix,0.0,1.0,0.0,0.5,0.0,0.25,0.5,0.5,1.0,0.5,0.25,0.25,1.0,1.25,0.0,0.0,0.0,4.0,0.0,2.0,0.0,1.0,2.0,2.0,4.0,2.0,1.0,1.0,4.0,5.0,0.0,0.0,4,406.5,1626.0
1610612755,202363,Jarvis Varnado,"","","","","","","","","","","","","","","","","","","","","","","","","","","","","","","","",0,"",""
