TEAM_ID,PLAYER_ID,PLAYER_NAME,avg(FGM),avg(FGA),avg(FG3M),avg(FG3A),avg(FTM),avg(FTA),avg(OREB),avg(DREB),avg(REB),avg(AST),avg(STL),avg(BLK),avg(TO),avg(PF),avg(PTS),avg(PLUS_MINUS),sum(FGM),sum(FGA),sum(FG3M),sum(FG3A),sum(FTM),sum(FTA),sum(OREB),sum(DREB),sum(REB),sum(AST),sum(STL),sum(BLK),sum(TO),sum(PF),sum(PTS),sum(PLUS_MINUS),sum(ifminute),avg(seconds),sum(seconds)
1610612765,202328,Greg Monroe,6.1466666666666665,12.2,0.0,0.0,3.6666666666666665,4.8933333333333335,3.2533333333333334,6.826666666666667,10.08,2.04,1.1866666666666668,0.52,2.2,2.16,15.96,0.21333333333333335,461.0,915.0,0.0,0.0,275.0,367.0,244.0,512.0,756.0,153.0,89.0,39.0,165.0,162.0,1197.0,16.0,75,1846.28,138471.0
1610612766,203106,Jeffery Taylor,1.5517241379310345,3.9310344827586206,0.3793103448275862,1.2413793103448276,0.896551724137931,1.4137931034482758,0.4827586206896552,1.3448275862068966,1.8275862068965518,0.7586206896551724,0.41379310344827586,0.034482758620689655,0.6551724137931034,1.2413793103448276,4.379310344827586,-4.379310344827586,45.0,114.0,11.0,36.0,26.0,41.0,14.0,39.0,53.0,22.0,12.0,1.0,19.0,36.0,127.0,-127.0,29,890.5172413793103,25825.0
1610612765,203915,Spencer Dinwiddie,1.5142857142857142,4.942857142857143,0.4,1.9428571428571428,0.9428571428571428,1.0285714285714285,0.11428571428571428,1.2571428571428571,1.3714285714285714,3.142857142857143,0.5428571428571428,0.17142857142857143,1.0,1.5714285714285714,4.371428571428571,-2.085714285714286,53.0,173.0,14.0,68.0,33.0,36.0,4.0,44.0,48.0,110.0,19.0,6.0,35.0,55.0,153.0,-73.0,35,807.1428571428571,28250.0
1610612766,203193,Dallas Lauderdale,0.0,0.0,0.0,0.0,0.0,0.0,0.0,0.0,0.0,0.0,0.0,1.0,0.0,0.0,0.0,4.0,0.0,0.0,0.0,0.0,0.0,0.0,0.0,0.0,0.0,0.0,0.0,1.0,0.0,0.0,0.0,4.0,1,193.0,193.0
