TEAM_ID,PLAYER_ID,PLAYER_NAME,avg(FGM),avg(FGA),avg(FG3M),avg(FG3A),avg(FTM),avg(FTA),avg(OREB),avg(DREB),avg(REB),avg(AST),avg(STL),avg(BLK),avg(TO),avg(PF),avg(PTS),avg(PLUS_MINUS),sum(FGM),sum(FGA),sum(FG3M),sum(FG3A),sum(FTM),sum(FTA),sum(OREB),sum(DREB),sum(REB),sum(AST),sum(STL),sum(BLK),sum(TO),sum(PF),sum(PTS),sum(PLUS_MINUS),sum(ifminute),avg(seconds),sum(seconds)
1610612763,201145,Jeff Green,4.666666666666667,10.933333333333334,1.1111111111111112,3.066666666666667,2.6222222222222222,3.1777777777777776,0.9555555555555556,3.2,4.155555555555556,1.8,0.5777777777777777,0.4666666666666667,1.1555555555555554,1.8,13.066666666666666,-0.5777777777777777,210.0,492.0,50.0,138.0,118.0,143.0,43.0,144.0,187.0,81.0,26.0,21.0,52.0,81.0,588.0,-26.0,45,1815.2444444444445,81686.0
1610612760,201566,Russell Westbrook,8.917808219178083,21.041095890410958,1.1917808219178083,4.082191780821918,7.794520547945205,9.301369863013699,1.7534246575342465,5.205479452054795,6.958904109589041,8.36986301369863,2.0684931506849313,0.1917808219178082,4.3561643835616435,2.671232876712329,26.82191780821918,3.328767123287671,651.0,1536.0,87.0,298.0,569.0,679.0,128.0,380.0,508.0,611.0,151.0,14.0,318.0,195.0,1958.0,243.0,73,2001.8219178082193,146133.0
1610612750,203930,Sean Kilpatrick,1.75,5.0,1.0,3.25,1.0,1.0,0.25,1.25,1.5,1.0,0.75,0.0,0.5,0.75,5.5,4.25,7.0,20.0,4.0,13.0,4.0,4.0,1.0,5.0,6.0,4.0,3.0,0.0,2.0,3.0,22.0,17.0,4,1072.75,4291.0
1610612745,2694,Josh Powell,0.0,2.0,0.0,0.0,0.0,0.0,1.0,0.0,1.0,0.0,0.0,0.0,1.0,1.0,0.0,5.0,0.0,2.0,0.0,0.0,0.0,0.0,1.0,0.0,1.0,0.0,0.0,0.0,1.0,1.0,0.0,5.0,1,389.0,389.0
