TEAM_ID,PLAYER_ID,PLAYER_NAME,avg(FGM),avg(FGA),avg(FG3M),avg(FG3A),avg(FTM),avg(FTA),avg(OREB),avg(DREB),avg(REB),avg(AST),avg(STL),avg(BLK),avg(TO),avg(PF),avg(PTS),avg(PLUS_MINUS),sum(FGM),sum(FGA),sum(FG3M),sum(FG3A),sum(FTM),sum(FTA),sum(OREB),sum(DREB),sum(REB),sum(AST),sum(STL),sum(BLK),sum(TO),sum(PF),sum(PTS),sum(PLUS_MINUS),sum(ifminute),avg(seconds),sum(seconds)
1610612737,201960,DeMarre Carroll,4.381578947368421,9.144736842105264,1.618421052631579,4.223684210526316,1.855263157894737,2.6184210526315788,1.4210526315789473,3.8289473684210527,5.25,1.6578947368421053,1.3026315789473684,0.23684210526315788,1.0657894736842106,2.236842105263158,12.236842105263158,2.6578947368421053,333.0,695.0,123.0,321.0,141.0,199.0,108.0,291.0,399.0,126.0,99.0,18.0,81.0,170.0,930.0,202.0,76,1841.8684210526317,139982.0
1610612746,2440,Matt Barnes,3.4096385542168677,8.048192771084338,1.6506024096385543,4.819277108433735,0.9518072289156626,1.2409638554216869,0.6626506024096386,3.180722891566265,3.8433734939759034,1.5060240963855422,0.891566265060241,0.6506024096385542,1.1204819277108433,3.1204819277108435,9.421686746987952,6.024096385542169,283.0,668.0,137.0,400.0,79.0,103.0,55.0,264.0,319.0,125.0,74.0,54.0,93.0,259.0,782.0,500.0,83,1760.5903614457832,146129.0
1610612760,204077,Michael Jenkins,2.0,5.0,1.1428571428571428,3.5714285714285716,0.8571428571428571,1.4285714285714286,0.42857142857142855,1.2857142857142858,1.7142857142857142,1.7142857142857142,0.42857142857142855,0.0,2.0,2.2857142857142856,6.0,-1.0,14.0,35.0,8.0,25.0,6.0,10.0,3.0,9.0,12.0,12.0,3.0,0.0,14.0,16.0,42.0,-7.0,7,1052.2857142857142,7366.0
