TEAM_ID,PLAYER_ID,PLAYER_NAME,avg(FGM),avg(FGA),avg(FG3M),avg(FG3A),avg(FTM),avg(FTA),avg(OREB),avg(DREB),avg(REB),avg(AST),avg(STL),avg(BLK),avg(TO),avg(PF),avg(PTS),avg(PLUS_MINUS),sum(FGM),sum(FGA),sum(FG3M),sum(FG3A),sum(FTM),sum(FTA),sum(OREB),sum(DREB),sum(REB),sum(AST),sum(STL),sum(BLK),sum(TO),sum(PF),sum(PTS),sum(PLUS_MINUS),sum(ifminute),avg(seconds),sum(seconds)
1610612758,203463,Ben McLemore,4.363636363636363,10.0,1.6818181818181819,4.6477272727272725,1.5795454545454546,1.9204545454545454,0.375,2.465909090909091,2.840909090909091,1.6363636363636365,0.9659090909090909,0.2159090909090909,1.6818181818181819,2.6363636363636362,11.988636363636363,-0.2727272727272727,384.0,880.0,148.0,409.0,139.0,169.0,33.0,217.0,250.0,144.0,85.0,19.0,148.0,232.0,1055.0,-24.0,88,1930.2954545454545,169866.0
1610612743,203994,Jusuf Nurkic,2.742857142857143,6.142857142857143,0.0,0.04285714285714286,1.3857142857142857,2.2142857142857144,2.157142857142857,4.285714285714286,6.442857142857143,0.8285714285714286,0.8142857142857143,1.1,1.4428571428571428,3.4285714285714284,6.871428571428571,0.3142857142857143,192.0,430.0,0.0,3.0,97.0,155.0,151.0,300.0,451.0,58.0,57.0,77.0,101.0,240.0,481.0,22.0,70,1068.1142857142856,74768.0
1610612741,202734,E'Twaun Moore,1.0689655172413792,2.396551724137931,0.22413793103448276,0.6551724137931034,0.20689655172413793,0.3448275862068966,0.20689655172413793,0.5862068965517241,0.7931034482758621,0.5689655172413793,0.3448275862068966,0.10344827586206896,0.2413793103448276,0.7758620689655172,2.5689655172413794,-0.43103448275862066,62.0,139.0,13.0,38.0,12.0,20.0,12.0,34.0,46.0,33.0,20.0,6.0,14.0,45.0,149.0,-25.0,58,523.948275862069,30389.0
1610612756,203502,Tony Mitchell,"","","","","","","","","","","","","","","","","","","","","","","","","","","","","","","","",0,"",""
1610612745,101128,Francisco Garcia,1.0625,4.3125,0.625,3.0,0.25,0.5,0.1875,1.0625,1.25,1.0625,0.6875,0.4375,0.625,1.375,3.0,-1.0625,17.0,69.0,10.0,48.0,4.0,8.0,3.0,17.0,20.0,17.0,11.0,7.0,10.0,22.0,48.0,-17.0,16,814.1875,13027.0
