TEAM_ID,PLAYER_ID,PLAYER_NAME,avg(FGM),avg(FGA),avg(FG3M),avg(FG3A),avg(FTM),avg(FTA),avg(OREB),avg(DREB),avg(REB),avg(AST),avg(STL),avg(BLK),avg(TO),avg(PF),avg(PTS),avg(PLUS_MINUS),sum(FGM),sum(FGA),sum(FG3M),sum(FG3A),sum(FTM),sum(FTA),sum(OREB),sum(DREB),sum(REB),sum(AST),sum(STL),sum(BLK),sum(TO),sum(PF),sum(PTS),sum(PLUS_MINUS),sum(ifminute),avg(seconds),sum(seconds)
1610612737,201948,Austin Daye,1.25,3.25,0.625,1.75,0.125,0.25,0.5,1.25,1.75,1.0,0.5,0.25,0.625,1.125,3.25,-0.125,10.0,26.0,5.0,14.0,1.0,2.0,4.0,10.0,14.0,8.0,4.0,2.0,5.0,9.0,26.0,-1.0,8,567.875,4543.0
1610612757,203080,Thomas Robinson,1.394736842105263,2.8684210526315788,0.0,0.02631578947368421,0.6052631578947368,1.4210526315789473,0.9210526315789473,3.0526315789473686,3.973684210526316,0.23684210526315788,0.5,0.3157894736842105,0.9210526315789473,1.7105263157894737,3.3947368421052633,1.0263157894736843,53.0,109.0,0.0,1.0,23.0,54.0,35.0,116.0,151.0,9.0,19.0,12.0,35.0,65.0,129.0,39.0,38,721.1578947368421,27404.0
1610612766,204041,Brian Qvale,0.0,1.0,0.0,0.0,0.0,0.0,0.0,0.0,0.0,0.0,0.0,0.0,0.0,0.0,0.0,4.0,0.0,1.0,0.0,0.0,0.0,0.0,0.0,0.0,0.0,0.0,0.0,0.0,0.0,0.0,0.0,4.0,1,193.0,193.0
