TEAM_ID,PLAYER_ID,PLAYER_NAME,avg(FGM),avg(FGA),avg(FG3M),avg(FG3A),avg(FTM),avg(FTA),avg(OREB),avg(DREB),avg(REB),avg(AST),avg(STL),avg(BLK),avg(TO),avg(PF),avg(PTS),avg(PLUS_MINUS),sum(FGM),sum(FGA),sum(FG3M),sum(FG3A),sum(FTM),sum(FTA),sum(OREB),sum(DREB),sum(REB),sum(AST),sum(STL),sum(BLK),sum(TO),sum(PF),sum(PTS),sum(PLUS_MINUS),sum(ifminute),avg(seconds),sum(seconds)
1610612758,200797,Ryan Hollins,1.16,1.78,0.0,0.0,0.64,1.16,0.82,1.52,2.34,0.28,0.18,0.48,0.56,1.44,2.96,-1.56,58.0,89.0,0.0,0.0,32.0,58.0,41.0,76.0,117.0,14.0,9.0,24.0,28.0,72.0,148.0,-78.0,50,575.84,28792.0
1610612761,101161,Amir Johnson,3.8536585365853657,6.7317073170731705,0.23170731707317074,0.5975609756097561,1.0365853658536586,1.7317073170731707,2.0853658536585367,3.9146341463414633,6.0,1.5,0.6097560975609756,0.7804878048780488,1.4146341463414633,2.926829268292683,8.975609756097562,0.9146341463414634,316.0,552.0,19.0,49.0,85.0,142.0,171.0,321.0,492.0,123.0,50.0,64.0,116.0,240.0,736.0,75.0,82,1553.5853658536585,127394.0
1610612760,201627,Anthony Morrow,3.925,8.45,1.925,4.425,1.225,1.3625,0.5,2.0875,2.5875,0.85,0.7,0.15,0.55,1.9,11.0,2.425,314.0,676.0,154.0,354.0,98.0,109.0,40.0,167.0,207.0,68.0,56.0,12.0,44.0,152.0,880.0,194.0,80,1466.3125,117305.0
1610612742,200765,Rajon Rondo,4.217391304347826,9.673913043478262,0.41304347826086957,1.173913043478261,0.41304347826086957,0.9130434782608695,1.0434782608695652,3.4782608695652173,4.521739130434782,6.543478260869565,1.173913043478261,0.08695652173913043,2.9347826086956523,2.4130434782608696,9.26086956521739,-0.9130434782608695,194.0,445.0,19.0,54.0,19.0,42.0,48.0,160.0,208.0,301.0,54.0,4.0,135.0,111.0,426.0,-42.0,46,1720.9565217391305,79164.0
