TEAM_ID,PLAYER_ID,PLAYER_NAME,avg(FGM),avg(FGA),avg(FG3M),avg(FG3A),avg(FTM),avg(FTA),avg(OREB),avg(DREB),avg(REB),avg(AST),avg(STL),avg(BLK),avg(TO),avg(PF),avg(PTS),avg(PLUS_MINUS),sum(FGM),sum(FGA),sum(FG3M),sum(FG3A),sum(FTM),sum(FTA),sum(OREB),sum(DREB),sum(REB),sum(AST),sum(STL),sum(BLK),sum(TO),sum(PF),sum(PTS),sum(PLUS_MINUS),sum(ifminute),avg(seconds),sum(seconds)
1610612747,203505,Vander Blue,4.5,15.0,1.0,5.0,1.0,2.5,1.0,3.5,4.5,4.0,1.5,0.0,3.0,2.0,11.0,-19.0,9.0,30.0,2.0,10.0,2.0,5.0,2.0,7.0,9.0,8.0,3.0,0.0,6.0,4.0,22.0,-38.0,2,2211.5,4423.0
1610612763,203893,Russ Smith,1.0,2.5,0.16666666666666666,0.8333333333333334,2.0,2.1666666666666665,0.16666666666666666,0.3333333333333333,0.5,1.0,0.5,0.0,0.8333333333333334,1.1666666666666667,4.166666666666667,4.666666666666667,6.0,15.0,1.0,5.0,12.0,13.0,1.0,2.0,3.0,6.0,3.0,0.0,5.0,7.0,25.0,28.0,6,359.5,2157.0
1610612762,203968,Jerrelle Benimon,0.0,0.0,0.0,0.0,0.0,0.0,0.5,1.0,1.5,0.0,0.0,0.0,0.5,0.0,0.0,3.0,0.0,0.0,0.0,0.0,0.0,0.0,1.0,2.0,3.0,0.0,0.0,0.0,1.0,0.0,0.0,6.0,2,82.0,164.0
1610612752,203143,Pablo Prigioni,1.6041666666666667,3.75,1.0,2.7083333333333335,0.5,0.5833333333333334,0.3958333333333333,1.3541666666666667,1.75,2.5208333333333335,1.2291666666666667,0.020833333333333332,1.0625,1.2708333333333333,4.708333333333333,-2.1041666666666665,77.0,180.0,48.0,130.0,24.0,28.0,19.0,65.0,84.0,121.0,59.0,1.0,51.0,61.0,226.0,-101.0,48,1118.9583333333333,53710.0
1610612756,201609,Goran Dragic,6.482758620689655,12.793103448275861,1.206896551724138,3.4827586206896552,1.7586206896551724,2.4310344827586206,0.9137931034482759,2.4310344827586206,3.3448275862068964,3.9482758620689653,0.9827586206896551,0.15517241379310345,2.103448275862069,2.2586206896551726,15.931034482758621,1.8275862068965518,376.0,742.0,70.0,202.0,102.0,141.0,53.0,141.0,194.0,229.0,57.0,9.0,122.0,131.0,924.0,106.0,58,1939.7758620689656,112507.0
1610612763,200748,Tyrus Thomas,0.5,0.5,0.0,0.0,1.0,1.0,0.0,0.0,0.0,0.5,0.0,0.0,0.0,0.0,2.0,0.5,1.0,1.0,0.0,0.0,2.0,2.0,0.0,0.0,0.0,1.0,0.0,0.0,0.0,0.0,4.0,1.0,2,195.5,391.0
1610612747,959,Steve Nash,2.0,6.5,0.5,0.5,2.5,3.0,0.0,1.5,1.5,3.0,0.5,0.0,1.5,1.5,7.0,-11.5,4.0,13.0,1.0,1.0,5.0,6.0,0.0,3.0,3.0,6.0,1.0,0.0,3.0,3.0,14.0,-23.0,2,973.5,1947.0
1610612754,203927,CJ Fair,1.0,1.5,0.5,1.0,0.5,1.0,0.5,0.0,0.5,0.0,0.0,0.5,0.5,1.0,3.0,-3.5,2.0,3.0,1.0,2.0,1.0,2.0,1.0,0.0,1.0,0.0,0.0,1.0,1.0,2.0,6.0,-7.0,2,428.0,856.0
