TEAM_ID,PLAYER_ID,PLAYER_NAME,avg(FGM),avg(FGA),avg(FG3M),avg(FG3A),avg(FTM),avg(FTA),avg(OREB),avg(DREB),avg(REB),avg(AST),avg(STL),avg(BLK),avg(TO),avg(PF),avg(PTS),avg(PLUS_MINUS),sum(FGM),sum(FGA),sum(FG3M),sum(FG3A),sum(FTM),sum(FTA),sum(OREB),sum(DREB),sum(REB),sum(AST),sum(STL),sum(BLK),sum(TO),sum(PF),sum(PTS),sum(PLUS_MINUS),sum(ifminute),avg(seconds),sum(seconds)
1610612766,203943,Noah Vonleh,1.2307692307692308,3.1153846153846154,0.19230769230769232,0.5384615384615384,0.6923076923076923,1.0,1.1538461538461537,2.3076923076923075,3.4615384615384617,0.15384615384615385,0.23076923076923078,0.34615384615384615,0.5384615384615384,0.9230769230769231,3.3461538461538463,-2.423076923076923,32.0,81.0,5.0,14.0,18.0,26.0,30.0,60.0,90.0,4.0,6.0,9.0,14.0,24.0,87.0,-63.0,26,639.7307692307693,16633.0
1610612757,203086,Meyers Leonard,2.3,4.583333333333333,0.8833333333333333,2.1166666666666667,0.5666666666666667,0.6,0.8166666666666667,3.65,4.466666666666667,0.6,0.18333333333333332,0.2833333333333333,0.7333333333333333,2.066666666666667,6.05,0.016666666666666666,138.0,275.0,53.0,127.0,34.0,36.0,49.0,219.0,268.0,36.0,11.0,17.0,44.0,124.0,363.0,1.0,60,922.6333333333333,55358.0
