TEAM_ID,PLAYER_ID,PLAYER_NAME,avg(FGM),avg(FGA),avg(FG3M),avg(FG3A),avg(FTM),avg(FTA),avg(OREB),avg(DREB),avg(REB),avg(AST),avg(STL),avg(BLK),avg(TO),avg(PF),avg(PTS),avg(PLUS_MINUS),sum(FGM),sum(FGA),sum(FG3M),sum(FG3A),sum(FTM),sum(FTA),sum(OREB),sum(DREB),sum(REB),sum(AST),sum(STL),sum(BLK),sum(TO),sum(PF),sum(PTS),sum(PLUS_MINUS),sum(ifminute),avg(seconds),sum(seconds)
1610612761,101150,Lou Williams,4.655172413793103,11.471264367816092,1.7816091954022988,5.310344827586207,4.218390804597701,4.942528735632184,0.28735632183908044,1.5747126436781609,1.8620689655172413,2.057471264367816,1.0919540229885059,0.11494252873563218,1.2528735632183907,1.2873563218390804,15.310344827586206,3.735632183908046,405.0,998.0,155.0,462.0,367.0,430.0,25.0,137.0,162.0,179.0,95.0,10.0,109.0,112.0,1332.0,325.0,87,1494.5402298850574,130025.0
1610612757,201587,Nicolas Batum,3.3157894736842106,8.302631578947368,1.368421052631579,4.2894736842105265,1.1842105263157894,1.381578947368421,0.8947368421052632,4.934210526315789,5.828947368421052,4.7368421052631575,1.0657894736842106,0.5394736842105263,1.9078947368421053,1.513157894736842,9.18421052631579,3.013157894736842,252.0,631.0,104.0,326.0,90.0,105.0,68.0,375.0,443.0,360.0,81.0,41.0,145.0,115.0,698.0,229.0,76,1982.092105263158,150639.0
1610612756,201985,AJ Price,0.6,2.8,0.0,1.4,0.0,0.0,0.0,0.6,0.6,1.2,0.0,0.0,0.2,1.0,1.2,-4.6,3.0,14.0,0.0,7.0,0.0,0.0,0.0,3.0,3.0,6.0,0.0,0.0,1.0,5.0,6.0,-23.0,5,525.2,2626.0
