TEAM_ID,PLAYER_ID,PLAYER_NAME,avg(FGM),avg(FGA),avg(FG3M),avg(FG3A),avg(FTM),avg(FTA),avg(OREB),avg(DREB),avg(REB),avg(AST),avg(STL),avg(BLK),avg(TO),avg(PF),avg(PTS),avg(PLUS_MINUS),sum(FGM),sum(FGA),sum(FG3M),sum(FG3A),sum(FTM),sum(FTA),sum(OREB),sum(DREB),sum(REB),sum(AST),sum(STL),sum(BLK),sum(TO),sum(PF),sum(PTS),sum(PLUS_MINUS),sum(ifminute),avg(seconds),sum(seconds)
1610612741,201149,Joakim Noah,2.7567567567567566,6.202702702702703,0.0,0.02702702702702703,1.5810810810810811,2.581081081081081,3.2027027027027026,6.3108108108108105,9.513513513513514,4.581081081081081,0.7027027027027027,1.0675675675675675,1.8513513513513513,3.027027027027027,7.094594594594595,1.6891891891891893,204.0,459.0,0.0,2.0,117.0,191.0,237.0,467.0,704.0,339.0,52.0,79.0,137.0,224.0,525.0,125.0,74,1794.9864864864865,132829.0
1610612760,204076,Richard Solomon,2.0,3.0,0.0,0.0,0.6666666666666666,1.3333333333333333,1.3333333333333333,2.0,3.3333333333333335,0.3333333333333333,1.3333333333333333,0.6666666666666666,1.0,2.6666666666666665,4.666666666666667,-6.0,6.0,9.0,0.0,0.0,2.0,4.0,4.0,6.0,10.0,1.0,4.0,2.0,3.0,8.0,14.0,-18.0,3,713.6666666666666,2141.0
1610612742,204078,Yuki Togashi,"","","","","","","","","","","","","","","","","","","","","","","","","","","","","","","","",0,"",""
