TEAM_ID,PLAYER_ID,PLAYER_NAME,avg(FGM),avg(FGA),avg(FG3M),avg(FG3A),avg(FTM),avg(FTA),avg(OREB),avg(DREB),avg(REB),avg(AST),avg(STL),avg(BLK),avg(TO),avg(PF),avg(PTS),avg(PLUS_MINUS),sum(FGM),sum(FGA),sum(FG3M),sum(FG3A),sum(FTM),sum(FTA),sum(OREB),sum(DREB),sum(REB),sum(AST),sum(STL),sum(BLK),sum(TO),sum(PF),sum(PTS),sum(PLUS_MINUS),sum(ifminute),avg(seconds),sum(seconds)
1610612758,203917,Nik Stauskas,1.6153846153846154,4.282051282051282,0.7051282051282052,2.141025641025641,0.7692307692307693,0.8846153846153846,0.15384615384615385,1.0897435897435896,1.2435897435897436,0.9230769230769231,0.2948717948717949,0.21794871794871795,0.6153846153846154,1.3974358974358974,4.705128205128205,-1.794871794871795,126.0,334.0,55.0,167.0,60.0,69.0,12.0,85.0,97.0,72.0,23.0,17.0,48.0,109.0,367.0,-140.0,78,966.8205128205128,75412.0
1610612749,201162,Jared Dudley,2.769230769230769,5.82051282051282,1.1153846153846154,2.7051282051282053,0.7307692307692307,1.0,0.6025641025641025,2.3846153846153846,2.9871794871794872,1.7564102564102564,0.9358974358974359,0.14102564102564102,0.8974358974358975,1.5769230769230769,7.384615384615385,1.4487179487179487,216.0,454.0,87.0,211.0,57.0,78.0,47.0,186.0,233.0,137.0,73.0,11.0,70.0,123.0,576.0,113.0,78,1417.5128205128206,110566.0
