TEAM_ID,PLAYER_ID,PLAYER_NAME,avg(FGM),avg(FGA),avg(FG3M),avg(FG3A),avg(FTM),avg(FTA),avg(OREB),avg(DREB),avg(REB),avg(AST),avg(STL),avg(BLK),avg(TO),avg(PF),avg(PTS),avg(PLUS_MINUS),sum(FGM),sum(FGA),sum(FG3M),sum(FG3A),sum(FTM),sum(FTA),sum(OREB),sum(DREB),sum(REB),sum(AST),sum(STL),sum(BLK),sum(TO),sum(PF),sum(PTS),sum(PLUS_MINUS),sum(ifminute),avg(seconds),sum(seconds)
1610612744,202691,Klay Thompson,7.809523809523809,16.726190476190474,3.107142857142857,7.011904761904762,2.9404761904761907,3.3452380952380953,0.34523809523809523,2.8333333333333335,3.1785714285714284,2.869047619047619,1.119047619047619,0.8214285714285714,1.9761904761904763,1.5952380952380953,21.666666666666668,10.011904761904763,656.0,1405.0,261.0,589.0,247.0,281.0,29.0,238.0,267.0,241.0,94.0,69.0,166.0,134.0,1820.0,841.0,84,1886.7738095238096,158489.0
1610612754,202730,Lavoy Allen,2.3142857142857145,4.814285714285714,0.0,0.0,0.5,0.7142857142857143,1.8428571428571427,3.2142857142857144,5.057142857142857,1.1428571428571428,0.2714285714285714,0.6857142857142857,0.6857142857142857,1.7,5.128571428571429,1.7,162.0,337.0,0.0,0.0,35.0,50.0,129.0,225.0,354.0,80.0,19.0,48.0,48.0,119.0,359.0,119.0,70,1024.1142857142856,71688.0
1610612759,202130,Reggie Williams,0.75,1.95,0.15,0.95,0.2,0.2,0.25,0.6,0.85,0.5,0.05,0.0,0.1,0.6,1.85,-1.8,15.0,39.0,3.0,19.0,4.0,4.0,5.0,12.0,17.0,10.0,1.0,0.0,2.0,12.0,37.0,-36.0,20,315.2,6304.0
1610612757,201577,Robin Lopez,3.828125,7.203125,0.0,0.015625,1.671875,2.171875,3.171875,3.515625,6.6875,0.953125,0.28125,1.390625,1.28125,2.078125,9.328125,2.59375,245.0,461.0,0.0,1.0,107.0,139.0,203.0,225.0,428.0,61.0,18.0,89.0,82.0,133.0,597.0,166.0,64,1638.3125,104852.0
1610612760,2570,Kendrick Perkins,1.607843137254902,3.6470588235294117,0.0,0.0196078431372549,0.7450980392156863,1.4705882352941178,1.5686274509803921,3.9019607843137254,5.470588235294118,0.8431372549019608,0.27450980392156865,0.7450980392156863,1.4509803921568627,2.6470588235294117,3.9607843137254903,1.588235294117647,82.0,186.0,0.0,1.0,38.0,75.0,80.0,199.0,279.0,43.0,14.0,38.0,74.0,135.0,202.0,81.0,51,1154.2549019607843,58867.0
