TEAM_ID,PLAYER_ID,PLAYER_NAME,avg(FGM),avg(FGA),avg(FG3M),avg(FG3A),avg(FTM),avg(FTA),avg(OREB),avg(DREB),avg(REB),avg(AST),avg(STL),avg(BLK),avg(TO),avg(PF),avg(PTS),avg(PLUS_MINUS),sum(FGM),sum(FGA),sum(FG3M),sum(FG3A),sum(FTM),sum(FTA),sum(OREB),sum(DREB),sum(REB),sum(AST),sum(STL),sum(BLK),sum(TO),sum(PF),sum(PTS),sum(PLUS_MINUS),sum(ifminute),avg(seconds),sum(seconds)
1610612763,1713,Vince Carter,2.0422535211267605,6.084507042253521,1.0422535211267605,3.4507042253521125,0.704225352112676,0.9014084507042254,0.4225352112676056,1.591549295774648,2.0140845070422535,1.2112676056338028,0.6056338028169014,0.23943661971830985,0.7323943661971831,1.5774647887323943,5.830985915492958,0.3380281690140845,145.0,432.0,74.0,245.0,50.0,64.0,30.0,113.0,143.0,86.0,43.0,17.0,52.0,112.0,414.0,24.0,71,984.1830985915493,69877.0
1610612760,201586,Serge Ibaka,5.8059701492537314,12.208955223880597,1.1940298507462686,3.1492537313432836,1.3880597014925373,1.671641791044776,2.074626865671642,5.626865671641791,7.701492537313433,0.8507462686567164,0.44776119402985076,2.388059701492537,1.4776119402985075,2.985074626865672,14.194029850746269,2.044776119402985,389.0,818.0,80.0,211.0,93.0,112.0,139.0,377.0,516.0,57.0,30.0,160.0,99.0,200.0,951.0,137.0,67,1958.8955223880596,131246.0
1610612766,202343,Elliot Williams,"","","","","","","","","","","","","","","","","","","","","","","","","","","","","","","","",0,"",""
1610612761,202706,Jordan Hamilton,4.0,6.4,1.0,1.6,1.4,1.8,0.2,2.2,2.4,1.8,1.2,0.0,1.4,2.2,10.4,7.4,20.0,32.0,5.0,8.0,7.0,9.0,1.0,11.0,12.0,9.0,6.0,0.0,7.0,11.0,52.0,37.0,5,1068.6,5343.0
