TEAM_ID,PLAYER_ID,PLAYER_NAME,avg(FGM),avg(FGA),avg(FG3M),avg(FG3A),avg(FTM),avg(FTA),avg(OREB),avg(DREB),avg(REB),avg(AST),avg(STL),avg(BLK),avg(TO),avg(PF),avg(PTS),avg(PLUS_MINUS),sum(FGM),sum(FGA),sum(FG3M),sum(FG3A),sum(FTM),sum(FTA),sum(OREB),sum(DREB),sum(REB),sum(AST),sum(STL),sum(BLK),sum(TO),sum(PF),sum(PTS),sum(PLUS_MINUS),sum(ifminute),avg(seconds),sum(seconds)
1610612747,2430,Carlos Boozer,5.205128205128205,10.487179487179487,0.0,0.0,1.435897435897436,2.1538461538461537,1.5512820512820513,5.0256410256410255,6.576923076923077,1.3846153846153846,0.6923076923076923,0.19230769230769232,1.294871794871795,2.576923076923077,11.846153846153847,-4.833333333333333,406.0,818.0,0.0,0.0,112.0,168.0,121.0,392.0,513.0,108.0,54.0,15.0,101.0,201.0,924.0,-377.0,78,1435.8461538461538,111996.0
1610612755,203477,Isaiah Canaan,4.2272727272727275,11.227272727272727,2.6818181818181817,7.363636363636363,1.5,1.7727272727272727,0.3181818181818182,2.1363636363636362,2.4545454545454546,3.1363636363636362,0.6818181818181818,0.13636363636363635,1.7727272727272727,2.5,12.636363636363637,-3.272727272727273,93.0,247.0,59.0,162.0,33.0,39.0,7.0,47.0,54.0,69.0,15.0,3.0,39.0,55.0,278.0,-72.0,22,1551.6363636363637,34136.0
1610612755,204079,Drew Gordon,1.8666666666666667,3.3333333333333335,0.0,0.2,0.5333333333333333,0.8,0.7333333333333333,2.1333333333333333,2.8666666666666667,0.26666666666666666,0.4,0.13333333333333333,0.8,1.0,4.266666666666667,-1.4,28.0,50.0,0.0,3.0,8.0,12.0,11.0,32.0,43.0,4.0,6.0,2.0,12.0,15.0,64.0,-21.0,15,666.4,9996.0
