TEAM_ID,PLAYER_ID,PLAYER_NAME,avg(FGM),avg(FGA),avg(FG3M),avg(FG3A),avg(FTM),avg(FTA),avg(OREB),avg(DREB),avg(REB),avg(AST),avg(STL),avg(BLK),avg(TO),avg(PF),avg(PTS),avg(PLUS_MINUS),sum(FGM),sum(FGA),sum(FG3M),sum(FG3A),sum(FTM),sum(FTA),sum(OREB),sum(DREB),sum(REB),sum(AST),sum(STL),sum(BLK),sum(TO),sum(PF),sum(PTS),sum(PLUS_MINUS),sum(ifminute),avg(seconds),sum(seconds)
1610612755,203128,Furkan Aldemir,0.975609756097561,1.9024390243902438,0.0,0.12195121951219512,0.3170731707317073,0.6585365853658537,1.9024390243902438,2.3902439024390243,4.2926829268292686,0.6829268292682927,0.4146341463414634,0.3902439024390244,0.4146341463414634,2.341463414634146,2.268292682926829,-2.4878048780487805,40.0,78.0,0.0,5.0,13.0,27.0,78.0,98.0,176.0,28.0,17.0,16.0,17.0,96.0,93.0,-102.0,41,790.9512195121952,32429.0
1610612739,2592,James Jones,1.3,3.5,1.1166666666666667,3.033333333333333,0.65,0.7666666666666667,0.16666666666666666,0.9,1.0666666666666667,0.4166666666666667,0.21666666666666667,0.13333333333333333,0.21666666666666667,1.1666666666666667,4.366666666666666,-1.9,78.0,210.0,67.0,182.0,39.0,46.0,10.0,54.0,64.0,25.0,13.0,8.0,13.0,70.0,262.0,-114.0,60,698.4,41904.0
1610612761,201946,Tyler Hansbrough,1.1728395061728396,2.308641975308642,0.037037037037037035,0.13580246913580246,1.3333333333333333,1.9382716049382716,1.4074074074074074,2.197530864197531,3.6049382716049383,0.2839506172839506,0.41975308641975306,0.19753086419753085,0.30864197530864196,1.9876543209876543,3.7160493827160495,2.691358024691358,95.0,187.0,3.0,11.0,108.0,157.0,114.0,178.0,292.0,23.0,34.0,16.0,25.0,161.0,301.0,218.0,81,890.9382716049382,72166.0
1610612742,200826,J.J. Barea,2.9220779220779223,6.961038961038961,0.7012987012987013,2.168831168831169,0.987012987012987,1.2207792207792207,0.2987012987012987,1.4415584415584415,1.7402597402597402,3.4155844155844157,0.42857142857142855,0.012987012987012988,0.9090909090909091,1.3506493506493507,7.532467532467533,1.5974025974025974,225.0,536.0,54.0,167.0,76.0,94.0,23.0,111.0,134.0,263.0,33.0,1.0,70.0,104.0,580.0,123.0,77,1061.077922077922,81703.0
