TEAM_ID,PLAYER_ID,PLAYER_NAME,avg(FGM),avg(FGA),avg(FG3M),avg(FG3A),avg(FTM),avg(FTA),avg(OREB),avg(DREB),avg(REB),avg(AST),avg(STL),avg(BLK),avg(TO),avg(PF),avg(PTS),avg(PLUS_MINUS),sum(FGM),sum(FGA),sum(FG3M),sum(FG3A),sum(FTM),sum(FTA),sum(OREB),sum(DREB),sum(REB),sum(AST),sum(STL),sum(BLK),sum(TO),sum(PF),sum(PTS),sum(PLUS_MINUS),sum(ifminute),avg(seconds),sum(seconds)
1610612748,202355,Hassan Whiteside,5.0625,8.0625,0.0,0.0,1.625,3.25,3.0208333333333335,7.020833333333333,10.041666666666666,0.125,0.5625,2.5625,1.2083333333333333,2.6875,11.75,-1.1875,243.0,387.0,0.0,0.0,78.0,156.0,145.0,337.0,482.0,6.0,27.0,123.0,58.0,129.0,564.0,-57.0,48,1427.7916666666667,68534.0
1610612759,1495,Tim Duncan,5.3625,10.5,0.025,0.0875,2.975,4.0375,2.1875,6.9,9.0875,2.95,0.7875,1.9375,1.75,2.125,13.725,3.7625,429.0,840.0,2.0,7.0,238.0,323.0,175.0,552.0,727.0,236.0,63.0,155.0,140.0,170.0,1098.0,301.0,80,1715.1875,137215.0
1610612738,2222,Gerald Wallace,0.5945945945945946,1.2972972972972974,0.02702702702702703,0.08108108108108109,0.21621621621621623,0.5675675675675675,0.5135135135135135,1.2162162162162162,1.7297297297297298,0.5135135135135135,0.5405405405405406,0.10810810810810811,0.5945945945945946,0.7027027027027027,1.4324324324324325,1.0,22.0,48.0,1.0,3.0,8.0,21.0,19.0,45.0,64.0,19.0,20.0,4.0,22.0,26.0,53.0,37.0,37,583.8108108108108,21601.0
1610612737,204067,Jarell Eddie,1.0,2.6666666666666665,0.6666666666666666,2.3333333333333335,0.0,0.0,0.0,0.6666666666666666,0.6666666666666666,0.3333333333333333,0.0,0.3333333333333333,0.6666666666666666,1.6666666666666667,2.6666666666666665,-5.666666666666667,3.0,8.0,2.0,7.0,0.0,0.0,0.0,2.0,2.0,1.0,0.0,1.0,2.0,5.0,8.0,-17.0,3,785.6666666666666,2357.0
1610612749,202336,Larry Sanders,3.2666666666666666,6.566666666666666,0.0,0.0,1.0666666666666667,2.2333333333333334,2.6666666666666665,3.8666666666666667,6.533333333333333,0.8333333333333334,1.0,1.3666666666666667,1.1333333333333333,3.9,7.6,-4.033333333333333,98.0,197.0,0.0,0.0,32.0,67.0,80.0,116.0,196.0,25.0,30.0,41.0,34.0,117.0,228.0,-121.0,30,1314.0333333333333,39421.0
1610612739,201985,AJ Price,1.5,4.125,0.5,2.0,0.5625,0.875,0.375,1.0,1.375,1.375,0.1875,0.0,0.3125,0.4375,4.0625,-3.75,24.0,66.0,8.0,32.0,9.0,14.0,6.0,16.0,22.0,22.0,3.0,0.0,5.0,7.0,65.0,-60.0,16,601.4375,9623.0
