TEAM_ID,PLAYER_ID,PLAYER_NAME,avg(FGM),avg(FGA),avg(FG3M),avg(FG3A),avg(FTM),avg(FTA),avg(OREB),avg(DREB),avg(REB),avg(AST),avg(STL),avg(BLK),avg(TO),avg(PF),avg(PTS),avg(PLUS_MINUS),sum(FGM),sum(FGA),sum(FG3M),sum(FG3A),sum(FTM),sum(FTA),sum(OREB),sum(DREB),sum(REB),sum(AST),sum(STL),sum(BLK),sum(TO),sum(PF),sum(PTS),sum(PLUS_MINUS),sum(ifminute),avg(seconds),sum(seconds)
1610612739,202684,Tristan Thompson,4.625,9.5,0.0,0.03409090909090909,2.1363636363636362,3.5454545454545454,3.659090909090909,5.568181818181818,9.227272727272727,1.2386363636363635,0.7272727272727273,0.9204545454545454,1.5113636363636365,2.8068181818181817,11.386363636363637,-2.8536585365853657,407.0,836.0,0.0,3.0,188.0,312.0,322.0,490.0,812.0,109.0,64.0,81.0,133.0,247.0,1002.0,-234.0,88,1749.715909090909,153975.0
1610612746,201969,DaJuan Summers,0.5,2.0,0.0,0.0,0.0,0.0,0.0,1.0,1.0,0.5,0.0,0.0,0.0,0.0,1.0,0.0,1.0,4.0,0.0,0.0,0.0,0.0,0.0,2.0,2.0,1.0,0.0,0.0,0.0,0.0,2.0,0.0,2,199.5,399.0
