TEAM_ID,PLAYER_ID,PLAYER_NAME,avg(FGM),avg(FGA),avg(FG3M),avg(FG3A),avg(FTM),avg(FTA),avg(OREB),avg(DREB),avg(REB),avg(AST),avg(STL),avg(BLK),avg(TO),avg(PF),avg(PTS),avg(PLUS_MINUS),sum(FGM),sum(FGA),sum(FG3M),sum(FG3A),sum(FTM),sum(FTA),sum(OREB),sum(DREB),sum(REB),sum(AST),sum(STL),sum(BLK),sum(TO),sum(PF),sum(PTS),sum(PLUS_MINUS),sum(ifminute),avg(seconds),sum(seconds)
1610612745,2568,Carlos Delfino,3.6835443037974684,9.063291139240507,2.3544303797468356,6.227848101265823,0.759493670886076,0.8734177215189873,0.25316455696202533,2.911392405063291,3.1645569620253164,1.9746835443037976,0.9493670886075949,0.13924050632911392,1.0126582278481013,1.6455696202531647,10.481012658227849,2.9444444444444446,291.0,716.0,186.0,492.0,60.0,69.0,20.0,230.0,250.0,156.0,75.0,11.0,80.0,130.0,828.0,212.0,79,1376.3417721518988,108731.0
1610612764,2853,Earl Barron,1.3888888888888888,3.7222222222222223,0.0,0.0,0.3333333333333333,0.6111111111111112,1.7777777777777777,2.2777777777777777,4.055555555555555,0.2777777777777778,0.3888888888888889,0.3333333333333333,0.8888888888888888,1.9444444444444444,3.111111111111111,-1.8181818181818181,25.0,67.0,0.0,0.0,6.0,11.0,32.0,41.0,73.0,5.0,7.0,6.0,16.0,35.0,56.0,-20.0,18,411.3888888888889,7405.0
