TEAM_ID,PLAYER_ID,PLAYER_NAME,avg(FGM),avg(FGA),avg(FG3M),avg(FG3A),avg(FTM),avg(FTA),avg(OREB),avg(DREB),avg(REB),avg(AST),avg(STL),avg(BLK),avg(TO),avg(PF),avg(PTS),avg(PLUS_MINUS),sum(FGM),sum(FGA),sum(FG3M),sum(FG3A),sum(FTM),sum(FTA),sum(OREB),sum(DREB),sum(REB),sum(AST),sum(STL),sum(BLK),sum(TO),sum(PF),sum(PTS),sum(PLUS_MINUS),sum(ifminute),avg(seconds),sum(seconds)
1610612766,2679,Matt Carroll,0.8928571428571429,2.8214285714285716,0.14285714285714285,0.8035714285714286,0.5714285714285714,0.6785714285714286,0.14285714285714285,0.9821428571428571,1.125,0.7321428571428571,0.30357142857142855,0.125,0.44642857142857145,0.9107142857142857,2.5,-2.9411764705882355,50.0,158.0,8.0,45.0,32.0,38.0,8.0,55.0,63.0,41.0,17.0,7.0,25.0,51.0,140.0,-150.0,56,618.0892857142857,34613.0
1610612744,203164,Lance Goulbourne,0.6,0.6,0.0,0.0,0.0,0.0,0.2,0.6,0.8,0.0,0.2,0.2,1.0,0.2,1.2,"",3.0,3.0,0.0,0.0,0.0,0.0,1.0,3.0,4.0,0.0,1.0,1.0,5.0,1.0,6.0,"",5,3.8,19.0
