TEAM_ID,PLAYER_ID,PLAYER_NAME,avg(FGM),avg(FGA),avg(FG3M),avg(FG3A),avg(FTM),avg(FTA),avg(OREB),avg(DREB),avg(REB),avg(AST),avg(STL),avg(BLK),avg(TO),avg(PF),avg(PTS),avg(PLUS_MINUS),sum(FGM),sum(FGA),sum(FG3M),sum(FG3A),sum(FTM),sum(FTA),sum(OREB),sum(DREB),sum(REB),sum(AST),sum(STL),sum(BLK),sum(TO),sum(PF),sum(PTS),sum(PLUS_MINUS),sum(ifminute),avg(seconds),sum(seconds)
1610612742,2753,Delonte West,3.5918367346938775,7.73469387755102,0.5918367346938775,1.5918367346938775,1.346938775510204,1.5714285714285714,0.30612244897959184,1.8571428571428572,2.163265306122449,2.938775510204082,1.1428571428571428,0.2653061224489796,1.7346938775510203,1.5918367346938775,9.122448979591837,-1.8636363636363635,176.0,379.0,29.0,78.0,66.0,77.0,15.0,91.0,106.0,144.0,56.0,13.0,85.0,78.0,447.0,-82.0,49,1299.0204081632653,63652.0
1610612745,202622,Courtney Fortson,1.0,3.3333333333333335,0.3333333333333333,1.5,0.6666666666666666,1.0,0.3333333333333333,0.8333333333333334,1.1666666666666667,0.8333333333333334,0.5,0.0,0.8333333333333334,0.3333333333333333,3.0,-0.3333333333333333,6.0,20.0,2.0,9.0,4.0,6.0,2.0,5.0,7.0,5.0,3.0,0.0,5.0,2.0,18.0,-2.0,6,492.6666666666667,2956.0
1610612757,202337,Luke Babbitt,1.7761194029850746,4.343283582089552,1.0597014925373134,2.626865671641791,0.3283582089552239,0.40298507462686567,0.34328358208955223,2.1940298507462686,2.537313432835821,0.4626865671641791,0.29850746268656714,0.1044776119402985,0.5970149253731343,1.1940298507462686,4.940298507462686,-2.8852459016393444,119.0,291.0,71.0,176.0,22.0,27.0,23.0,147.0,170.0,31.0,20.0,7.0,40.0,80.0,331.0,-176.0,67,723.6119402985074,48482.0
1610612764,2733,Shaun Livingston,1.411764705882353,3.8823529411764706,0.0,0.17647058823529413,0.8823529411764706,0.8823529411764706,0.11764705882352941,2.0588235294117645,2.176470588235294,2.235294117647059,0.6470588235294118,0.11764705882352941,1.0,1.2941176470588236,3.7058823529411766,-5.9411764705882355,24.0,66.0,0.0,3.0,15.0,15.0,2.0,35.0,37.0,38.0,11.0,2.0,17.0,22.0,63.0,-101.0,17,1128.6470588235295,19187.0
