TEAM_ID,PLAYER_ID,PLAYER_NAME,avg(FGM),avg(FGA),avg(FG3M),avg(FG3A),avg(FTM),avg(FTA),avg(OREB),avg(DREB),avg(REB),avg(AST),avg(STL),avg(BLK),avg(TO),avg(PF),avg(PTS),avg(PLUS_MINUS),sum(FGM),sum(FGA),sum(FG3M),sum(FG3A),sum(FTM),sum(FTA),sum(OREB),sum(DREB),sum(REB),sum(AST),sum(STL),sum(BLK),sum(TO),sum(PF),sum(PTS),sum(PLUS_MINUS),sum(ifminute),avg(seconds),sum(seconds)
1610612753,203199,DeQuan Jones,1.8309859154929577,3.971830985915493,0.14084507042253522,0.5774647887323944,0.647887323943662,0.9436619718309859,0.30985915492957744,1.5211267605633803,1.8309859154929577,0.30985915492957744,0.36619718309859156,0.39436619718309857,0.5774647887323944,1.0422535211267605,4.450704225352113,-2.8412698412698414,130.0,282.0,10.0,41.0,46.0,67.0,22.0,108.0,130.0,22.0,26.0,28.0,41.0,74.0,316.0,-179.0,71,681.8169014084507,48409.0
1610612760,201953,Eric Maynor,1.255813953488372,3.697674418604651,0.5116279069767442,1.441860465116279,0.5116279069767442,0.6511627906976745,0.18604651162790697,0.5813953488372093,0.7674418604651163,2.302325581395349,0.27906976744186046,0.0,0.9534883720930233,0.627906976744186,3.5348837209302326,0.43243243243243246,54.0,159.0,22.0,62.0,22.0,28.0,8.0,25.0,33.0,99.0,12.0,0.0,41.0,27.0,152.0,16.0,43,548.5348837209302,23587.0
1610612763,203187,Chris Johnson,1.375,3.125,0.75,2.25,0.125,0.25,0.625,0.75,1.375,0.25,0.5,0.0,0.375,0.625,3.625,4.5,11.0,25.0,6.0,18.0,1.0,2.0,5.0,6.0,11.0,2.0,4.0,0.0,3.0,5.0,29.0,36.0,8,765.625,6125.0
1610612738,202446,Jamar Smith,1.0,6.0,0.5,2.5,0.0,0.0,0.0,1.0,1.0,1.0,0.0,0.0,1.5,1.0,2.5,"",2.0,12.0,1.0,5.0,0.0,0.0,0.0,2.0,2.0,2.0,0.0,0.0,3.0,2.0,5.0,"",2,15.5,31.0
