TEAM_ID,PLAYER_ID,PLAYER_NAME,avg(FGM),avg(FGA),avg(FG3M),avg(FG3A),avg(FTM),avg(FTA),avg(OREB),avg(DREB),avg(REB),avg(AST),avg(STL),avg(BLK),avg(TO),avg(PF),avg(PTS),avg(PLUS_MINUS),sum(FGM),sum(FGA),sum(FG3M),sum(FG3A),sum(FTM),sum(FTA),sum(OREB),sum(DREB),sum(REB),sum(AST),sum(STL),sum(BLK),sum(TO),sum(PF),sum(PTS),sum(PLUS_MINUS),sum(ifminute),avg(seconds),sum(seconds)
1610612754,101123,Gerald Green,2.789473684210526,7.25,1.0394736842105263,3.289473684210526,0.7763157894736842,0.9736842105263158,0.4473684210526316,1.8289473684210527,2.276315789473684,0.8157894736842105,0.2894736842105263,0.32894736842105265,0.881578947368421,1.2105263157894737,7.394736842105263,-0.4782608695652174,212.0,551.0,79.0,250.0,59.0,74.0,34.0,139.0,173.0,62.0,22.0,25.0,67.0,92.0,562.0,-33.0,76,938.3157894736842,71312.0
1610612750,2557,Luke Ridnour,4.416666666666667,9.785714285714286,0.8095238095238095,2.5714285714285716,1.6666666666666667,1.9642857142857142,0.4880952380952381,2.0,2.488095238095238,3.7738095238095237,0.9880952380952381,0.17857142857142858,1.5714285714285714,2.2976190476190474,11.30952380952381,-1.646341463414634,371.0,822.0,68.0,216.0,140.0,165.0,41.0,168.0,209.0,317.0,83.0,15.0,132.0,193.0,950.0,-135.0,84,1767.8095238095239,148496.0
1610612761,101249,John Lucas III,2.1739130434782608,5.507246376811594,0.9855072463768116,2.536231884057971,0.3333333333333333,0.463768115942029,0.14492753623188406,0.9565217391304348,1.1014492753623188,1.826086956521739,0.37681159420289856,0.014492753623188406,0.43478260869565216,0.8405797101449275,5.666666666666667,-1.4761904761904763,150.0,380.0,68.0,175.0,23.0,32.0,10.0,66.0,76.0,126.0,26.0,1.0,30.0,58.0,391.0,-93.0,69,720.8695652173913,49740.0
1610612738,202091,Dionte Christmas,1.0,4.5,0.0,3.0,0.0,1.0,0.5,1.0,1.5,1.5,1.5,0.0,0.5,3.0,2.0,"",2.0,9.0,0.0,6.0,0.0,2.0,1.0,2.0,3.0,3.0,3.0,0.0,1.0,6.0,4.0,"",2,15.5,31.0
