TEAM_ID,PLAYER_ID,PLAYER_NAME,avg(FGM),avg(FGA),avg(FG3M),avg(FG3A),avg(FTM),avg(FTA),avg(OREB),avg(DREB),avg(REB),avg(AST),avg(STL),avg(BLK),avg(TO),avg(PF),avg(PTS),avg(PLUS_MINUS),sum(FGM),sum(FGA),sum(FG3M),sum(FG3A),sum(FTM),sum(FTA),sum(OREB),sum(DREB),sum(REB),sum(AST),sum(STL),sum(BLK),sum(TO),sum(PF),sum(PTS),sum(PLUS_MINUS),sum(ifminute),avg(seconds),sum(seconds)
1610612738,203097,Fab Melo,0.3333333333333333,0.9166666666666666,0.0,0.0,0.08333333333333333,0.3333333333333333,0.08333333333333333,0.6666666666666666,0.75,0.16666666666666666,0.16666666666666666,0.16666666666666666,0.5,1.0,0.75,-1.1666666666666667,4.0,11.0,0.0,0.0,1.0,4.0,1.0,8.0,9.0,2.0,2.0,2.0,6.0,12.0,9.0,-7.0,12,182.75,2193.0
1610612751,203163,Carleton Scott,1.3333333333333333,4.666666666666667,0.3333333333333333,2.6666666666666665,0.0,0.0,0.0,3.3333333333333335,3.3333333333333335,0.0,0.3333333333333333,1.0,0.3333333333333333,1.6666666666666667,3.0,"",4.0,14.0,1.0,8.0,0.0,0.0,0.0,10.0,10.0,0.0,1.0,3.0,1.0,5.0,9.0,"",3,17.0,51.0
