TEAM_ID,PLAYER_ID,PLAYER_NAME,avg(FGM),avg(FGA),avg(FG3M),avg(FG3A),avg(FTM),avg(FTA),avg(OREB),avg(DREB),avg(REB),avg(AST),avg(STL),avg(BLK),avg(TO),avg(PF),avg(PTS),avg(PLUS_MINUS),sum(FGM),sum(FGA),sum(FG3M),sum(FG3A),sum(FTM),sum(FTA),sum(OREB),sum(DREB),sum(REB),sum(AST),sum(STL),sum(BLK),sum(TO),sum(PF),sum(PTS),sum(PLUS_MINUS),sum(ifminute),avg(seconds),sum(seconds)
1610612759,201986,Nando De Colo,1.4024390243902438,3.2560975609756095,0.4024390243902439,1.1585365853658536,0.5,0.6097560975609756,0.3170731707317073,1.5,1.8170731707317074,1.9634146341463414,0.5365853658536586,0.07317073170731707,1.0609756097560976,1.1219512195121952,3.707317073170732,-0.45454545454545453,115.0,267.0,33.0,95.0,41.0,50.0,26.0,123.0,149.0,161.0,44.0,6.0,87.0,92.0,304.0,-35.0,82,685.0,56170.0
1610612766,200748,Tyrus Thomas,2.0,5.34375,0.09375,0.25,1.09375,1.46875,0.6875,2.0,2.6875,0.71875,0.5625,0.59375,0.8125,2.1875,5.1875,-3.4615384615384617,64.0,171.0,3.0,8.0,35.0,47.0,22.0,64.0,86.0,23.0,18.0,19.0,26.0,70.0,166.0,-90.0,32,678.59375,21715.0
1610612745,202694,Marcus Morris Sr.,3.1636363636363636,7.363636363636363,1.3454545454545455,3.5454545454545454,0.9090909090909091,1.4,1.1454545454545455,2.8545454545454545,4.0,0.8545454545454545,0.509090909090909,0.3090909090909091,0.9636363636363636,2.2,8.581818181818182,0.1111111111111111,174.0,405.0,74.0,195.0,50.0,77.0,63.0,157.0,220.0,47.0,28.0,17.0,53.0,121.0,472.0,6.0,55,1259.6,69278.0
1610612748,202148,Mickell Gladness,0.5,1.5,0.0,0.0,0.25,0.5,0.25,2.0,2.25,0.0,0.0,0.5,0.75,1.25,1.25,"",2.0,6.0,0.0,0.0,1.0,2.0,1.0,8.0,9.0,0.0,0.0,2.0,3.0,5.0,5.0,"",4,8.0,32.0
