TEAM_ID,PLAYER_ID,PLAYER_NAME,avg(FGM),avg(FGA),avg(FG3M),avg(FG3A),avg(FTM),avg(FTA),avg(OREB),avg(DREB),avg(REB),avg(AST),avg(STL),avg(BLK),avg(TO),avg(PF),avg(PTS),avg(PLUS_MINUS),sum(FGM),sum(FGA),sum(FG3M),sum(FG3A),sum(FTM),sum(FTA),sum(OREB),sum(DREB),sum(REB),sum(AST),sum(STL),sum(BLK),sum(TO),sum(PF),sum(PTS),sum(PLUS_MINUS),sum(ifminute),avg(seconds),sum(seconds)
1610612748,2547,Chris Bosh,6.076190476190476,11.666666666666666,0.3619047619047619,1.180952380952381,3.0761904761904764,3.8285714285714287,1.7047619047619047,5.066666666666666,6.771428571428571,1.5904761904761904,0.9142857142857143,1.3523809523809525,1.561904761904762,2.447619047619048,15.59047619047619,5.639175257731959,638.0,1225.0,38.0,124.0,323.0,402.0,179.0,532.0,711.0,167.0,96.0,142.0,164.0,257.0,1637.0,547.0,105,1833.4952380952382,192517.0
1610612765,203119,Kim English,1.0638297872340425,2.9361702127659575,0.3617021276595745,1.3191489361702127,0.5531914893617021,0.7446808510638298,0.19148936170212766,0.9148936170212766,1.1063829787234043,0.6382978723404256,0.3829787234042553,0.0851063829787234,0.5319148936170213,1.127659574468085,3.0425531914893615,-1.3902439024390243,50.0,138.0,17.0,62.0,26.0,35.0,9.0,43.0,52.0,30.0,18.0,4.0,25.0,53.0,143.0,-57.0,47,520.8936170212766,24482.0
