TEAM_ID,PLAYER_ID,PLAYER_NAME,avg(FGM),avg(FGA),avg(FG3M),avg(FG3A),avg(FTM),avg(FTA),avg(OREB),avg(DREB),avg(REB),avg(AST),avg(STL),avg(BLK),avg(TO),avg(PF),avg(PTS),avg(PLUS_MINUS),sum(FGM),sum(FGA),sum(FG3M),sum(FG3A),sum(FTM),sum(FTA),sum(OREB),sum(DREB),sum(REB),sum(AST),sum(STL),sum(BLK),sum(TO),sum(PF),sum(PTS),sum(PLUS_MINUS),sum(ifminute),avg(seconds),sum(seconds)
1610612748,2548,Dwyane Wade,7.690721649484536,15.288659793814434,0.1958762886597938,0.7628865979381443,3.9690721649484537,5.443298969072165,1.309278350515464,3.484536082474227,4.793814432989691,4.907216494845361,1.7835051546391754,0.8556701030927835,2.7731958762886597,2.082474226804124,19.54639175257732,6.670329670329671,746.0,1483.0,19.0,74.0,385.0,528.0,127.0,338.0,465.0,476.0,173.0,83.0,269.0,202.0,1896.0,607.0,97,1964.0515463917525,190513.0
1610612754,101133,Ian Mahinmi,1.796116504854369,3.825242718446602,0.0,0.019417475728155338,1.174757281553398,1.9320388349514563,1.4174757281553398,2.29126213592233,3.70873786407767,0.2912621359223301,0.44660194174757284,0.8155339805825242,1.0485436893203883,2.3883495145631066,4.766990291262136,-1.8877551020408163,185.0,394.0,0.0,2.0,121.0,199.0,146.0,236.0,382.0,30.0,46.0,84.0,108.0,246.0,491.0,-185.0,103,858.7184466019418,88448.0
1610612747,959,Steve Nash,4.416666666666667,8.95,0.9833333333333333,2.3833333333333333,1.9666666666666666,2.1333333333333333,0.5166666666666667,2.2333333333333334,2.75,6.266666666666667,0.6166666666666667,0.08333333333333333,2.4833333333333334,1.3333333333333333,11.783333333333333,0.5961538461538461,265.0,537.0,59.0,143.0,118.0,128.0,31.0,134.0,165.0,376.0,37.0,5.0,149.0,80.0,707.0,31.0,60,1690.5166666666667,101431.0
1610612756,202325,Wesley Johnson,3.210526315789474,7.912280701754386,1.0526315789473684,3.192982456140351,0.5789473684210527,0.7894736842105263,0.49122807017543857,2.0526315789473686,2.543859649122807,0.6842105263157895,0.5263157894736842,0.3684210526315789,1.0175438596491229,1.1403508771929824,8.052631578947368,-4.62,183.0,451.0,60.0,182.0,33.0,45.0,28.0,117.0,145.0,39.0,30.0,21.0,58.0,65.0,459.0,-231.0,57,1005.1052631578947,57291.0
1610612747,203153,Reeves Nelson,0.6666666666666666,2.3333333333333335,0.0,0.0,0.0,0.6666666666666666,2.0,2.0,4.0,0.6666666666666666,0.6666666666666666,0.0,0.0,1.3333333333333333,1.3333333333333333,"",2.0,7.0,0.0,0.0,0.0,2.0,6.0,6.0,12.0,2.0,2.0,0.0,0.0,4.0,4.0,"",3,11.0,33.0
