TEAM_ID,PLAYER_ID,PLAYER_NAME,avg(FGM),avg(FGA),avg(FG3M),avg(FG3A),avg(FTM),avg(FTA),avg(OREB),avg(DREB),avg(REB),avg(AST),avg(STL),avg(BLK),avg(TO),avg(PF),avg(PTS),avg(PLUS_MINUS),sum(FGM),sum(FGA),sum(FG3M),sum(FG3A),sum(FTM),sum(FTA),sum(OREB),sum(DREB),sum(REB),sum(AST),sum(STL),sum(BLK),sum(TO),sum(PF),sum(PTS),sum(PLUS_MINUS),sum(ifminute),avg(seconds),sum(seconds)
1610612738,201145,Jeff Green,3.8055555555555554,9.083333333333334,0.6388888888888888,2.0833333333333335,2.0833333333333335,2.6666666666666665,0.6944444444444444,2.861111111111111,3.5555555555555554,0.8333333333333334,0.75,0.6944444444444444,1.5833333333333333,1.8333333333333333,10.333333333333334,-1.8666666666666667,137.0,327.0,23.0,75.0,75.0,96.0,25.0,103.0,128.0,30.0,27.0,25.0,57.0,66.0,372.0,-56.0,36,1188.1666666666667,42774.0
1610612740,201187,Dominic McGuire,1.0,2.25,0.0,0.0,0.125,0.25,0.625,2.25,2.875,1.125,0.75,0.375,0.625,1.375,2.125,-6.125,8.0,18.0,0.0,0.0,1.0,2.0,5.0,18.0,23.0,9.0,6.0,3.0,5.0,11.0,17.0,-49.0,8,967.0,7736.0
1610612742,203108,Bernard James,1.4583333333333333,2.8333333333333335,0.0,0.041666666666666664,0.875,1.4166666666666667,1.5416666666666667,2.2083333333333335,3.75,0.041666666666666664,0.2916666666666667,1.0416666666666667,0.4583333333333333,1.2916666666666667,3.7916666666666665,0.0,35.0,68.0,0.0,1.0,21.0,34.0,37.0,53.0,90.0,1.0,7.0,25.0,11.0,31.0,91.0,0.0,24,528.7916666666666,12691.0
1610612738,201633,Rob Kurz,0.8,1.6,0.2,0.4,0.2,0.4,0.4,1.8,2.2,0.0,0.2,0.2,0.4,1.0,2.0,"",4.0,8.0,1.0,2.0,1.0,2.0,2.0,9.0,11.0,0.0,1.0,1.0,2.0,5.0,10.0,"",5,9.0,45.0
1610612761,202077,Jerel McNeal,0.0,1.0,0.0,0.0,0.0,0.0,0.0,0.0,0.0,2.0,0.0,0.0,1.0,1.0,0.0,"",0.0,1.0,0.0,0.0,0.0,0.0,0.0,0.0,0.0,2.0,0.0,0.0,1.0,1.0,0.0,"",1,6.0,6.0
