TEAM_ID,PLAYER_ID,PLAYER_NAME,avg(FGM),avg(FGA),avg(FG3M),avg(FG3A),avg(FTM),avg(FTA),avg(OREB),avg(DREB),avg(REB),avg(AST),avg(STL),avg(BLK),avg(TO),avg(PF),avg(PTS),avg(PLUS_MINUS),sum(FGM),sum(FGA),sum(FG3M),sum(FG3A),sum(FTM),sum(FTA),sum(OREB),sum(DREB),sum(REB),sum(AST),sum(STL),sum(BLK),sum(TO),sum(PF),sum(PTS),sum(PLUS_MINUS),sum(ifminute),avg(seconds),sum(seconds)
1610612747,201941,Jordan Hill,2.375,5.041666666666667,0.0,0.041666666666666664,1.0625,1.5833333333333333,2.7916666666666665,2.8958333333333335,5.6875,0.4791666666666667,0.3333333333333333,0.7291666666666666,0.9583333333333334,2.1875,5.8125,-1.0888888888888888,114.0,242.0,0.0,2.0,51.0,76.0,134.0,139.0,273.0,23.0,16.0,35.0,46.0,105.0,279.0,-49.0,48,881.8541666666666,42329.0
1610612756,255,Grant Hill,4.2,9.155555555555555,0.3111111111111111,1.0222222222222221,1.5777777777777777,2.1555555555555554,0.6222222222222222,2.888888888888889,3.511111111111111,2.2444444444444445,0.8888888888888888,0.5777777777777777,1.4,1.8444444444444446,10.28888888888889,2.7555555555555555,189.0,412.0,14.0,46.0,71.0,97.0,28.0,130.0,158.0,101.0,40.0,26.0,63.0,83.0,463.0,124.0,45,1701.3333333333333,76560.0
1610612739,200789,Daniel Gibson,2.484375,7.046875,1.671875,4.296875,1.0,1.28125,0.203125,1.921875,2.125,2.15625,0.765625,0.265625,1.109375,2.265625,7.640625,-3.983050847457627,159.0,451.0,107.0,275.0,64.0,82.0,13.0,123.0,136.0,138.0,49.0,17.0,71.0,145.0,489.0,-235.0,64,1385.71875,88686.0
