TEAM_ID,PLAYER_ID,PLAYER_NAME,avg(FGM),avg(FGA),avg(FG3M),avg(FG3A),avg(FTM),avg(FTA),avg(OREB),avg(DREB),avg(REB),avg(AST),avg(STL),avg(BLK),avg(TO),avg(PF),avg(PTS),avg(PLUS_MINUS),sum(FGM),sum(FGA),sum(FG3M),sum(FG3A),sum(FTM),sum(FTA),sum(OREB),sum(DREB),sum(REB),sum(AST),sum(STL),sum(BLK),sum(TO),sum(PF),sum(PTS),sum(PLUS_MINUS),sum(ifminute),avg(seconds),sum(seconds)
1610612744,203084,Harrison Barnes,3.71,8.42,0.8,2.17,1.82,2.37,0.76,3.56,4.32,1.18,0.62,0.2,1.28,1.88,10.04,0.7096774193548387,371.0,842.0,80.0,217.0,182.0,237.0,76.0,356.0,432.0,118.0,62.0,20.0,128.0,188.0,1004.0,66.0,100,1512.59,151259.0
1610612760,2755,Kevin Martin,4.534090909090909,10.306818181818182,1.9886363636363635,4.738636363636363,2.9318181818181817,3.284090909090909,0.375,2.034090909090909,2.409090909090909,1.3636363636363635,0.8977272727272727,0.125,1.2727272727272727,1.7727272727272727,13.988636363636363,5.465909090909091,399.0,907.0,175.0,417.0,258.0,289.0,33.0,179.0,212.0,120.0,79.0,11.0,112.0,156.0,1231.0,481.0,88,1677.0454545454545,147580.0
1610612745,201161,Daequan Cook,1.3125,3.6875,0.6875,1.875,0.125,0.1875,0.3125,0.8125,1.125,0.625,0.375,0.125,0.375,0.8125,3.4375,-1.5,21.0,59.0,11.0,30.0,2.0,3.0,5.0,13.0,18.0,10.0,6.0,2.0,6.0,13.0,55.0,-24.0,16,619.0625,9905.0
