TEAM_ID,PLAYER_ID,PLAYER_NAME,avg(FGM),avg(FGA),avg(FG3M),avg(FG3A),avg(FTM),avg(FTA),avg(OREB),avg(DREB),avg(REB),avg(AST),avg(STL),avg(BLK),avg(TO),avg(PF),avg(PTS),avg(PLUS_MINUS),sum(FGM),sum(FGA),sum(FG3M),sum(FG3A),sum(FTM),sum(FTA),sum(OREB),sum(DREB),sum(REB),sum(AST),sum(STL),sum(BLK),sum(TO),sum(PF),sum(PTS),sum(PLUS_MINUS),sum(ifminute),avg(seconds),sum(seconds)
1610612748,101142,Ronny Turiaf,1.04,1.92,0.0,0.04,0.64,1.32,1.2,2.36,3.56,0.24,0.36,0.88,0.56,2.2,2.72,-0.56,26.0,48.0,0.0,1.0,16.0,33.0,30.0,59.0,89.0,6.0,9.0,22.0,14.0,55.0,68.0,-14.0,25,819.32,20483.0
1610612753,2202,Jason Richardson,4.454545454545454,11.0,2.0,5.290909090909091,0.7636363636363637,1.3272727272727274,0.6727272727272727,2.981818181818182,3.6545454545454548,1.8909090909090909,1.018181818181818,0.43636363636363634,1.0727272727272728,1.6181818181818182,11.672727272727272,0.6,245.0,605.0,110.0,291.0,42.0,73.0,37.0,164.0,201.0,104.0,56.0,24.0,59.0,89.0,642.0,33.0,55,1761.2727272727273,96870.0
1610612762,202379,Jeremy Evans,0.8297872340425532,1.4042553191489362,0.0,0.02127659574468085,0.46808510638297873,0.8297872340425532,0.6808510638297872,1.0851063829787233,1.7659574468085106,0.3404255319148936,0.2553191489361702,0.7446808510638298,0.1702127659574468,0.8723404255319149,2.127659574468085,-0.675,39.0,66.0,0.0,1.0,22.0,39.0,32.0,51.0,83.0,16.0,12.0,35.0,8.0,41.0,100.0,-27.0,47,370.78723404255317,17427.0
