TEAM_ID,PLAYER_ID,PLAYER_NAME,avg(FGM),avg(FGA),avg(FG3M),avg(FG3A),avg(FTM),avg(FTA),avg(OREB),avg(DREB),avg(REB),avg(AST),avg(STL),avg(BLK),avg(TO),avg(PF),avg(PTS),avg(PLUS_MINUS),sum(FGM),sum(FGA),sum(FG3M),sum(FG3A),sum(FTM),sum(FTA),sum(OREB),sum(DREB),sum(REB),sum(AST),sum(STL),sum(BLK),sum(TO),sum(PF),sum(PTS),sum(PLUS_MINUS),sum(ifminute),avg(seconds),sum(seconds)
1610612737,101130,Johan Petro,1.6,3.7,0.025,0.1,0.35,0.4,1.0,2.575,3.575,0.525,0.3,0.325,0.7,1.75,3.575,-3.1621621621621623,64.0,148.0,1.0,4.0,14.0,16.0,40.0,103.0,143.0,21.0,12.0,13.0,28.0,70.0,143.0,-117.0,40,680.05,27202.0
1610612745,203087,Jeremy Lamb,2.1666666666666665,5.666666666666667,0.8333333333333334,2.1666666666666665,1.0,1.1666666666666667,0.6666666666666666,2.8333333333333335,3.5,1.3333333333333333,0.8333333333333334,0.0,0.6666666666666666,0.8333333333333334,6.166666666666667,"",13.0,34.0,5.0,13.0,6.0,7.0,4.0,17.0,21.0,8.0,5.0,0.0,4.0,5.0,37.0,"",6,16.5,99.0
