TEAM_ID,PLAYER_ID,PLAYER_NAME,avg(FGM),avg(FGA),avg(FG3M),avg(FG3A),avg(FTM),avg(FTA),avg(OREB),avg(DREB),avg(REB),avg(AST),avg(STL),avg(BLK),avg(TO),avg(PF),avg(PTS),avg(PLUS_MINUS),sum(FGM),sum(FGA),sum(FG3M),sum(FG3A),sum(FTM),sum(FTA),sum(OREB),sum(DREB),sum(REB),sum(AST),sum(STL),sum(BLK),sum(TO),sum(PF),sum(PTS),sum(PLUS_MINUS),sum(ifminute),avg(seconds),sum(seconds)
1610612738,2605,Marquis Daniels,1.0816326530612246,2.6530612244897958,0.0,0.20408163265306123,0.4897959183673469,0.6122448979591837,0.2653061224489796,0.9795918367346939,1.2448979591836735,0.8571428571428571,0.40816326530612246,0.14285714285714285,0.5306122448979592,0.7551020408163265,2.6530612244897958,0.4489795918367347,53.0,130.0,0.0,10.0,24.0,30.0,13.0,48.0,61.0,42.0,20.0,7.0,26.0,37.0,130.0,22.0,49,586.9183673469388,28759.0
1610612739,202388,Donald Sloan,2.1041666666666665,5.520833333333333,0.22916666666666666,0.9375,0.8541666666666666,1.0625,0.375,1.4791666666666667,1.8541666666666667,2.8333333333333335,0.3333333333333333,0.0625,1.2291666666666667,1.1041666666666667,5.291666666666667,-7.111111111111111,101.0,265.0,11.0,45.0,41.0,51.0,18.0,71.0,89.0,136.0,16.0,3.0,59.0,53.0,254.0,-320.0,48,1082.75,51972.0
1610612755,2198,Kwame Brown,1.2222222222222223,2.2777777777777777,0.0,0.0,0.4444444444444444,0.9444444444444444,1.2222222222222223,2.2777777777777777,3.5,0.5,0.3333333333333333,0.4444444444444444,0.2777777777777778,1.8333333333333333,2.888888888888889,-2.625,22.0,41.0,0.0,0.0,8.0,17.0,22.0,41.0,63.0,9.0,6.0,8.0,5.0,33.0,52.0,-42.0,18,721.5,12987.0
1610612747,2768,Chris Duhon,1.3548387096774193,3.2580645161290325,0.8709677419354839,2.2903225806451615,0.12903225806451613,0.2903225806451613,0.2903225806451613,1.3870967741935485,1.6774193548387097,3.2903225806451615,0.5161290322580645,0.03225806451612903,0.8064516129032258,1.3548387096774193,3.7096774193548385,0.15384615384615385,42.0,101.0,27.0,71.0,4.0,9.0,9.0,43.0,52.0,102.0,16.0,1.0,25.0,42.0,115.0,4.0,31,1147.5483870967741,35574.0
1610612752,200758,Ronnie Brewer,1.90625,5.21875,0.5625,1.875,0.59375,1.3125,1.03125,1.96875,3.0,1.21875,1.03125,0.15625,0.4375,0.8125,4.96875,1.0,61.0,167.0,18.0,60.0,19.0,42.0,33.0,63.0,96.0,39.0,33.0,5.0,14.0,26.0,159.0,30.0,32,1130.59375,36179.0
