TEAM_ID,PLAYER_ID,PLAYER_NAME,avg(FGM),avg(FGA),avg(FG3M),avg(FG3A),avg(FTM),avg(FTA),avg(OREB),avg(DREB),avg(REB),avg(AST),avg(STL),avg(BLK),avg(TO),avg(PF),avg(PTS),avg(PLUS_MINUS),sum(FGM),sum(FGA),sum(FG3M),sum(FG3A),sum(FTM),sum(FTA),sum(OREB),sum(DREB),sum(REB),sum(AST),sum(STL),sum(BLK),sum(TO),sum(PF),sum(PTS),sum(PLUS_MINUS),sum(ifminute),avg(seconds),sum(seconds)
1610612751,200761,Shawne Williams,1.9047619047619047,6.285714285714286,1.0,3.7142857142857144,0.38095238095238093,0.5238095238095238,0.7619047619047619,1.9523809523809523,2.7142857142857144,0.7142857142857143,0.47619047619047616,0.5238095238095238,0.5238095238095238,1.7619047619047619,5.190476190476191,-1.7619047619047619,40.0,132.0,21.0,78.0,8.0,11.0,16.0,41.0,57.0,15.0,10.0,11.0,11.0,37.0,109.0,-37.0,21,1312.952380952381,27572.0
1610612744,202397,Ish Smith,0.0,0.0,0.0,0.0,0.0,0.0,0.0,0.0,0.0,0.0,0.0,0.0,0.0,0.0,0.0,1.0,0.0,0.0,0.0,0.0,0.0,0.0,0.0,0.0,0.0,0.0,0.0,0.0,0.0,0.0,0.0,2.0,2,21.5,43.0
1610612763,201602,Kyle Weaver,0.6666666666666666,2.0,0.3333333333333333,0.6666666666666666,0.6666666666666666,0.6666666666666666,0.0,0.3333333333333333,0.3333333333333333,0.0,0.6666666666666666,0.0,0.3333333333333333,0.6666666666666666,2.3333333333333335,"",2.0,6.0,1.0,2.0,2.0,2.0,0.0,1.0,1.0,0.0,2.0,0.0,1.0,2.0,7.0,"",3,5.333333333333333,16.0
