TEAM_ID,PLAYER_ID,PLAYER_NAME,avg(FGM),avg(FGA),avg(FG3M),avg(FG3A),avg(FTM),avg(FTA),avg(OREB),avg(DREB),avg(REB),avg(AST),avg(STL),avg(BLK),avg(TO),avg(PF),avg(PTS),avg(PLUS_MINUS),sum(FGM),sum(FGA),sum(FG3M),sum(FG3A),sum(FTM),sum(FTA),sum(OREB),sum(DREB),sum(REB),sum(AST),sum(STL),sum(BLK),sum(TO),sum(PF),sum(PTS),sum(PLUS_MINUS),sum(ifminute),avg(seconds),sum(seconds)
1610612760,2555,Nick Collison,2.142857142857143,3.7755102040816326,0.01020408163265306,0.05102040816326531,0.7857142857142857,0.9795918367346939,1.5612244897959184,2.520408163265306,4.081632653061225,1.469387755102041,0.5816326530612245,0.4387755102040816,0.8571428571428571,2.479591836734694,5.081632653061225,4.4021739130434785,210.0,370.0,1.0,5.0,77.0,96.0,153.0,247.0,400.0,144.0,57.0,43.0,84.0,243.0,498.0,405.0,98,1079.3367346938776,105775.0
1610612745,101128,Francisco Garcia,2.625,6.041666666666667,1.8333333333333333,4.458333333333333,0.375,0.5,0.16666666666666666,1.625,1.7916666666666667,1.2083333333333333,0.75,0.5,0.6666666666666666,1.7916666666666667,7.458333333333333,1.9166666666666667,63.0,145.0,44.0,107.0,9.0,12.0,4.0,39.0,43.0,29.0,18.0,12.0,16.0,43.0,179.0,46.0,24,1208.4583333333333,29003.0
1610612742,203099,Jared Cunningham,0.8571428571428571,2.7142857142857144,0.14285714285714285,0.7142857142857143,0.7142857142857143,0.7142857142857143,0.2857142857142857,0.2857142857142857,0.5714285714285714,0.42857142857142855,0.5,0.07142857142857142,0.6428571428571429,0.9285714285714286,2.5714285714285716,-1.125,12.0,38.0,2.0,10.0,10.0,10.0,4.0,4.0,8.0,6.0,7.0,1.0,9.0,13.0,36.0,-9.0,14,114.92857142857143,1609.0
