TEAM_ID,PLAYER_ID,PLAYER_NAME,avg(FGM),avg(FGA),avg(FG3M),avg(FG3A),avg(FTM),avg(FTA),avg(OREB),avg(DREB),avg(REB),avg(AST),avg(STL),avg(BLK),avg(TO),avg(PF),avg(PTS),avg(PLUS_MINUS),sum(FGM),sum(FGA),sum(FG3M),sum(FG3A),sum(FTM),sum(FTA),sum(OREB),sum(DREB),sum(REB),sum(AST),sum(STL),sum(BLK),sum(TO),sum(PF),sum(PTS),sum(PLUS_MINUS),sum(ifminute),avg(seconds),sum(seconds)
1610612746,101108,Chris Paul,5.91358024691358,12.17283950617284,1.0617283950617284,3.2098765432098766,4.037037037037037,4.580246913580247,0.7037037037037037,3.0123456790123457,3.7160493827160495,9.382716049382717,2.3209876543209877,0.14814814814814814,2.1481481481481484,2.049382716049383,16.925925925925927,5.118421052631579,479.0,986.0,86.0,260.0,327.0,371.0,57.0,244.0,301.0,760.0,188.0,12.0,174.0,166.0,1371.0,389.0,81,1897.1358024691358,153668.0
