TEAM_ID,PLAYER_ID,PLAYER_NAME,avg(FGM),avg(FGA),avg(FG3M),avg(FG3A),avg(FTM),avg(FTA),avg(OREB),avg(DREB),avg(REB),avg(AST),avg(STL),avg(BLK),avg(TO),avg(PF),avg(PTS),avg(PLUS_MINUS),sum(FGM),sum(FGA),sum(FG3M),sum(FG3A),sum(FTM),sum(FTA),sum(OREB),sum(DREB),sum(REB),sum(AST),sum(STL),sum(BLK),sum(TO),sum(PF),sum(PTS),sum(PLUS_MINUS),sum(ifminute),avg(seconds),sum(seconds)
1610612748,2617,Udonis Haslem,2.0720720720720722,4.702702702702703,0.0,0.0,1.018018018018018,1.3243243243243243,1.5225225225225225,4.882882882882883,6.405405405405405,0.5945945945945946,0.44144144144144143,0.3063063063063063,0.8648648648648649,2.2882882882882885,5.162162162162162,1.8440366972477065,230.0,522.0,0.0,0.0,113.0,147.0,169.0,542.0,711.0,66.0,49.0,34.0,96.0,254.0,573.0,201.0,111,1312.7927927927929,145720.0
1610612757,201581,JJ Hickson,5.415094339622642,9.69811320754717,0.0,0.03773584905660377,2.207547169811321,3.4339622641509435,3.641509433962264,5.7924528301886795,9.433962264150944,1.0566037735849056,0.6226415094339622,0.8490566037735849,1.6603773584905661,2.0377358490566038,13.037735849056604,-2.8085106382978724,287.0,514.0,0.0,2.0,117.0,182.0,193.0,307.0,500.0,56.0,33.0,45.0,88.0,108.0,691.0,-132.0,53,1598.0566037735848,84697.0
1610612766,101124,Hakim Warrick,2.0,5.333333333333333,0.0,0.0,2.1333333333333333,3.4,0.7333333333333333,2.6666666666666665,3.4,0.8,0.4666666666666667,0.3333333333333333,1.0666666666666667,1.4,6.133333333333334,-3.8666666666666667,30.0,80.0,0.0,0.0,32.0,51.0,11.0,40.0,51.0,12.0,7.0,5.0,16.0,21.0,92.0,-58.0,15,1002.6,15039.0
1610612738,201584,Courtney Lee,2.9722222222222223,6.388888888888889,0.5555555555555556,1.8333333333333333,0.8333333333333334,0.9444444444444444,0.3333333333333333,2.0277777777777777,2.361111111111111,1.3055555555555556,1.1388888888888888,0.25,1.1111111111111112,1.5555555555555556,7.333333333333333,-2.3,107.0,230.0,20.0,66.0,30.0,34.0,12.0,73.0,85.0,47.0,41.0,9.0,40.0,56.0,264.0,-69.0,36,1228.2777777777778,44218.0
1610612738,202363,Jarvis Varnado,0.5,0.75,0.0,0.0,0.5,1.0,0.25,0.25,0.5,0.0,0.25,0.0,0.25,0.25,1.5,0.0,2.0,3.0,0.0,0.0,2.0,4.0,1.0,1.0,2.0,0.0,1.0,0.0,1.0,1.0,6.0,0.0,4,206.75,827.0
