TEAM_ID,PLAYER_ID,PLAYER_NAME,avg(FGM),avg(FGA),avg(FG3M),avg(FG3A),avg(FTM),avg(FTA),avg(OREB),avg(DREB),avg(REB),avg(AST),avg(STL),avg(BLK),avg(TO),avg(PF),avg(PTS),avg(PLUS_MINUS),sum(FGM),sum(FGA),sum(FG3M),sum(FG3A),sum(FTM),sum(FTA),sum(OREB),sum(DREB),sum(REB),sum(AST),sum(STL),sum(BLK),sum(TO),sum(PF),sum(PTS),sum(PLUS_MINUS),sum(ifminute),avg(seconds),sum(seconds)
1610612757,2407,Jared Jeffries,0.5,1.5681818181818181,0.0,0.06818181818181818,0.3181818181818182,0.5909090909090909,0.7272727272727273,0.9545454545454546,1.6818181818181819,0.3409090909090909,0.1590909090909091,0.18181818181818182,0.4772727272727273,1.6363636363636365,1.3181818181818181,0.3157894736842105,22.0,69.0,0.0,3.0,14.0,26.0,32.0,42.0,74.0,15.0,7.0,8.0,21.0,72.0,58.0,12.0,44,478.54545454545456,21056.0
1610612758,2422,John Salmons,3.207792207792208,8.090909090909092,1.2857142857142858,3.4805194805194803,1.103896103896104,1.4285714285714286,0.44155844155844154,2.25974025974026,2.7012987012987013,2.987012987012987,0.6623376623376623,0.33766233766233766,1.1168831168831168,1.8831168831168832,8.805194805194805,-0.5,247.0,623.0,99.0,268.0,85.0,110.0,34.0,174.0,208.0,230.0,51.0,26.0,86.0,145.0,678.0,-38.0,77,1775.6623376623377,136726.0
