TEAM_ID,PLAYER_ID,PLAYER_NAME,avg(FGM),avg(FGA),avg(FG3M),avg(FG3A),avg(FTM),avg(FTA),avg(OREB),avg(DREB),avg(REB),avg(AST),avg(STL),avg(BLK),avg(TO),avg(PF),avg(PTS),avg(PLUS_MINUS),sum(FGM),sum(FGA),sum(FG3M),sum(FG3A),sum(FTM),sum(FTA),sum(OREB),sum(DREB),sum(REB),sum(AST),sum(STL),sum(BLK),sum(TO),sum(PF),sum(PTS),sum(PLUS_MINUS),sum(ifminute),avg(seconds),sum(seconds)
1610612756,200782,P.J. Tucker,2.6,5.517647058823529,0.25882352941176473,0.8235294117647058,0.8,1.0823529411764705,1.611764705882353,2.764705882352941,4.376470588235295,1.3411764705882352,0.8117647058823529,0.2235294117647059,0.8470588235294118,1.7882352941176471,6.258823529411765,-2.1645569620253164,221.0,469.0,22.0,70.0,68.0,92.0,137.0,235.0,372.0,114.0,69.0,19.0,72.0,152.0,532.0,-171.0,85,1349.5764705882352,114714.0
1610612737,201627,Anthony Morrow,2.1333333333333333,5.066666666666666,0.7,1.8666666666666667,0.7333333333333333,0.8666666666666667,0.4,0.7666666666666667,1.1666666666666667,0.4666666666666667,0.5,0.03333333333333333,0.26666666666666666,1.3,5.7,-1.5,64.0,152.0,21.0,56.0,22.0,26.0,12.0,23.0,35.0,14.0,15.0,1.0,8.0,39.0,171.0,-36.0,30,605.6333333333333,18169.0
