TEAM_ID,PLAYER_ID,PLAYER_NAME,avg(FGM),avg(FGA),avg(FG3M),avg(FG3A),avg(FTM),avg(FTA),avg(OREB),avg(DREB),avg(REB),avg(AST),avg(STL),avg(BLK),avg(TO),avg(PF),avg(PTS),avg(PLUS_MINUS),sum(FGM),sum(FGA),sum(FG3M),sum(FG3A),sum(FTM),sum(FTA),sum(OREB),sum(DREB),sum(REB),sum(AST),sum(STL),sum(BLK),sum(TO),sum(PF),sum(PTS),sum(PLUS_MINUS),sum(ifminute),avg(seconds),sum(seconds)
1610612752,2199,Tyson Chandler,3.5783132530120483,5.698795180722891,0.0,0.0,2.4939759036144578,3.6265060240963853,3.819277108433735,6.0120481927710845,9.831325301204819,0.8192771084337349,0.6265060240963856,1.0843373493975903,1.216867469879518,2.9156626506024095,9.650602409638553,3.6153846153846154,297.0,473.0,0.0,0.0,207.0,301.0,317.0,499.0,816.0,68.0,52.0,90.0,101.0,242.0,801.0,282.0,83,1818.3253012048192,150921.0
1610612765,201944,Terrence Williams,1.0,5.5,0.0,0.5,0.5,1.0,0.5,3.5,4.0,3.5,0.5,2.5,3.0,2.0,2.5,"",2.0,11.0,0.0,1.0,1.0,2.0,1.0,7.0,8.0,7.0,1.0,5.0,6.0,4.0,5.0,"",2,25.0,50.0
