TEAM_ID,PLAYER_ID,PLAYER_NAME,avg(FGM),avg(FGA),avg(FG3M),avg(FG3A),avg(FTM),avg(FTA),avg(OREB),avg(DREB),avg(REB),avg(AST),avg(STL),avg(BLK),avg(TO),avg(PF),avg(PTS),avg(PLUS_MINUS),sum(FGM),sum(FGA),sum(FG3M),sum(FG3A),sum(FTM),sum(FTA),sum(OREB),sum(DREB),sum(REB),sum(AST),sum(STL),sum(BLK),sum(TO),sum(PF),sum(PTS),sum(PLUS_MINUS),sum(ifminute),avg(seconds),sum(seconds)
1610612738,979,Jermaine O'Neal,2.0,4.714285714285714,0.0,0.0,0.6666666666666666,1.0952380952380953,1.5238095238095237,4.142857142857143,5.666666666666667,0.42857142857142855,0.3333333333333333,1.8095238095238095,0.8571428571428571,2.9523809523809526,4.666666666666667,-0.47619047619047616,42.0,99.0,0.0,0.0,14.0,23.0,32.0,87.0,119.0,9.0,7.0,38.0,18.0,62.0,98.0,-10.0,21,1373.0,28833.0
1610612751,2207,Joe Johnson,6.166666666666667,14.472222222222221,1.9166666666666667,5.277777777777778,1.8333333333333333,2.3333333333333335,0.5833333333333334,2.1944444444444446,2.7777777777777777,3.361111111111111,0.7222222222222222,0.2222222222222222,1.8055555555555556,1.3333333333333333,16.083333333333332,3.129032258064516,222.0,521.0,69.0,190.0,66.0,84.0,21.0,79.0,100.0,121.0,26.0,8.0,65.0,48.0,579.0,97.0,36,1985.0277777777778,71461.0
