TEAM_ID,PLAYER_ID,PLAYER_NAME,avg(FGM),avg(FGA),avg(FG3M),avg(FG3A),avg(FTM),avg(FTA),avg(OREB),avg(DREB),avg(REB),avg(AST),avg(STL),avg(BLK),avg(TO),avg(PF),avg(PTS),avg(PLUS_MINUS),sum(FGM),sum(FGA),sum(FG3M),sum(FG3A),sum(FTM),sum(FTA),sum(OREB),sum(DREB),sum(REB),sum(AST),sum(STL),sum(BLK),sum(TO),sum(PF),sum(PTS),sum(PLUS_MINUS),sum(ifminute),avg(seconds),sum(seconds)
1610612749,101145,Monta Ellis,6.862068965517241,16.810344827586206,0.7758620689655172,2.8448275862068964,3.5344827586206895,4.5344827586206895,0.3620689655172414,3.0517241379310347,3.413793103448276,5.4655172413793105,1.5344827586206897,0.41379310344827586,2.7586206896551726,1.9137931034482758,18.03448275862069,0.16,398.0,975.0,45.0,165.0,205.0,263.0,21.0,177.0,198.0,317.0,89.0,24.0,160.0,111.0,1046.0,8.0,58,1873.9827586206898,108691.0
1610612740,202419,Chris Johnson,1.2857142857142858,2.5714285714285716,0.0,0.0,0.7142857142857143,1.0,1.0,2.142857142857143,3.142857142857143,0.14285714285714285,0.7142857142857143,0.14285714285714285,1.1428571428571428,1.8571428571428572,3.2857142857142856,-0.2857142857142857,9.0,18.0,0.0,0.0,5.0,7.0,7.0,15.0,22.0,1.0,5.0,1.0,8.0,13.0,23.0,-2.0,7,706.4285714285714,4945.0
1610612750,1905,Andrei Kirilenko,4.666666666666667,9.037037037037036,0.4444444444444444,1.7037037037037037,2.5555555555555554,3.5185185185185186,1.9259259259259258,4.888888888888889,6.814814814814815,3.037037037037037,1.7777777777777777,1.2962962962962963,2.3333333333333335,1.5925925925925926,12.333333333333334,2.3043478260869565,126.0,244.0,12.0,46.0,69.0,95.0,52.0,132.0,184.0,82.0,48.0,35.0,63.0,43.0,333.0,53.0,27,1797.7037037037037,48538.0
1610612747,201975,Jodie Meeks,2.4722222222222223,6.861111111111111,1.6944444444444444,4.388888888888889,1.1388888888888888,1.2222222222222223,0.2777777777777778,1.7222222222222223,2.0,1.0,0.6111111111111112,0.05555555555555555,0.8888888888888888,1.3611111111111112,7.777777777777778,-0.17857142857142858,89.0,247.0,61.0,158.0,41.0,44.0,10.0,62.0,72.0,36.0,22.0,2.0,32.0,49.0,280.0,-5.0,36,900.3333333333334,32412.0
