TEAM_ID,PLAYER_ID,PLAYER_NAME,avg(FGM),avg(FGA),avg(FG3M),avg(FG3A),avg(FTM),avg(FTA),avg(OREB),avg(DREB),avg(REB),avg(AST),avg(STL),avg(BLK),avg(TO),avg(PF),avg(PTS),avg(PLUS_MINUS),sum(FGM),sum(FGA),sum(FG3M),sum(FG3A),sum(FTM),sum(FTA),sum(OREB),sum(DREB),sum(REB),sum(AST),sum(STL),sum(BLK),sum(TO),sum(PF),sum(PTS),sum(PLUS_MINUS),sum(ifminute),avg(seconds),sum(seconds)
1610612761,201949,James Johnson,3.864406779661017,8.542372881355933,0.3050847457627119,1.0,1.3728813559322033,1.9491525423728813,1.2203389830508475,3.4237288135593222,4.6440677966101696,1.9322033898305084,1.0677966101694916,1.3389830508474576,1.5932203389830508,2.864406779661017,9.40677966101695,-2.542372881355932,228.0,504.0,18.0,59.0,81.0,115.0,72.0,202.0,274.0,114.0,63.0,79.0,94.0,169.0,555.0,-150.0,59,1505.9830508474577,88853.0
1610612756,979,Jermaine O'Neal,2.689655172413793,5.448275862068965,0.0,0.0,1.4137931034482758,1.8620689655172413,1.0689655172413792,3.4482758620689653,4.517241379310345,0.6896551724137931,0.3793103448275862,1.5517241379310345,1.0,2.206896551724138,6.793103448275862,0.4166666666666667,78.0,158.0,0.0,0.0,41.0,54.0,31.0,100.0,131.0,20.0,11.0,45.0,29.0,64.0,197.0,10.0,29,839.6206896551724,24349.0
1610612755,2202,Jason Richardson,4.166666666666667,10.233333333333333,2.0,5.4,0.8333333333333334,1.2666666666666666,0.6333333333333333,3.533333333333333,4.166666666666667,1.8,1.4333333333333333,0.5333333333333333,1.0333333333333334,1.6666666666666667,11.166666666666666,1.08,125.0,307.0,60.0,162.0,25.0,38.0,19.0,106.0,125.0,54.0,43.0,16.0,31.0,50.0,335.0,27.0,30,1481.3666666666666,44441.0
