TEAM_ID,PLAYER_ID,PLAYER_NAME,avg(FGM),avg(FGA),avg(FG3M),avg(FG3A),avg(FTM),avg(FTA),avg(OREB),avg(DREB),avg(REB),avg(AST),avg(STL),avg(BLK),avg(TO),avg(PF),avg(PTS),avg(PLUS_MINUS),sum(FGM),sum(FGA),sum(FG3M),sum(FG3A),sum(FTM),sum(FTA),sum(OREB),sum(DREB),sum(REB),sum(AST),sum(STL),sum(BLK),sum(TO),sum(PF),sum(PTS),sum(PLUS_MINUS),sum(ifminute),avg(seconds),sum(seconds)
1610612741,2430,Carlos Boozer,6.795918367346939,14.23469387755102,0.0,0.030612244897959183,2.4285714285714284,3.3877551020408165,2.2346938775510203,7.285714285714286,9.520408163265307,2.13265306122449,0.8979591836734694,0.3163265306122449,2.193877551020408,3.0,16.020408163265305,-1.3186813186813187,666.0,1395.0,0.0,3.0,238.0,332.0,219.0,714.0,933.0,209.0,88.0,31.0,215.0,294.0,1570.0,-120.0,98,1824.7857142857142,178829.0
1610612747,977,Kobe Bryant,9.228915662650602,19.89156626506024,1.6506024096385543,5.048192771084337,6.819277108433735,8.108433734939759,0.8674698795180723,4.63855421686747,5.506024096385542,5.855421686746988,1.3373493975903614,0.3253012048192771,3.6265060240963853,2.1927710843373496,26.927710843373493,1.7820512820512822,766.0,1651.0,137.0,419.0,566.0,673.0,72.0,385.0,457.0,486.0,111.0,27.0,301.0,182.0,2235.0,139.0,83,2179.385542168675,180889.0
