TEAM_ID,PLAYER_ID,PLAYER_NAME,avg(FGM),avg(FGA),avg(FG3M),avg(FG3A),avg(FTM),avg(FTA),avg(OREB),avg(DREB),avg(REB),avg(AST),avg(STL),avg(BLK),avg(TO),avg(PF),avg(PTS),avg(PLUS_MINUS),sum(FGM),sum(FGA),sum(FG3M),sum(FG3A),sum(FTM),sum(FTA),sum(OREB),sum(DREB),sum(REB),sum(AST),sum(STL),sum(BLK),sum(TO),sum(PF),sum(PTS),sum(PLUS_MINUS),sum(ifminute),avg(seconds),sum(seconds)
1610612765,201973,Jonas Jerebko,2.892857142857143,6.410714285714286,0.5178571428571429,1.75,1.2321428571428572,1.6428571428571428,1.3392857142857142,2.392857142857143,3.732142857142857,0.8571428571428571,0.8035714285714286,0.19642857142857142,0.8035714285714286,1.9464285714285714,7.535714285714286,-1.653061224489796,162.0,359.0,29.0,98.0,69.0,92.0,75.0,134.0,209.0,48.0,45.0,11.0,45.0,109.0,422.0,-81.0,56,957.4821428571429,53619.0
1610612739,203200,Justin Holiday,1.0,2.0,0.0,0.0,1.0,2.0,0.0,1.0,1.0,1.0,0.0,0.0,0.0,0.0,3.0,"",1.0,2.0,0.0,0.0,1.0,2.0,0.0,1.0,1.0,1.0,0.0,0.0,0.0,0.0,3.0,"",1,12.0,12.0
