TEAM_ID,PLAYER_ID,PLAYER_NAME,avg(FGM),avg(FGA),avg(FG3M),avg(FG3A),avg(FTM),avg(FTA),avg(OREB),avg(DREB),avg(REB),avg(AST),avg(STL),avg(BLK),avg(TO),avg(PF),avg(PTS),avg(PLUS_MINUS),sum(FGM),sum(FGA),sum(FG3M),sum(FG3A),sum(FTM),sum(FTA),sum(OREB),sum(DREB),sum(REB),sum(AST),sum(STL),sum(BLK),sum(TO),sum(PF),sum(PTS),sum(PLUS_MINUS),sum(ifminute),avg(seconds),sum(seconds)
1610612748,2203,Shane Battier,1.9019607843137254,4.764705882352941,1.7352941176470589,4.254901960784314,0.5588235294117647,0.6666666666666666,0.4803921568627451,1.7156862745098038,2.196078431372549,0.8921568627450981,0.5196078431372549,0.6176470588235294,0.4117647058823529,2.049019607843137,6.098039215686274,4.308510638297872,194.0,486.0,177.0,434.0,57.0,68.0,49.0,175.0,224.0,91.0,53.0,63.0,42.0,209.0,622.0,405.0,102,1282.9803921568628,130864.0
1610612758,2566,Travis Outlaw,1.8604651162790697,4.627906976744186,0.3488372093023256,1.3255813953488371,0.9767441860465116,1.302325581395349,0.4186046511627907,1.186046511627907,1.6046511627906976,0.4883720930232558,0.3023255813953488,0.18604651162790697,0.4883720930232558,0.9302325581395349,5.046511627906977,-0.9210526315789473,80.0,199.0,15.0,57.0,42.0,56.0,18.0,51.0,69.0,21.0,13.0,8.0,21.0,40.0,217.0,-35.0,43,620.9069767441861,26699.0
1610612745,201962,Toney Douglas,2.8333333333333335,7.018518518518518,1.2222222222222223,3.2037037037037037,1.2962962962962963,1.537037037037037,0.4444444444444444,1.3703703703703705,1.8148148148148149,1.9814814814814814,0.7962962962962963,0.037037037037037035,1.2037037037037037,2.074074074074074,8.185185185185185,1.0,153.0,379.0,66.0,173.0,70.0,83.0,24.0,74.0,98.0,107.0,43.0,2.0,65.0,112.0,442.0,49.0,54,1015.5,54837.0
1610612750,202723,Malcolm Lee,1.894736842105263,4.894736842105263,0.47368421052631576,1.4736842105263157,0.6842105263157895,1.1578947368421053,0.8421052631578947,1.5263157894736843,2.3684210526315788,1.0526315789473684,0.7368421052631579,0.42105263157894735,0.7368421052631579,1.8421052631578947,4.947368421052632,0.75,36.0,93.0,9.0,28.0,13.0,22.0,16.0,29.0,45.0,20.0,14.0,8.0,14.0,35.0,94.0,12.0,19,913.9473684210526,17365.0
