TEAM_ID,PLAYER_ID,PLAYER_NAME,avg(FGM),avg(FGA),avg(FG3M),avg(FG3A),avg(FTM),avg(FTA),avg(OREB),avg(DREB),avg(REB),avg(AST),avg(STL),avg(BLK),avg(TO),avg(PF),avg(PTS),avg(PLUS_MINUS),sum(FGM),sum(FGA),sum(FG3M),sum(FG3A),sum(FTM),sum(FTA),sum(OREB),sum(DREB),sum(REB),sum(AST),sum(STL),sum(BLK),sum(TO),sum(PF),sum(PTS),sum(PLUS_MINUS),sum(ifminute),avg(seconds),sum(seconds)
1610612763,201967,Dante Cunningham,2.073529411764706,4.073529411764706,0.0,0.029411764705882353,0.6176470588235294,0.9264705882352942,1.3970588235294117,2.264705882352941,3.661764705882353,0.5294117647058824,0.6323529411764706,0.5147058823529411,0.4117647058823529,1.3970588235294117,4.764705882352941,-1.3823529411764706,141.0,277.0,0.0,2.0,42.0,63.0,95.0,154.0,249.0,36.0,43.0,35.0,28.0,95.0,324.0,-94.0,68,998.7647058823529,67916.0
1610612757,203081,Damian Lillard,6.2,14.685714285714285,2.257142857142857,6.114285714285714,3.3142857142857145,3.8285714285714287,0.6,2.5142857142857142,3.1142857142857143,6.257142857142857,0.9428571428571428,0.22857142857142856,3.085714285714286,2.085714285714286,17.97142857142857,0.27586206896551724,217.0,514.0,79.0,214.0,116.0,134.0,21.0,88.0,109.0,219.0,33.0,8.0,108.0,73.0,629.0,8.0,35,1887.057142857143,66047.0
1610612739,101139,CJ Miles,3.9375,9.78125,1.90625,4.59375,1.40625,1.53125,0.40625,2.1875,2.59375,0.9375,0.78125,0.125,1.46875,2.4375,11.1875,-3.576923076923077,126.0,313.0,61.0,147.0,45.0,49.0,13.0,70.0,83.0,30.0,25.0,4.0,47.0,78.0,358.0,-93.0,32,996.59375,31891.0
1610612737,200894,Isma'il Muhammad,0.0,1.0,0.0,0.0,1.0,2.0,0.0,0.0,0.0,2.0,1.0,0.0,1.0,1.0,1.0,"",0.0,1.0,0.0,0.0,1.0,2.0,0.0,0.0,0.0,2.0,1.0,0.0,1.0,1.0,1.0,"",1,12.0,12.0
