TEAM_ID,PLAYER_ID,PLAYER_NAME,avg(FGM),avg(FGA),avg(FG3M),avg(FG3A),avg(FTM),avg(FTA),avg(OREB),avg(DREB),avg(REB),avg(AST),avg(STL),avg(BLK),avg(TO),avg(PF),avg(PTS),avg(PLUS_MINUS),sum(FGM),sum(FGA),sum(FG3M),sum(FG3A),sum(FTM),sum(FTA),sum(OREB),sum(DREB),sum(REB),sum(AST),sum(STL),sum(BLK),sum(TO),sum(PF),sum(PTS),sum(PLUS_MINUS),sum(ifminute),avg(seconds),sum(seconds)
1610612743,201951,Ty Lawson,6.047058823529412,13.24705882352941,1.0823529411764705,3.0588235294117645,3.2588235294117647,4.305882352941176,0.5058823529411764,2.1882352941176473,2.6941176470588237,6.858823529411764,1.4588235294117646,0.09411764705882353,2.4941176470588236,1.811764705882353,16.435294117647057,2.9367088607594938,514.0,1126.0,92.0,260.0,277.0,366.0,43.0,186.0,229.0,583.0,124.0,8.0,212.0,154.0,1397.0,232.0,85,1942.3411764705882,165099.0
1610612749,2605,Marquis Daniels,2.2,5.6571428571428575,0.3142857142857143,1.1857142857142857,0.6,0.8,0.7285714285714285,1.6857142857142857,2.414285714285714,1.042857142857143,0.8142857142857143,0.15714285714285714,0.7,1.2714285714285714,5.314285714285714,-1.935483870967742,154.0,396.0,22.0,83.0,42.0,56.0,51.0,118.0,169.0,73.0,57.0,11.0,49.0,89.0,372.0,-120.0,70,960.4571428571429,67232.0
1610612753,2757,Beno Udrih,3.5925925925925926,8.814814814814815,0.7777777777777778,1.962962962962963,2.2222222222222223,2.5925925925925926,0.6296296296296297,1.7037037037037037,2.3333333333333335,6.074074074074074,0.9259259259259259,0.037037037037037035,2.037037037037037,1.8888888888888888,10.185185185185185,-4.962962962962963,97.0,238.0,21.0,53.0,60.0,70.0,17.0,46.0,63.0,164.0,25.0,1.0,55.0,51.0,275.0,-134.0,27,1639.5185185185185,44267.0
1610612762,201821,Trey Gilder,0.0,2.5,0.0,0.5,1.0,1.0,0.0,3.5,3.5,0.0,0.5,0.0,1.0,0.0,1.0,"",0.0,5.0,0.0,1.0,2.0,2.0,0.0,7.0,7.0,0.0,1.0,0.0,2.0,0.0,2.0,"",2,8.0,16.0
