TEAM_ID,PLAYER_ID,PLAYER_NAME,avg(FGM),avg(FGA),avg(FG3M),avg(FG3A),avg(FTM),avg(FTA),avg(OREB),avg(DREB),avg(REB),avg(AST),avg(STL),avg(BLK),avg(TO),avg(PF),avg(PTS),avg(PLUS_MINUS),sum(FGM),sum(FGA),sum(FG3M),sum(FG3A),sum(FTM),sum(FTA),sum(OREB),sum(DREB),sum(REB),sum(AST),sum(STL),sum(BLK),sum(TO),sum(PF),sum(PTS),sum(PLUS_MINUS),sum(ifminute),avg(seconds),sum(seconds)
1610612743,201951,Ty Lawson,5.745098039215686,12.558823529411764,1.0490196078431373,3.049019607843137,2.607843137254902,3.411764705882353,0.7745098039215687,2.450980392156863,3.2254901960784315,6.676470588235294,1.303921568627451,0.08823529411764706,2.480392156862745,1.6372549019607843,15.147058823529411,2.1041666666666665,586.0,1281.0,107.0,311.0,266.0,348.0,79.0,250.0,329.0,681.0,133.0,9.0,253.0,167.0,1545.0,202.0,102,1978.3921568627452,201796.0
1610612748,1740,Rashard Lewis,2.0,4.36,1.04,2.44,0.4,0.64,0.32,1.72,2.04,0.68,0.56,0.08,0.88,1.72,5.44,-2.6470588235294117,50.0,109.0,26.0,61.0,10.0,16.0,8.0,43.0,51.0,17.0,14.0,2.0,22.0,43.0,136.0,-45.0,25,597.56,14939.0
1610612752,203142,Chris Copeland,3.4583333333333335,6.625,0.7916666666666666,2.0833333333333335,1.7916666666666667,2.25,0.5833333333333334,0.875,1.4583333333333333,0.4166666666666667,0.2916666666666667,0.375,1.0833333333333333,1.5,9.5,1.5555555555555556,83.0,159.0,19.0,50.0,43.0,54.0,14.0,21.0,35.0,10.0,7.0,9.0,26.0,36.0,228.0,28.0,24,545.0833333333334,13082.0
