TEAM_ID,PLAYER_ID,PLAYER_NAME,avg(FGM),avg(FGA),avg(FG3M),avg(FG3A),avg(FTM),avg(FTA),avg(OREB),avg(DREB),avg(REB),avg(AST),avg(STL),avg(BLK),avg(TO),avg(PF),avg(PTS),avg(PLUS_MINUS),sum(FGM),sum(FGA),sum(FG3M),sum(FG3A),sum(FTM),sum(FTA),sum(OREB),sum(DREB),sum(REB),sum(AST),sum(STL),sum(BLK),sum(TO),sum(PF),sum(PTS),sum(PLUS_MINUS),sum(ifminute),avg(seconds),sum(seconds)
1610612759,201168,Tiago Splitter,3.4716981132075473,6.235849056603773,0.0,0.02830188679245283,2.2830188679245285,3.1226415094339623,1.5754716981132075,4.047169811320755,5.622641509433962,1.471698113207547,0.7641509433962265,0.7358490566037735,1.2075471698113207,2.0,9.226415094339623,3.9,368.0,661.0,0.0,3.0,242.0,331.0,167.0,429.0,596.0,156.0,81.0,78.0,128.0,212.0,978.0,390.0,106,1350.433962264151,143146.0
1610612756,2742,Sebastian Telfair,2.019607843137255,5.2745098039215685,0.8627450980392157,2.3333333333333335,0.9607843137254902,1.2156862745098038,0.27450980392156865,1.2352941176470589,1.5098039215686274,2.5294117647058822,0.7058823529411765,0.19607843137254902,1.2156862745098038,1.7254901960784315,5.862745098039215,-0.8260869565217391,103.0,269.0,44.0,119.0,49.0,62.0,14.0,63.0,77.0,129.0,36.0,10.0,62.0,88.0,299.0,-38.0,51,937.156862745098,47795.0
