TEAM_ID,PLAYER_ID,PLAYER_NAME,avg(FGM),avg(FGA),avg(FG3M),avg(FG3A),avg(FTM),avg(FTA),avg(OREB),avg(DREB),avg(REB),avg(AST),avg(STL),avg(BLK),avg(TO),avg(PF),avg(PTS),avg(PLUS_MINUS),sum(FGM),sum(FGA),sum(FG3M),sum(FG3A),sum(FTM),sum(FTA),sum(OREB),sum(DREB),sum(REB),sum(AST),sum(STL),sum(BLK),sum(TO),sum(PF),sum(PTS),sum(PLUS_MINUS),sum(ifminute),avg(seconds),sum(seconds)
1610612755,1882,Elton Brand,4.608695652173913,9.333333333333334,0.0,0.014492753623188406,1.4782608695652173,2.0434782608695654,2.3043478260869565,4.391304347826087,6.695652173913044,1.3623188405797102,0.8985507246376812,1.6521739130434783,0.9710144927536232,2.9420289855072466,10.695652173913043,2.391304347826087,318.0,644.0,0.0,1.0,102.0,141.0,159.0,303.0,462.0,94.0,62.0,114.0,67.0,203.0,738.0,165.0,69,1724.304347826087,118977.0
1610612761,202334,Ed Davis,2.7755102040816326,5.326530612244898,0.0,0.01020408163265306,1.2142857142857142,1.7448979591836735,2.010204081632653,4.459183673469388,6.469387755102041,0.9183673469387755,0.5816326530612245,0.8877551020408163,0.9897959183673469,2.316326530612245,6.76530612244898,-2.74468085106383,272.0,522.0,0.0,1.0,119.0,171.0,197.0,437.0,634.0,90.0,57.0,87.0,97.0,227.0,663.0,-258.0,98,1283.4897959183672,125782.0
1610612766,201196,Ramon Sessions,4.641025641025641,11.487179487179487,0.6410256410256411,2.076923076923077,4.230769230769231,5.230769230769231,0.6410256410256411,2.41025641025641,3.051282051282051,4.128205128205129,0.8461538461538461,0.02564102564102564,2.0,1.358974358974359,14.153846153846153,-5.935483870967742,181.0,448.0,25.0,81.0,165.0,204.0,25.0,94.0,119.0,161.0,33.0,1.0,78.0,53.0,552.0,-184.0,39,1283.2307692307693,50046.0
