TEAM_ID,PLAYER_ID,PLAYER_NAME,avg(FGM),avg(FGA),avg(FG3M),avg(FG3A),avg(FTM),avg(FTA),avg(OREB),avg(DREB),avg(REB),avg(AST),avg(STL),avg(BLK),avg(TO),avg(PF),avg(PTS),avg(PLUS_MINUS),sum(FGM),sum(FGA),sum(FG3M),sum(FG3A),sum(FTM),sum(FTA),sum(OREB),sum(DREB),sum(REB),sum(AST),sum(STL),sum(BLK),sum(TO),sum(PF),sum(PTS),sum(PLUS_MINUS),sum(ifminute),avg(seconds),sum(seconds)
1610612760,203087,Jeremy Lamb,1.0434782608695652,2.9565217391304346,0.391304347826087,1.3043478260869565,0.6086956521739131,0.6086956521739131,0.21739130434782608,0.5652173913043478,0.782608695652174,0.21739130434782608,0.08695652173913043,0.08695652173913043,0.2608695652173913,0.5652173913043478,3.0869565217391304,-1.9565217391304348,24.0,68.0,9.0,30.0,14.0,14.0,5.0,13.0,18.0,5.0,2.0,2.0,6.0,13.0,71.0,-45.0,23,382.4347826086956,8796.0
1610612745,203080,Thomas Robinson,1.8421052631578947,4.105263157894737,0.0,0.05263157894736842,0.8421052631578947,2.0,1.5789473684210527,2.473684210526316,4.052631578947368,0.5263157894736842,0.8421052631578947,0.2631578947368421,1.2105263157894737,1.5263157894736843,4.526315789473684,-0.2631578947368421,35.0,78.0,0.0,1.0,16.0,38.0,30.0,47.0,77.0,10.0,16.0,5.0,23.0,29.0,86.0,-5.0,19,779.2631578947369,14806.0
1610612750,101153,Mickael Gelabale,2.0,3.861111111111111,0.4444444444444444,1.4444444444444444,0.5833333333333334,0.6666666666666666,0.8888888888888888,1.8611111111111112,2.75,0.7222222222222222,0.4444444444444444,0.1111111111111111,0.4444444444444444,1.3055555555555556,5.027777777777778,-1.8611111111111112,72.0,139.0,16.0,52.0,21.0,24.0,32.0,67.0,99.0,26.0,16.0,4.0,16.0,47.0,181.0,-67.0,36,1073.25,38637.0
1610612739,203149,Micheal Eric,0.0,0.0,0.0,0.0,0.0,0.0,0.0,0.5,0.5,0.0,0.0,0.0,1.0,0.5,0.0,"",0.0,0.0,0.0,0.0,0.0,0.0,0.0,1.0,1.0,0.0,0.0,0.0,2.0,1.0,0.0,"",2,3.5,7.0
