TEAM_ID,PLAYER_ID,PLAYER_NAME,avg(FGM),avg(FGA),avg(FG3M),avg(FG3A),avg(FTM),avg(FTA),avg(OREB),avg(DREB),avg(REB),avg(AST),avg(STL),avg(BLK),avg(TO),avg(PF),avg(PTS),avg(PLUS_MINUS),sum(FGM),sum(FGA),sum(FG3M),sum(FG3A),sum(FTM),sum(FTA),sum(OREB),sum(DREB),sum(REB),sum(AST),sum(STL),sum(BLK),sum(TO),sum(PF),sum(PTS),sum(PLUS_MINUS),sum(ifminute),avg(seconds),sum(seconds)
1610612745,201600,Omer Asik,3.9368421052631577,7.326315789473684,0.0,0.010526315789473684,2.231578947368421,3.863157894736842,3.3789473684210525,8.242105263157894,11.621052631578948,0.968421052631579,0.5789473684210527,1.0736842105263158,2.1052631578947367,2.7578947368421054,10.105263157894736,3.465909090909091,374.0,696.0,0.0,1.0,212.0,367.0,321.0,783.0,1104.0,92.0,55.0,102.0,200.0,262.0,960.0,305.0,95,1689.2736842105264,160481.0
1610612762,2248,Earl Watson,0.7708333333333334,2.5,0.10416666666666667,0.5833333333333334,0.3541666666666667,0.5208333333333334,0.4791666666666667,1.3333333333333333,1.8125,3.9583333333333335,0.8333333333333334,0.16666666666666666,1.4375,1.9583333333333333,2.0,-1.0625,37.0,120.0,5.0,28.0,17.0,25.0,23.0,64.0,87.0,190.0,40.0,8.0,69.0,94.0,96.0,-51.0,48,1036.3333333333333,49744.0
1610612764,202322,John Wall,6.612244897959184,15.0,0.24489795918367346,0.9183673469387755,5.020408163265306,6.244897959183674,0.7142857142857143,3.2857142857142856,4.0,7.612244897959184,1.3265306122448979,0.7551020408163265,3.204081632653061,2.3877551020408165,18.489795918367346,0.8979591836734694,324.0,735.0,12.0,45.0,246.0,306.0,35.0,161.0,196.0,373.0,65.0,37.0,157.0,117.0,906.0,44.0,49,1961.795918367347,96128.0
1610612763,2436,Flip Murray,2.3333333333333335,6.333333333333333,0.0,1.6666666666666667,1.0,1.6666666666666667,0.3333333333333333,1.0,1.3333333333333333,2.3333333333333335,1.3333333333333333,0.0,1.0,1.3333333333333333,5.666666666666667,"",7.0,19.0,0.0,5.0,3.0,5.0,1.0,3.0,4.0,7.0,4.0,0.0,3.0,4.0,17.0,"",3,15.0,45.0
