TEAM_ID,PLAYER_ID,PLAYER_NAME,avg(FGM),avg(FGA),avg(FG3M),avg(FG3A),avg(FTM),avg(FTA),avg(OREB),avg(DREB),avg(REB),avg(AST),avg(STL),avg(BLK),avg(TO),avg(PF),avg(PTS),avg(PLUS_MINUS),sum(FGM),sum(FGA),sum(FG3M),sum(FG3A),sum(FTM),sum(FTA),sum(OREB),sum(DREB),sum(REB),sum(AST),sum(STL),sum(BLK),sum(TO),sum(PF),sum(PTS),sum(PLUS_MINUS),sum(ifminute),avg(seconds),sum(seconds)
1610612752,2546,Carmelo Anthony,9.821428571428571,22.38095238095238,2.1666666666666665,5.916666666666667,6.380952380952381,7.630952380952381,1.8214285714285714,4.9523809523809526,6.773809523809524,2.380952380952381,0.8333333333333334,0.44047619047619047,2.5595238095238093,3.142857142857143,28.19047619047619,4.012658227848101,825.0,1880.0,182.0,497.0,536.0,641.0,153.0,416.0,569.0,200.0,70.0,37.0,215.0,264.0,2368.0,317.0,84,2117.9880952380954,177911.0
1610612741,2209,Vladimir Radmanovic,0.5666666666666667,1.7333333333333334,0.26666666666666666,1.1,0.06666666666666667,0.1,0.3333333333333333,0.7,1.0333333333333334,0.3,0.3333333333333333,0.16666666666666666,0.36666666666666664,1.1333333333333333,1.4666666666666666,-1.3076923076923077,17.0,52.0,8.0,33.0,2.0,3.0,10.0,21.0,31.0,9.0,10.0,5.0,11.0,34.0,44.0,-34.0,30,308.43333333333334,9253.0
1610612741,2736,Luol Deng,6.058139534883721,14.313953488372093,0.9534883720930233,3.116279069767442,3.0348837209302326,3.813953488372093,2.011627906976744,4.244186046511628,6.255813953488372,2.9186046511627906,1.069767441860465,0.4069767441860465,1.8837209302325582,1.3953488372093024,16.1046511627907,-0.1375,521.0,1231.0,82.0,268.0,261.0,328.0,173.0,365.0,538.0,251.0,92.0,35.0,162.0,120.0,1385.0,-11.0,86,2183.639534883721,187793.0
1610612747,203196,Ronnie Aguilar,0.25,1.0,0.0,0.0,0.25,0.5,0.0,0.5,0.5,0.25,0.0,0.5,0.0,1.25,0.75,"",1.0,4.0,0.0,0.0,1.0,2.0,0.0,2.0,2.0,1.0,0.0,2.0,0.0,5.0,3.0,"",4,8.0,32.0
