TEAM_ID,PLAYER_ID,PLAYER_NAME,avg(FGM),avg(FGA),avg(FG3M),avg(FG3A),avg(FTM),avg(FTA),avg(OREB),avg(DREB),avg(REB),avg(AST),avg(STL),avg(BLK),avg(TO),avg(PF),avg(PTS),avg(PLUS_MINUS),sum(FGM),sum(FGA),sum(FG3M),sum(FG3A),sum(FTM),sum(FTA),sum(OREB),sum(DREB),sum(REB),sum(AST),sum(STL),sum(BLK),sum(TO),sum(PF),sum(PTS),sum(PLUS_MINUS),sum(ifminute),avg(seconds),sum(seconds)
1610612742,2073,Brian Cardinal,0.32558139534883723,1.2093023255813953,0.2558139534883721,1.069767441860465,0.023255813953488372,0.046511627906976744,0.09302325581395349,0.6976744186046512,0.7906976744186046,0.3488372093023256,0.09302325581395349,0.046511627906976744,0.16279069767441862,0.7674418604651163,0.9302325581395349,-1.558139534883721,14.0,52.0,11.0,46.0,1.0,2.0,4.0,30.0,34.0,15.0,4.0,2.0,7.0,33.0,40.0,-67.0,43,365.6046511627907,15721.0
1610612751,201627,Anthony Morrow,4.517241379310345,10.724137931034482,1.7241379310344827,4.620689655172414,1.5689655172413792,1.6896551724137931,0.5172413793103449,1.5689655172413792,2.086206896551724,1.0172413793103448,0.7586206896551724,0.15517241379310345,1.1379310344827587,1.3793103448275863,12.327586206896552,-1.2241379310344827,262.0,622.0,100.0,268.0,91.0,98.0,30.0,91.0,121.0,59.0,44.0,9.0,66.0,80.0,715.0,-71.0,58,1605.344827586207,93110.0
1610612753,201177,Josh McRoberts,1.4193548387096775,3.4193548387096775,0.25806451612903225,0.8709677419354839,0.5806451612903226,0.7096774193548387,1.032258064516129,2.096774193548387,3.129032258064516,1.2580645161290323,0.2903225806451613,0.2903225806451613,0.5806451612903226,1.5161290322580645,3.6774193548387095,-1.8,44.0,106.0,8.0,27.0,18.0,22.0,32.0,65.0,97.0,39.0,9.0,9.0,18.0,47.0,114.0,-45.0,31,742.516129032258,23018.0
1610612737,203098,John Jenkins,1.7222222222222223,3.2777777777777777,0.7222222222222222,1.5555555555555556,0.2222222222222222,0.2222222222222222,0.05555555555555555,1.0555555555555556,1.1111111111111112,0.5555555555555556,0.16666666666666666,0.05555555555555555,0.5555555555555556,0.5,4.388888888888889,-2.5714285714285716,31.0,59.0,13.0,28.0,4.0,4.0,1.0,19.0,20.0,10.0,3.0,1.0,10.0,9.0,79.0,-36.0,18,351.3333333333333,6324.0
