TEAM_ID,PLAYER_ID,PLAYER_NAME,avg(FGM),avg(FGA),avg(FG3M),avg(FG3A),avg(FTM),avg(FTA),avg(OREB),avg(DREB),avg(REB),avg(AST),avg(STL),avg(BLK),avg(TO),avg(PF),avg(PTS),avg(PLUS_MINUS),sum(FGM),sum(FGA),sum(FG3M),sum(FG3A),sum(FTM),sum(FTA),sum(OREB),sum(DREB),sum(REB),sum(AST),sum(STL),sum(BLK),sum(TO),sum(PF),sum(PTS),sum(PLUS_MINUS),sum(ifminute),avg(seconds),sum(seconds)
1610612751,200770,Jordan Farmar,4.027777777777778,8.583333333333334,1.5,3.4166666666666665,1.5833333333333333,1.75,0.19444444444444445,1.5,1.6944444444444444,3.5277777777777777,0.6388888888888888,0.027777777777777776,1.7777777777777777,1.3333333333333333,11.13888888888889,-2.7777777777777777,145.0,309.0,54.0,123.0,57.0,63.0,7.0,54.0,61.0,127.0,23.0,1.0,64.0,48.0,401.0,-100.0,36,1342.388888888889,48326.0
1610612744,202327,Ekpe Udoh,2.2058823529411766,4.911764705882353,0.0,0.0,1.2941176470588236,1.7647058823529411,1.5588235294117647,2.323529411764706,3.8823529411764706,0.8823529411764706,0.6470588235294118,1.8823529411764706,1.0,3.1470588235294117,5.705882352941177,4.588235294117647,75.0,167.0,0.0,0.0,44.0,60.0,53.0,79.0,132.0,30.0,22.0,64.0,34.0,107.0,194.0,156.0,34,1358.235294117647,46180.0
1610612763,201970,Sam Young,1.5789473684210527,4.052631578947368,0.0,0.42105263157894735,0.5263157894736842,0.631578947368421,0.7368421052631579,1.263157894736842,2.0,0.47368421052631576,0.5789473684210527,0.10526315789473684,0.42105263157894735,0.5263157894736842,3.6842105263157894,-0.8947368421052632,30.0,77.0,0.0,8.0,10.0,12.0,14.0,24.0,38.0,9.0,11.0,2.0,8.0,10.0,70.0,-17.0,19,685.2631578947369,13020.0
1610612741,201178,Kyrylo Fesenko,0.0,0.0,0.0,0.0,0.0,0.0,1.0,0.0,1.0,0.0,0.0,0.0,1.0,1.0,0.0,"",0.0,0.0,0.0,0.0,0.0,0.0,1.0,0.0,1.0,0.0,0.0,0.0,1.0,1.0,0.0,"",1,4.0,4.0
