TEAM_ID,PLAYER_ID,PLAYER_NAME,avg(FGM),avg(FGA),avg(FG3M),avg(FG3A),avg(FTM),avg(FTA),avg(OREB),avg(DREB),avg(REB),avg(AST),avg(STL),avg(BLK),avg(TO),avg(PF),avg(PTS),avg(PLUS_MINUS),sum(FGM),sum(FGA),sum(FG3M),sum(FG3A),sum(FTM),sum(FTA),sum(OREB),sum(DREB),sum(REB),sum(AST),sum(STL),sum(BLK),sum(TO),sum(PF),sum(PTS),sum(PLUS_MINUS),sum(ifminute),avg(seconds),sum(seconds)
1610612746,2037,Jamal Crawford,5.421052631578948,12.631578947368421,1.5526315789473684,4.447368421052632,3.5,3.8684210526315788,0.2631578947368421,1.4473684210526316,1.7105263157894737,2.736842105263158,1.1842105263157894,0.13157894736842105,2.0789473684210527,1.131578947368421,15.894736842105264,8.064516129032258,206.0,480.0,59.0,169.0,133.0,147.0,10.0,55.0,65.0,104.0,45.0,5.0,79.0,43.0,604.0,250.0,38,1422.1842105263158,54043.0
1610612744,201171,Carl Landry,4.342105263157895,8.210526315789474,0.0,0.05263157894736842,3.5,4.473684210526316,2.763157894736842,3.6578947368421053,6.421052631578948,0.8947368421052632,0.3157894736842105,0.5,1.763157894736842,2.6578947368421053,12.18421052631579,2.096774193548387,165.0,312.0,0.0,2.0,133.0,170.0,105.0,139.0,244.0,34.0,12.0,19.0,67.0,101.0,463.0,65.0,38,1248.9736842105262,47461.0
1610612744,203145,Kent Bazemore,0.3333333333333333,1.1904761904761905,0.0,0.19047619047619047,0.14285714285714285,0.19047619047619047,0.047619047619047616,0.2857142857142857,0.3333333333333333,0.3333333333333333,0.14285714285714285,0.09523809523809523,0.14285714285714285,0.2857142857142857,0.8095238095238095,-0.875,7.0,25.0,0.0,4.0,3.0,4.0,1.0,6.0,7.0,7.0,3.0,2.0,3.0,6.0,17.0,-14.0,21,77.0952380952381,1619.0
