TEAM_ID,PLAYER_ID,PLAYER_NAME,avg(FGM),avg(FGA),avg(FG3M),avg(FG3A),avg(FTM),avg(FTA),avg(OREB),avg(DREB),avg(REB),avg(AST),avg(STL),avg(BLK),avg(TO),avg(PF),avg(PTS),avg(PLUS_MINUS),sum(FGM),sum(FGA),sum(FG3M),sum(FG3A),sum(FTM),sum(FTA),sum(OREB),sum(DREB),sum(REB),sum(AST),sum(STL),sum(BLK),sum(TO),sum(PF),sum(PTS),sum(PLUS_MINUS),sum(ifminute),avg(seconds),sum(seconds)
1610612750,202325,Wesley Johnson,2.435483870967742,6.096774193548387,0.7741935483870968,2.5161290322580645,0.3870967741935484,0.5483870967741935,0.3870967741935484,2.3548387096774195,2.7419354838709675,0.8870967741935484,0.5645161290322581,0.7580645161290323,0.8548387096774194,1.7903225806451613,6.032258064516129,-1.935483870967742,151.0,378.0,48.0,156.0,24.0,34.0,24.0,146.0,170.0,55.0,35.0,47.0,53.0,111.0,374.0,-120.0,62,1350.6612903225807,83741.0
1610612764,101142,Ronny Turiaf,0.0,0.0,0.0,0.0,0.0,0.0,1.0,3.0,4.0,0.0,0.0,0.0,1.0,1.0,0.0,0.0,0.0,0.0,0.0,0.0,0.0,0.0,1.0,3.0,4.0,0.0,0.0,0.0,1.0,1.0,0.0,0.0,1,692.0,692.0
