TEAM_ID,PLAYER_ID,PLAYER_NAME,avg(FGM),avg(FGA),avg(FG3M),avg(FG3A),avg(FTM),avg(FTA),avg(OREB),avg(DREB),avg(REB),avg(AST),avg(STL),avg(BLK),avg(TO),avg(PF),avg(PTS),avg(PLUS_MINUS),sum(FGM),sum(FGA),sum(FG3M),sum(FG3A),sum(FTM),sum(FTA),sum(OREB),sum(DREB),sum(REB),sum(AST),sum(STL),sum(BLK),sum(TO),sum(PF),sum(PTS),sum(PLUS_MINUS),sum(ifminute),avg(seconds),sum(seconds)
1610612764,202686,Jan Vesely,1.8488372093023255,3.604651162790698,0.0,0.023255813953488372,0.5465116279069767,1.1046511627906976,1.6744186046511629,2.2674418604651163,3.941860465116279,0.813953488372093,0.5930232558139535,0.47674418604651164,0.9651162790697675,2.802325581395349,4.244186046511628,-1.4230769230769231,159.0,310.0,0.0,2.0,47.0,95.0,144.0,195.0,339.0,70.0,51.0,41.0,83.0,241.0,365.0,-111.0,86,944.0581395348837,81189.0
1610612764,202344,Trevor Booker,3.8,7.233333333333333,0.016666666666666666,0.08333333333333333,1.0333333333333334,1.7333333333333334,2.3333333333333335,4.05,6.383333333333334,0.9833333333333333,1.0166666666666666,0.8,1.2333333333333334,2.7333333333333334,8.65,-4.142857142857143,228.0,434.0,1.0,5.0,62.0,104.0,140.0,243.0,383.0,59.0,61.0,48.0,74.0,164.0,519.0,-232.0,60,1450.0,87000.0
1610612762,101139,CJ Miles,3.2115384615384617,8.326923076923077,0.7884615384615384,2.6346153846153846,1.9038461538461537,2.326923076923077,0.4807692307692308,1.6538461538461537,2.1346153846153846,1.2884615384615385,0.7884615384615384,0.3269230769230769,0.8846153846153846,2.1346153846153846,9.115384615384615,1.0384615384615385,167.0,433.0,41.0,137.0,99.0,121.0,25.0,86.0,111.0,67.0,41.0,17.0,46.0,111.0,474.0,54.0,52,1234.2884615384614,64183.0
1610612762,201821,Trey Gilder,0.0,2.5,0.0,0.5,1.0,1.0,0.0,3.5,3.5,0.0,0.5,0.0,1.0,0.0,1.0,"",0.0,5.0,0.0,1.0,2.0,2.0,0.0,7.0,7.0,0.0,1.0,0.0,2.0,0.0,2.0,"",2,8.0,16.0
