TEAM_ID,PLAYER_ID,PLAYER_NAME,avg(FGM),avg(FGA),avg(FG3M),avg(FG3A),avg(FTM),avg(FTA),avg(OREB),avg(DREB),avg(REB),avg(AST),avg(STL),avg(BLK),avg(TO),avg(PF),avg(PTS),avg(PLUS_MINUS),sum(FGM),sum(FGA),sum(FG3M),sum(FG3A),sum(FTM),sum(FTA),sum(OREB),sum(DREB),sum(REB),sum(AST),sum(STL),sum(BLK),sum(TO),sum(PF),sum(PTS),sum(PLUS_MINUS),sum(ifminute),avg(seconds),sum(seconds)
1610612746,201156,Nick Young,3.1818181818181817,7.878787878787879,1.4242424242424243,3.5757575757575757,1.4545454545454546,1.7272727272727273,0.36363636363636365,1.0909090909090908,1.4545454545454546,0.3939393939393939,0.5151515151515151,0.30303030303030304,0.9393939393939394,2.1515151515151514,9.242424242424242,1.8181818181818181,105.0,260.0,47.0,118.0,48.0,57.0,12.0,36.0,48.0,13.0,17.0,10.0,31.0,71.0,305.0,60.0,33,1306.6666666666667,43120.0
1610612743,201585,Kosta Koufos,2.7701149425287355,4.758620689655173,0.0,0.022988505747126436,0.7241379310344828,1.2413793103448276,2.1839080459770117,3.839080459770115,6.022988505747127,0.39080459770114945,0.5172413793103449,1.1494252873563218,0.7701149425287356,2.5632183908045976,6.264367816091954,2.65,241.0,414.0,0.0,2.0,63.0,108.0,190.0,334.0,524.0,34.0,45.0,100.0,67.0,223.0,545.0,212.0,87,1037.4942528735633,90262.0
1610612741,201565,Derrick Rose,7.861111111111111,18.333333333333332,1.3611111111111112,4.416666666666667,4.916666666666667,6.111111111111111,0.6944444444444444,2.7777777777777777,3.4722222222222223,7.75,0.9722222222222222,0.7777777777777778,2.9444444444444446,1.1388888888888888,22.0,7.583333333333333,283.0,660.0,49.0,159.0,177.0,220.0,25.0,100.0,125.0,279.0,35.0,28.0,106.0,41.0,792.0,273.0,36,2105.1111111111113,75784.0
1610612751,202862,Dennis Horner,0.0,0.14285714285714285,0.0,0.0,0.14285714285714285,0.2857142857142857,0.14285714285714285,0.2857142857142857,0.42857142857142855,0.0,0.0,0.0,0.14285714285714285,0.14285714285714285,0.14285714285714285,-2.0,0.0,1.0,0.0,0.0,1.0,2.0,1.0,2.0,3.0,0.0,0.0,0.0,1.0,1.0,1.0,-14.0,7,122.28571428571429,856.0
1610612751,202536,Jerry Smith,0.6,2.8,0.2,1.2,0.0,0.0,0.4,1.0,1.4,0.8,1.0,0.0,0.0,1.0,1.4,-2.4,3.0,14.0,1.0,6.0,0.0,0.0,2.0,5.0,7.0,4.0,5.0,0.0,0.0,5.0,7.0,-12.0,5,551.4,2757.0
