TEAM_ID,PLAYER_ID,PLAYER_NAME,avg(FGM),avg(FGA),avg(FG3M),avg(FG3A),avg(FTM),avg(FTA),avg(OREB),avg(DREB),avg(REB),avg(AST),avg(STL),avg(BLK),avg(TO),avg(PF),avg(PTS),avg(PLUS_MINUS),sum(FGM),sum(FGA),sum(FG3M),sum(FG3A),sum(FTM),sum(FTA),sum(OREB),sum(DREB),sum(REB),sum(AST),sum(STL),sum(BLK),sum(TO),sum(PF),sum(PTS),sum(PLUS_MINUS),sum(ifminute),avg(seconds),sum(seconds)
1610612764,101189,James Singleton,3.4166666666666665,6.25,0.16666666666666666,0.75,1.1666666666666667,1.25,2.0833333333333335,4.666666666666667,6.75,1.25,0.75,0.6666666666666666,0.8333333333333334,2.25,8.166666666666666,3.1666666666666665,41.0,75.0,2.0,9.0,14.0,15.0,25.0,56.0,81.0,15.0,9.0,8.0,10.0,27.0,98.0,38.0,12,1311.5833333333333,15739.0
1610612757,948,Marcus Camby,1.7297297297297298,4.027027027027027,0.0,0.0,0.3783783783783784,0.8648648648648649,2.5945945945945947,6.054054054054054,8.64864864864865,1.6756756756756757,0.8648648648648649,1.3243243243243243,1.1081081081081081,2.1621621621621623,3.8378378378378377,-0.40540540540540543,64.0,149.0,0.0,0.0,14.0,32.0,96.0,224.0,320.0,62.0,32.0,49.0,41.0,80.0,142.0,-15.0,37,1321.6216216216217,48900.0
1610612748,202148,Mickell Gladness,0.2727272727272727,0.8181818181818182,0.0,0.0,0.09090909090909091,0.18181818181818182,0.18181818181818182,1.6363636363636365,1.8181818181818181,0.18181818181818182,0.09090909090909091,0.2727272727272727,0.5454545454545454,1.0,0.6363636363636364,-1.4285714285714286,3.0,9.0,0.0,0.0,1.0,2.0,2.0,18.0,20.0,2.0,1.0,3.0,6.0,11.0,7.0,-10.0,11,141.54545454545453,1557.0
1610612764,2731,Emeka Okafor,3.25,7.15625,0.0,0.0,1.125,1.96875,2.09375,4.65625,6.75,0.9375,0.5,1.34375,1.125,1.625,7.625,-3.9642857142857144,104.0,229.0,0.0,0.0,36.0,63.0,67.0,149.0,216.0,30.0,16.0,43.0,36.0,52.0,244.0,-111.0,32,1227.96875,39295.0
1610612759,2694,Josh Powell,2.2,4.0,0.2,0.2,1.0,1.2,0.6,2.6,3.2,0.6,0.2,0.4,0.6,1.0,5.6,"",11.0,20.0,1.0,1.0,5.0,6.0,3.0,13.0,16.0,3.0,1.0,2.0,3.0,5.0,28.0,"",5,13.0,65.0
1610612751,202417,Stephen Dennis,0.3333333333333333,1.3333333333333333,0.0,0.0,0.0,0.6666666666666666,0.0,0.0,0.0,0.3333333333333333,0.3333333333333333,0.0,0.3333333333333333,0.0,0.6666666666666666,"",1.0,4.0,0.0,0.0,0.0,2.0,0.0,0.0,0.0,1.0,1.0,0.0,1.0,0.0,2.0,"",3,7.0,21.0
