TEAM_ID,PLAYER_ID,PLAYER_NAME,avg(FGM),avg(FGA),avg(FG3M),avg(FG3A),avg(FTM),avg(FTA),avg(OREB),avg(DREB),avg(REB),avg(AST),avg(STL),avg(BLK),avg(TO),avg(PF),avg(PTS),avg(PLUS_MINUS),sum(FGM),sum(FGA),sum(FG3M),sum(FG3A),sum(FTM),sum(FTA),sum(OREB),sum(DREB),sum(REB),sum(AST),sum(STL),sum(BLK),sum(TO),sum(PF),sum(PTS),sum(PLUS_MINUS),sum(ifminute),avg(seconds),sum(seconds)
1610612763,201144,Mike Conley,4.777777777777778,10.98989898989899,1.202020202020202,2.9494949494949494,2.474747474747475,2.9494949494949494,0.4444444444444444,2.1818181818181817,2.6262626262626263,6.474747474747475,2.1717171717171717,0.1919191919191919,2.2323232323232323,2.111111111111111,13.232323232323232,4.712765957446808,473.0,1088.0,119.0,292.0,245.0,292.0,44.0,216.0,260.0,641.0,215.0,19.0,221.0,209.0,1310.0,443.0,99,2023.4242424242425,200319.0
1610612763,202347,Quincy Pondexter,1.891089108910891,4.297029702970297,0.6237623762376238,1.683168316831683,0.7425742574257426,1.0396039603960396,0.8118811881188119,1.297029702970297,2.108910891089109,0.6633663366336634,0.5148514851485149,0.06930693069306931,0.6435643564356436,1.5742574257425743,5.148514851485149,0.010526315789473684,191.0,434.0,63.0,170.0,75.0,105.0,82.0,131.0,213.0,67.0,52.0,7.0,65.0,159.0,520.0,1.0,101,1001.4653465346535,101148.0
1610612758,202715,Tyler Honeycutt,0.5555555555555556,1.6666666666666667,0.05555555555555555,0.2222222222222222,0.05555555555555555,0.16666666666666666,0.2222222222222222,0.8888888888888888,1.1111111111111112,0.4444444444444444,0.2222222222222222,0.2777777777777778,0.2777777777777778,0.2777777777777778,1.2222222222222223,-1.0,10.0,30.0,1.0,4.0,1.0,3.0,4.0,16.0,20.0,8.0,4.0,5.0,5.0,5.0,22.0,-17.0,18,306.3333333333333,5514.0
1610612757,101179,Ronnie Price,1.0869565217391304,3.391304347826087,0.2608695652173913,1.1304347826086956,0.43478260869565216,0.6086956521739131,0.391304347826087,0.9565217391304348,1.3478260869565217,2.260869565217391,0.9130434782608695,0.13043478260869565,1.0,2.0434782608695654,2.869565217391304,-2.619047619047619,25.0,78.0,6.0,26.0,10.0,14.0,9.0,22.0,31.0,52.0,21.0,3.0,23.0,47.0,66.0,-55.0,23,798.304347826087,18361.0
