TEAM_ID,PLAYER_ID,PLAYER_NAME,avg(FGM),avg(FGA),avg(FG3M),avg(FG3A),avg(FTM),avg(FTA),avg(OREB),avg(DREB),avg(REB),avg(AST),avg(STL),avg(BLK),avg(TO),avg(PF),avg(PTS),avg(PLUS_MINUS),sum(FGM),sum(FGA),sum(FG3M),sum(FG3A),sum(FTM),sum(FTA),sum(OREB),sum(DREB),sum(REB),sum(AST),sum(STL),sum(BLK),sum(TO),sum(PF),sum(PTS),sum(PLUS_MINUS),sum(ifminute),avg(seconds),sum(seconds)
1610612754,201985,AJ Price,1.25,3.6666666666666665,0.5416666666666666,1.8333333333333333,0.5833333333333334,0.7291666666666666,0.2916666666666667,1.0208333333333333,1.3125,1.8125,0.4166666666666667,0.041666666666666664,0.6666666666666666,0.625,3.625,0.5625,60.0,176.0,26.0,88.0,28.0,35.0,14.0,49.0,63.0,87.0,20.0,2.0,32.0,30.0,174.0,27.0,48,718.2291666666666,34475.0
1610612744,101135,David Lee,8.164835164835164,15.780219780219781,0.0,0.0989010989010989,3.6153846153846154,4.549450549450549,2.923076923076923,7.131868131868132,10.054945054945055,3.131868131868132,0.945054945054945,0.3076923076923077,2.5384615384615383,3.21978021978022,19.945054945054945,0.11904761904761904,743.0,1436.0,0.0,9.0,329.0,414.0,266.0,649.0,915.0,285.0,86.0,28.0,231.0,293.0,1815.0,10.0,91,2078.032967032967,189101.0
1610612750,201229,Anthony Tolliver,1.4166666666666667,3.5416666666666665,0.5,1.9791666666666667,0.75,1.0,0.9791666666666666,1.9583333333333333,2.9375,0.4375,0.375,0.375,0.6666666666666666,1.6458333333333333,4.083333333333333,-0.9791666666666666,68.0,170.0,24.0,95.0,36.0,48.0,47.0,94.0,141.0,21.0,18.0,18.0,32.0,79.0,196.0,-47.0,48,1018.0208333333334,48865.0
1610612747,203196,Ronnie Aguilar,0.25,1.0,0.0,0.0,0.25,0.5,0.0,0.5,0.5,0.25,0.0,0.5,0.0,1.25,0.75,"",1.0,4.0,0.0,0.0,1.0,2.0,0.0,2.0,2.0,1.0,0.0,2.0,0.0,5.0,3.0,"",4,8.0,32.0
