TEAM_ID,PLAYER_ID,PLAYER_NAME,avg(FGM),avg(FGA),avg(FG3M),avg(FG3A),avg(FTM),avg(FTA),avg(OREB),avg(DREB),avg(REB),avg(AST),avg(STL),avg(BLK),avg(TO),avg(PF),avg(PTS),avg(PLUS_MINUS),sum(FGM),sum(FGA),sum(FG3M),sum(FG3A),sum(FTM),sum(FTA),sum(OREB),sum(DREB),sum(REB),sum(AST),sum(STL),sum(BLK),sum(TO),sum(PF),sum(PTS),sum(PLUS_MINUS),sum(ifminute),avg(seconds),sum(seconds)
1610612738,708,Kevin Garnett,6.636363636363637,13.090909090909092,0.03636363636363636,0.15454545454545454,2.727272727272727,3.2454545454545456,1.1090909090909091,7.136363636363637,8.245454545454546,2.418181818181818,0.9727272727272728,1.009090909090909,1.8272727272727274,2.3454545454545452,16.036363636363635,4.377358490566038,730.0,1440.0,4.0,17.0,300.0,357.0,122.0,785.0,907.0,266.0,107.0,111.0,201.0,258.0,1764.0,464.0,110,1829.2545454545455,201218.0
1610612746,202717,Trey Thompkins,1.0454545454545454,2.590909090909091,0.13636363636363635,0.5,0.22727272727272727,0.3181818181818182,0.18181818181818182,0.9090909090909091,1.0909090909090908,0.13636363636363635,0.13636363636363635,0.13636363636363635,0.22727272727272727,0.45454545454545453,2.4545454545454546,-2.3636363636363638,23.0,57.0,3.0,11.0,5.0,7.0,4.0,20.0,24.0,3.0,3.0,3.0,5.0,10.0,54.0,-52.0,22,289.40909090909093,6367.0
1610612751,202178,Sundiata Gaines,1.6981132075471699,4.566037735849057,0.5094339622641509,1.4339622641509433,0.9622641509433962,1.5660377358490567,0.4528301886792453,1.3018867924528301,1.7547169811320755,2.0754716981132075,0.9245283018867925,0.03773584905660377,0.8867924528301887,0.9245283018867925,4.867924528301887,-2.2830188679245285,90.0,242.0,27.0,76.0,51.0,83.0,24.0,69.0,93.0,110.0,49.0,2.0,47.0,49.0,258.0,-121.0,53,795.3207547169811,42152.0
1610612744,201939,Stephen Curry,6.241379310344827,13.672413793103448,2.5689655172413794,5.568965517241379,2.293103448275862,2.603448275862069,0.5862068965517241,3.1551724137931036,3.7413793103448274,5.810344827586207,1.4655172413793103,0.22413793103448276,2.689655172413793,2.4482758620689653,17.344827586206897,3.6666666666666665,362.0,793.0,149.0,323.0,133.0,151.0,34.0,183.0,217.0,337.0,85.0,13.0,156.0,142.0,1006.0,198.0,58,1870.2758620689656,108476.0
1610612745,201814,Gary Forbes,2.6,7.6,1.2,3.6,0.6,0.8,1.0,1.2,2.2,0.6,0.4,0.0,0.6,1.2,7.0,"",13.0,38.0,6.0,18.0,3.0,4.0,5.0,6.0,11.0,3.0,2.0,0.0,3.0,6.0,35.0,"",5,14.0,70.0
