TEAM_ID,PLAYER_ID,PLAYER_NAME,avg(FGM),avg(FGA),avg(FG3M),avg(FG3A),avg(FTM),avg(FTA),avg(OREB),avg(DREB),avg(REB),avg(AST),avg(STL),avg(BLK),avg(TO),avg(PF),avg(PTS),avg(PLUS_MINUS),sum(FGM),sum(FGA),sum(FG3M),sum(FG3A),sum(FTM),sum(FTA),sum(OREB),sum(DREB),sum(REB),sum(AST),sum(STL),sum(BLK),sum(TO),sum(PF),sum(PTS),sum(PLUS_MINUS),sum(ifminute),avg(seconds),sum(seconds)
1610612750,202332,Cole Aldrich,0.7681159420289855,1.5507246376811594,0.0,0.0,0.2898550724637681,0.43478260869565216,0.8840579710144928,2.1159420289855073,3.0,0.43478260869565216,0.43478260869565216,0.4782608695652174,0.37681159420289856,1.434782608695652,1.826086956521739,-0.6521739130434783,53.0,107.0,0.0,0.0,20.0,30.0,61.0,146.0,207.0,30.0,30.0,33.0,26.0,99.0,126.0,-45.0,69,578.8115942028985,39938.0
1610612747,201147,Corey Brewer,2.2083333333333335,5.041666666666667,0.20833333333333334,1.0,0.75,1.0,0.4583333333333333,1.7083333333333333,2.1666666666666665,1.5,1.0,0.3333333333333333,0.7916666666666666,1.2083333333333333,5.375,-2.5416666666666665,53.0,121.0,5.0,24.0,18.0,24.0,11.0,41.0,52.0,36.0,24.0,8.0,19.0,29.0,129.0,-61.0,24,895.0416666666666,21481.0
1610612765,1627771,Michael Gbinije,0.5454545454545454,1.8181818181818181,0.2727272727272727,0.8181818181818182,0.36363636363636365,0.36363636363636365,0.18181818181818182,0.5454545454545454,0.7272727272727273,0.36363636363636365,0.18181818181818182,0.18181818181818182,0.18181818181818182,0.36363636363636365,1.7272727272727273,0.8181818181818182,6.0,20.0,3.0,9.0,4.0,4.0,2.0,6.0,8.0,4.0,2.0,2.0,2.0,4.0,19.0,9.0,11,374.3636363636364,4118.0
1610612754,202933,Julyan Stone,0.0,0.8,0.0,0.8,0.2,0.4,0.0,2.0,2.0,1.6,0.8,0.4,0.2,1.4,0.2,0.2,0.0,4.0,0.0,4.0,1.0,2.0,0.0,10.0,10.0,8.0,4.0,2.0,1.0,7.0,1.0,1.0,5,565.4,2827.0
1610612751,1627865,Egidijus Mockevicius,0.0,1.0,0.0,1.0,0.0,2.0,1.0,0.0,1.0,0.0,1.0,1.0,1.0,0.0,0.0,-4.0,0.0,1.0,0.0,1.0,0.0,2.0,1.0,0.0,1.0,0.0,1.0,1.0,1.0,0.0,0.0,-4.0,1,566.0,566.0
