TEAM_ID,PLAYER_ID,PLAYER_NAME,avg(FGM),avg(FGA),avg(FG3M),avg(FG3A),avg(FTM),avg(FTA),avg(OREB),avg(DREB),avg(REB),avg(AST),avg(STL),avg(BLK),avg(TO),avg(PF),avg(PTS),avg(PLUS_MINUS),sum(FGM),sum(FGA),sum(FG3M),sum(FG3A),sum(FTM),sum(FTA),sum(OREB),sum(DREB),sum(REB),sum(AST),sum(STL),sum(BLK),sum(TO),sum(PF),sum(PTS),sum(PLUS_MINUS),sum(ifminute),avg(seconds),sum(seconds)
1610612745,201976,Patrick Beverley,3.6056338028169015,8.338028169014084,1.6619718309859155,4.23943661971831,0.8873239436619719,1.2253521126760563,1.4647887323943662,3.3098591549295775,4.774647887323944,4.028169014084507,1.3661971830985915,0.4084507042253521,1.267605633802817,3.3943661971830985,9.76056338028169,3.9859154929577465,256.0,592.0,118.0,301.0,63.0,87.0,104.0,235.0,339.0,286.0,97.0,29.0,90.0,241.0,693.0,283.0,71,1831.0281690140846,130003.0
1610612756,200782,P.J. Tucker,2.7901234567901234,7.074074074074074,0.8641975308641975,2.6296296296296298,1.3950617283950617,1.8518518518518519,1.9876543209876543,4.197530864197531,6.185185185185185,2.0123456790123457,1.3703703703703705,0.2962962962962963,1.2469135802469136,2.493827160493827,7.839506172839506,-5.493827160493828,226.0,573.0,70.0,213.0,113.0,150.0,161.0,340.0,501.0,163.0,111.0,24.0,101.0,202.0,635.0,-445.0,81,1839.9753086419753,149038.0
1610612761,1626181,Norman Powell,2.157303370786517,4.910112359550562,0.7640449438202247,1.9325842696629214,1.0,1.2696629213483146,0.20224719101123595,1.9325842696629214,2.134831460674157,0.9213483146067416,0.6629213483146067,0.23595505617977527,0.6292134831460674,1.3595505617977528,6.078651685393258,1.3258426966292134,192.0,437.0,68.0,172.0,89.0,113.0,18.0,172.0,190.0,82.0,59.0,21.0,56.0,121.0,541.0,118.0,89,950.943820224719,84634.0
