TEAM_ID,PLAYER_ID,PLAYER_NAME,avg(FGM),avg(FGA),avg(FG3M),avg(FG3A),avg(FTM),avg(FTA),avg(OREB),avg(DREB),avg(REB),avg(AST),avg(STL),avg(BLK),avg(TO),avg(PF),avg(PTS),avg(PLUS_MINUS),sum(FGM),sum(FGA),sum(FG3M),sum(FG3A),sum(FTM),sum(FTA),sum(OREB),sum(DREB),sum(REB),sum(AST),sum(STL),sum(BLK),sum(TO),sum(PF),sum(PTS),sum(PLUS_MINUS),sum(ifminute),avg(seconds),sum(seconds)
1610612744,201580,JaVale McGee,2.4166666666666665,3.861111111111111,0.0,0.05555555555555555,0.75,1.6111111111111112,0.9166666666666666,1.6944444444444444,2.611111111111111,0.3055555555555556,0.19444444444444445,0.6944444444444444,0.7222222222222222,1.3333333333333333,5.583333333333333,1.0833333333333333,87.0,139.0,0.0,2.0,27.0,58.0,33.0,61.0,94.0,11.0,7.0,25.0,26.0,48.0,201.0,39.0,36,518.5,18666.0
1610612753,202687,Bismack Biyombo,2.3333333333333335,4.743589743589744,0.0,0.02564102564102564,1.7435897435897436,3.7435897435897436,2.3846153846153846,6.128205128205129,8.512820512820513,1.1025641025641026,0.3333333333333333,1.5897435897435896,1.3333333333333333,2.4358974358974357,6.410256410256411,-2.076923076923077,91.0,185.0,0.0,1.0,68.0,146.0,93.0,239.0,332.0,43.0,13.0,62.0,52.0,95.0,250.0,-81.0,39,1574.5641025641025,61408.0
1610612758,202341,James Anderson,1.5555555555555556,3.75,0.4444444444444444,1.7777777777777777,0.3611111111111111,0.5277777777777778,0.25,1.7222222222222223,1.9722222222222223,0.9722222222222222,0.4444444444444444,0.3611111111111111,0.8611111111111112,1.2222222222222223,3.9166666666666665,-2.0833333333333335,56.0,135.0,16.0,64.0,13.0,19.0,9.0,62.0,71.0,35.0,16.0,13.0,31.0,44.0,141.0,-75.0,36,961.6944444444445,34621.0
