TEAM_ID,PLAYER_ID,PLAYER_NAME,avg(FGM),avg(FGA),avg(FG3M),avg(FG3A),avg(FTM),avg(FTA),avg(OREB),avg(DREB),avg(REB),avg(AST),avg(STL),avg(BLK),avg(TO),avg(PF),avg(PTS),avg(PLUS_MINUS),sum(FGM),sum(FGA),sum(FG3M),sum(FG3A),sum(FTM),sum(FTA),sum(OREB),sum(DREB),sum(REB),sum(AST),sum(STL),sum(BLK),sum(TO),sum(PF),sum(PTS),sum(PLUS_MINUS),sum(ifminute),avg(seconds),sum(seconds)
1610612766,101107,Marvin Williams,4.112359550561798,9.49438202247191,1.8202247191011236,4.651685393258427,1.449438202247191,1.7865168539325842,1.2696629213483146,4.573033707865169,5.842696629213483,1.303370786516854,0.7415730337078652,0.6292134831460674,0.7303370786516854,1.595505617977528,11.49438202247191,1.6629213483146068,366.0,845.0,162.0,414.0,129.0,159.0,113.0,407.0,520.0,116.0,66.0,56.0,65.0,142.0,1023.0,148.0,89,1677.5280898876404,149300.0
1610612744,2571,Leandro Barbosa,2.4242424242424243,4.7727272727272725,0.48484848484848486,1.4090909090909092,0.9090909090909091,1.0909090909090908,0.45454545454545453,1.196969696969697,1.6515151515151516,0.9242424242424242,0.5,0.09090909090909091,0.6212121212121212,1.378787878787879,6.242424242424242,0.9242424242424242,160.0,315.0,32.0,93.0,60.0,72.0,30.0,79.0,109.0,61.0,33.0,6.0,41.0,91.0,412.0,61.0,66,889.0454545454545,58677.0
1610612750,204014,Damjan Rudez,0.6666666666666666,1.8888888888888888,0.3888888888888889,1.5555555555555556,0.2222222222222222,0.2222222222222222,0.2222222222222222,0.5,0.7222222222222222,0.2777777777777778,0.16666666666666666,0.05555555555555555,0.3333333333333333,1.0,1.9444444444444444,-0.7222222222222222,12.0,34.0,7.0,28.0,4.0,4.0,4.0,9.0,13.0,5.0,3.0,1.0,6.0,18.0,35.0,-13.0,18,489.72222222222223,8815.0
1610612757,204025,Tim Frazier,0.42857142857142855,1.1428571428571428,0.07142857142857142,0.2857142857142857,0.14285714285714285,0.42857142857142855,0.35714285714285715,0.42857142857142855,0.7857142857142857,0.8571428571428571,0.14285714285714285,0.0,0.2857142857142857,0.5714285714285714,1.0714285714285714,-1.0714285714285714,6.0,16.0,1.0,4.0,2.0,6.0,5.0,6.0,11.0,12.0,2.0,0.0,4.0,8.0,15.0,-15.0,14,315.85714285714283,4422.0
