TEAM_ID,PLAYER_ID,PLAYER_NAME,avg(FGM),avg(FGA),avg(FG3M),avg(FG3A),avg(FTM),avg(FTA),avg(OREB),avg(DREB),avg(REB),avg(AST),avg(STL),avg(BLK),avg(TO),avg(PF),avg(PTS),avg(PLUS_MINUS),sum(FGM),sum(FGA),sum(FG3M),sum(FG3A),sum(FTM),sum(FTA),sum(OREB),sum(DREB),sum(REB),sum(AST),sum(STL),sum(BLK),sum(TO),sum(PF),sum(PTS),sum(PLUS_MINUS),sum(ifminute),avg(seconds),sum(seconds)
1610612762,203957,Dante Exum,2.3076923076923075,5.4743589743589745,0.6538461538461539,2.2435897435897436,1.0,1.2564102564102564,0.41025641025641024,1.435897435897436,1.8461538461538463,1.7564102564102564,0.3717948717948718,0.15384615384615385,1.1538461538461537,2.1794871794871793,6.269230769230769,-0.20512820512820512,180.0,427.0,51.0,175.0,78.0,98.0,32.0,112.0,144.0,137.0,29.0,12.0,90.0,170.0,489.0,-16.0,78,1097.8333333333333,85631.0
1610612755,200771,Sergio Rodriguez,3.0,7.773333333333333,1.3333333333333333,3.7866666666666666,0.32,0.48,0.29333333333333333,2.0,2.2933333333333334,5.1066666666666665,0.7333333333333333,0.05333333333333334,2.0,1.4666666666666666,7.653333333333333,-2.1066666666666665,225.0,583.0,100.0,284.0,24.0,36.0,22.0,150.0,172.0,383.0,55.0,4.0,150.0,110.0,574.0,-158.0,75,1338.0266666666666,100352.0
