TEAM_ID,PLAYER_ID,PLAYER_NAME,avg(FGM),avg(FGA),avg(FG3M),avg(FG3A),avg(FTM),avg(FTA),avg(OREB),avg(DREB),avg(REB),avg(AST),avg(STL),avg(BLK),avg(TO),avg(PF),avg(PTS),avg(PLUS_MINUS),sum(FGM),sum(FGA),sum(FG3M),sum(FG3A),sum(FTM),sum(FTA),sum(OREB),sum(DREB),sum(REB),sum(AST),sum(STL),sum(BLK),sum(TO),sum(PF),sum(PTS),sum(PLUS_MINUS),sum(ifminute),avg(seconds),sum(seconds)
1610612737,1627761,DeAndre' Bembry,1.3555555555555556,2.911111111111111,0.06666666666666667,0.6444444444444445,0.26666666666666666,0.6,0.35555555555555557,1.1777777777777778,1.5333333333333334,0.8,0.28888888888888886,0.1111111111111111,0.5333333333333333,0.5555555555555556,3.0444444444444443,-0.8222222222222222,61.0,131.0,3.0,29.0,12.0,27.0,16.0,53.0,69.0,36.0,13.0,5.0,24.0,25.0,137.0,-37.0,45,645.2444444444444,29036.0
1610612751,203930,Sean Kilpatrick,4.2105263157894735,10.223684210526315,1.4473684210526316,4.2631578947368425,2.8815789473684212,3.4342105263157894,0.3157894736842105,3.5789473684210527,3.8947368421052633,2.1184210526315788,0.6052631578947368,0.07894736842105263,1.8421052631578947,1.6710526315789473,12.75,-3.460526315789474,320.0,777.0,110.0,324.0,219.0,261.0,24.0,272.0,296.0,161.0,46.0,6.0,140.0,127.0,969.0,-263.0,76,1468.7368421052631,111624.0
1610612753,202620,Arinze Onuaku,0.75,1.25,0.0,0.0,0.16666666666666666,0.3333333333333333,0.4166666666666667,0.8333333333333334,1.25,0.16666666666666666,0.08333333333333333,0.16666666666666666,0.3333333333333333,0.5,1.6666666666666667,-2.4166666666666665,9.0,15.0,0.0,0.0,2.0,4.0,5.0,10.0,15.0,2.0,1.0,2.0,4.0,6.0,20.0,-29.0,12,308.75,3705.0
