TEAM_ID,PLAYER_ID,PLAYER_NAME,avg(FGM),avg(FGA),avg(FG3M),avg(FG3A),avg(FTM),avg(FTA),avg(OREB),avg(DREB),avg(REB),avg(AST),avg(STL),avg(BLK),avg(TO),avg(PF),avg(PTS),avg(PLUS_MINUS),sum(FGM),sum(FGA),sum(FG3M),sum(FG3A),sum(FTM),sum(FTA),sum(OREB),sum(DREB),sum(REB),sum(AST),sum(STL),sum(BLK),sum(TO),sum(PF),sum(PTS),sum(PLUS_MINUS),sum(ifminute),avg(seconds),sum(seconds)
1610612744,203949,James Michael McAdoo,1.0845070422535212,2.1267605633802815,0.07042253521126761,0.19718309859154928,0.4647887323943662,0.8028169014084507,0.647887323943662,1.028169014084507,1.676056338028169,0.29577464788732394,0.323943661971831,0.49295774647887325,0.323943661971831,0.8591549295774648,2.704225352112676,-0.6056338028169014,77.0,151.0,5.0,14.0,33.0,57.0,46.0,73.0,119.0,21.0,23.0,35.0,23.0,61.0,192.0,-43.0,71,488.83098591549293,34707.0
1610612737,203145,Kent Bazemore,4.011904761904762,9.761904761904763,1.2380952380952381,3.6547619047619047,1.5595238095238095,2.1904761904761907,0.5952380952380952,2.642857142857143,3.238095238095238,2.4642857142857144,1.1904761904761905,0.6904761904761905,1.7976190476190477,2.25,10.821428571428571,-0.23809523809523808,337.0,820.0,104.0,307.0,131.0,184.0,50.0,222.0,272.0,207.0,100.0,58.0,151.0,189.0,909.0,-20.0,84,1588.8690476190477,133465.0
1610612763,1627782,Wayne Selden,1.9545454545454546,5.363636363636363,0.6363636363636364,2.590909090909091,0.8181818181818182,1.2727272727272727,0.2727272727272727,1.4090909090909092,1.6818181818181819,1.3181818181818181,0.4090909090909091,0.18181818181818182,0.8181818181818182,1.1363636363636365,5.363636363636363,-0.7272727272727273,43.0,118.0,14.0,57.0,18.0,28.0,6.0,31.0,37.0,29.0,9.0,4.0,18.0,25.0,118.0,-16.0,22,1058.8181818181818,23294.0
1610612753,203910,Nick Johnson,1.25,4.0,0.25,1.75,1.5,2.25,0.25,2.75,3.0,2.0,0.0,0.0,1.5,0.25,4.25,-1.25,5.0,16.0,1.0,7.0,6.0,9.0,1.0,11.0,12.0,8.0,0.0,0.0,6.0,1.0,17.0,-5.0,4,611.5,2446.0
