TEAM_ID,PLAYER_ID,PLAYER_NAME,avg(FGM),avg(FGA),avg(FG3M),avg(FG3A),avg(FTM),avg(FTA),avg(OREB),avg(DREB),avg(REB),avg(AST),avg(STL),avg(BLK),avg(TO),avg(PF),avg(PTS),avg(PLUS_MINUS),sum(FGM),sum(FGA),sum(FG3M),sum(FG3A),sum(FTM),sum(FTA),sum(OREB),sum(DREB),sum(REB),sum(AST),sum(STL),sum(BLK),sum(TO),sum(PF),sum(PTS),sum(PLUS_MINUS),sum(ifminute),avg(seconds),sum(seconds)
1610612763,1713,Vince Carter,2.6506024096385543,6.662650602409639,1.4819277108433735,3.963855421686747,1.2048192771084338,1.5421686746987953,0.4939759036144578,2.6144578313253013,3.108433734939759,1.7349397590361446,0.7831325301204819,0.4457831325301205,0.7349397590361446,2.253012048192771,7.9879518072289155,1.2409638554216869,220.0,553.0,123.0,329.0,100.0,128.0,41.0,217.0,258.0,144.0,65.0,37.0,61.0,187.0,663.0,103.0,83,1486.2168674698796,123356.0
