TEAM_ID,PLAYER_ID,PLAYER_NAME,avg(FGM),avg(FGA),avg(FG3M),avg(FG3A),avg(FTM),avg(FTA),avg(OREB),avg(DREB),avg(REB),avg(AST),avg(STL),avg(BLK),avg(TO),avg(PF),avg(PTS),avg(PLUS_MINUS),sum(FGM),sum(FGA),sum(FG3M),sum(FG3A),sum(FTM),sum(FTA),sum(OREB),sum(DREB),sum(REB),sum(AST),sum(STL),sum(BLK),sum(TO),sum(PF),sum(PTS),sum(PLUS_MINUS),sum(ifminute),avg(seconds),sum(seconds)
1610612747,101150,Lou Williams,4.936708860759493,11.620253164556962,1.8101265822784811,5.063291139240507,5.582278481012659,6.493670886075949,0.3924050632911392,2.0126582278481013,2.4050632911392404,2.8354430379746836,1.0506329113924051,0.27848101265822783,1.9240506329113924,1.2151898734177216,17.265822784810126,-1.3417721518987342,390.0,918.0,143.0,400.0,441.0,513.0,31.0,159.0,190.0,224.0,83.0,22.0,152.0,96.0,1364.0,-106.0,79,1588.3037974683543,125476.0
1610612751,202391,Jeremy Lin,5.117647058823529,10.117647058823529,1.5294117647058822,4.0,3.1176470588235294,4.235294117647059,0.11764705882352941,2.764705882352941,2.8823529411764706,5.764705882352941,1.411764705882353,0.4117647058823529,2.9411764705882355,1.2352941176470589,14.882352941176471,-1.8235294117647058,87.0,172.0,26.0,68.0,53.0,72.0,2.0,47.0,49.0,98.0,24.0,7.0,50.0,21.0,253.0,-31.0,17,1470.5882352941176,25000.0
1610612765,201229,Anthony Tolliver,1.7674418604651163,4.372093023255814,1.2790697674418605,3.604651162790698,0.4418604651162791,0.6976744186046512,0.5348837209302325,2.3488372093023258,2.883720930232558,0.627906976744186,0.2558139534883721,0.18604651162790697,0.4418604651162791,1.0465116279069768,5.255813953488372,-0.3953488372093023,76.0,188.0,55.0,155.0,19.0,30.0,23.0,101.0,124.0,27.0,11.0,8.0,19.0,45.0,226.0,-17.0,43,1028.906976744186,44243.0
1610612749,203142,Chris Copeland,0.5,1.3333333333333333,0.5,1.3333333333333333,0.3333333333333333,0.3333333333333333,0.0,0.16666666666666666,0.16666666666666666,0.16666666666666666,0.0,0.0,0.16666666666666666,0.3333333333333333,1.8333333333333333,-1.0,3.0,8.0,3.0,8.0,2.0,2.0,0.0,1.0,1.0,1.0,0.0,0.0,1.0,2.0,11.0,-6.0,6,213.5,1281.0
