TEAM_ID,PLAYER_ID,PLAYER_NAME,avg(FGM),avg(FGA),avg(FG3M),avg(FG3A),avg(FTM),avg(FTA),avg(OREB),avg(DREB),avg(REB),avg(AST),avg(STL),avg(BLK),avg(TO),avg(PF),avg(PTS),avg(PLUS_MINUS),sum(FGM),sum(FGA),sum(FG3M),sum(FG3A),sum(FTM),sum(FTA),sum(OREB),sum(DREB),sum(REB),sum(AST),sum(STL),sum(BLK),sum(TO),sum(PF),sum(PTS),sum(PLUS_MINUS),sum(ifminute),avg(seconds),sum(seconds)
1610612740,1627880,Quincy Ford,"","","","","","","","","","","","","","","","","","","","","","","","","","","","","","","","",0,"",""
1610612751,201978,Chase Budinger,1.0,2.25,0.25,1.0,0.75,1.0,0.5,1.0,1.5,0.75,1.0,0.0,0.75,0.5,3.0,-3.0,4.0,9.0,1.0,4.0,3.0,4.0,2.0,4.0,6.0,3.0,4.0,0.0,3.0,2.0,12.0,-12.0,4,623.25,2493.0
1610612747,203527,Ryan Kelly,1.4230769230769231,4.269230769230769,0.07692307692307693,0.8846153846153846,1.0384615384615385,1.5384615384615385,0.6538461538461539,2.6538461538461537,3.3076923076923075,0.5,0.34615384615384615,0.15384615384615385,0.4230769230769231,1.3076923076923077,3.9615384615384617,0.0,37.0,111.0,2.0,23.0,27.0,40.0,17.0,69.0,86.0,13.0,9.0,4.0,11.0,34.0,103.0,0.0,26,806.2307692307693,20962.0
1610612749,203099,Jared Cunningham,1.0,3.5,0.5,1.75,1.5,1.75,0.0,2.25,2.25,0.25,0.5,0.0,0.75,1.0,4.0,-7.25,4.0,14.0,2.0,7.0,6.0,7.0,0.0,9.0,9.0,1.0,2.0,0.0,3.0,4.0,16.0,-29.0,4,824.75,3299.0
