TEAM_ID,PLAYER_ID,PLAYER_NAME,avg(FGM),avg(FGA),avg(FG3M),avg(FG3A),avg(FTM),avg(FTA),avg(OREB),avg(DREB),avg(REB),avg(AST),avg(STL),avg(BLK),avg(TO),avg(PF),avg(PTS),avg(PLUS_MINUS),sum(FGM),sum(FGA),sum(FG3M),sum(FG3A),sum(FTM),sum(FTA),sum(OREB),sum(DREB),sum(REB),sum(AST),sum(STL),sum(BLK),sum(TO),sum(PF),sum(PTS),sum(PLUS_MINUS),sum(ifminute),avg(seconds),sum(seconds)
1610612739,2399,Mike Dunleavy,1.6153846153846154,3.8846153846153846,0.8461538461538461,2.4615384615384617,0.6153846153846154,0.8846153846153846,0.23076923076923078,1.7307692307692308,1.9615384615384615,0.8846153846153846,0.23076923076923078,0.07692307692307693,0.6538461538461539,1.4230769230769231,4.6923076923076925,0.7692307692307693,42.0,101.0,22.0,64.0,16.0,23.0,6.0,45.0,51.0,23.0,6.0,2.0,17.0,37.0,122.0,20.0,26,931.9230769230769,24230.0
1610612748,1626242,Luis Montero,1.5,5.5,1.0,3.5,0.5,1.0,0.5,1.0,1.5,0.5,1.5,0.5,1.0,1.0,4.5,-1.0,3.0,11.0,2.0,7.0,1.0,2.0,1.0,2.0,3.0,1.0,3.0,1.0,2.0,2.0,9.0,-2.0,2,564.0,1128.0
1610612745,1891,Jason Terry,2.24,5.94,1.36,3.92,0.32,0.4,0.24,1.04,1.28,1.56,0.56,0.12,0.64,1.18,6.16,-0.52,112.0,297.0,68.0,196.0,16.0,20.0,12.0,52.0,64.0,78.0,28.0,6.0,32.0,59.0,308.0,-26.0,50,1141.24,57062.0
