TEAM_ID,PLAYER_ID,PLAYER_NAME,avg(FGM),avg(FGA),avg(FG3M),avg(FG3A),avg(FTM),avg(FTA),avg(OREB),avg(DREB),avg(REB),avg(AST),avg(STL),avg(BLK),avg(TO),avg(PF),avg(PTS),avg(PLUS_MINUS),sum(FGM),sum(FGA),sum(FG3M),sum(FG3A),sum(FTM),sum(FTA),sum(OREB),sum(DREB),sum(REB),sum(AST),sum(STL),sum(BLK),sum(TO),sum(PF),sum(PTS),sum(PLUS_MINUS),sum(ifminute),avg(seconds),sum(seconds)
1610612757,203468,CJ McCollum,7.887755102040816,17.520408163265305,2.316326530612245,5.530612244897959,2.7448979591836733,3.2244897959183674,0.7142857142857143,2.479591836734694,3.193877551020408,3.8979591836734695,1.0612244897959184,0.41836734693877553,2.3877551020408165,2.5306122448979593,20.836734693877553,0.41836734693877553,773.0,1717.0,227.0,542.0,269.0,316.0,70.0,243.0,313.0,382.0,104.0,41.0,234.0,248.0,2042.0,41.0,98,2070.765306122449,202935.0
1610612753,203910,Nick Johnson,1.25,4.0,0.25,1.75,1.5,2.25,0.25,2.75,3.0,2.0,0.0,0.0,1.5,0.25,4.25,-1.25,5.0,16.0,1.0,7.0,6.0,9.0,1.0,11.0,12.0,8.0,0.0,0.0,6.0,1.0,17.0,-5.0,4,611.5,2446.0
