TEAM_ID,PLAYER_ID,PLAYER_NAME,avg(FGM),avg(FGA),avg(FG3M),avg(FG3A),avg(FTM),avg(FTA),avg(OREB),avg(DREB),avg(REB),avg(AST),avg(STL),avg(BLK),avg(TO),avg(PF),avg(PTS),avg(PLUS_MINUS),sum(FGM),sum(FGA),sum(FG3M),sum(FG3A),sum(FTM),sum(FTA),sum(OREB),sum(DREB),sum(REB),sum(AST),sum(STL),sum(BLK),sum(TO),sum(PF),sum(PTS),sum(PLUS_MINUS),sum(ifminute),avg(seconds),sum(seconds)
1610612748,201961,Wayne Ellington,4.142857142857143,10.0,2.380952380952381,6.809523809523809,0.5238095238095238,0.6190476190476191,0.23809523809523808,1.7142857142857142,1.9523809523809523,1.5238095238095237,0.7142857142857143,0.09523809523809523,0.47619047619047616,1.4285714285714286,11.19047619047619,1.2380952380952381,87.0,210.0,50.0,143.0,11.0,13.0,5.0,36.0,41.0,32.0,15.0,2.0,10.0,30.0,235.0,26.0,21,1611.7619047619048,33847.0
1610612754,1626202,Joe Young,1.6785714285714286,4.410714285714286,0.26785714285714285,1.2678571428571428,0.4642857142857143,0.5892857142857143,0.14285714285714285,1.0714285714285714,1.2142857142857142,1.4285714285714286,0.32142857142857145,0.0,0.6607142857142857,0.7678571428571429,4.089285714285714,-1.6428571428571428,94.0,247.0,15.0,71.0,26.0,33.0,8.0,60.0,68.0,80.0,18.0,0.0,37.0,43.0,229.0,-92.0,56,560.2142857142857,31372.0
1610612741,202734,E'Twaun Moore,3.891891891891892,7.972972972972973,1.027027027027027,2.2432432432432434,0.40540540540540543,0.5945945945945946,0.40540540540540543,2.27027027027027,2.675675675675676,2.135135135135135,0.7027027027027027,0.40540540540540543,1.054054054054054,2.135135135135135,9.216216216216216,0.24324324324324326,144.0,295.0,38.0,83.0,15.0,22.0,15.0,84.0,99.0,79.0,26.0,15.0,39.0,79.0,341.0,9.0,37,1490.5675675675675,55151.0
