TEAM_ID,PLAYER_ID,PLAYER_NAME,avg(FGM),avg(FGA),avg(FG3M),avg(FG3A),avg(FTM),avg(FTA),avg(OREB),avg(DREB),avg(REB),avg(AST),avg(STL),avg(BLK),avg(TO),avg(PF),avg(PTS),avg(PLUS_MINUS),sum(FGM),sum(FGA),sum(FG3M),sum(FG3A),sum(FTM),sum(FTA),sum(OREB),sum(DREB),sum(REB),sum(AST),sum(STL),sum(BLK),sum(TO),sum(PF),sum(PTS),sum(PLUS_MINUS),sum(ifminute),avg(seconds),sum(seconds)
1610612738,203109,Jae Crowder,4.670886075949367,10.632911392405063,1.8227848101265822,5.177215189873418,2.1772151898734178,2.670886075949367,0.7215189873417721,4.291139240506329,5.012658227848101,2.1139240506329116,1.4556962025316456,0.379746835443038,0.9746835443037974,2.6582278481012658,13.341772151898734,2.8860759493670884,369.0,840.0,144.0,409.0,172.0,211.0,57.0,339.0,396.0,167.0,115.0,30.0,77.0,210.0,1054.0,228.0,79,1829.3037974683543,144515.0
1610612741,201149,Joakim Noah,1.25,5.0,0.0,0.0,0.25,0.5,3.5,5.0,8.5,3.5,0.75,0.25,2.25,2.75,2.75,-1.75,5.0,20.0,0.0,0.0,1.0,2.0,14.0,20.0,34.0,14.0,3.0,1.0,9.0,11.0,11.0,-7.0,4,1168.5,4674.0
