TEAM_ID,PLAYER_ID,PLAYER_NAME,avg(FGM),avg(FGA),avg(FG3M),avg(FG3A),avg(FTM),avg(FTA),avg(OREB),avg(DREB),avg(REB),avg(AST),avg(STL),avg(BLK),avg(TO),avg(PF),avg(PTS),avg(PLUS_MINUS),sum(FGM),sum(FGA),sum(FG3M),sum(FG3A),sum(FTM),sum(FTA),sum(OREB),sum(DREB),sum(REB),sum(AST),sum(STL),sum(BLK),sum(TO),sum(PF),sum(PTS),sum(PLUS_MINUS),sum(ifminute),avg(seconds),sum(seconds)
1610612750,202332,Cole Aldrich,1.0833333333333333,2.1666666666666665,0.0,0.0,0.5277777777777778,0.7777777777777778,1.2777777777777777,3.0,4.277777777777778,0.5555555555555556,0.6111111111111112,0.6944444444444444,0.4722222222222222,1.8055555555555556,2.6944444444444446,-1.0833333333333333,39.0,78.0,0.0,0.0,19.0,28.0,46.0,108.0,154.0,20.0,22.0,25.0,17.0,65.0,97.0,-39.0,36,811.6944444444445,29221.0
1610612754,201155,Rodney Stuckey,2.7868852459016393,6.655737704918033,0.4918032786885246,1.4426229508196722,2.1147540983606556,2.737704918032787,0.22950819672131148,2.0327868852459017,2.262295081967213,2.3114754098360657,0.5573770491803278,0.09836065573770492,1.2950819672131149,1.360655737704918,8.180327868852459,-1.3114754098360655,170.0,406.0,30.0,88.0,129.0,167.0,14.0,124.0,138.0,141.0,34.0,6.0,79.0,83.0,499.0,-80.0,61,1159.4426229508197,70726.0
