TEAM_ID,PLAYER_ID,PLAYER_NAME,avg(FGM),avg(FGA),avg(FG3M),avg(FG3A),avg(FTM),avg(FTA),avg(OREB),avg(DREB),avg(REB),avg(AST),avg(STL),avg(BLK),avg(TO),avg(PF),avg(PTS),avg(PLUS_MINUS),sum(FGM),sum(FGA),sum(FG3M),sum(FG3A),sum(FTM),sum(FTA),sum(OREB),sum(DREB),sum(REB),sum(AST),sum(STL),sum(BLK),sum(TO),sum(PF),sum(PTS),sum(PLUS_MINUS),sum(ifminute),avg(seconds),sum(seconds)
1610612739,203895,Jordan McRae,2.0,5.186046511627907,0.5116279069767442,1.441860465116279,1.186046511627907,1.5116279069767442,0.16279069767441862,1.3255813953488371,1.4883720930232558,0.9069767441860465,0.3023255813953488,0.18604651162790697,0.6511627906976745,0.9767441860465116,5.6976744186046515,-2.0232558139534884,86.0,223.0,22.0,62.0,51.0,65.0,7.0,57.0,64.0,39.0,13.0,8.0,28.0,42.0,245.0,-87.0,43,765.6511627906976,32923.0
1610612740,201936,Tyreke Evans,3.5,8.73076923076923,0.8076923076923077,2.6923076923076925,1.7307692307692308,2.230769230769231,0.23076923076923078,3.076923076923077,3.3076923076923075,3.5,0.8846153846153846,0.15384615384615385,1.5,1.5769230769230769,9.538461538461538,-2.8846153846153846,91.0,227.0,21.0,70.0,45.0,58.0,6.0,80.0,86.0,91.0,23.0,4.0,39.0,41.0,248.0,-75.0,26,1092.923076923077,28416.0
