TEAM_ID,PLAYER_ID,PLAYER_NAME,avg(FGM),avg(FGA),avg(FG3M),avg(FG3A),avg(FTM),avg(FTA),avg(OREB),avg(DREB),avg(REB),avg(AST),avg(STL),avg(BLK),avg(TO),avg(PF),avg(PTS),avg(PLUS_MINUS),sum(FGM),sum(FGA),sum(FG3M),sum(FG3A),sum(FTM),sum(FTA),sum(OREB),sum(DREB),sum(REB),sum(AST),sum(STL),sum(BLK),sum(TO),sum(PF),sum(PTS),sum(PLUS_MINUS),sum(ifminute),avg(seconds),sum(seconds)
1610612755,204456,T.J. McConnell,2.441860465116279,5.267441860465116,0.27906976744186046,0.813953488372093,0.5,0.7209302325581395,0.43023255813953487,1.941860465116279,2.372093023255814,4.441860465116279,1.2325581395348837,0.08139534883720931,1.5465116279069768,1.4767441860465116,5.662790697674419,-3.3255813953488373,210.0,453.0,24.0,70.0,43.0,62.0,37.0,167.0,204.0,382.0,106.0,7.0,133.0,127.0,487.0,-286.0,86,1144.3139534883721,98411.0
1610612763,1627738,Deyonta Davis,0.9545454545454546,1.7727272727272727,0.0,0.0,0.3181818181818182,0.5909090909090909,0.7727272727272727,1.3636363636363635,2.1363636363636362,0.09090909090909091,0.045454545454545456,0.6363636363636364,0.45454545454545453,1.4090909090909092,2.227272727272727,-0.9545454545454546,21.0,39.0,0.0,0.0,7.0,13.0,17.0,30.0,47.0,2.0,1.0,14.0,10.0,31.0,49.0,-21.0,22,484.1363636363636,10651.0
1610612743,203133,Robbie Hummel,0.8571428571428571,2.7142857142857144,0.42857142857142855,1.8571428571428572,0.2857142857142857,0.2857142857142857,0.0,1.0,1.0,0.42857142857142855,0.2857142857142857,0.0,0.14285714285714285,0.8571428571428571,2.4285714285714284,-2.0,6.0,19.0,3.0,13.0,2.0,2.0,0.0,7.0,7.0,3.0,2.0,0.0,1.0,6.0,17.0,-14.0,7,607.5714285714286,4253.0
1610612763,201584,Courtney Lee,3.7058823529411766,7.470588235294118,1.3529411764705883,3.0,1.6470588235294117,2.235294117647059,0.29411764705882354,1.3529411764705883,1.6470588235294117,1.5294117647058822,0.9411764705882353,0.4117647058823529,1.0588235294117647,1.6470588235294117,10.411764705882353,4.176470588235294,63.0,127.0,23.0,51.0,28.0,38.0,5.0,23.0,28.0,26.0,16.0,7.0,18.0,28.0,177.0,71.0,17,1792.0,30464.0
