TEAM_ID,PLAYER_ID,PLAYER_NAME,avg(FGM),avg(FGA),avg(FG3M),avg(FG3A),avg(FTM),avg(FTA),avg(OREB),avg(DREB),avg(REB),avg(AST),avg(STL),avg(BLK),avg(TO),avg(PF),avg(PTS),avg(PLUS_MINUS),sum(FGM),sum(FGA),sum(FG3M),sum(FG3A),sum(FTM),sum(FTA),sum(OREB),sum(DREB),sum(REB),sum(AST),sum(STL),sum(BLK),sum(TO),sum(PF),sum(PTS),sum(PLUS_MINUS),sum(ifminute),avg(seconds),sum(seconds)
1610612750,203952,Andrew Wiggins,8.476744186046512,18.872093023255815,1.2093023255813953,3.4186046511627906,5.116279069767442,6.6976744186046515,1.2325581395348837,2.7209302325581395,3.953488372093023,2.2209302325581395,0.9767441860465116,0.3953488372093023,2.186046511627907,2.2325581395348837,23.27906976744186,0.2558139534883721,729.0,1623.0,104.0,294.0,440.0,576.0,106.0,234.0,340.0,191.0,84.0,34.0,188.0,192.0,2002.0,22.0,86,2205.2906976744184,189655.0
1610612750,203498,Shabazz Muhammad,3.7590361445783134,7.855421686746988,0.6506024096385542,1.855421686746988,1.9759036144578312,2.566265060240964,1.1325301204819278,1.7469879518072289,2.8795180722891565,0.43373493975903615,0.30120481927710846,0.07228915662650602,0.7590361445783133,1.1204819277108433,10.144578313253012,-0.8795180722891566,312.0,652.0,54.0,154.0,164.0,213.0,94.0,145.0,239.0,36.0,25.0,6.0,63.0,93.0,842.0,-73.0,83,1169.3373493975903,97055.0
1610612765,202720,Jon Leuer,4.111111111111111,8.62962962962963,0.6419753086419753,2.2222222222222223,1.2839506172839505,1.4938271604938271,1.3333333333333333,3.962962962962963,5.296296296296297,1.5432098765432098,0.43209876543209874,0.345679012345679,0.9629629629629629,1.9135802469135803,10.148148148148149,-1.037037037037037,333.0,699.0,52.0,180.0,104.0,121.0,108.0,321.0,429.0,125.0,35.0,28.0,78.0,155.0,822.0,-84.0,81,1548.8148148148148,125454.0
1610612752,203200,Justin Holiday,2.8068181818181817,6.511363636363637,1.1590909090909092,3.272727272727273,0.875,1.0795454545454546,0.3409090909090909,2.340909090909091,2.6818181818181817,1.2840909090909092,0.7954545454545454,0.3522727272727273,0.7954545454545454,1.2840909090909092,7.6477272727272725,-0.5568181818181818,247.0,573.0,102.0,288.0,77.0,95.0,30.0,206.0,236.0,113.0,70.0,31.0,70.0,113.0,673.0,-49.0,88,1180.7045454545455,103902.0
1610612748,2547,Chris Bosh,"","","","","","","","","","","","","","","","","","","","","","","","","","","","","","","","",0,"",""
