TEAM_ID,PLAYER_ID,PLAYER_NAME,avg(FGM),avg(FGA),avg(FG3M),avg(FG3A),avg(FTM),avg(FTA),avg(OREB),avg(DREB),avg(REB),avg(AST),avg(STL),avg(BLK),avg(TO),avg(PF),avg(PTS),avg(PLUS_MINUS),sum(FGM),sum(FGA),sum(FG3M),sum(FG3A),sum(FTM),sum(FTA),sum(OREB),sum(DREB),sum(REB),sum(AST),sum(STL),sum(BLK),sum(TO),sum(PF),sum(PTS),sum(PLUS_MINUS),sum(ifminute),avg(seconds),sum(seconds)
1610612738,201143,Al Horford,5.724137931034483,11.96551724137931,1.2758620689655173,3.7241379310344827,1.6896551724137931,2.0,1.2413793103448276,5.206896551724138,6.448275862068965,4.275862068965517,0.6551724137931034,1.793103448275862,1.6896551724137931,1.9310344827586208,14.413793103448276,4.724137931034483,166.0,347.0,37.0,108.0,49.0,58.0,36.0,151.0,187.0,124.0,19.0,52.0,49.0,56.0,418.0,137.0,29,1805.5172413793102,52360.0
