TEAM_ID,PLAYER_ID,PLAYER_NAME,avg(FGM),avg(FGA),avg(FG3M),avg(FG3A),avg(FTM),avg(FTA),avg(OREB),avg(DREB),avg(REB),avg(AST),avg(STL),avg(BLK),avg(TO),avg(PF),avg(PTS),avg(PLUS_MINUS),sum(FGM),sum(FGA),sum(FG3M),sum(FG3A),sum(FTM),sum(FTA),sum(OREB),sum(DREB),sum(REB),sum(AST),sum(STL),sum(BLK),sum(TO),sum(PF),sum(PTS),sum(PLUS_MINUS),sum(ifminute),avg(seconds),sum(seconds)
1610612762,2564,Boris Diaw,1.9775280898876404,4.337078651685394,0.30337078651685395,1.0898876404494382,0.449438202247191,0.5955056179775281,0.5617977528089888,1.5842696629213484,2.146067415730337,2.292134831460674,0.3258426966292135,0.14606741573033707,1.2247191011235956,1.1685393258426966,4.707865168539326,0.6067415730337079,176.0,386.0,27.0,97.0,40.0,53.0,50.0,141.0,191.0,204.0,29.0,13.0,109.0,104.0,419.0,54.0,89,1058.9887640449438,94250.0
1610612757,1627817,Tim Quarterman,0.8,1.7,0.4,0.9,0.0,0.15,0.2,0.6,0.8,0.75,0.15,0.15,0.6,0.35,2.0,0.45,16.0,34.0,8.0,18.0,0.0,3.0,4.0,12.0,16.0,15.0,3.0,3.0,12.0,7.0,40.0,9.0,20,298.6,5972.0
1610612766,203469,Cody Zeller,4.080645161290323,7.145161290322581,0.0,0.016129032258064516,2.1451612903225805,3.161290322580645,2.1774193548387095,4.354838709677419,6.532258064516129,1.596774193548387,1.0,0.9354838709677419,1.0483870967741935,3.0483870967741935,10.306451612903226,3.3870967741935485,253.0,443.0,0.0,1.0,133.0,196.0,135.0,270.0,405.0,99.0,62.0,58.0,65.0,189.0,639.0,210.0,62,1669.8064516129032,103528.0
1610612748,1627875,Marcus Georges-Hunt,"","","","","","","","","","","","","","","","","","","","","","","","","","","","","","","","",0,"",""
