TEAM_ID,PLAYER_ID,PLAYER_NAME,avg(FGM),avg(FGA),avg(FG3M),avg(FG3A),avg(FTM),avg(FTA),avg(OREB),avg(DREB),avg(REB),avg(AST),avg(STL),avg(BLK),avg(TO),avg(PF),avg(PTS),avg(PLUS_MINUS),sum(FGM),sum(FGA),sum(FG3M),sum(FG3A),sum(FTM),sum(FTA),sum(OREB),sum(DREB),sum(REB),sum(AST),sum(STL),sum(BLK),sum(TO),sum(PF),sum(PTS),sum(PLUS_MINUS),sum(ifminute),avg(seconds),sum(seconds)
1610612754,202338,Kevin Seraphin,1.6,3.55,0.0,0.0,0.1,0.2,1.25,1.95,3.2,0.45,0.25,0.55,0.55,1.25,3.3,-1.05,32.0,71.0,0.0,0.0,2.0,4.0,25.0,39.0,64.0,9.0,5.0,11.0,11.0,25.0,66.0,-21.0,20,561.45,11229.0
1610612753,201228,C.J. Watson,1.1886792452830188,3.452830188679245,0.37735849056603776,1.2452830188679245,0.9245283018867925,1.0754716981132075,0.22641509433962265,1.2830188679245282,1.509433962264151,2.1320754716981134,0.5094339622641509,0.09433962264150944,0.6792452830188679,1.1886792452830188,3.6792452830188678,-1.6981132075471699,63.0,183.0,20.0,66.0,49.0,57.0,12.0,68.0,80.0,113.0,27.0,5.0,36.0,63.0,195.0,-90.0,53,986.6037735849056,52290.0
1610612753,1626209,Mario Hezonja,2.240506329113924,5.708860759493671,0.759493670886076,2.5443037974683542,0.6455696202531646,0.7848101265822784,0.2911392405063291,1.9620253164556962,2.2531645569620253,1.3670886075949367,0.5189873417721519,0.24050632911392406,1.2658227848101267,1.4556962025316456,5.886075949367089,-1.4936708860759493,177.0,451.0,60.0,201.0,51.0,62.0,23.0,155.0,178.0,108.0,41.0,19.0,100.0,115.0,465.0,-118.0,79,1075.2025316455697,84941.0
1610612753,202620,Arinze Onuaku,0.8888888888888888,1.5555555555555556,0.0,0.0,0.2222222222222222,0.4444444444444444,0.3333333333333333,1.1111111111111112,1.4444444444444444,0.0,0.1111111111111111,0.2222222222222222,0.2222222222222222,0.6666666666666666,2.0,-3.2222222222222223,8.0,14.0,0.0,0.0,2.0,4.0,3.0,10.0,13.0,0.0,1.0,2.0,2.0,6.0,18.0,-29.0,9,355.22222222222223,3197.0
1610612756,1627885,Shaquille Harrison,"","","","","","","","","","","","","","","","","","","","","","","","","","","","","","","","",0,"",""
