TEAM_ID,PLAYER_ID,PLAYER_NAME,avg(FGM),avg(FGA),avg(FG3M),avg(FG3A),avg(FTM),avg(FTA),avg(OREB),avg(DREB),avg(REB),avg(AST),avg(STL),avg(BLK),avg(TO),avg(PF),avg(PTS),avg(PLUS_MINUS),sum(FGM),sum(FGA),sum(FG3M),sum(FG3A),sum(FTM),sum(FTA),sum(OREB),sum(DREB),sum(REB),sum(AST),sum(STL),sum(BLK),sum(TO),sum(PF),sum(PTS),sum(PLUS_MINUS),sum(ifminute),avg(seconds),sum(seconds)
1610612751,203461,Anthony Bennett,1.7407407407407407,4.666666666666667,0.5925925925925926,2.3333333333333335,1.4444444444444444,2.0,1.0740740740740742,2.259259259259259,3.3333333333333335,0.5185185185185185,0.3333333333333333,0.1111111111111111,0.5185185185185185,0.8888888888888888,5.518518518518518,-3.2222222222222223,47.0,126.0,16.0,63.0,39.0,54.0,29.0,61.0,90.0,14.0,9.0,3.0,14.0,24.0,149.0,-87.0,27,774.1111111111111,20901.0
1610612737,201168,Tiago Splitter,2.1538461538461537,4.153846153846154,0.0,0.07692307692307693,1.3076923076923077,1.6153846153846154,1.2307692307692308,2.230769230769231,3.4615384615384617,0.8461538461538461,0.38461538461538464,0.23076923076923078,0.46153846153846156,2.0,5.615384615384615,0.6153846153846154,28.0,54.0,0.0,1.0,17.0,21.0,16.0,29.0,45.0,11.0,5.0,3.0,6.0,26.0,73.0,8.0,13,971.0,12623.0
