TEAM_ID,PLAYER_ID,PLAYER_NAME,avg(FGM),avg(FGA),avg(FG3M),avg(FG3A),avg(FTM),avg(FTA),avg(OREB),avg(DREB),avg(REB),avg(AST),avg(STL),avg(BLK),avg(TO),avg(PF),avg(PTS),avg(PLUS_MINUS),sum(FGM),sum(FGA),sum(FG3M),sum(FG3A),sum(FTM),sum(FTA),sum(OREB),sum(DREB),sum(REB),sum(AST),sum(STL),sum(BLK),sum(TO),sum(PF),sum(PTS),sum(PLUS_MINUS),sum(ifminute),avg(seconds),sum(seconds)
1610612752,2546,Carmelo Anthony,7.756410256410256,17.935897435897434,1.641025641025641,4.730769230769231,4.333333333333333,5.115384615384615,1.0769230769230769,5.756410256410256,6.833333333333333,3.6538461538461537,0.8717948717948718,0.44871794871794873,2.0641025641025643,2.58974358974359,21.487179487179485,-1.3076923076923077,605.0,1399.0,128.0,369.0,338.0,399.0,84.0,449.0,533.0,285.0,68.0,35.0,161.0,202.0,1676.0,-102.0,78,2042.3333333333333,159302.0
1610612763,201148,Brandan Wright,3.2857142857142856,4.714285714285714,0.0,0.0,0.8571428571428571,1.4285714285714286,1.2857142857142858,2.2857142857142856,3.5714285714285716,0.42857142857142855,0.8571428571428571,1.1428571428571428,1.0,1.8571428571428572,7.428571428571429,-2.2857142857142856,23.0,33.0,0.0,0.0,6.0,10.0,9.0,16.0,25.0,3.0,6.0,8.0,7.0,13.0,52.0,-16.0,7,1173.0,8211.0
1610612760,1626166,Cameron Payne,1.98,5.16,0.58,2.04,0.34,0.48,0.18,1.22,1.4,1.88,0.62,0.14,0.88,1.46,4.88,-0.34,99.0,258.0,29.0,102.0,17.0,24.0,9.0,61.0,70.0,94.0,31.0,7.0,44.0,73.0,244.0,-17.0,50,786.56,39328.0
