TEAM_ID,PLAYER_ID,PLAYER_NAME,avg(FGM),avg(FGA),avg(FG3M),avg(FG3A),avg(FTM),avg(FTA),avg(OREB),avg(DREB),avg(REB),avg(AST),avg(STL),avg(BLK),avg(TO),avg(PF),avg(PTS),avg(PLUS_MINUS),sum(FGM),sum(FGA),sum(FG3M),sum(FG3A),sum(FTM),sum(FTA),sum(OREB),sum(DREB),sum(REB),sum(AST),sum(STL),sum(BLK),sum(TO),sum(PF),sum(PTS),sum(PLUS_MINUS),sum(ifminute),avg(seconds),sum(seconds)
1610612738,1626179,Terry Rozier,1.8181818181818181,4.696969696969697,0.5909090909090909,1.6818181818181819,0.5454545454545454,0.7575757575757576,0.5606060606060606,2.1818181818181817,2.742424242424242,1.6363636363636365,0.5,0.15151515151515152,0.5454545454545454,0.8939393939393939,4.7727272727272725,-0.8939393939393939,120.0,310.0,39.0,111.0,36.0,50.0,37.0,144.0,181.0,108.0,33.0,10.0,36.0,59.0,315.0,-59.0,66,904.3333333333334,59686.0
1610612746,1627744,Brice Johnson,0.5,1.5,0.0,0.0,0.0,0.0,0.0,1.0,1.0,0.0,0.0,0.0,1.0,0.5,1.0,-3.0,1.0,3.0,0.0,0.0,0.0,0.0,0.0,2.0,2.0,0.0,0.0,0.0,2.0,1.0,2.0,-6.0,2,333.5,667.0
1610612745,201977,Marcus Thornton,3.0555555555555554,8.722222222222221,1.2222222222222223,4.277777777777778,1.3333333333333333,1.5555555555555556,0.6111111111111112,1.5,2.111111111111111,1.4444444444444444,0.5555555555555556,0.1111111111111111,1.0555555555555556,1.7222222222222223,8.666666666666666,0.8888888888888888,55.0,157.0,22.0,77.0,24.0,28.0,11.0,27.0,38.0,26.0,10.0,2.0,19.0,31.0,156.0,16.0,18,1009.8333333333334,18177.0
1610612762,1626266,JJ O'Brien,0.0,0.5,0.0,0.0,0.0,0.0,0.0,0.5,0.5,0.0,0.5,0.0,0.0,0.5,0.0,-4.0,0.0,1.0,0.0,0.0,0.0,0.0,0.0,1.0,1.0,0.0,1.0,0.0,0.0,1.0,0.0,-8.0,2,188.0,376.0
