TEAM_ID,PLAYER_ID,PLAYER_NAME,avg(FGM),avg(FGA),avg(FG3M),avg(FG3A),avg(FTM),avg(FTA),avg(OREB),avg(DREB),avg(REB),avg(AST),avg(STL),avg(BLK),avg(TO),avg(PF),avg(PTS),avg(PLUS_MINUS),sum(FGM),sum(FGA),sum(FG3M),sum(FG3A),sum(FTM),sum(FTA),sum(OREB),sum(DREB),sum(REB),sum(AST),sum(STL),sum(BLK),sum(TO),sum(PF),sum(PTS),sum(PLUS_MINUS),sum(ifminute),avg(seconds),sum(seconds)
1610612760,203924,Jerami Grant,1.9879518072289157,4.120481927710843,0.5421686746987951,1.4457831325301205,1.108433734939759,1.7590361445783131,0.5421686746987951,2.0843373493975905,2.6265060240963853,0.6024096385542169,0.40963855421686746,0.927710843373494,0.5301204819277109,1.819277108433735,5.626506024096385,-3.036144578313253,165.0,342.0,45.0,120.0,92.0,146.0,45.0,173.0,218.0,50.0,34.0,77.0,44.0,151.0,467.0,-252.0,83,1156.9277108433735,96025.0
