TEAM_ID,PLAYER_ID,PLAYER_NAME,avg(FGM),avg(FGA),avg(FG3M),avg(FG3A),avg(FTM),avg(FTA),avg(OREB),avg(DREB),avg(REB),avg(AST),avg(STL),avg(BLK),avg(TO),avg(PF),avg(PTS),avg(PLUS_MINUS),sum(FGM),sum(FGA),sum(FG3M),sum(FG3A),sum(FTM),sum(FTA),sum(OREB),sum(DREB),sum(REB),sum(AST),sum(STL),sum(BLK),sum(TO),sum(PF),sum(PTS),sum(PLUS_MINUS),sum(ifminute),avg(seconds),sum(seconds)
1610612758,201229,Anthony Tolliver,1.9230769230769231,4.269230769230769,1.2692307692307692,3.076923076923077,0.9230769230769231,1.0,0.8846153846153846,2.8076923076923075,3.6923076923076925,1.0384615384615385,0.2692307692307692,0.2692307692307692,0.6923076923076923,1.6538461538461537,6.038461538461538,-0.6538461538461539,50.0,111.0,33.0,80.0,24.0,26.0,23.0,73.0,96.0,27.0,7.0,7.0,18.0,43.0,157.0,-17.0,26,1177.2307692307693,30608.0
1610612740,203093,Terrence Jones,4.378378378378378,9.486486486486486,0.4594594594594595,1.8918918918918919,2.054054054054054,3.324324324324324,1.0810810810810811,4.5675675675675675,5.648648648648648,1.1891891891891893,0.7027027027027027,1.054054054054054,1.027027027027027,1.3783783783783783,11.27027027027027,0.02702702702702703,162.0,351.0,17.0,70.0,76.0,123.0,40.0,169.0,209.0,44.0,26.0,39.0,38.0,51.0,417.0,1.0,37,1466.027027027027,54243.0
1610612741,1627938,J.J. Avila,0.5,0.5,0.5,0.5,0.0,0.0,0.0,0.0,0.0,1.0,0.5,0.0,0.0,1.0,1.5,-2.5,1.0,1.0,1.0,1.0,0.0,0.0,0.0,0.0,0.0,2.0,1.0,0.0,0.0,2.0,3.0,-5.0,2,150.5,301.0
1610612766,203268,Jorge Gutierrez,0.4,0.9333333333333333,0.0,0.13333333333333333,0.6666666666666666,0.7333333333333333,0.0,0.6,0.6,1.2666666666666666,0.2,0.0,0.4666666666666667,0.2,1.4666666666666666,0.0,6.0,14.0,0.0,2.0,10.0,11.0,0.0,9.0,9.0,19.0,3.0,0.0,7.0,3.0,22.0,0.0,15,299.53333333333336,4493.0
1610612751,200745,Andrea Bargnani,2.4444444444444446,4.833333333333333,0.05555555555555555,0.2222222222222222,0.6111111111111112,0.7777777777777778,0.2777777777777778,1.2222222222222223,1.5,0.5555555555555556,0.05555555555555555,0.16666666666666666,0.2777777777777778,0.9444444444444444,5.555555555555555,-6.444444444444445,44.0,87.0,1.0,4.0,11.0,14.0,5.0,22.0,27.0,10.0,1.0,3.0,5.0,17.0,100.0,-116.0,18,734.6111111111111,13223.0
