TEAM_ID,PLAYER_ID,PLAYER_NAME,avg(FGM),avg(FGA),avg(FG3M),avg(FG3A),avg(FTM),avg(FTA),avg(OREB),avg(DREB),avg(REB),avg(AST),avg(STL),avg(BLK),avg(TO),avg(PF),avg(PTS),avg(PLUS_MINUS),sum(FGM),sum(FGA),sum(FG3M),sum(FG3A),sum(FTM),sum(FTA),sum(OREB),sum(DREB),sum(REB),sum(AST),sum(STL),sum(BLK),sum(TO),sum(PF),sum(PTS),sum(PLUS_MINUS),sum(ifminute),avg(seconds),sum(seconds)
1610612757,203090,Maurice Harkless,3.723404255319149,7.702127659574468,0.925531914893617,2.7872340425531914,1.0212765957446808,1.6382978723404256,1.574468085106383,2.8191489361702127,4.3936170212765955,0.8404255319148937,0.9042553191489362,0.5957446808510638,0.9574468085106383,2.521276595744681,9.393617021276595,-0.6063829787234043,350.0,724.0,87.0,262.0,96.0,154.0,148.0,265.0,413.0,79.0,85.0,56.0,90.0,237.0,883.0,-57.0,94,1451.3191489361702,136424.0
1610612746,201933,Blake Griffin,6.925,14.7,0.225,0.85,4.525,6.075,1.7,6.475,8.175,4.325,1.05,0.375,2.35,2.525,18.6,7.9,277.0,588.0,9.0,34.0,181.0,243.0,68.0,259.0,327.0,173.0,42.0,15.0,94.0,101.0,744.0,316.0,40,1860.075,74403.0
1610612748,1627855,Okaro White,2.1666666666666665,4.833333333333333,0.6666666666666666,2.1666666666666665,0.6666666666666666,0.6666666666666666,1.0,3.3333333333333335,4.333333333333333,0.16666666666666666,0.3333333333333333,0.16666666666666666,0.6666666666666666,0.6666666666666666,5.666666666666667,0.8333333333333334,13.0,29.0,4.0,13.0,4.0,4.0,6.0,20.0,26.0,1.0,2.0,1.0,4.0,4.0,34.0,5.0,6,587.8333333333334,3527.0
1610612759,2588,Matt Bonner,1.0,2.0588235294117645,0.5294117647058824,1.2352941176470589,0.11764705882352941,0.11764705882352941,0.058823529411764705,0.6470588235294118,0.7058823529411765,0.29411764705882354,0.17647058823529413,0.058823529411764705,0.058823529411764705,0.7058823529411765,2.6470588235294117,3.0,17.0,35.0,9.0,21.0,2.0,2.0,1.0,11.0,12.0,5.0,3.0,1.0,1.0,12.0,45.0,51.0,17,453.47058823529414,7709.0
