TEAM_ID,PLAYER_ID,PLAYER_NAME,avg(FGM),avg(FGA),avg(FG3M),avg(FG3A),avg(FTM),avg(FTA),avg(OREB),avg(DREB),avg(REB),avg(AST),avg(STL),avg(BLK),avg(TO),avg(PF),avg(PTS),avg(PLUS_MINUS),sum(FGM),sum(FGA),sum(FG3M),sum(FG3A),sum(FTM),sum(FTA),sum(OREB),sum(DREB),sum(REB),sum(AST),sum(STL),sum(BLK),sum(TO),sum(PF),sum(PTS),sum(PLUS_MINUS),sum(ifminute),avg(seconds),sum(seconds)
1610612739,101112,Channing Frye,2.8333333333333335,5.972222222222222,1.7777777777777777,3.986111111111111,0.5277777777777778,0.5972222222222222,0.3611111111111111,2.5833333333333335,2.9444444444444446,0.75,0.3194444444444444,0.4166666666666667,0.5277777777777778,2.0416666666666665,7.972222222222222,2.0833333333333335,204.0,430.0,128.0,287.0,38.0,43.0,26.0,186.0,212.0,54.0,23.0,30.0,38.0,147.0,574.0,150.0,72,980.5138888888889,70597.0
1610612740,203462,Archie Goodwin,0.6666666666666666,1.6666666666666667,0.3333333333333333,0.6666666666666666,3.3333333333333335,3.3333333333333335,0.0,0.0,0.0,0.3333333333333333,0.0,0.3333333333333333,0.0,0.3333333333333333,5.0,-0.6666666666666666,2.0,5.0,1.0,2.0,10.0,10.0,0.0,0.0,0.0,1.0,0.0,1.0,0.0,1.0,15.0,-2.0,3,594.3333333333334,1783.0
1610612745,203798,PJ Hairston,"","","","","","","","","","","","","","","","","","","","","","","","","","","","","","","","",0,"",""
1610612743,200751,Randy Foye,1.8095238095238095,5.0,0.7142857142857143,2.3333333333333335,0.5238095238095238,0.7142857142857143,0.23809523809523808,1.7142857142857142,1.9523809523809523,1.9523809523809523,0.3333333333333333,0.47619047619047616,0.7619047619047619,1.5714285714285714,4.857142857142857,0.19047619047619047,38.0,105.0,15.0,49.0,11.0,15.0,5.0,36.0,41.0,41.0,7.0,10.0,16.0,33.0,102.0,4.0,21,1084.3809523809523,22772.0
