TEAM_ID,PLAYER_ID,PLAYER_NAME,avg(FGM),avg(FGA),avg(FG3M),avg(FG3A),avg(FTM),avg(FTA),avg(OREB),avg(DREB),avg(REB),avg(AST),avg(STL),avg(BLK),avg(TO),avg(PF),avg(PTS),avg(PLUS_MINUS),sum(FGM),sum(FGA),sum(FG3M),sum(FG3A),sum(FTM),sum(FTA),sum(OREB),sum(DREB),sum(REB),sum(AST),sum(STL),sum(BLK),sum(TO),sum(PF),sum(PTS),sum(PLUS_MINUS),sum(ifminute),avg(seconds),sum(seconds)
1610612743,203530,Joffrey Lauvergne,3.048780487804878,5.780487804878049,0.07317073170731707,0.7073170731707317,1.048780487804878,1.1951219512195121,1.1219512195121952,3.292682926829268,4.414634146341464,0.7560975609756098,0.1951219512195122,0.24390243902439024,0.9512195121951219,1.9268292682926829,7.219512195121951,-2.292682926829268,125.0,237.0,3.0,29.0,43.0,49.0,46.0,135.0,181.0,31.0,8.0,10.0,39.0,79.0,296.0,-94.0,41,1019.1951219512196,41787.0
1610612758,201158,Marco Belinelli,3.5,9.416666666666666,1.1944444444444444,4.166666666666667,1.3888888888888888,1.6944444444444444,0.1388888888888889,1.75,1.8888888888888888,1.6944444444444444,0.6388888888888888,0.027777777777777776,0.8888888888888888,1.1944444444444444,9.583333333333334,-2.111111111111111,126.0,339.0,43.0,150.0,50.0,61.0,5.0,63.0,68.0,61.0,23.0,1.0,32.0,43.0,345.0,-76.0,36,1425.0833333333333,51303.0
