TEAM_ID,PLAYER_ID,PLAYER_NAME,avg(FGM),avg(FGA),avg(FG3M),avg(FG3A),avg(FTM),avg(FTA),avg(OREB),avg(DREB),avg(REB),avg(AST),avg(STL),avg(BLK),avg(TO),avg(PF),avg(PTS),avg(PLUS_MINUS),sum(FGM),sum(FGA),sum(FG3M),sum(FG3A),sum(FTM),sum(FTA),sum(OREB),sum(DREB),sum(REB),sum(AST),sum(STL),sum(BLK),sum(TO),sum(PF),sum(PTS),sum(PLUS_MINUS),sum(ifminute),avg(seconds),sum(seconds)
1610612759,202695,Kawhi Leonard,8.406593406593407,17.153846153846153,1.978021978021978,5.054945054945055,6.450549450549451,7.252747252747253,1.1538461538461537,4.8791208791208796,6.032967032967033,3.5824175824175826,1.7692307692307692,0.6703296703296703,2.087912087912088,1.6703296703296704,25.24175824175824,5.956043956043956,765.0,1561.0,180.0,460.0,587.0,660.0,105.0,444.0,549.0,326.0,161.0,61.0,190.0,152.0,2297.0,542.0,91,1987.5494505494505,180867.0
1610612757,203090,Maurice Harkless,3.8735632183908044,7.908045977011494,0.8735632183908046,2.5632183908045976,1.0344827586206897,1.6091954022988506,1.5862068965517242,2.793103448275862,4.379310344827586,1.1379310344827587,1.0459770114942528,0.9080459770114943,1.0574712643678161,2.7586206896551726,9.655172413793103,-0.39080459770114945,337.0,688.0,76.0,223.0,90.0,140.0,138.0,243.0,381.0,99.0,91.0,79.0,92.0,240.0,840.0,-34.0,87,1685.632183908046,146650.0
1610612764,201977,Marcus Thornton,2.5945945945945947,6.648648648648648,0.918918918918919,2.675675675675676,0.7567567567567568,0.8648648648648649,0.6216216216216216,1.7027027027027026,2.324324324324324,1.2432432432432432,0.6756756756756757,0.08108108108108109,0.972972972972973,1.5135135135135136,6.864864864864865,-4.216216216216216,96.0,246.0,34.0,99.0,28.0,32.0,23.0,63.0,86.0,46.0,25.0,3.0,36.0,56.0,254.0,-156.0,37,1069.837837837838,39584.0
