TEAM_ID,PLAYER_ID,PLAYER_NAME,avg(FGM),avg(FGA),avg(FG3M),avg(FG3A),avg(FTM),avg(FTA),avg(OREB),avg(DREB),avg(REB),avg(AST),avg(STL),avg(BLK),avg(TO),avg(PF),avg(PTS),avg(PLUS_MINUS),sum(FGM),sum(FGA),sum(FG3M),sum(FG3A),sum(FTM),sum(FTA),sum(OREB),sum(DREB),sum(REB),sum(AST),sum(STL),sum(BLK),sum(TO),sum(PF),sum(PTS),sum(PLUS_MINUS),sum(ifminute),avg(seconds),sum(seconds)
1610612752,201584,Courtney Lee,3.735294117647059,7.9411764705882355,1.411764705882353,2.9411764705882355,0.7058823529411765,0.8529411764705882,0.5294117647058824,2.176470588235294,2.7058823529411766,1.7352941176470589,0.8823529411764706,0.2647058823529412,0.8235294117647058,2.0,9.588235294117647,-1.1764705882352942,127.0,270.0,48.0,100.0,24.0,29.0,18.0,74.0,92.0,59.0,30.0,9.0,28.0,68.0,326.0,-40.0,34,1734.5882352941176,58976.0
1610612759,200746,LaMarcus Aldridge,7.453488372093023,14.44186046511628,0.13953488372093023,0.37209302325581395,3.697674418604651,4.22093023255814,2.2325581395348837,5.558139534883721,7.790697674418604,1.6162790697674418,0.6744186046511628,1.0813953488372092,1.302325581395349,2.0697674418604652,18.74418604651163,5.6395348837209305,641.0,1242.0,12.0,32.0,318.0,363.0,192.0,478.0,670.0,139.0,58.0,93.0,112.0,178.0,1612.0,485.0,86,1890.2209302325582,162559.0
1610612738,101161,Amir Johnson,2.8210526315789473,4.842105263157895,0.14736842105263157,0.5052631578947369,0.9789473684210527,1.5157894736842106,2.1157894736842104,3.7157894736842105,5.831578947368421,1.8,0.6210526315789474,0.7578947368421053,1.0,2.6526315789473682,6.768421052631579,1.2,268.0,460.0,14.0,48.0,93.0,144.0,201.0,353.0,554.0,171.0,59.0,72.0,95.0,252.0,643.0,114.0,95,1268.6842105263158,120525.0
1610612754,2744,Al Jefferson,3.75,7.725,0.0,0.025,0.9,1.325,1.35,3.55,4.9,0.9,0.375,0.325,0.55,1.975,8.4,-1.475,150.0,309.0,0.0,1.0,36.0,53.0,54.0,142.0,196.0,36.0,15.0,13.0,22.0,79.0,336.0,-59.0,40,956.25,38250.0
