TEAM_ID,PLAYER_ID,PLAYER_NAME,avg(FGM),avg(FGA),avg(FG3M),avg(FG3A),avg(FTM),avg(FTA),avg(OREB),avg(DREB),avg(REB),avg(AST),avg(STL),avg(BLK),avg(TO),avg(PF),avg(PTS),avg(PLUS_MINUS),sum(FGM),sum(FGA),sum(FG3M),sum(FG3A),sum(FTM),sum(FTA),sum(OREB),sum(DREB),sum(REB),sum(AST),sum(STL),sum(BLK),sum(TO),sum(PF),sum(PTS),sum(PLUS_MINUS),sum(ifminute),avg(seconds),sum(seconds)
1610612743,2034,Mike Miller,0.39285714285714285,1.1428571428571428,0.35714285714285715,0.8928571428571429,0.0,0.0,0.10714285714285714,0.6785714285714286,0.7857142857142857,0.6785714285714286,0.14285714285714285,0.07142857142857142,0.25,1.0,1.1428571428571428,-2.6785714285714284,11.0,32.0,10.0,25.0,0.0,0.0,3.0,19.0,22.0,19.0,4.0,2.0,7.0,28.0,32.0,-75.0,28,362.7857142857143,10158.0
1610612757,1627817,Tim Quarterman,0.6428571428571429,0.9285714285714286,0.2857142857142857,0.5714285714285714,0.0,0.0,0.14285714285714285,0.42857142857142855,0.5714285714285714,0.7142857142857143,0.14285714285714285,0.14285714285714285,0.35714285714285715,0.21428571428571427,1.5714285714285714,1.1428571428571428,9.0,13.0,4.0,8.0,0.0,0.0,2.0,6.0,8.0,10.0,2.0,2.0,5.0,3.0,22.0,16.0,14,222.0,3108.0
1610612748,203186,Willie Reed,2.0,3.484848484848485,0.0,0.030303030303030304,0.9090909090909091,1.9090909090909092,1.696969696969697,2.878787878787879,4.575757575757576,0.24242424242424243,0.21212121212121213,0.7878787878787878,0.42424242424242425,1.606060606060606,4.909090909090909,1.2121212121212122,66.0,115.0,0.0,1.0,30.0,63.0,56.0,95.0,151.0,8.0,7.0,26.0,14.0,53.0,162.0,40.0,33,813.060606060606,26831.0
1610612761,200768,Kyle Lowry,6.732673267326732,15.316831683168317,2.792079207920792,7.108910891089109,4.702970297029703,5.9405940594059405,0.8514851485148515,3.772277227722772,4.623762376237623,6.544554455445544,1.693069306930693,0.2871287128712871,2.98019801980198,2.900990099009901,20.96039603960396,4.881188118811881,680.0,1547.0,282.0,718.0,475.0,600.0,86.0,381.0,467.0,661.0,171.0,29.0,301.0,293.0,2117.0,493.0,101,2225.4158415841584,224767.0
