TEAM_ID,PLAYER_ID,PLAYER_NAME,avg(FGM),avg(FGA),avg(FG3M),avg(FG3A),avg(FTM),avg(FTA),avg(OREB),avg(DREB),avg(REB),avg(AST),avg(STL),avg(BLK),avg(TO),avg(PF),avg(PTS),avg(PLUS_MINUS),sum(FGM),sum(FGA),sum(FG3M),sum(FG3A),sum(FTM),sum(FTA),sum(OREB),sum(DREB),sum(REB),sum(AST),sum(STL),sum(BLK),sum(TO),sum(PF),sum(PTS),sum(PLUS_MINUS),sum(ifminute),avg(seconds),sum(seconds)
1610612763,201148,Brandan Wright,2.84375,4.71875,0.0,0.03125,0.8125,1.21875,1.03125,1.65625,2.6875,0.5,0.40625,0.78125,0.375,1.34375,6.5,0.4375,91.0,151.0,0.0,1.0,26.0,39.0,33.0,53.0,86.0,16.0,13.0,25.0,12.0,43.0,208.0,14.0,32,944.4375,30222.0
1610612753,201228,C.J. Watson,1.606060606060606,4.03030303030303,0.5,1.6515151515151516,0.9545454545454546,1.106060606060606,0.2878787878787879,1.1515151515151516,1.4393939393939394,2.0303030303030303,0.7272727272727273,0.030303030303030304,0.8181818181818182,1.378787878787879,4.666666666666667,-2.878787878787879,106.0,266.0,33.0,109.0,63.0,73.0,19.0,76.0,95.0,134.0,48.0,2.0,54.0,91.0,308.0,-190.0,66,976.7424242424242,64465.0
1610612763,201962,Toney Douglas,1.7916666666666667,4.875,0.2916666666666667,1.75,1.0,1.2083333333333333,0.5416666666666666,2.0,2.5416666666666665,2.3333333333333335,0.75,0.20833333333333334,0.875,2.0833333333333335,4.875,0.4583333333333333,43.0,117.0,7.0,42.0,24.0,29.0,13.0,48.0,61.0,56.0,18.0,5.0,21.0,50.0,117.0,11.0,24,984.5416666666666,23629.0
1610612748,2757,Beno Udrih,1.0,3.0,0.0,0.3333333333333333,1.3333333333333333,1.3333333333333333,0.0,0.3333333333333333,0.3333333333333333,2.0,0.6666666666666666,0.0,0.6666666666666666,0.3333333333333333,3.3333333333333335,-2.3333333333333335,3.0,9.0,0.0,1.0,4.0,4.0,0.0,1.0,1.0,6.0,2.0,0.0,2.0,1.0,10.0,-7.0,3,815.6666666666666,2447.0
1610612761,204029,Brady Heslip,2.6666666666666665,3.6666666666666665,1.0,1.3333333333333333,0.6666666666666666,0.6666666666666666,0.0,1.0,1.0,1.0,1.0,0.0,0.6666666666666666,0.6666666666666666,7.0,3.3333333333333335,8.0,11.0,3.0,4.0,2.0,2.0,0.0,3.0,3.0,3.0,3.0,0.0,2.0,2.0,21.0,10.0,3,467.3333333333333,1402.0
