TEAM_ID,PLAYER_ID,PLAYER_NAME,avg(FGM),avg(FGA),avg(FG3M),avg(FG3A),avg(FTM),avg(FTA),avg(OREB),avg(DREB),avg(REB),avg(AST),avg(STL),avg(BLK),avg(TO),avg(PF),avg(PTS),avg(PLUS_MINUS),sum(FGM),sum(FGA),sum(FG3M),sum(FG3A),sum(FTM),sum(FTA),sum(OREB),sum(DREB),sum(REB),sum(AST),sum(STL),sum(BLK),sum(TO),sum(PF),sum(PTS),sum(PLUS_MINUS),sum(ifminute),avg(seconds),sum(seconds)
1610612760,1627734,Domantas Sabonis,2.6052631578947367,5.973684210526316,0.8947368421052632,2.4210526315789473,0.23684210526315788,0.39473684210526316,0.47368421052631576,2.9210526315789473,3.3947368421052633,1.3421052631578947,0.5526315789473685,0.4473684210526316,1.1578947368421053,2.6052631578947367,6.342105263157895,0.6578947368421053,99.0,227.0,34.0,92.0,9.0,15.0,18.0,111.0,129.0,51.0,21.0,17.0,44.0,99.0,241.0,25.0,38,1264.157894736842,48038.0
1610612743,203960,JaKarr Sampson,2.1481481481481484,4.407407407407407,0.2962962962962963,1.0740740740740742,0.7407407407407407,1.0,0.5925925925925926,1.7777777777777777,2.3703703703703702,0.5925925925925926,0.48148148148148145,0.6666666666666666,0.7777777777777778,2.0,5.333333333333333,-2.111111111111111,58.0,119.0,8.0,29.0,20.0,27.0,16.0,48.0,64.0,16.0,13.0,18.0,21.0,54.0,144.0,-57.0,27,1085.4444444444443,29307.0
1610612740,203516,James Ennis III,5.555555555555555,11.11111111111111,2.6666666666666665,5.555555555555555,2.111111111111111,2.6666666666666665,1.8888888888888888,2.0,3.888888888888889,2.0,1.3333333333333333,0.3333333333333333,1.8888888888888888,2.888888888888889,15.88888888888889,-2.2222222222222223,50.0,100.0,24.0,50.0,19.0,24.0,17.0,18.0,35.0,18.0,12.0,3.0,17.0,26.0,143.0,-20.0,9,1877.111111111111,16894.0
