TEAM_ID,PLAYER_ID,PLAYER_NAME,avg(FGM),avg(FGA),avg(FG3M),avg(FG3A),avg(FTM),avg(FTA),avg(OREB),avg(DREB),avg(REB),avg(AST),avg(STL),avg(BLK),avg(TO),avg(PF),avg(PTS),avg(PLUS_MINUS),sum(FGM),sum(FGA),sum(FG3M),sum(FG3A),sum(FTM),sum(FTA),sum(OREB),sum(DREB),sum(REB),sum(AST),sum(STL),sum(BLK),sum(TO),sum(PF),sum(PTS),sum(PLUS_MINUS),sum(ifminute),avg(seconds),sum(seconds)
1610612750,201575,Brandon Rush,1.3333333333333333,3.5555555555555554,0.8888888888888888,1.8888888888888888,0.16666666666666666,0.2222222222222222,0.16666666666666666,1.5555555555555556,1.7222222222222223,0.8333333333333334,0.4444444444444444,0.3333333333333333,0.5555555555555556,0.7222222222222222,3.7222222222222223,1.2777777777777777,24.0,64.0,16.0,34.0,3.0,4.0,3.0,28.0,31.0,15.0,8.0,6.0,10.0,13.0,67.0,23.0,18,915.5,16479.0
1610612743,201589,Darrell Arthur,2.888888888888889,6.407407407407407,0.8333333333333334,2.1481481481481484,0.6296296296296297,0.7962962962962963,1.037037037037037,2.962962962962963,4.0,1.5925925925925926,0.5925925925925926,0.5185185185185185,1.1296296296296295,2.5925925925925926,7.2407407407407405,-0.5185185185185185,156.0,346.0,45.0,116.0,34.0,43.0,56.0,160.0,216.0,86.0,32.0,28.0,61.0,140.0,391.0,-28.0,54,1251.2222222222222,67566.0
1610612753,204014,Damjan Rudez,0.9259259259259259,2.2962962962962963,0.7037037037037037,1.7777777777777777,0.07407407407407407,0.07407407407407407,0.2222222222222222,0.8148148148148148,1.037037037037037,0.6666666666666666,0.2962962962962963,0.0,0.37037037037037035,0.9259259259259259,2.6296296296296298,-1.7037037037037037,25.0,62.0,19.0,48.0,2.0,2.0,6.0,22.0,28.0,18.0,8.0,0.0,10.0,25.0,71.0,-46.0,27,565.2962962962963,15263.0
1610612754,1627816,Alex Poythress,0.0,0.5,0.0,0.5,0.5,2.0,0.0,0.0,0.0,0.5,0.0,0.5,0.0,0.5,0.5,2.0,0.0,1.0,0.0,1.0,1.0,4.0,0.0,0.0,0.0,1.0,0.0,1.0,0.0,1.0,1.0,4.0,2,216.5,433.0
1610612747,1627829,Julian Jacobs,0.5,1.5,0.0,0.0,0.5,1.5,0.0,0.0,0.0,1.0,0.0,0.0,1.0,1.5,1.5,-3.0,1.0,3.0,0.0,0.0,1.0,3.0,0.0,0.0,0.0,2.0,0.0,0.0,2.0,3.0,3.0,-6.0,2,329.0,658.0
1610612747,204037,Travis Wear,0.5,2.0,0.5,2.0,0.0,0.0,0.5,0.5,1.0,0.0,0.0,0.0,0.5,1.0,1.5,-3.0,1.0,4.0,1.0,4.0,0.0,0.0,1.0,1.0,2.0,0.0,0.0,0.0,1.0,2.0,3.0,-6.0,2,329.0,658.0
