TEAM_ID,PLAYER_ID,PLAYER_NAME,avg(FGM),avg(FGA),avg(FG3M),avg(FG3A),avg(FTM),avg(FTA),avg(OREB),avg(DREB),avg(REB),avg(AST),avg(STL),avg(BLK),avg(TO),avg(PF),avg(PTS),avg(PLUS_MINUS),sum(FGM),sum(FGA),sum(FG3M),sum(FG3A),sum(FTM),sum(FTA),sum(OREB),sum(DREB),sum(REB),sum(AST),sum(STL),sum(BLK),sum(TO),sum(PF),sum(PTS),sum(PLUS_MINUS),sum(ifminute),avg(seconds),sum(seconds)
1610612741,201959,Taj Gibson,4.63855421686747,8.614457831325302,0.0,0.03614457831325301,1.5301204819277108,2.144578313253012,2.6265060240963853,4.397590361445783,7.024096385542169,1.3253012048192772,0.6506024096385542,1.072289156626506,1.2891566265060241,2.4457831325301207,10.80722891566265,-1.0963855421686748,385.0,715.0,0.0,3.0,127.0,178.0,218.0,365.0,583.0,110.0,54.0,89.0,107.0,203.0,897.0,-91.0,83,1645.2168674698796,136553.0
1610612739,202681,Kyrie Irving,8.333333333333334,17.88235294117647,1.9705882352941178,5.186274509803922,3.3333333333333335,3.803921568627451,0.7941176470588235,2.3627450980392157,3.156862745098039,5.117647058823529,1.2058823529411764,0.35294117647058826,2.3823529411764706,2.0,21.970588235294116,4.950980392156863,850.0,1824.0,201.0,529.0,340.0,388.0,81.0,241.0,322.0,522.0,123.0,36.0,243.0,204.0,2241.0,505.0,102,2007.6176470588234,204777.0
1610612747,101138,Brandon Bass,2.8421052631578947,5.315789473684211,0.0,0.02631578947368421,2.526315789473684,3.0,1.6578947368421053,2.8421052631578947,4.5,1.2894736842105263,0.631578947368421,0.9473684210526315,0.6578947368421053,2.1052631578947367,8.210526315789474,1.0,108.0,202.0,0.0,1.0,96.0,114.0,63.0,108.0,171.0,49.0,24.0,36.0,25.0,80.0,312.0,38.0,38,1398.5526315789473,53145.0
1610612765,101141,Ersan Ilyasova,4.631578947368421,11.0,1.368421052631579,4.157894736842105,1.4736842105263157,2.0526315789473686,2.263157894736842,4.105263157894737,6.368421052631579,0.8947368421052632,0.7894736842105263,0.3684210526315789,1.105263157894737,2.1052631578947367,12.105263157894736,-2.6315789473684212,88.0,209.0,26.0,79.0,28.0,39.0,43.0,78.0,121.0,17.0,15.0,7.0,21.0,40.0,230.0,-50.0,19,1674.6315789473683,31818.0
