TEAM_ID,PLAYER_ID,PLAYER_NAME,avg(FGM),avg(FGA),avg(FG3M),avg(FG3A),avg(FTM),avg(FTA),avg(OREB),avg(DREB),avg(REB),avg(AST),avg(STL),avg(BLK),avg(TO),avg(PF),avg(PTS),avg(PLUS_MINUS),sum(FGM),sum(FGA),sum(FG3M),sum(FG3A),sum(FTM),sum(FTA),sum(OREB),sum(DREB),sum(REB),sum(AST),sum(STL),sum(BLK),sum(TO),sum(PF),sum(PTS),sum(PLUS_MINUS),sum(ifminute),avg(seconds),sum(seconds)
1610612766,201579,Roy Hibbert,1.7142857142857142,3.6857142857142855,0.0,0.0,1.8571428571428572,2.342857142857143,1.6857142857142857,2.5714285714285716,4.257142857142857,0.6285714285714286,0.22857142857142856,1.2571428571428571,0.9714285714285714,2.3142857142857145,5.285714285714286,-1.9142857142857144,60.0,129.0,0.0,0.0,65.0,82.0,59.0,90.0,149.0,22.0,8.0,44.0,34.0,81.0,185.0,-67.0,35,1004.0857142857143,35143.0
1610612738,101123,Gerald Green,2.090909090909091,5.545454545454546,0.7272727272727273,2.3636363636363638,0.7727272727272727,0.8636363636363636,0.5,1.4545454545454546,1.9545454545454546,1.2727272727272727,0.2727272727272727,0.22727272727272727,0.5909090909090909,1.0909090909090908,5.681818181818182,-0.6363636363636364,46.0,122.0,16.0,52.0,17.0,19.0,11.0,32.0,43.0,28.0,6.0,5.0,13.0,24.0,125.0,-14.0,22,710.7272727272727,15636.0
1610612739,203928,Cory Jefferson,2.8333333333333335,5.0,0.0,0.5,2.0,2.6666666666666665,1.0,4.166666666666667,5.166666666666667,0.3333333333333333,0.5,0.3333333333333333,0.3333333333333333,3.3333333333333335,7.666666666666667,-4.0,17.0,30.0,0.0,3.0,12.0,16.0,6.0,25.0,31.0,2.0,3.0,2.0,2.0,20.0,46.0,-24.0,6,1219.3333333333333,7316.0
1610612758,203552,Seth Curry,2.9642857142857144,6.5,1.4642857142857142,3.1785714285714284,1.0,1.2142857142857142,0.2857142857142857,1.4642857142857142,1.75,1.9285714285714286,0.6071428571428571,0.10714285714285714,1.0357142857142858,1.25,8.392857142857142,-1.6785714285714286,83.0,182.0,41.0,89.0,28.0,34.0,8.0,41.0,49.0,54.0,17.0,3.0,29.0,35.0,235.0,-47.0,28,1134.9285714285713,31778.0
