TEAM_ID,PLAYER_ID,PLAYER_NAME,avg(FGM),avg(FGA),avg(FG3M),avg(FG3A),avg(FTM),avg(FTA),avg(OREB),avg(DREB),avg(REB),avg(AST),avg(STL),avg(BLK),avg(TO),avg(PF),avg(PTS),avg(PLUS_MINUS),sum(FGM),sum(FGA),sum(FG3M),sum(FG3A),sum(FTM),sum(FTA),sum(OREB),sum(DREB),sum(REB),sum(AST),sum(STL),sum(BLK),sum(TO),sum(PF),sum(PTS),sum(PLUS_MINUS),sum(ifminute),avg(seconds),sum(seconds)
1610612764,203078,Bradley Beal,8.270833333333334,17.260416666666668,2.75,7.041666666666667,3.5625,4.333333333333333,0.7291666666666666,2.3541666666666665,3.0833333333333335,3.375,1.125,0.3020833333333333,1.96875,2.2395833333333335,22.854166666666668,4.375,794.0,1657.0,264.0,676.0,342.0,416.0,70.0,226.0,296.0,324.0,108.0,29.0,189.0,215.0,2194.0,420.0,96,2084.7395833333335,200135.0
1610612751,1627785,Isaiah Whitehead,2.736842105263158,6.934210526315789,0.5789473684210527,2.0526315789473686,1.2763157894736843,1.5921052631578947,0.42105263157894735,2.039473684210526,2.460526315789474,2.539473684210526,0.5657894736842105,0.5,1.9342105263157894,2.4342105263157894,7.328947368421052,-1.7105263157894737,208.0,527.0,44.0,156.0,97.0,121.0,32.0,155.0,187.0,193.0,43.0,38.0,147.0,185.0,557.0,-130.0,76,1332.9736842105262,101306.0
1610612752,201149,Joakim Noah,2.183673469387755,4.428571428571429,0.0,0.02040816326530612,0.7551020408163265,1.7142857142857142,3.4081632653061225,5.183673469387755,8.591836734693878,2.2653061224489797,0.6530612244897959,0.7755102040816326,1.3061224489795917,2.7755102040816326,5.122448979591836,-2.7142857142857144,107.0,217.0,0.0,1.0,37.0,84.0,167.0,254.0,421.0,111.0,32.0,38.0,64.0,136.0,251.0,-133.0,49,1308.3877551020407,64111.0
1610612748,1626159,Justise Winslow,4.125,11.25,0.5,2.0416666666666665,1.4583333333333333,2.4583333333333335,1.0833333333333333,3.75,4.833333333333333,3.2916666666666665,1.1666666666666667,0.3333333333333333,1.875,2.9166666666666665,10.208333333333334,1.2916666666666667,99.0,270.0,12.0,49.0,35.0,59.0,26.0,90.0,116.0,79.0,28.0,8.0,45.0,70.0,245.0,31.0,24,1867.5833333333333,44822.0
