TEAM_ID,PLAYER_ID,PLAYER_NAME,avg(FGM),avg(FGA),avg(FG3M),avg(FG3A),avg(FTM),avg(FTA),avg(OREB),avg(DREB),avg(REB),avg(AST),avg(STL),avg(BLK),avg(TO),avg(PF),avg(PTS),avg(PLUS_MINUS),sum(FGM),sum(FGA),sum(FG3M),sum(FG3A),sum(FTM),sum(FTA),sum(OREB),sum(DREB),sum(REB),sum(AST),sum(STL),sum(BLK),sum(TO),sum(PF),sum(PTS),sum(PLUS_MINUS),sum(ifminute),avg(seconds),sum(seconds)
1610612762,201588,George Hill,5.693548387096774,12.161290322580646,1.7741935483870968,4.435483870967742,3.0806451612903225,3.903225806451613,0.6290322580645161,2.9193548387096775,3.5483870967741935,3.967741935483871,0.967741935483871,0.22580645161290322,1.6129032258064515,2.370967741935484,16.241935483870968,4.838709677419355,353.0,754.0,110.0,275.0,191.0,242.0,39.0,181.0,220.0,246.0,60.0,14.0,100.0,147.0,1007.0,300.0,62,1880.1935483870968,116572.0
1610612741,203477,Isaiah Canaan,1.8979591836734695,4.8979591836734695,0.8163265306122449,2.7551020408163267,0.9183673469387755,1.0408163265306123,0.16326530612244897,1.2040816326530612,1.3673469387755102,1.0816326530612246,0.5306122448979592,0.061224489795918366,0.5510204081632653,1.0204081632653061,5.530612244897959,-0.6938775510204082,93.0,240.0,40.0,135.0,45.0,51.0,8.0,59.0,67.0,53.0,26.0,3.0,27.0,50.0,271.0,-34.0,49,1006.4489795918367,49316.0
1610612766,201196,Ramon Sessions,2.0350877192982457,5.4035087719298245,0.3684210526315789,1.1754385964912282,1.9824561403508771,2.6140350877192984,0.22807017543859648,1.368421052631579,1.5964912280701755,2.6491228070175437,0.543859649122807,0.05263157894736842,1.0,1.0,6.421052631578948,-2.3508771929824563,116.0,308.0,21.0,67.0,113.0,149.0,13.0,78.0,91.0,151.0,31.0,3.0,57.0,57.0,366.0,-134.0,57,1010.7368421052631,57612.0
