TEAM_ID,PLAYER_ID,PLAYER_NAME,avg(FGM),avg(FGA),avg(FG3M),avg(FG3A),avg(FTM),avg(FTA),avg(OREB),avg(DREB),avg(REB),avg(AST),avg(STL),avg(BLK),avg(TO),avg(PF),avg(PTS),avg(PLUS_MINUS),sum(FGM),sum(FGA),sum(FG3M),sum(FG3A),sum(FTM),sum(FTA),sum(OREB),sum(DREB),sum(REB),sum(AST),sum(STL),sum(BLK),sum(TO),sum(PF),sum(PTS),sum(PLUS_MINUS),sum(ifminute),avg(seconds),sum(seconds)
1610612757,203081,Damian Lillard,8.694117647058823,19.51764705882353,2.776470588235294,7.552941176470588,6.341176470588235,7.047058823529412,0.611764705882353,4.117647058823529,4.729411764705882,5.576470588235294,0.8941176470588236,0.27058823529411763,2.6588235294117646,2.0352941176470587,26.50588235294118,0.058823529411764705,739.0,1659.0,236.0,642.0,539.0,599.0,52.0,350.0,402.0,474.0,76.0,23.0,226.0,173.0,2253.0,5.0,85,2115.3764705882354,179807.0
1610612757,203105,Festus Ezeli,"","","","","","","","","","","","","","","","","","","","","","","","","","","","","","","","",0,"",""
