TEAM_ID,PLAYER_ID,PLAYER_NAME,avg(FGM),avg(FGA),avg(FG3M),avg(FG3A),avg(FTM),avg(FTA),avg(OREB),avg(DREB),avg(REB),avg(AST),avg(STL),avg(BLK),avg(TO),avg(PF),avg(PTS),avg(PLUS_MINUS),sum(FGM),sum(FGA),sum(FG3M),sum(FG3A),sum(FTM),sum(FTA),sum(OREB),sum(DREB),sum(REB),sum(AST),sum(STL),sum(BLK),sum(TO),sum(PF),sum(PTS),sum(PLUS_MINUS),sum(ifminute),avg(seconds),sum(seconds)
1610612763,202718,Chandler Parsons,2.272727272727273,6.545454545454546,0.5454545454545454,2.727272727272727,0.45454545454545453,0.5454545454545454,0.18181818181818182,2.090909090909091,2.272727272727273,1.2727272727272727,0.5454545454545454,0.18181818181818182,0.7272727272727273,0.7272727272727273,5.545454545454546,0.7272727272727273,25.0,72.0,6.0,30.0,5.0,6.0,2.0,23.0,25.0,14.0,6.0,2.0,8.0,8.0,61.0,8.0,11,1091.909090909091,12011.0
1610612761,203512,Lucas Nogueira,1.2962962962962963,1.9259259259259258,0.037037037037037035,0.09259259259259259,0.5,0.7222222222222222,1.0740740740740742,2.0925925925925926,3.1666666666666665,0.5740740740740741,0.6481481481481481,1.0740740740740742,0.5370370370370371,1.6851851851851851,3.1296296296296298,4.462962962962963,70.0,104.0,2.0,5.0,27.0,39.0,58.0,113.0,171.0,31.0,35.0,58.0,29.0,91.0,169.0,241.0,54,792.9629629629629,42820.0
1610612743,1626253,Axel Toupane,1.2727272727272727,3.5,0.5909090909090909,1.9545454545454546,0.8181818181818182,1.0454545454545454,0.36363636363636365,1.3636363636363635,1.7272727272727273,0.8181818181818182,0.3181818181818182,0.2727272727272727,0.3181818181818182,1.9090909090909092,3.9545454545454546,-1.2272727272727273,28.0,77.0,13.0,43.0,18.0,23.0,8.0,30.0,38.0,18.0,7.0,6.0,7.0,42.0,87.0,-27.0,22,883.8181818181819,19444.0
