PLAYER_ID,PLAYER_NAME,avg(FGM),avg(FGA),avg(FG3M),avg(FG3A),avg(FTM),avg(FTA),avg(OREB),avg(DREB),avg(REB),avg(AST),avg(STL),avg(BLK),avg(TO),avg(PF),avg(PTS),avg(PLUS_MINUS),sum(FGM),sum(FGA),sum(FG3M),sum(FG3A),sum(FTM),sum(FTA),sum(OREB),sum(DREB),sum(REB),sum(AST),sum(STL),sum(BLK),sum(TO),sum(PF),sum(PTS),sum(PLUS_MINUS),sum(ifminute),avg(seconds),sum(seconds)
203506,Victor Oladipo,6.871794871794871,16.17948717948718,2.1538461538461537,6.076923076923077,2.923076923076923,3.923076923076923,0.5641025641025641,4.9743589743589745,5.538461538461538,5.0,1.5897435897435896,0.3076923076923077,2.41025641025641,1.9743589743589745,18.82051282051282,2.948717948717949,268.0,631.0,84.0,237.0,114.0,153.0,22.0,194.0,216.0,195.0,62.0,12.0,94.0,77.0,734.0,115.0,39,1890.6666666666667,73736.0
1629232,Kaiser Gates,1.0,1.0,1.0,1.0,0.0,0.0,1.0,0.0,1.0,0.0,0.0,0.0,0.0,0.0,3.0,1.0,1.0,1.0,1.0,1.0,0.0,0.0,1.0,0.0,1.0,0.0,0.0,0.0,0.0,0.0,3.0,1.0,1,88.0,88.0
