PLAYER_ID,PLAYER_NAME,avg(FGM),avg(FGA),avg(FG3M),avg(FG3A),avg(FTM),avg(FTA),avg(OREB),avg(DREB),avg(REB),avg(AST),avg(STL),avg(BLK),avg(TO),avg(PF),avg(PTS),avg(PLUS_MINUS),sum(FGM),sum(FGA),sum(FG3M),sum(FG3A),sum(FTM),sum(FTA),sum(OREB),sum(DREB),sum(REB),sum(AST),sum(STL),sum(BLK),sum(TO),sum(PF),sum(PTS),sum(PLUS_MINUS),sum(ifminute),avg(seconds),sum(seconds)
1627745,Damian Jones,1.7659574468085106,2.574468085106383,0.0,0.0,0.8085106382978723,1.3617021276595744,0.8936170212765957,1.574468085106383,2.4680851063829787,0.851063829787234,0.40425531914893614,0.6808510638297872,0.6170212765957447,1.9787234042553192,4.340425531914893,0.425531914893617,83.0,121.0,0.0,0.0,38.0,64.0,42.0,74.0,116.0,40.0,19.0,32.0,29.0,93.0,204.0,20.0,47,762.7446808510638,35849.0
