PLAYER_ID,PLAYER_NAME,avg(FGM),avg(FGA),avg(FG3M),avg(FG3A),avg(FTM),avg(FTA),avg(OREB),avg(DREB),avg(REB),avg(AST),avg(STL),avg(BLK),avg(TO),avg(PF),avg(PTS),avg(PLUS_MINUS),sum(FGM),sum(FGA),sum(FG3M),sum(FG3A),sum(FTM),sum(FTA),sum(OREB),sum(DREB),sum(REB),sum(AST),sum(STL),sum(BLK),sum(TO),sum(PF),sum(PTS),sum(PLUS_MINUS),sum(ifminute),avg(seconds),sum(seconds)
200765,Rajon Rondo,3.62,8.92,1.1,2.94,0.46,0.72,0.78,4.42,5.2,8.04,1.24,0.14,2.8,2.18,8.8,-4.76,181.0,446.0,55.0,147.0,23.0,36.0,39.0,221.0,260.0,402.0,62.0,7.0,140.0,109.0,440.0,-238.0,50,1750.54,87527.0
202688,Brandon Knight,2.5384615384615383,6.666666666666667,1.0512820512820513,3.3076923076923075,0.6923076923076923,0.8717948717948718,0.2564102564102564,1.2564102564102564,1.5128205128205128,1.8205128205128205,0.5384615384615384,0.05128205128205128,0.7692307692307693,1.5897435897435896,6.82051282051282,-4.871794871794871,99.0,260.0,41.0,129.0,27.0,34.0,10.0,49.0,59.0,71.0,21.0,2.0,30.0,62.0,266.0,-190.0,39,1133.1538461538462,44193.0
1629245,Nuni Omot,2.0,2.0,1.0,1.0,0.0,0.0,1.0,0.0,1.0,0.0,0.0,0.0,2.0,3.0,5.0,4.0,2.0,2.0,1.0,1.0,0.0,0.0,1.0,0.0,1.0,0.0,0.0,0.0,2.0,3.0,5.0,4.0,1,500.0,500.0
