PLAYER_ID,PLAYER_NAME,avg(FGM),avg(FGA),avg(FG3M),avg(FG3A),avg(FTM),avg(FTA),avg(OREB),avg(DREB),avg(REB),avg(AST),avg(STL),avg(BLK),avg(TO),avg(PF),avg(PTS),avg(PLUS_MINUS),sum(FGM),sum(FGA),sum(FG3M),sum(FG3A),sum(FTM),sum(FTA),sum(OREB),sum(DREB),sum(REB),sum(AST),sum(STL),sum(BLK),sum(TO),sum(PF),sum(PTS),sum(PLUS_MINUS),sum(ifminute),avg(seconds),sum(seconds)
202498,Lance Thomas,1.803921568627451,4.411764705882353,0.49019607843137253,1.6666666666666667,0.5686274509803921,0.7647058823529411,0.45098039215686275,2.0392156862745097,2.4901960784313726,0.5882352941176471,0.4117647058823529,0.19607843137254902,0.5098039215686274,1.8235294117647058,4.666666666666667,-3.5686274509803924,92.0,225.0,25.0,85.0,29.0,39.0,23.0,104.0,127.0,30.0,21.0,10.0,26.0,93.0,238.0,-182.0,51,1033.9607843137255,52732.0
2199,Tyson Chandler,1.1016949152542372,1.7627118644067796,0.0,0.01694915254237288,0.9322033898305084,1.5423728813559323,1.576271186440678,3.864406779661017,5.440677966101695,0.7796610169491526,0.3898305084745763,0.3898305084745763,0.7627118644067796,1.8983050847457628,3.135593220338983,-0.9152542372881356,65.0,104.0,0.0,1.0,55.0,91.0,93.0,228.0,321.0,46.0,23.0,23.0,45.0,112.0,185.0,-54.0,59,937.2033898305085,55295.0
203093,Terrence Jones,0.5,2.0,0.0,1.0,0.0,0.5,0.0,2.0,2.0,0.0,0.0,0.0,0.5,0.5,1.0,-6.0,1.0,4.0,0.0,2.0,0.0,1.0,0.0,4.0,4.0,0.0,0.0,0.0,1.0,1.0,2.0,-12.0,2,153.0,306.0
1627753,Zhou Qi,1.0,1.0,0.0,0.0,0.0,0.0,0.0,0.0,0.0,0.0,0.0,0.0,0.0,0.0,2.0,-2.0,1.0,1.0,0.0,0.0,0.0,0.0,0.0,0.0,0.0,0.0,0.0,0.0,0.0,0.0,2.0,-2.0,1,57.0,57.0
1629186,Tiwian Kendley,0.0,1.0,0.0,1.0,0.0,0.0,0.0,0.0,0.0,0.0,0.0,0.0,1.0,2.0,0.0,0.0,0.0,1.0,0.0,1.0,0.0,0.0,0.0,0.0,0.0,0.0,0.0,0.0,1.0,2.0,0.0,0.0,1,240.0,240.0
