PLAYER_ID,PLAYER_NAME,avg(FGM),avg(FGA),avg(FG3M),avg(FG3A),avg(FTM),avg(FTA),avg(OREB),avg(DREB),avg(REB),avg(AST),avg(STL),avg(BLK),avg(TO),avg(PF),avg(PTS),avg(PLUS_MINUS),sum(FGM),sum(FGA),sum(FG3M),sum(FG3A),sum(FTM),sum(FTA),sum(OREB),sum(DREB),sum(REB),sum(AST),sum(STL),sum(BLK),sum(TO),sum(PF),sum(PTS),sum(PLUS_MINUS),sum(ifminute),avg(seconds),sum(seconds)
203920,Khem Birch,1.5849056603773586,2.849056603773585,0.0,0.018867924528301886,0.9433962264150944,1.3773584905660377,1.4528301886792452,2.509433962264151,3.9622641509433962,0.8113207547169812,0.41509433962264153,0.4528301886792453,0.5094339622641509,1.320754716981132,4.113207547169812,0.11320754716981132,84.0,151.0,0.0,1.0,50.0,73.0,77.0,133.0,210.0,43.0,22.0,24.0,27.0,70.0,218.0,6.0,53,795.5094339622641,42162.0
1629022,Lonnie Walker IV,3.0,3.0,0.0,0.0,0.0,0.0,0.0,0.0,0.0,1.0,0.0,0.0,1.0,1.0,6.0,14.0,3.0,3.0,0.0,0.0,0.0,0.0,0.0,0.0,0.0,1.0,0.0,0.0,1.0,1.0,6.0,14.0,1,311.0,311.0
1628424,Kobi Simmons,2.6296296296296298,6.296296296296297,0.3333333333333333,1.1481481481481481,0.8518518518518519,0.8518518518518519,0.4074074074074074,0.8518518518518519,1.2592592592592593,2.259259259259259,0.48148148148148145,0.07407407407407407,1.7037037037037037,1.7777777777777777,6.444444444444445,-8.88888888888889,71.0,170.0,9.0,31.0,23.0,23.0,11.0,23.0,34.0,61.0,13.0,2.0,46.0,48.0,174.0,-240.0,27,1189.888888888889,32127.0
201177,Josh McRoberts,0.0,0.5,0.0,0.5,0.0,0.0,0.0,0.0,0.0,0.0,0.0,0.0,0.0,1.0,0.0,0.0,0.0,1.0,0.0,1.0,0.0,0.0,0.0,0.0,0.0,0.0,0.0,0.0,0.0,2.0,0.0,0.0,2,172.5,345.0
