PLAYER_ID,PLAYER_NAME,avg(FGM),avg(FGA),avg(FG3M),avg(FG3A),avg(FTM),avg(FTA),avg(OREB),avg(DREB),avg(REB),avg(AST),avg(STL),avg(BLK),avg(TO),avg(PF),avg(PTS),avg(PLUS_MINUS),sum(FGM),sum(FGA),sum(FG3M),sum(FG3A),sum(FTM),sum(FTA),sum(OREB),sum(DREB),sum(REB),sum(AST),sum(STL),sum(BLK),sum(TO),sum(PF),sum(PTS),sum(PLUS_MINUS),sum(ifminute),avg(seconds),sum(seconds)
203487,Michael Carter-Williams,1.8888888888888888,4.444444444444445,0.3333333333333333,1.2444444444444445,1.2222222222222223,1.7333333333333334,0.5111111111111111,1.4444444444444444,1.9555555555555555,1.8666666666666667,0.8,0.4444444444444444,0.6666666666666666,1.8222222222222222,5.333333333333333,-0.6666666666666666,85.0,200.0,15.0,56.0,55.0,78.0,23.0,65.0,88.0,84.0,36.0,20.0,30.0,82.0,240.0,-30.0,45,829.3111111111111,37319.0
202720,Jon Leuer,1.7619047619047619,2.857142857142857,0.0,0.3333333333333333,0.6190476190476191,0.8095238095238095,0.5714285714285714,1.4761904761904763,2.0476190476190474,0.3333333333333333,0.2857142857142857,0.09523809523809523,0.5238095238095238,1.1904761904761905,4.142857142857143,-1.9523809523809523,37.0,60.0,0.0,7.0,13.0,17.0,12.0,31.0,43.0,7.0,6.0,2.0,11.0,25.0,87.0,-41.0,21,575.8571428571429,12093.0
1628070,Jordan Loyd,1.2857142857142858,2.7142857142857144,0.42857142857142855,0.8571428571428571,1.2857142857142858,1.2857142857142858,0.2857142857142857,1.2857142857142858,1.5714285714285714,0.42857142857142855,0.2857142857142857,0.0,0.42857142857142855,0.7142857142857143,4.285714285714286,2.2857142857142856,9.0,19.0,3.0,6.0,9.0,9.0,2.0,9.0,11.0,3.0,2.0,0.0,3.0,5.0,30.0,16.0,7,535.5714285714286,3749.0
1627817,Tim Quarterman,0.3333333333333333,1.0,0.0,0.6666666666666666,0.6666666666666666,0.6666666666666666,0.0,1.0,1.0,0.3333333333333333,0.0,0.0,0.6666666666666666,0.3333333333333333,1.3333333333333333,-3.3333333333333335,1.0,3.0,0.0,2.0,2.0,2.0,0.0,3.0,3.0,1.0,0.0,0.0,2.0,1.0,4.0,-10.0,3,255.0,765.0
