PLAYER_ID,PLAYER_NAME,avg(FGM),avg(FGA),avg(FG3M),avg(FG3A),avg(FTM),avg(FTA),avg(OREB),avg(DREB),avg(REB),avg(AST),avg(STL),avg(BLK),avg(TO),avg(PF),avg(PTS),avg(PLUS_MINUS),sum(FGM),sum(FGA),sum(FG3M),sum(FG3A),sum(FTM),sum(FTA),sum(OREB),sum(DREB),sum(REB),sum(AST),sum(STL),sum(BLK),sum(TO),sum(PF),sum(PTS),sum(PLUS_MINUS),sum(ifminute),avg(seconds),sum(seconds)
202339,Eric Bledsoe,5.833333333333333,12.302083333333334,1.53125,4.791666666666667,2.25,3.0416666666666665,1.125,3.4270833333333335,4.552083333333333,5.28125,1.40625,0.3645833333333333,2.125,1.9583333333333333,15.447916666666666,7.28125,560.0,1181.0,147.0,460.0,216.0,292.0,108.0,329.0,437.0,507.0,135.0,35.0,204.0,188.0,1483.0,699.0,96,1726.5729166666667,165751.0
203471,Dennis Schroder,5.715909090909091,13.806818181818182,1.5340909090909092,4.465909090909091,2.4204545454545454,3.0,0.48863636363636365,3.1136363636363638,3.602272727272727,4.113636363636363,0.8068181818181818,0.14772727272727273,2.147727272727273,2.375,15.386363636363637,2.25,503.0,1215.0,135.0,393.0,213.0,264.0,43.0,274.0,317.0,362.0,71.0,13.0,189.0,209.0,1354.0,198.0,88,1746.8522727272727,153723.0
1627789,Timothe Luwawu-Cabarrot,1.6981132075471699,4.509433962264151,0.7169811320754716,2.4339622641509435,0.6415094339622641,0.8490566037735849,0.22641509433962265,1.7547169811320755,1.9811320754716981,0.5471698113207547,0.39622641509433965,0.1509433962264151,0.5094339622641509,1.5849056603773586,4.754716981132075,-4.056603773584905,90.0,239.0,38.0,129.0,34.0,45.0,12.0,93.0,105.0,29.0,21.0,8.0,27.0,84.0,252.0,-215.0,53,818.9056603773585,43402.0
201563,Michael Beasley,2.625,5.5,0.125,0.65625,1.03125,1.46875,0.4375,1.75,2.1875,1.0625,0.40625,0.4375,1.1875,1.875,6.40625,-2.28125,84.0,176.0,4.0,21.0,33.0,47.0,14.0,56.0,70.0,34.0,13.0,14.0,38.0,60.0,205.0,-73.0,32,663.03125,21217.0
202705,MarShon Brooks,2.6666666666666665,5.818181818181818,0.5454545454545454,1.878787878787879,0.7878787878787878,1.121212121212121,0.3939393939393939,1.2121212121212122,1.606060606060606,0.8787878787878788,0.3333333333333333,0.12121212121212122,0.9090909090909091,1.1515151515151516,6.666666666666667,-1.0,88.0,192.0,18.0,62.0,26.0,37.0,13.0,40.0,53.0,29.0,11.0,4.0,30.0,38.0,220.0,-33.0,33,798.3636363636364,26346.0
1628462,Milos Teodosic,1.0625,2.75,0.625,1.8125,0.25,0.4375,0.1875,0.8125,1.0,2.0625,0.1875,0.0625,1.375,1.75,3.0,1.5625,17.0,44.0,10.0,29.0,4.0,7.0,3.0,13.0,16.0,33.0,3.0,1.0,22.0,28.0,48.0,25.0,16,619.5625,9913.0
