PLAYER_ID,PLAYER_NAME,avg(FGM),avg(FGA),avg(FG3M),avg(FG3A),avg(FTM),avg(FTA),avg(OREB),avg(DREB),avg(REB),avg(AST),avg(STL),avg(BLK),avg(TO),avg(PF),avg(PTS),avg(PLUS_MINUS),sum(FGM),sum(FGA),sum(FG3M),sum(FG3A),sum(FTM),sum(FTA),sum(OREB),sum(DREB),sum(REB),sum(AST),sum(STL),sum(BLK),sum(TO),sum(PF),sum(PTS),sum(PLUS_MINUS),sum(ifminute),avg(seconds),sum(seconds)
1627759,Jaylen Brown,4.942528735632184,10.597701149425287,1.2873563218390804,3.8275862068965516,1.839080459770115,2.7241379310344827,0.8850574712643678,3.5057471264367814,4.390804597701149,1.3218390804597702,0.8735632183908046,0.40229885057471265,1.3793103448275863,2.6551724137931036,13.011494252873563,-0.09195402298850575,430.0,922.0,112.0,333.0,160.0,237.0,77.0,305.0,382.0,115.0,76.0,35.0,120.0,231.0,1132.0,-8.0,87,1566.83908045977,136315.0
1629151,Ryan Broekhoff,1.3777777777777778,3.066666666666667,0.9333333333333333,2.2666666666666666,0.4666666666666667,0.5777777777777777,0.2222222222222222,1.3111111111111111,1.5333333333333334,0.5333333333333333,0.17777777777777778,0.08888888888888889,0.4,0.8888888888888888,4.155555555555556,1.0,62.0,138.0,42.0,102.0,21.0,26.0,10.0,59.0,69.0,24.0,8.0,4.0,18.0,40.0,187.0,45.0,45,671.7333333333333,30228.0
