PLAYER_ID,PLAYER_NAME,avg(FGM),avg(FGA),avg(FG3M),avg(FG3A),avg(FTM),avg(FTA),avg(OREB),avg(DREB),avg(REB),avg(AST),avg(STL),avg(BLK),avg(TO),avg(PF),avg(PTS),avg(PLUS_MINUS),sum(FGM),sum(FGA),sum(FG3M),sum(FG3A),sum(FTM),sum(FTA),sum(OREB),sum(DREB),sum(REB),sum(AST),sum(STL),sum(BLK),sum(TO),sum(PF),sum(PTS),sum(PLUS_MINUS),sum(ifminute),avg(seconds),sum(seconds)
203932,Aaron Gordon,5.955882352941177,14.470588235294118,1.6029411764705883,5.117647058823529,2.0,3.1176470588235294,1.7058823529411764,5.985294117647059,7.6911764705882355,2.8823529411764706,0.9264705882352942,0.7205882352941176,1.8970588235294117,2.2205882352941178,15.514705882352942,-0.5588235294117647,405.0,984.0,109.0,348.0,136.0,212.0,116.0,407.0,523.0,196.0,63.0,49.0,129.0,151.0,1055.0,-38.0,68,1956.1029411764705,133015.0
201566,Russell Westbrook,9.285714285714286,20.805194805194805,1.1428571428571428,4.103896103896104,4.597402597402597,6.3896103896103895,1.7662337662337662,8.883116883116884,10.64935064935065,10.103896103896103,2.051948051948052,0.2597402597402597,4.896103896103896,2.935064935064935,24.31168831168831,4.883116883116883,715.0,1602.0,88.0,316.0,354.0,492.0,136.0,684.0,820.0,778.0,158.0,20.0,377.0,226.0,1872.0,376.0,77,2159.4545454545455,166278.0
202918,Xavier Silas,0.0,2.25,0.0,1.5,0.0,0.0,0.5,0.5,1.0,0.25,0.25,0.0,0.25,1.25,0.0,-2.25,0.0,9.0,0.0,6.0,0.0,0.0,2.0,2.0,4.0,1.0,1.0,0.0,1.0,5.0,0.0,-9.0,4,334.5,1338.0
2749,Jameer Nelson,1.6666666666666667,4.944444444444445,0.6111111111111112,2.4444444444444446,0.16666666666666666,0.16666666666666666,0.3333333333333333,1.1666666666666667,1.5,3.0,0.2777777777777778,0.05555555555555555,1.0555555555555556,1.3888888888888888,4.111111111111111,-3.7777777777777777,30.0,89.0,11.0,44.0,3.0,3.0,6.0,21.0,27.0,54.0,5.0,1.0,19.0,25.0,74.0,-68.0,18,881.0555555555555,15859.0
203104,Marquis Teague,1.3333333333333333,5.333333333333333,0.3333333333333333,1.3333333333333333,0.6666666666666666,1.6666666666666667,0.3333333333333333,1.6666666666666667,2.0,4.333333333333333,1.3333333333333333,0.0,1.0,1.6666666666666667,3.6666666666666665,-8.0,4.0,16.0,1.0,4.0,2.0,5.0,1.0,5.0,6.0,13.0,4.0,0.0,3.0,5.0,11.0,-24.0,3,1475.6666666666667,4427.0
