PLAYER_ID,PLAYER_NAME,avg(FGM),avg(FGA),avg(FG3M),avg(FG3A),avg(FTM),avg(FTA),avg(OREB),avg(DREB),avg(REB),avg(AST),avg(STL),avg(BLK),avg(TO),avg(PF),avg(PTS),avg(PLUS_MINUS),sum(FGM),sum(FGA),sum(FG3M),sum(FG3A),sum(FTM),sum(FTA),sum(OREB),sum(DREB),sum(REB),sum(AST),sum(STL),sum(BLK),sum(TO),sum(PF),sum(PTS),sum(PLUS_MINUS),sum(ifminute),avg(seconds),sum(seconds)
1628411,Wes Iwundu,1.6493506493506493,4.012987012987013,0.42857142857142855,1.1948051948051948,1.2727272727272727,1.5454545454545454,0.5064935064935064,2.0779220779220777,2.5844155844155843,1.0389610389610389,0.4155844155844156,0.2987012987012987,0.6233766233766234,1.7272727272727273,5.0,0.5064935064935064,127.0,309.0,33.0,92.0,98.0,119.0,39.0,160.0,199.0,80.0,32.0,23.0,48.0,133.0,385.0,39.0,77,1066.7402597402597,82139.0
1628505,Troy Caupain,0.8333333333333334,1.8333333333333333,0.3333333333333333,0.6666666666666666,0.6666666666666666,0.6666666666666666,0.5,0.5,1.0,0.8333333333333334,0.16666666666666666,0.0,0.0,0.16666666666666666,2.6666666666666665,0.6666666666666666,5.0,11.0,2.0,4.0,4.0,4.0,3.0,3.0,6.0,5.0,1.0,0.0,0.0,1.0,16.0,4.0,6,294.3333333333333,1766.0
1629150,Emanuel Terry,1.25,2.25,0.0,0.0,0.5,1.25,0.75,1.5,2.25,0.5,1.0,0.0,0.5,1.0,3.0,-0.5,5.0,9.0,0.0,0.0,2.0,5.0,3.0,6.0,9.0,2.0,4.0,0.0,2.0,4.0,12.0,-2.0,4,434.75,1739.0
