PLAYER_ID,PLAYER_NAME,avg(FGM),avg(FGA),avg(FG3M),avg(FG3A),avg(FTM),avg(FTA),avg(OREB),avg(DREB),avg(REB),avg(AST),avg(STL),avg(BLK),avg(TO),avg(PF),avg(PTS),avg(PLUS_MINUS),sum(FGM),sum(FGA),sum(FG3M),sum(FG3A),sum(FTM),sum(FTA),sum(OREB),sum(DREB),sum(REB),sum(AST),sum(STL),sum(BLK),sum(TO),sum(PF),sum(PTS),sum(PLUS_MINUS),sum(ifminute),avg(seconds),sum(seconds)
1627734,Domantas Sabonis,5.487804878048781,9.560975609756097,0.13414634146341464,0.2804878048780488,2.768292682926829,3.902439024390244,2.5609756097560976,6.780487804878049,9.341463414634147,2.902439024390244,0.6463414634146342,0.4024390243902439,2.158536585365854,3.182926829268293,13.878048780487806,2.1707317073170733,450.0,784.0,11.0,23.0,227.0,320.0,210.0,556.0,766.0,238.0,53.0,33.0,177.0,261.0,1138.0,178.0,82,1482.8658536585365,121595.0
201580,JaVale McGee,5.234567901234568,8.382716049382717,0.024691358024691357,0.1728395061728395,1.345679012345679,2.0864197530864197,2.45679012345679,5.0,7.45679012345679,0.7037037037037037,0.6172839506172839,1.9382716049382716,1.5308641975308641,2.7777777777777777,11.839506172839506,-1.7037037037037037,424.0,679.0,2.0,14.0,109.0,169.0,199.0,405.0,604.0,57.0,50.0,157.0,124.0,225.0,959.0,-138.0,81,1326.3456790123457,107434.0
1626144,Emmanuel Mudiay,5.203125,11.875,1.078125,3.328125,2.3125,3.0,0.546875,2.71875,3.265625,3.859375,0.75,0.296875,2.28125,1.71875,13.796875,-5.25,333.0,760.0,69.0,213.0,148.0,192.0,35.0,174.0,209.0,247.0,48.0,19.0,146.0,110.0,883.0,-336.0,64,1574.09375,100742.0
101127,Jarrett Jack,1.0,3.3333333333333335,0.0,0.6666666666666666,1.3333333333333333,1.3333333333333333,0.3333333333333333,0.6666666666666666,1.0,2.0,0.0,0.0,1.3333333333333333,1.0,3.3333333333333335,-11.0,3.0,10.0,0.0,2.0,4.0,4.0,1.0,2.0,3.0,6.0,0.0,0.0,4.0,3.0,10.0,-33.0,3,710.0,2130.0
