PLAYER_ID,PLAYER_NAME,avg(FGM),avg(FGA),avg(FG3M),avg(FG3A),avg(FTM),avg(FTA),avg(OREB),avg(DREB),avg(REB),avg(AST),avg(STL),avg(BLK),avg(TO),avg(PF),avg(PTS),avg(PLUS_MINUS),sum(FGM),sum(FGA),sum(FG3M),sum(FG3A),sum(FTM),sum(FTA),sum(OREB),sum(DREB),sum(REB),sum(AST),sum(STL),sum(BLK),sum(TO),sum(PF),sum(PTS),sum(PLUS_MINUS),sum(ifminute),avg(seconds),sum(seconds)
1626196,Josh Richardson,5.802631578947368,13.947368421052632,2.236842105263158,6.2368421052631575,2.776315789473684,3.223684210526316,0.7236842105263158,2.8552631578947367,3.5789473684210527,4.026315789473684,1.0657894736842106,0.47368421052631576,1.5657894736842106,2.736842105263158,16.61842105263158,1.4473684210526316,441.0,1060.0,170.0,474.0,211.0,245.0,55.0,217.0,272.0,306.0,81.0,36.0,119.0,208.0,1263.0,110.0,76,2072.815789473684,157534.0
201950,Jrue Holiday,8.028169014084508,16.859154929577464,1.7605633802816902,5.323943661971831,2.9577464788732395,3.8450704225352115,1.0985915492957747,3.7464788732394365,4.845070422535211,7.549295774647887,1.6056338028169015,0.7746478873239436,3.0985915492957745,2.183098591549296,20.774647887323944,3.4788732394366195,570.0,1197.0,125.0,378.0,210.0,273.0,78.0,266.0,344.0,536.0,114.0,55.0,220.0,155.0,1475.0,247.0,71,2103.042253521127,149316.0
