PLAYER_ID,PLAYER_NAME,avg(FGM),avg(FGA),avg(FG3M),avg(FG3A),avg(FTM),avg(FTA),avg(OREB),avg(DREB),avg(REB),avg(AST),avg(STL),avg(BLK),avg(TO),avg(PF),avg(PTS),avg(PLUS_MINUS),sum(FGM),sum(FGA),sum(FG3M),sum(FG3A),sum(FTM),sum(FTA),sum(OREB),sum(DREB),sum(REB),sum(AST),sum(STL),sum(BLK),sum(TO),sum(PF),sum(PTS),sum(PLUS_MINUS),sum(ifminute),avg(seconds),sum(seconds)
1628400,Semi Ojeleye,1.0,2.823529411764706,0.5058823529411764,1.7294117647058824,0.35294117647058826,0.5176470588235295,0.4235294117647059,1.6705882352941177,2.0941176470588236,0.25882352941176473,0.2235294117647059,0.058823529411764705,0.32941176470588235,1.223529411764706,2.8588235294117648,-1.576470588235294,85.0,240.0,43.0,147.0,30.0,44.0,36.0,142.0,178.0,22.0,19.0,5.0,28.0,104.0,243.0,-134.0,85,876.5176470588235,74504.0
1627742,Brandon Ingram,6.052631578947368,12.403508771929825,0.7192982456140351,1.9473684210526316,3.280701754385965,4.859649122807017,0.7719298245614035,4.0,4.771929824561403,3.3157894736842106,0.6666666666666666,0.6842105263157895,2.3859649122807016,2.491228070175439,16.105263157894736,2.0701754385964914,345.0,707.0,41.0,111.0,187.0,277.0,44.0,228.0,272.0,189.0,38.0,39.0,136.0,142.0,918.0,118.0,57,1845.5263157894738,105195.0
1628469,Antonio Blakeney,3.380952380952381,8.261904761904763,0.8809523809523809,2.3333333333333335,1.4761904761904763,1.9047619047619047,0.16666666666666666,1.9761904761904763,2.142857142857143,1.0,0.35714285714285715,0.14285714285714285,0.6666666666666666,0.9047619047619048,9.119047619047619,-1.0952380952380953,142.0,347.0,37.0,98.0,62.0,80.0,7.0,83.0,90.0,42.0,15.0,6.0,28.0,38.0,383.0,-46.0,42,1007.547619047619,42317.0
1627740,Henry Ellenson,1.5517241379310345,4.241379310344827,0.5172413793103449,1.6896551724137931,0.9655172413793104,1.1724137931034482,0.3793103448275862,2.206896551724138,2.586206896551724,0.6896551724137931,0.06896551724137931,0.0,0.3793103448275862,0.8275862068965517,4.586206896551724,-1.8620689655172413,45.0,123.0,15.0,49.0,28.0,34.0,11.0,64.0,75.0,20.0,2.0,0.0,11.0,24.0,133.0,-54.0,29,636.0,18444.0
