PLAYER_ID,PLAYER_NAME,avg(FGM),avg(FGA),avg(FG3M),avg(FG3A),avg(FTM),avg(FTA),avg(OREB),avg(DREB),avg(REB),avg(AST),avg(STL),avg(BLK),avg(TO),avg(PF),avg(PTS),avg(PLUS_MINUS),sum(FGM),sum(FGA),sum(FG3M),sum(FG3A),sum(FTM),sum(FTA),sum(OREB),sum(DREB),sum(REB),sum(AST),sum(STL),sum(BLK),sum(TO),sum(PF),sum(PTS),sum(PLUS_MINUS),sum(ifminute),avg(seconds),sum(seconds)
1628391,D.J. Wilson,2.0,4.767857142857143,0.8392857142857143,2.357142857142857,0.5,0.875,0.8214285714285714,3.3214285714285716,4.142857142857143,1.0,0.32142857142857145,0.375,0.6964285714285714,1.6428571428571428,5.339285714285714,1.0714285714285714,112.0,267.0,47.0,132.0,28.0,49.0,46.0,186.0,232.0,56.0,18.0,21.0,39.0,92.0,299.0,60.0,56,990.8571428571429,55488.0
203952,Andrew Wiggins,6.623376623376624,16.12987012987013,1.5584415584415585,4.6103896103896105,2.779220779220779,4.012987012987013,1.1428571428571428,3.5844155844155843,4.7272727272727275,2.4025974025974026,0.922077922077922,0.6623376623376623,1.922077922077922,2.116883116883117,17.584415584415584,-1.2727272727272727,510.0,1242.0,120.0,355.0,214.0,309.0,88.0,276.0,364.0,185.0,71.0,51.0,148.0,163.0,1354.0,-98.0,77,2060.2987012987014,158643.0
1628463,Tyler Cavanaugh,0.2857142857142857,0.9285714285714286,0.07142857142857142,0.42857142857142855,0.14285714285714285,0.14285714285714285,0.21428571428571427,0.5,0.7142857142857143,0.07142857142857142,0.07142857142857142,0.0,0.07142857142857142,0.35714285714285715,0.7857142857142857,-3.0,4.0,13.0,1.0,6.0,2.0,2.0,3.0,7.0,10.0,1.0,1.0,0.0,1.0,5.0,11.0,-42.0,14,209.35714285714286,2931.0
202690,Jimmer Fredette,1.3333333333333333,4.833333333333333,0.0,2.1666666666666665,1.0,1.0,0.16666666666666666,1.0,1.1666666666666667,1.3333333333333333,0.5,0.0,0.8333333333333334,0.8333333333333334,3.6666666666666665,-6.333333333333333,8.0,29.0,0.0,13.0,6.0,6.0,1.0,6.0,7.0,8.0,3.0,0.0,5.0,5.0,22.0,-38.0,6,647.6666666666666,3886.0
203078,Bradley Beal,9.162790697674419,19.302325581395348,2.5232558139534884,7.22093023255814,4.348837209302325,5.383720930232558,1.069767441860465,3.895348837209302,4.965116279069767,5.290697674418604,1.4651162790697674,0.7209302325581395,2.63953488372093,2.7674418604651163,25.197674418604652,-0.9767441860465116,788.0,1660.0,217.0,621.0,374.0,463.0,92.0,335.0,427.0,455.0,126.0,62.0,227.0,238.0,2167.0,-84.0,86,2184.4767441860463,187865.0
203805,Will Cherry,"","","","","","","","","","","","","","","","","","","","","","","","","","","","","","","","",0,"",""
