PLAYER_ID,PLAYER_NAME,avg(FGM),avg(FGA),avg(FG3M),avg(FG3A),avg(FTM),avg(FTA),avg(OREB),avg(DREB),avg(REB),avg(AST),avg(STL),avg(BLK),avg(TO),avg(PF),avg(PTS),avg(PLUS_MINUS),sum(FGM),sum(FGA),sum(FG3M),sum(FG3A),sum(FTM),sum(FTA),sum(OREB),sum(DREB),sum(REB),sum(AST),sum(STL),sum(BLK),sum(TO),sum(PF),sum(PTS),sum(PLUS_MINUS),sum(ifminute),avg(seconds),sum(seconds)
1627884,Derrick Jones Jr.,2.186046511627907,4.767441860465116,0.3488372093023256,1.3488372093023255,1.069767441860465,1.697674418604651,1.744186046511628,1.8604651162790697,3.604651162790698,0.5813953488372093,0.6511627906976745,0.6744186046511628,0.6046511627906976,2.0697674418604652,5.790697674418604,-0.11627906976744186,94.0,205.0,15.0,58.0,46.0,73.0,75.0,80.0,155.0,25.0,28.0,29.0,26.0,89.0,249.0,-5.0,43,994.8604651162791,42779.0
