PLAYER_ID,PLAYER_NAME,avg(FGM),avg(FGA),avg(FG3M),avg(FG3A),avg(FTM),avg(FTA),avg(OREB),avg(DREB),avg(REB),avg(AST),avg(STL),avg(BLK),avg(TO),avg(PF),avg(PTS),avg(PLUS_MINUS),sum(FGM),sum(FGA),sum(FG3M),sum(FG3A),sum(FTM),sum(FTA),sum(OREB),sum(DREB),sum(REB),sum(AST),sum(STL),sum(BLK),sum(TO),sum(PF),sum(PTS),sum(PLUS_MINUS),sum(ifminute),avg(seconds),sum(seconds)
1717,Dirk Nowitzki,2.6470588235294117,7.372549019607843,1.2549019607843137,4.019607843137255,0.7647058823529411,0.9803921568627451,0.09803921568627451,3.0,3.0980392156862746,0.6862745098039216,0.17647058823529413,0.35294117647058826,0.35294117647058826,1.4901960784313726,7.313725490196078,-1.2745098039215685,135.0,376.0,64.0,205.0,39.0,50.0,5.0,153.0,158.0,35.0,9.0,18.0,18.0,76.0,373.0,-65.0,51,935.4509803921569,47708.0
1626143,Jahlil Okafor,3.6,6.15,0.016666666666666666,0.08333333333333333,0.9833333333333333,1.4833333333333334,1.4166666666666667,3.3333333333333335,4.75,0.6833333333333333,0.25,0.7,0.9,1.6333333333333333,8.2,-2.1666666666666665,216.0,369.0,1.0,5.0,59.0,89.0,85.0,200.0,285.0,41.0,15.0,42.0,54.0,98.0,492.0,-130.0,60,951.8166666666667,57109.0
1628444,Jabari Bird,"","","","","","","","","","","","","","","","","","","","","","","","","","","","","","","","",0,"",""
