PLAYER_ID,PLAYER_NAME,avg(FGM),avg(FGA),avg(FG3M),avg(FG3A),avg(FTM),avg(FTA),avg(OREB),avg(DREB),avg(REB),avg(AST),avg(STL),avg(BLK),avg(TO),avg(PF),avg(PTS),avg(PLUS_MINUS),sum(FGM),sum(FGA),sum(FG3M),sum(FG3A),sum(FTM),sum(FTA),sum(OREB),sum(DREB),sum(REB),sum(AST),sum(STL),sum(BLK),sum(TO),sum(PF),sum(PTS),sum(PLUS_MINUS),sum(ifminute),avg(seconds),sum(seconds)
2772,Trevor Ariza,3.5454545454545454,9.318181818181818,2.0454545454545454,6.0227272727272725,1.2840909090909092,1.5681818181818181,0.5113636363636364,3.9545454545454546,4.465909090909091,2.215909090909091,1.4204545454545454,0.19318181818181818,1.0568181818181819,2.022727272727273,10.420454545454545,-1.3636363636363635,312.0,820.0,180.0,530.0,113.0,138.0,45.0,348.0,393.0,195.0,125.0,17.0,93.0,178.0,917.0,-120.0,88,1972.6022727272727,173589.0
