PLAYER_ID,PLAYER_NAME,avg(FGM),avg(FGA),avg(FG3M),avg(FG3A),avg(FTM),avg(FTA),avg(OREB),avg(DREB),avg(REB),avg(AST),avg(STL),avg(BLK),avg(TO),avg(PF),avg(PTS),avg(PLUS_MINUS),sum(FGM),sum(FGA),sum(FG3M),sum(FG3A),sum(FTM),sum(FTA),sum(OREB),sum(DREB),sum(REB),sum(AST),sum(STL),sum(BLK),sum(TO),sum(PF),sum(PTS),sum(PLUS_MINUS),sum(ifminute),avg(seconds),sum(seconds)
203082,Terrence Ross,4.775,11.175,2.0,5.225,1.05,1.325,0.325,2.6,2.925,1.425,0.875,0.4,1.1,1.725,12.6,-4.4,191.0,447.0,80.0,209.0,42.0,53.0,13.0,104.0,117.0,57.0,35.0,16.0,44.0,69.0,504.0,-176.0,40,1470.9,58836.0
1629139,Yuta Watanabe,1.1428571428571428,2.142857142857143,0.14285714285714285,0.8571428571428571,0.2857142857142857,0.2857142857142857,0.14285714285714285,1.4285714285714286,1.5714285714285714,0.0,0.14285714285714285,0.5714285714285714,0.42857142857142855,0.14285714285714285,2.7142857142857144,-1.5714285714285714,8.0,15.0,1.0,6.0,2.0,2.0,1.0,10.0,11.0,0.0,1.0,4.0,3.0,1.0,19.0,-11.0,7,507.14285714285717,3550.0
201281,Andre Ingram,4.0,8.5,2.5,4.5,1.5,1.5,0.5,2.5,3.0,3.5,1.5,1.5,1.5,1.5,12.0,10.0,8.0,17.0,5.0,9.0,3.0,3.0,1.0,5.0,6.0,7.0,3.0,3.0,3.0,3.0,24.0,20.0,2,1924.0,3848.0
