PLAYER_ID,PLAYER_NAME,avg(FGM),avg(FGA),avg(FG3M),avg(FG3A),avg(FTM),avg(FTA),avg(OREB),avg(DREB),avg(REB),avg(AST),avg(STL),avg(BLK),avg(TO),avg(PF),avg(PTS),avg(PLUS_MINUS),sum(FGM),sum(FGA),sum(FG3M),sum(FG3A),sum(FTM),sum(FTA),sum(OREB),sum(DREB),sum(REB),sum(AST),sum(STL),sum(BLK),sum(TO),sum(PF),sum(PTS),sum(PLUS_MINUS),sum(ifminute),avg(seconds),sum(seconds)
1627832,Fred VanVleet,3.5952380952380953,8.44047619047619,1.7619047619047619,4.369047619047619,1.25,1.5357142857142858,0.35714285714285715,2.2023809523809526,2.5595238095238093,3.6547619047619047,0.8571428571428571,0.23809523809523808,1.0714285714285714,1.6785714285714286,10.202380952380953,3.5476190476190474,302.0,709.0,148.0,367.0,105.0,129.0,30.0,185.0,215.0,307.0,72.0,20.0,90.0,141.0,857.0,298.0,84,1387.3095238095239,116534.0
203957,Dante Exum,2.564516129032258,5.661290322580645,0.4032258064516129,1.3387096774193548,1.6451612903225807,2.0806451612903225,0.3387096774193548,1.3064516129032258,1.6451612903225807,2.467741935483871,0.3709677419354839,0.12903225806451613,1.2741935483870968,1.6129032258064515,7.17741935483871,0.9354838709677419,159.0,351.0,25.0,83.0,102.0,129.0,21.0,81.0,102.0,153.0,23.0,8.0,79.0,100.0,445.0,58.0,62,945.3064516129032,58609.0
