PLAYER_ID,PLAYER_NAME,avg(FGM),avg(FGA),avg(FG3M),avg(FG3A),avg(FTM),avg(FTA),avg(OREB),avg(DREB),avg(REB),avg(AST),avg(STL),avg(BLK),avg(TO),avg(PF),avg(PTS),avg(PLUS_MINUS),sum(FGM),sum(FGA),sum(FG3M),sum(FG3A),sum(FTM),sum(FTA),sum(OREB),sum(DREB),sum(REB),sum(AST),sum(STL),sum(BLK),sum(TO),sum(PF),sum(PTS),sum(PLUS_MINUS),sum(ifminute),avg(seconds),sum(seconds)
202722,Davis Bertans,2.4204545454545454,5.420454545454546,1.5568181818181819,3.8295454545454546,0.6818181818181818,0.8181818181818182,0.36363636363636365,2.2954545454545454,2.659090909090909,1.1818181818181819,0.4090909090909091,0.375,0.5454545454545454,1.5681818181818181,7.079545454545454,1.9318181818181819,213.0,477.0,137.0,337.0,60.0,72.0,32.0,202.0,234.0,104.0,36.0,33.0,48.0,138.0,623.0,170.0,88,1061.1477272727273,93381.0
1629055,Donte Grantham,"","","","","","","","","","","","","","","","","","","","","","","","","","","","","","","","",0,"",""
1629147,Joe Chealey,1.0,1.0,0.6666666666666666,0.6666666666666666,1.6666666666666667,2.0,0.0,0.3333333333333333,0.3333333333333333,1.0,0.0,0.0,0.6666666666666666,0.6666666666666666,4.333333333333333,1.3333333333333333,3.0,3.0,2.0,2.0,5.0,6.0,0.0,1.0,1.0,3.0,0.0,0.0,2.0,2.0,13.0,4.0,3,373.0,1119.0
