PLAYER_ID,PLAYER_NAME,avg(FGM),avg(FGA),avg(FG3M),avg(FG3A),avg(FTM),avg(FTA),avg(OREB),avg(DREB),avg(REB),avg(AST),avg(STL),avg(BLK),avg(TO),avg(PF),avg(PTS),avg(PLUS_MINUS),sum(FGM),sum(FGA),sum(FG3M),sum(FG3A),sum(FTM),sum(FTA),sum(OREB),sum(DREB),sum(REB),sum(AST),sum(STL),sum(BLK),sum(TO),sum(PF),sum(PTS),sum(PLUS_MINUS),sum(ifminute),avg(seconds),sum(seconds)
2733,Shaun Livingston,1.6666666666666667,3.3,0.0,0.044444444444444446,0.7777777777777778,0.9777777777777777,0.6111111111111112,1.0777777777777777,1.6888888888888889,1.6888888888888889,0.4777777777777778,0.34444444444444444,0.5444444444444444,1.2555555555555555,4.111111111111111,-0.022222222222222223,150.0,297.0,0.0,4.0,70.0,88.0,55.0,97.0,152.0,152.0,43.0,31.0,49.0,113.0,370.0,-2.0,90,892.7555555555556,80348.0
1627885,Shaquille Harrison,2.5,5.828947368421052,0.34210526315789475,1.263157894736842,1.144736842105263,1.7105263157894737,0.4605263157894737,2.5657894736842106,3.026315789473684,1.9210526315789473,1.2105263157894737,0.40789473684210525,0.8947368421052632,1.763157894736842,6.4868421052631575,-4.131578947368421,190.0,443.0,26.0,96.0,87.0,130.0,35.0,195.0,230.0,146.0,92.0,31.0,68.0,134.0,493.0,-314.0,76,1180.8157894736842,89742.0
1626191,Chris McCullough,"","","","","","","","","","","","","","","","","","","","","","","","","","","","","","","","",0,"",""
