PLAYER_ID,PLAYER_NAME,avg(FGM),avg(FGA),avg(FG3M),avg(FG3A),avg(FTM),avg(FTA),avg(OREB),avg(DREB),avg(REB),avg(AST),avg(STL),avg(BLK),avg(TO),avg(PF),avg(PTS),avg(PLUS_MINUS),sum(FGM),sum(FGA),sum(FG3M),sum(FG3A),sum(FTM),sum(FTA),sum(OREB),sum(DREB),sum(REB),sum(AST),sum(STL),sum(BLK),sum(TO),sum(PF),sum(PTS),sum(PLUS_MINUS),sum(ifminute),avg(seconds),sum(seconds)
1627782,Wayne Selden,2.7794117647058822,6.647058823529412,1.0735294117647058,2.8823529411764706,0.9558823529411765,1.2647058823529411,0.47058823529411764,1.0,1.4705882352941178,1.6029411764705883,0.4852941176470588,0.16176470588235295,1.1470588235294117,1.7941176470588236,7.588235294117647,-2.75,189.0,452.0,73.0,196.0,65.0,86.0,32.0,68.0,100.0,109.0,33.0,11.0,78.0,122.0,516.0,-187.0,68,1058.9705882352941,72010.0
1626203,Treveon Graham,1.391304347826087,3.4347826086956523,0.5,1.5,0.5652173913043478,0.8913043478260869,0.7608695652173914,1.3695652173913044,2.130434782608696,1.0,0.6086956521739131,0.06521739130434782,0.4782608695652174,1.7173913043478262,3.847826086956522,-0.6086956521739131,64.0,158.0,23.0,69.0,26.0,41.0,35.0,63.0,98.0,46.0,28.0,3.0,22.0,79.0,177.0,-28.0,46,1030.4130434782608,47399.0
203499,Shane Larkin,1.75,4.416666666666667,0.5555555555555556,1.6388888888888888,0.6111111111111112,0.6666666666666666,0.3333333333333333,1.5555555555555556,1.8888888888888888,2.3055555555555554,0.6666666666666666,0.027777777777777776,0.7777777777777778,1.1666666666666667,4.666666666666667,-0.3333333333333333,63.0,159.0,20.0,59.0,22.0,24.0,12.0,56.0,68.0,83.0,24.0,1.0,28.0,42.0,168.0,-12.0,36,1003.8611111111111,36139.0
203948,Johnny O'Bryant III,1.7142857142857142,4.428571428571429,0.5714285714285714,1.5,0.42857142857142855,0.5,0.6428571428571429,1.8571428571428572,2.5,0.35714285714285715,0.07142857142857142,0.14285714285714285,0.2857142857142857,1.5,4.428571428571429,-1.5,24.0,62.0,8.0,21.0,6.0,7.0,9.0,26.0,35.0,5.0,1.0,2.0,4.0,21.0,62.0,-21.0,14,667.9285714285714,9351.0
