PLAYER_ID,PLAYER_NAME,avg(FGM),avg(FGA),avg(FG3M),avg(FG3A),avg(FTM),avg(FTA),avg(OREB),avg(DREB),avg(REB),avg(AST),avg(STL),avg(BLK),avg(TO),avg(PF),avg(PTS),avg(PLUS_MINUS),sum(FGM),sum(FGA),sum(FG3M),sum(FG3A),sum(FTM),sum(FTA),sum(OREB),sum(DREB),sum(REB),sum(AST),sum(STL),sum(BLK),sum(TO),sum(PF),sum(PTS),sum(PLUS_MINUS),sum(ifminute),avg(seconds),sum(seconds)
1627854,Bryn Forbes,3.466666666666667,7.844444444444444,1.4222222222222223,3.6222222222222222,0.8666666666666667,1.1222222222222222,0.14444444444444443,1.7777777777777777,1.9222222222222223,1.6444444444444444,0.4777777777777778,0.022222222222222223,0.7444444444444445,1.7555555555555555,9.222222222222221,1.2,312.0,706.0,128.0,326.0,78.0,101.0,13.0,160.0,173.0,148.0,43.0,2.0,67.0,158.0,830.0,108.0,90,1324.6222222222223,119216.0
1626210,Alan Williams,1.3333333333333333,3.1666666666666665,0.0,0.0,1.0,1.5,0.5,3.1666666666666665,3.6666666666666665,1.3333333333333333,0.8333333333333334,0.16666666666666666,1.1666666666666667,2.1666666666666665,3.6666666666666665,-0.8333333333333334,8.0,19.0,0.0,0.0,6.0,9.0,3.0,19.0,22.0,8.0,5.0,1.0,7.0,13.0,22.0,-5.0,6,721.6666666666666,4330.0
203382,Aron Baynes,2.393258426966292,5.157303370786517,0.30337078651685395,0.8876404494382022,0.7752808988764045,0.9550561797752809,1.797752808988764,3.50561797752809,5.303370786516854,1.2696629213483146,0.21348314606741572,0.5730337078651685,0.8089887640449438,2.3707865168539324,5.865168539325842,1.101123595505618,213.0,459.0,27.0,79.0,69.0,85.0,160.0,312.0,472.0,113.0,19.0,51.0,72.0,211.0,522.0,98.0,89,1047.9887640449438,93271.0
201609,Goran Dragic,6.303030303030303,13.984848484848484,1.4848484848484849,4.196969696969697,2.8181818181818183,3.5303030303030303,0.6515151515151515,3.0303030303030303,3.6818181818181817,4.893939393939394,0.7575757575757576,0.13636363636363635,2.287878787878788,2.4393939393939394,16.90909090909091,1.9696969696969697,416.0,923.0,98.0,277.0,186.0,233.0,43.0,200.0,243.0,323.0,50.0,9.0,151.0,161.0,1116.0,130.0,66,1834.0454545454545,121047.0
1629190,C.J. Anderson,"","","","","","","","","","","","","","","","","","","","","","","","","","","","","","","","",0,"",""
