PLAYER_ID,PLAYER_NAME,avg(FGM),avg(FGA),avg(FG3M),avg(FG3A),avg(FTM),avg(FTA),avg(OREB),avg(DREB),avg(REB),avg(AST),avg(STL),avg(BLK),avg(TO),avg(PF),avg(PTS),avg(PLUS_MINUS),sum(FGM),sum(FGA),sum(FG3M),sum(FG3A),sum(FTM),sum(FTA),sum(OREB),sum(DREB),sum(REB),sum(AST),sum(STL),sum(BLK),sum(TO),sum(PF),sum(PTS),sum(PLUS_MINUS),sum(ifminute),avg(seconds),sum(seconds)
203101,Miles Plumlee,1.8,3.066666666666667,0.0,0.0,0.5833333333333334,1.2,1.3,2.4,3.7,0.8,0.26666666666666666,0.48333333333333334,0.9833333333333333,1.3,4.183333333333334,-3.4833333333333334,108.0,184.0,0.0,0.0,35.0,72.0,78.0,144.0,222.0,48.0,16.0,29.0,59.0,78.0,251.0,-209.0,60,846.5,50790.0
203991,Clint Capela,6.3,9.93,0.0,0.0,2.02,3.67,3.89,7.52,11.41,1.06,0.72,1.91,1.32,2.44,14.62,2.83,630.0,993.0,0.0,0.0,202.0,367.0,389.0,752.0,1141.0,106.0,72.0,191.0,132.0,244.0,1462.0,283.0,100,1835.05,183505.0
1628402,Frank Jackson,1.8214285714285714,4.607142857142857,0.75,2.0,0.7142857142857143,0.9285714285714286,0.14285714285714285,0.8928571428571429,1.0357142857142858,0.5714285714285714,0.14285714285714285,0.0,0.6071428571428571,1.6785714285714286,5.107142857142857,-1.3214285714285714,51.0,129.0,21.0,56.0,20.0,26.0,4.0,25.0,29.0,16.0,4.0,0.0,17.0,47.0,143.0,-37.0,28,743.9285714285714,20830.0
201160,Jason Smith,1.6,3.4857142857142858,0.2571428571428571,0.8285714285714286,0.9142857142857143,1.1428571428571428,0.7714285714285715,1.6,2.3714285714285714,0.7428571428571429,0.11428571428571428,0.4,0.5714285714285714,1.6,4.371428571428571,-3.1714285714285713,56.0,122.0,9.0,29.0,32.0,40.0,27.0,56.0,83.0,26.0,4.0,14.0,20.0,56.0,153.0,-111.0,35,582.1714285714286,20376.0
1629285,Angel Rodriguez,1.0,2.0,0.0,1.0,3.0,3.0,0.0,0.0,0.0,0.0,1.0,0.0,0.0,0.0,5.0,0.0,1.0,2.0,0.0,1.0,3.0,3.0,0.0,0.0,0.0,0.0,1.0,0.0,0.0,0.0,5.0,0.0,1,402.0,402.0
202730,Lavoy Allen,"","","","","","","","","","","","","","","","","","","","","","","","","","","","","","","","",0,"",""
1629186,Tiwian Kendley,0.0,1.0,0.0,1.0,0.0,0.0,0.0,0.0,0.0,0.0,0.0,0.0,1.0,2.0,0.0,0.0,0.0,1.0,0.0,1.0,0.0,0.0,0.0,0.0,0.0,0.0,0.0,0.0,1.0,2.0,0.0,0.0,1,240.0,240.0
