PLAYER_ID,PLAYER_NAME,avg(FGM),avg(FGA),avg(FG3M),avg(FG3A),avg(FTM),avg(FTA),avg(OREB),avg(DREB),avg(REB),avg(AST),avg(STL),avg(BLK),avg(TO),avg(PF),avg(PTS),avg(PLUS_MINUS),sum(FGM),sum(FGA),sum(FG3M),sum(FG3A),sum(FTM),sum(FTA),sum(OREB),sum(DREB),sum(REB),sum(AST),sum(STL),sum(BLK),sum(TO),sum(PF),sum(PTS),sum(PLUS_MINUS),sum(ifminute),avg(seconds),sum(seconds)
203486,Mason Plumlee,3.07,5.19,0.02,0.11,1.34,2.37,2.01,4.07,6.08,2.72,0.74,0.87,1.44,3.03,7.5,0.19,307.0,519.0,2.0,11.0,134.0,237.0,201.0,407.0,608.0,272.0,74.0,87.0,144.0,303.0,750.0,19.0,100,1214.43,121443.0
1627824,Guerschon Yabusele,0.9591836734693877,2.0408163265306123,0.1836734693877551,0.673469387755102,0.40816326530612246,0.6938775510204082,0.5918367346938775,0.7959183673469388,1.3877551020408163,0.40816326530612246,0.20408163265306123,0.2653061224489796,0.42857142857142855,0.8163265306122449,2.510204081632653,-0.24489795918367346,47.0,100.0,9.0,33.0,20.0,34.0,29.0,39.0,68.0,20.0,10.0,13.0,21.0,40.0,123.0,-12.0,49,396.3673469387755,19422.0
1628390,Terrance Ferguson,2.426829268292683,5.658536585365853,1.4024390243902438,3.817073170731707,0.45121951219512196,0.6219512195121951,0.4268292682926829,1.4878048780487805,1.9146341463414633,1.0,0.524390243902439,0.1951219512195122,0.6463414634146342,3.1341463414634148,6.7073170731707314,1.2439024390243902,199.0,464.0,115.0,313.0,37.0,51.0,35.0,122.0,157.0,82.0,43.0,16.0,53.0,257.0,550.0,102.0,82,1553.1951219512196,127362.0
1628021,David Nwaba,2.4716981132075473,5.09433962264151,0.4716981132075472,1.4339622641509433,1.2075471698113207,1.7358490566037736,0.7924528301886793,2.4339622641509435,3.2264150943396226,1.0754716981132075,0.6792452830188679,0.33962264150943394,0.5471698113207547,2.056603773584906,6.622641509433962,-1.490566037735849,131.0,270.0,25.0,76.0,64.0,92.0,42.0,129.0,171.0,57.0,36.0,18.0,29.0,109.0,351.0,-79.0,53,1153.9056603773586,61157.0
1628399,Tyler Lydon,0.35714285714285715,0.7142857142857143,0.14285714285714285,0.39285714285714285,0.07142857142857142,0.17857142857142858,0.32142857142857145,0.5,0.8214285714285714,0.2857142857142857,0.10714285714285714,0.0,0.21428571428571427,0.35714285714285715,0.9285714285714286,-0.35714285714285715,10.0,20.0,4.0,11.0,2.0,5.0,9.0,14.0,23.0,8.0,3.0,0.0,6.0,10.0,26.0,-10.0,28,247.67857142857142,6935.0
