PLAYER_ID,PLAYER_NAME,avg(FGM),avg(FGA),avg(FG3M),avg(FG3A),avg(FTM),avg(FTA),avg(OREB),avg(DREB),avg(REB),avg(AST),avg(STL),avg(BLK),avg(TO),avg(PF),avg(PTS),avg(PLUS_MINUS),sum(FGM),sum(FGA),sum(FG3M),sum(FG3A),sum(FTM),sum(FTA),sum(OREB),sum(DREB),sum(REB),sum(AST),sum(STL),sum(BLK),sum(TO),sum(PF),sum(PTS),sum(PLUS_MINUS),sum(ifminute),avg(seconds),sum(seconds)
1627756,Denzel Valentine,4.195121951219512,9.951219512195122,1.9268292682926829,5.048780487804878,0.6097560975609756,0.8292682926829268,0.5609756097560976,4.512195121951219,5.073170731707317,3.4390243902439024,0.9512195121951219,0.17073170731707318,1.5853658536585367,2.6097560975609757,10.926829268292684,-2.341463414634146,172.0,408.0,79.0,207.0,25.0,34.0,23.0,185.0,208.0,141.0,39.0,7.0,65.0,107.0,448.0,-96.0,41,1576.4878048780488,64636.0
