PLAYER_ID,PLAYER_NAME,avg(FGM),avg(FGA),avg(FG3M),avg(FG3A),avg(FTM),avg(FTA),avg(OREB),avg(DREB),avg(REB),avg(AST),avg(STL),avg(BLK),avg(TO),avg(PF),avg(PTS),avg(PLUS_MINUS),sum(FGM),sum(FGA),sum(FG3M),sum(FG3A),sum(FTM),sum(FTA),sum(OREB),sum(DREB),sum(REB),sum(AST),sum(STL),sum(BLK),sum(TO),sum(PF),sum(PTS),sum(PLUS_MINUS),sum(ifminute),avg(seconds),sum(seconds)
1628381,John Collins,5.106060606060606,9.0,0.42424242424242425,1.4242424242424243,2.0,2.787878787878788,2.5,5.666666666666667,8.166666666666666,1.8181818181818181,0.4393939393939394,0.8787878787878788,1.696969696969697,2.893939393939394,12.636363636363637,-2.712121212121212,337.0,594.0,28.0,94.0,132.0,184.0,165.0,374.0,539.0,120.0,29.0,58.0,112.0,191.0,834.0,-179.0,66,1567.4545454545455,103452.0
1626166,Cameron Payne,2.7333333333333334,6.9,0.9333333333333333,2.783333333333333,0.5666666666666667,0.6833333333333333,0.5,1.7666666666666666,2.2666666666666666,3.5166666666666666,0.8166666666666667,0.26666666666666666,1.2833333333333334,1.75,6.966666666666667,-4.95,164.0,414.0,56.0,167.0,34.0,41.0,30.0,106.0,136.0,211.0,49.0,16.0,77.0,105.0,418.0,-297.0,60,1220.2333333333333,73214.0
1629232,Kaiser Gates,1.0,1.0,1.0,1.0,0.0,0.0,1.0,0.0,1.0,0.0,0.0,0.0,0.0,0.0,3.0,1.0,1.0,1.0,1.0,1.0,0.0,0.0,1.0,0.0,1.0,0.0,0.0,0.0,0.0,0.0,3.0,1.0,1,88.0,88.0
