PLAYER_ID,PLAYER_NAME,avg(FGM),avg(FGA),avg(FG3M),avg(FG3A),avg(FTM),avg(FTA),avg(OREB),avg(DREB),avg(REB),avg(AST),avg(STL),avg(BLK),avg(TO),avg(PF),avg(PTS),avg(PLUS_MINUS),sum(FGM),sum(FGA),sum(FG3M),sum(FG3A),sum(FTM),sum(FTA),sum(OREB),sum(DREB),sum(REB),sum(AST),sum(STL),sum(BLK),sum(TO),sum(PF),sum(PTS),sum(PLUS_MINUS),sum(ifminute),avg(seconds),sum(seconds)
203457,Nerlens Noel,2.127906976744186,3.6744186046511627,0.0,0.0,0.7093023255813954,1.058139534883721,1.7790697674418605,2.616279069767442,4.395348837209302,0.5930232558139535,0.872093023255814,1.244186046511628,0.6744186046511628,2.2209302325581395,4.965116279069767,-0.7906976744186046,183.0,316.0,0.0,0.0,61.0,91.0,153.0,225.0,378.0,51.0,75.0,107.0,58.0,191.0,427.0,-68.0,86,841.2674418604652,72349.0
