PLAYER_ID,PLAYER_NAME,avg(FGM),avg(FGA),avg(FG3M),avg(FG3A),avg(FTM),avg(FTA),avg(OREB),avg(DREB),avg(REB),avg(AST),avg(STL),avg(BLK),avg(TO),avg(PF),avg(PTS),avg(PLUS_MINUS),sum(FGM),sum(FGA),sum(FG3M),sum(FG3A),sum(FTM),sum(FTA),sum(OREB),sum(DREB),sum(REB),sum(AST),sum(STL),sum(BLK),sum(TO),sum(PF),sum(PTS),sum(PLUS_MINUS),sum(ifminute),avg(seconds),sum(seconds)
202323,Evan Turner,3.3488372093023258,7.3604651162790695,0.4186046511627907,1.3953488372093024,1.0348837209302326,1.313953488372093,0.5465116279069767,3.0930232558139537,3.63953488372093,2.9302325581395348,0.5581395348837209,0.3488372093023256,1.4767441860465116,2.011627906976744,8.151162790697674,0.13953488372093023,288.0,633.0,36.0,120.0,89.0,113.0,47.0,266.0,313.0,252.0,48.0,30.0,127.0,173.0,701.0,12.0,86,1490.7209302325582,128202.0
1629005,Malik Newman,0.5,4.0,0.0,2.0,1.0,1.5,0.0,1.0,1.0,0.5,0.0,0.0,0.0,0.0,2.0,0.5,1.0,8.0,0.0,4.0,2.0,3.0,0.0,2.0,2.0,1.0,0.0,0.0,0.0,0.0,4.0,1.0,2,639.0,1278.0
203930,Sean Kilpatrick,2.2941176470588234,5.735294117647059,0.9705882352941176,2.7941176470588234,1.3529411764705883,1.5588235294117647,0.11764705882352941,1.2058823529411764,1.3235294117647058,0.7941176470588235,0.3235294117647059,0.11764705882352941,0.6470588235294118,0.6764705882352942,6.911764705882353,-2.411764705882353,78.0,195.0,33.0,95.0,46.0,53.0,4.0,41.0,45.0,27.0,11.0,4.0,22.0,23.0,235.0,-82.0,34,761.9117647058823,25905.0
1626199,Darrun Hilliard,0.4444444444444444,1.1111111111111112,0.0,0.3333333333333333,0.5555555555555556,0.5555555555555556,0.0,0.3333333333333333,0.3333333333333333,0.7777777777777778,0.0,0.0,0.1111111111111111,0.3333333333333333,1.4444444444444444,0.6666666666666666,4.0,10.0,0.0,3.0,5.0,5.0,0.0,3.0,3.0,7.0,0.0,0.0,1.0,3.0,13.0,6.0,9,332.0,2988.0
