PLAYER_ID,PLAYER_NAME,avg(FGM),avg(FGA),avg(FG3M),avg(FG3A),avg(FTM),avg(FTA),avg(OREB),avg(DREB),avg(REB),avg(AST),avg(STL),avg(BLK),avg(TO),avg(PF),avg(PTS),avg(PLUS_MINUS),sum(FGM),sum(FGA),sum(FG3M),sum(FG3A),sum(FTM),sum(FTA),sum(OREB),sum(DREB),sum(REB),sum(AST),sum(STL),sum(BLK),sum(TO),sum(PF),sum(PTS),sum(PLUS_MINUS),sum(ifminute),avg(seconds),sum(seconds)
1629014,Anfernee Simons,1.2727272727272727,4.090909090909091,0.09090909090909091,1.1818181818181819,0.7272727272727273,1.2727272727272727,0.0,0.8181818181818182,0.8181818181818182,0.5454545454545454,0.18181818181818182,0.09090909090909091,1.0,1.4545454545454546,3.3636363636363638,-4.181818181818182,14.0,45.0,1.0,13.0,8.0,14.0,0.0,9.0,9.0,6.0,2.0,1.0,11.0,16.0,37.0,-46.0,11,649.1818181818181,7141.0
1629018,Gary Trent Jr.,1.3333333333333333,5.333333333333333,0.6666666666666666,2.0,0.0,0.3333333333333333,0.0,0.8333333333333334,0.8333333333333334,0.8333333333333334,0.16666666666666666,0.0,0.6666666666666666,1.1666666666666667,3.3333333333333335,-8.5,8.0,32.0,4.0,12.0,0.0,2.0,0.0,5.0,5.0,5.0,1.0,0.0,4.0,7.0,20.0,-51.0,6,557.0,3342.0
