PLAYER_ID,PLAYER_NAME,avg(FGM),avg(FGA),avg(FG3M),avg(FG3A),avg(FTM),avg(FTA),avg(OREB),avg(DREB),avg(REB),avg(AST),avg(STL),avg(BLK),avg(TO),avg(PF),avg(PTS),avg(PLUS_MINUS),sum(FGM),sum(FGA),sum(FG3M),sum(FG3A),sum(FTM),sum(FTA),sum(OREB),sum(DREB),sum(REB),sum(AST),sum(STL),sum(BLK),sum(TO),sum(PF),sum(PTS),sum(PLUS_MINUS),sum(ifminute),avg(seconds),sum(seconds)
203145,Kent Bazemore,4.125,10.13888888888889,1.4305555555555556,4.444444444444445,1.9166666666666667,2.638888888888889,0.5416666666666666,3.2916666666666665,3.8333333333333335,2.3194444444444446,1.3194444444444444,0.6666666666666666,1.7916666666666667,2.4722222222222223,11.597222222222221,-4.291666666666667,297.0,730.0,103.0,320.0,138.0,190.0,39.0,237.0,276.0,167.0,95.0,48.0,129.0,178.0,835.0,-309.0,72,1472.2916666666667,106005.0
1627786,Troy Williams,2.28,5.0,0.76,2.32,0.48,0.84,0.56,1.96,2.52,0.48,0.52,0.36,0.52,1.56,5.8,-2.64,57.0,125.0,19.0,58.0,12.0,21.0,14.0,49.0,63.0,12.0,13.0,9.0,13.0,39.0,145.0,-66.0,25,832.88,20822.0
202362,Lance Stephenson,2.7432432432432434,6.405405405405405,1.0,2.77027027027027,0.8918918918918919,1.2702702702702702,0.5,2.6621621621621623,3.1621621621621623,2.175675675675676,0.6351351351351351,0.0945945945945946,1.2702702702702702,1.6486486486486487,7.378378378378378,-1.9189189189189189,203.0,474.0,74.0,205.0,66.0,94.0,37.0,197.0,234.0,161.0,47.0,7.0,94.0,122.0,546.0,-142.0,74,1019.3648648648649,75433.0
