PLAYER_ID,PLAYER_NAME,avg(FGM),avg(FGA),avg(FG3M),avg(FG3A),avg(FTM),avg(FTA),avg(OREB),avg(DREB),avg(REB),avg(AST),avg(STL),avg(BLK),avg(TO),avg(PF),avg(PTS),avg(PLUS_MINUS),sum(FGM),sum(FGA),sum(FG3M),sum(FG3A),sum(FTM),sum(FTA),sum(OREB),sum(DREB),sum(REB),sum(AST),sum(STL),sum(BLK),sum(TO),sum(PF),sum(PTS),sum(PLUS_MINUS),sum(ifminute),avg(seconds),sum(seconds)
203469,Cody Zeller,3.509433962264151,6.150943396226415,0.1509433962264151,0.41509433962264153,1.6603773584905661,2.1320754716981134,1.830188679245283,3.943396226415094,5.773584905660377,1.7547169811320755,0.5849056603773585,0.6037735849056604,1.150943396226415,2.8867924528301887,8.830188679245284,2.4150943396226414,186.0,326.0,8.0,22.0,88.0,113.0,97.0,209.0,306.0,93.0,31.0,32.0,61.0,153.0,468.0,128.0,53,1345.132075471698,71292.0
1627748,Thon Maker,1.8918918918918919,4.472972972972973,0.6486486486486487,2.054054054054054,0.8243243243243243,1.2297297297297298,0.7702702702702703,1.945945945945946,2.7162162162162162,0.5405405405405406,0.3783783783783784,0.7567567567567568,0.4594594594594595,1.8513513513513513,5.256756756756757,0.25675675675675674,140.0,331.0,48.0,152.0,61.0,91.0,57.0,144.0,201.0,40.0,28.0,56.0,34.0,137.0,389.0,19.0,74,887.1351351351351,65648.0
1626260,Levi Randolph,0.5,2.0,0.0,0.0,0.0,0.5,0.5,0.0,0.5,0.0,0.5,0.0,0.0,1.5,1.0,0.5,1.0,4.0,0.0,0.0,0.0,1.0,1.0,0.0,1.0,0.0,1.0,0.0,0.0,3.0,2.0,1.0,2,508.0,1016.0
