PLAYER_ID,PLAYER_NAME,avg(FGM),avg(FGA),avg(FG3M),avg(FG3A),avg(FTM),avg(FTA),avg(OREB),avg(DREB),avg(REB),avg(AST),avg(STL),avg(BLK),avg(TO),avg(PF),avg(PTS),avg(PLUS_MINUS),sum(FGM),sum(FGA),sum(FG3M),sum(FG3A),sum(FTM),sum(FTA),sum(OREB),sum(DREB),sum(REB),sum(AST),sum(STL),sum(BLK),sum(TO),sum(PF),sum(PTS),sum(PLUS_MINUS),sum(ifminute),avg(seconds),sum(seconds)
202083,Wesley Matthews,4.689655172413793,11.379310344827585,2.5,6.396551724137931,2.0517241379310347,2.5689655172413794,0.6206896551724138,2.2758620689655173,2.896551724137931,2.5,1.1551724137931034,0.27586206896551724,1.2586206896551724,2.3275862068965516,13.931034482758621,-2.0172413793103448,272.0,660.0,145.0,371.0,119.0,149.0,36.0,132.0,168.0,145.0,67.0,16.0,73.0,135.0,808.0,-117.0,58,1891.344827586207,109698.0
203130,Darius Johnson-Odom,1.0,2.5,0.0,1.0,0.0,0.0,0.0,1.5,1.5,1.5,0.5,0.0,0.5,1.0,2.0,0.5,2.0,5.0,0.0,2.0,0.0,0.0,0.0,3.0,3.0,3.0,1.0,0.0,1.0,2.0,4.0,1.0,2,240.5,481.0
1629132,Braian Angola-Rodas,0.0,3.0,0.0,1.0,0.0,0.0,0.0,0.0,0.0,0.0,0.0,0.0,0.0,0.0,0.0,-2.0,0.0,3.0,0.0,1.0,0.0,0.0,0.0,0.0,0.0,0.0,0.0,0.0,0.0,0.0,0.0,-2.0,1,236.0,236.0
1629162,Jordan McLaughlin,0.0,2.0,0.0,2.0,0.0,0.0,0.0,0.0,0.0,1.0,0.0,0.0,2.0,1.0,0.0,4.0,0.0,2.0,0.0,2.0,0.0,0.0,0.0,0.0,0.0,1.0,0.0,0.0,2.0,1.0,0.0,4.0,1,500.0,500.0
202388,Donald Sloan,2.0,4.5,0.5,2.5,1.5,2.0,0.0,1.5,1.5,2.5,0.0,0.0,2.5,0.5,6.0,1.5,4.0,9.0,1.0,5.0,3.0,4.0,0.0,3.0,3.0,5.0,0.0,0.0,5.0,1.0,12.0,3.0,2,741.5,1483.0
202682,Derrick Williams,0.5,2.0,0.0,1.0,0.0,0.0,0.0,0.5,0.5,0.0,0.0,0.0,0.0,0.0,1.0,-2.5,1.0,4.0,0.0,2.0,0.0,0.0,0.0,1.0,1.0,0.0,0.0,0.0,0.0,0.0,2.0,-5.0,2,255.5,511.0
