PLAYER_ID,PLAYER_NAME,avg(FGM),avg(FGA),avg(FG3M),avg(FG3A),avg(FTM),avg(FTA),avg(OREB),avg(DREB),avg(REB),avg(AST),avg(STL),avg(BLK),avg(TO),avg(PF),avg(PTS),avg(PLUS_MINUS),sum(FGM),sum(FGA),sum(FG3M),sum(FG3A),sum(FTM),sum(FTA),sum(OREB),sum(DREB),sum(REB),sum(AST),sum(STL),sum(BLK),sum(TO),sum(PF),sum(PTS),sum(PLUS_MINUS),sum(ifminute),avg(seconds),sum(seconds)
203121,Darius Miller,2.5274725274725274,5.945054945054945,1.7252747252747254,4.395604395604396,0.6153846153846154,0.6923076923076923,0.25274725274725274,1.7032967032967032,1.956043956043956,1.5494505494505495,0.4945054945054945,0.24175824175824176,0.7802197802197802,2.043956043956044,7.395604395604396,0.054945054945054944,230.0,541.0,157.0,400.0,56.0,63.0,23.0,155.0,178.0,141.0,45.0,22.0,71.0,186.0,673.0,5.0,91,1431.7912087912089,130293.0
1627774,Jake Layman,1.5471698113207548,3.188679245283019,0.5660377358490566,1.528301886792453,0.33962264150943394,0.5283018867924528,0.41509433962264153,1.0566037735849056,1.471698113207547,0.5094339622641509,0.4528301886792453,0.18867924528301888,0.4528301886792453,0.7169811320754716,4.0,0.05660377358490566,82.0,169.0,30.0,81.0,18.0,28.0,22.0,56.0,78.0,27.0,24.0,10.0,24.0,38.0,212.0,3.0,53,619.566037735849,32837.0
1628976,Wendell Carter Jr.,4.095238095238095,8.404761904761905,0.14285714285714285,0.7142857142857143,1.9047619047619047,2.4523809523809526,1.9523809523809523,4.904761904761905,6.857142857142857,1.880952380952381,0.5476190476190477,1.3333333333333333,1.5238095238095237,3.5238095238095237,10.238095238095237,-4.190476190476191,172.0,353.0,6.0,30.0,80.0,103.0,82.0,206.0,288.0,79.0,23.0,56.0,64.0,148.0,430.0,-176.0,42,1475.6666666666667,61978.0
