PLAYER_ID,PLAYER_NAME,avg(FGM),avg(FGA),avg(FG3M),avg(FG3A),avg(FTM),avg(FTA),avg(OREB),avg(DREB),avg(REB),avg(AST),avg(STL),avg(BLK),avg(TO),avg(PF),avg(PTS),avg(PLUS_MINUS),sum(FGM),sum(FGA),sum(FG3M),sum(FG3A),sum(FTM),sum(FTA),sum(OREB),sum(DREB),sum(REB),sum(AST),sum(STL),sum(BLK),sum(TO),sum(PF),sum(PTS),sum(PLUS_MINUS),sum(ifminute),avg(seconds),sum(seconds)
101109,Raymond Felton,1.7142857142857142,4.404761904761905,0.5476190476190477,1.8333333333333333,0.38095238095238093,0.4523809523809524,0.09523809523809523,0.9761904761904762,1.0714285714285714,1.6428571428571428,0.38095238095238093,0.21428571428571427,0.5476190476190477,1.0238095238095237,4.357142857142857,0.30952380952380953,72.0,185.0,23.0,77.0,16.0,19.0,4.0,41.0,45.0,69.0,16.0,9.0,23.0,43.0,183.0,13.0,42,718.1666666666666,30163.0
1628977,Hamidou Diallo,1.6545454545454545,3.672727272727273,0.12727272727272726,0.5818181818181818,0.8181818181818182,1.2727272727272727,0.8909090909090909,1.2,2.090909090909091,0.41818181818181815,0.4727272727272727,0.21818181818181817,0.4727272727272727,1.6181818181818182,4.254545454545455,-1.309090909090909,91.0,202.0,7.0,32.0,45.0,70.0,49.0,66.0,115.0,23.0,26.0,12.0,26.0,89.0,234.0,-72.0,55,695.8909090909091,38274.0
