PLAYER_ID,PLAYER_NAME,avg(FGM),avg(FGA),avg(FG3M),avg(FG3A),avg(FTM),avg(FTA),avg(OREB),avg(DREB),avg(REB),avg(AST),avg(STL),avg(BLK),avg(TO),avg(PF),avg(PTS),avg(PLUS_MINUS),sum(FGM),sum(FGA),sum(FG3M),sum(FG3A),sum(FTM),sum(FTA),sum(OREB),sum(DREB),sum(REB),sum(AST),sum(STL),sum(BLK),sum(TO),sum(PF),sum(PTS),sum(PLUS_MINUS),sum(ifminute),avg(seconds),sum(seconds)
1629140,Johnathan Williams,2.076923076923077,3.923076923076923,0.0,0.23076923076923078,0.7692307692307693,2.1538461538461537,1.6923076923076923,1.9230769230769231,3.6153846153846154,0.38461538461538464,0.15384615384615385,0.6153846153846154,0.38461538461538464,2.6153846153846154,4.923076923076923,-0.23076923076923078,27.0,51.0,0.0,3.0,10.0,28.0,22.0,25.0,47.0,5.0,2.0,8.0,5.0,34.0,64.0,-3.0,13,815.0769230769231,10596.0
1628379,Luke Kennard,2.953125,6.609375,1.109375,2.90625,0.859375,0.984375,0.28125,2.5,2.78125,1.765625,0.484375,0.1875,0.921875,1.34375,7.875,-0.234375,189.0,423.0,71.0,186.0,55.0,63.0,18.0,160.0,178.0,113.0,31.0,12.0,59.0,86.0,504.0,-15.0,64,1250.484375,80031.0
1627763,Malcolm Brogdon,5.275862068965517,10.517241379310345,1.4655172413793103,3.5689655172413794,1.6379310344827587,1.7758620689655173,0.8448275862068966,3.3793103448275863,4.224137931034483,3.0517241379310347,0.5689655172413793,0.22413793103448276,1.603448275862069,1.9655172413793103,13.655172413793103,3.1551724137931036,306.0,610.0,85.0,207.0,95.0,103.0,49.0,196.0,245.0,177.0,33.0,13.0,93.0,114.0,792.0,183.0,58,1723.3275862068965,99953.0
1627758,Ron Baker,0.4838709677419355,1.4516129032258065,0.16129032258064516,0.9032258064516129,0.3548387096774194,0.3870967741935484,0.12903225806451613,0.9354838709677419,1.064516129032258,1.064516129032258,0.7096774193548387,0.12903225806451613,0.3548387096774194,1.1290322580645162,1.4838709677419355,0.1935483870967742,15.0,45.0,5.0,28.0,11.0,12.0,4.0,29.0,33.0,33.0,22.0,4.0,11.0,35.0,46.0,6.0,31,670.8387096774194,20796.0
1629145,Isaiah Wilkins,0.0,0.0,0.0,0.0,0.0,0.0,0.0,0.0,0.0,0.0,0.0,0.0,0.0,1.0,0.0,-7.0,0.0,0.0,0.0,0.0,0.0,0.0,0.0,0.0,0.0,0.0,0.0,0.0,0.0,1.0,0.0,-7.0,1,161.0,161.0
201589,Darrell Arthur,1.3571428571428572,2.357142857142857,0.5,1.0,0.14285714285714285,0.21428571428571427,0.14285714285714285,0.5,0.6428571428571429,0.5714285714285714,0.42857142857142855,0.21428571428571427,0.5714285714285714,1.0714285714285714,3.357142857142857,-0.5,19.0,33.0,7.0,14.0,2.0,3.0,2.0,7.0,9.0,8.0,6.0,3.0,8.0,15.0,47.0,-7.0,14,417.2142857142857,5841.0
