PLAYER_ID,PLAYER_NAME,avg(FGM),avg(FGA),avg(FG3M),avg(FG3A),avg(FTM),avg(FTA),avg(OREB),avg(DREB),avg(REB),avg(AST),avg(STL),avg(BLK),avg(TO),avg(PF),avg(PTS),avg(PLUS_MINUS),sum(FGM),sum(FGA),sum(FG3M),sum(FG3A),sum(FTM),sum(FTA),sum(OREB),sum(DREB),sum(REB),sum(AST),sum(STL),sum(BLK),sum(TO),sum(PF),sum(PTS),sum(PLUS_MINUS),sum(ifminute),avg(seconds),sum(seconds)
204456,T.J. McConnell,2.727272727272727,5.204545454545454,0.1590909090909091,0.4772727272727273,0.3409090909090909,0.4431818181818182,0.3522727272727273,1.7613636363636365,2.1136363636363638,3.159090909090909,0.9318181818181818,0.2159090909090909,1.0568181818181819,1.3181818181818181,5.954545454545454,-0.1590909090909091,240.0,458.0,14.0,42.0,30.0,39.0,31.0,155.0,186.0,278.0,82.0,19.0,93.0,116.0,524.0,-14.0,88,1077.7727272727273,94844.0
200757,Thabo Sefolosha,1.375,3.017857142857143,0.6607142857142857,1.5892857142857142,0.25,0.39285714285714285,0.17857142857142858,2.232142857142857,2.4107142857142856,0.5535714285714286,0.7857142857142857,0.08928571428571429,0.5,0.8214285714285714,3.6607142857142856,1.875,77.0,169.0,37.0,89.0,14.0,22.0,10.0,125.0,135.0,31.0,44.0,5.0,28.0,46.0,205.0,105.0,56,721.0892857142857,40381.0
1629058,Dzanan Musa,1.0769230769230769,2.5384615384615383,0.07692307692307693,1.0,0.0,0.3076923076923077,0.07692307692307693,0.5384615384615384,0.6153846153846154,0.15384615384615385,0.3076923076923077,0.07692307692307693,0.7692307692307693,0.6153846153846154,2.230769230769231,-0.23076923076923078,14.0,33.0,1.0,13.0,0.0,4.0,1.0,7.0,8.0,2.0,4.0,1.0,10.0,8.0,29.0,-3.0,13,363.61538461538464,4727.0
1626164,Devin Booker,9.15625,19.609375,2.109375,6.46875,6.140625,7.09375,0.609375,3.53125,4.140625,6.765625,0.875,0.203125,4.125,3.125,26.5625,-5.171875,586.0,1255.0,135.0,414.0,393.0,454.0,39.0,226.0,265.0,433.0,56.0,13.0,264.0,200.0,1700.0,-331.0,64,2101.96875,134526.0
1628515,Isaiah Briscoe,1.4878048780487805,3.6097560975609757,0.2926829268292683,0.8780487804878049,0.36585365853658536,0.6341463414634146,0.14634146341463414,1.7073170731707317,1.853658536585366,2.1951219512195124,0.2926829268292683,0.04878048780487805,0.7804878048780488,1.6585365853658536,3.6341463414634148,0.926829268292683,61.0,148.0,12.0,36.0,15.0,26.0,6.0,70.0,76.0,90.0,12.0,2.0,32.0,68.0,149.0,38.0,41,838.6829268292682,34386.0
