PLAYER_ID,PLAYER_NAME,avg(FGM),avg(FGA),avg(FG3M),avg(FG3A),avg(FTM),avg(FTA),avg(OREB),avg(DREB),avg(REB),avg(AST),avg(STL),avg(BLK),avg(TO),avg(PF),avg(PTS),avg(PLUS_MINUS),sum(FGM),sum(FGA),sum(FG3M),sum(FG3A),sum(FTM),sum(FTA),sum(OREB),sum(DREB),sum(REB),sum(AST),sum(STL),sum(BLK),sum(TO),sum(PF),sum(PTS),sum(PLUS_MINUS),sum(ifminute),avg(seconds),sum(seconds)
201975,Jodie Meeks,1.3636363636363635,3.090909090909091,0.45454545454545453,1.4090909090909092,0.13636363636363635,0.18181818181818182,0.045454545454545456,0.9090909090909091,0.9545454545454546,0.4090909090909091,0.22727272727272727,0.09090909090909091,0.22727272727272727,0.5454545454545454,3.3181818181818183,-0.22727272727272727,30.0,68.0,10.0,31.0,3.0,4.0,1.0,20.0,21.0,9.0,5.0,2.0,5.0,12.0,73.0,-5.0,22,465.1818181818182,10234.0
203090,Maurice Harkless,3.1710526315789473,6.5394736842105265,0.5263157894736842,1.9473684210526316,0.9473684210526315,1.4342105263157894,1.394736842105263,3.1710526315789473,4.565789473684211,1.2763157894736843,1.118421052631579,0.9078947368421053,0.8157894736842105,2.8815789473684212,7.815789473684211,2.6578947368421053,241.0,497.0,40.0,148.0,72.0,109.0,106.0,241.0,347.0,97.0,85.0,69.0,62.0,219.0,594.0,202.0,76,1423.342105263158,108174.0
1626185,Jarell Martin,1.0816326530612246,2.5510204081632653,0.4897959183673469,1.3877551020408163,0.20408163265306123,0.3469387755102041,0.30612244897959184,1.489795918367347,1.7959183673469388,0.42857142857142855,0.061224489795918366,0.20408163265306123,0.3469387755102041,1.3061224489795917,2.857142857142857,0.6938775510204082,53.0,125.0,24.0,68.0,10.0,17.0,15.0,73.0,88.0,21.0,3.0,10.0,17.0,64.0,140.0,34.0,49,489.48979591836735,23985.0
1629001,De'Anthony Melton,2.018867924528302,5.113207547169812,0.5849056603773585,1.8867924528301887,0.4528301886792453,0.6226415094339622,0.49056603773584906,2.169811320754717,2.660377358490566,3.0,1.2830188679245282,0.4716981132075472,1.471698113207547,2.2264150943396226,5.0754716981132075,-3.4716981132075473,107.0,271.0,31.0,100.0,24.0,33.0,26.0,115.0,141.0,159.0,68.0,25.0,78.0,118.0,269.0,-184.0,53,1140.9622641509434,60471.0
