PLAYER_ID,PLAYER_NAME,avg(FGM),avg(FGA),avg(FG3M),avg(FG3A),avg(FTM),avg(FTA),avg(OREB),avg(DREB),avg(REB),avg(AST),avg(STL),avg(BLK),avg(TO),avg(PF),avg(PTS),avg(PLUS_MINUS),sum(FGM),sum(FGA),sum(FG3M),sum(FG3A),sum(FTM),sum(FTA),sum(OREB),sum(DREB),sum(REB),sum(AST),sum(STL),sum(BLK),sum(TO),sum(PF),sum(PTS),sum(PLUS_MINUS),sum(ifminute),avg(seconds),sum(seconds)
202391,Jeremy Lin,3.5,7.083333333333333,0.9166666666666666,2.5277777777777777,2.5277777777777777,3.0277777777777777,0.3611111111111111,2.1666666666666665,2.5277777777777777,3.1666666666666665,0.7222222222222222,0.16666666666666666,1.8611111111111112,2.0277777777777777,10.444444444444445,-3.8055555555555554,126.0,255.0,33.0,91.0,91.0,109.0,13.0,78.0,91.0,114.0,26.0,6.0,67.0,73.0,376.0,-137.0,36,1116.0277777777778,40177.0
203263,James Nunnally,0.8571428571428571,1.7857142857142858,0.42857142857142855,1.0714285714285714,0.5,0.5,0.0,0.42857142857142855,0.42857142857142855,0.35714285714285715,0.07142857142857142,0.0,0.14285714285714285,0.2857142857142857,2.642857142857143,-0.35714285714285715,12.0,25.0,6.0,15.0,7.0,7.0,0.0,6.0,6.0,5.0,1.0,0.0,2.0,4.0,37.0,-5.0,14,309.5,4333.0
201583,Ryan Anderson,1.935483870967742,4.82258064516129,1.1129032258064515,3.1451612903225805,0.9354838709677419,1.2258064516129032,1.064516129032258,2.403225806451613,3.467741935483871,0.8870967741935484,0.25806451612903225,0.14516129032258066,0.46774193548387094,1.532258064516129,5.919354838709677,0.16129032258064516,120.0,299.0,69.0,195.0,58.0,76.0,66.0,149.0,215.0,55.0,16.0,9.0,29.0,95.0,367.0,10.0,62,1157.0645161290322,71738.0
201578,Marreese Speights,2.9166666666666665,6.625,1.7916666666666667,4.5,0.875,1.125,0.4166666666666667,2.4583333333333335,2.875,0.9583333333333334,0.125,0.5833333333333334,1.0,2.125,8.5,1.25,70.0,159.0,43.0,108.0,21.0,27.0,10.0,59.0,69.0,23.0,3.0,14.0,24.0,51.0,204.0,30.0,24,813.3333333333334,19520.0
