PLAYER_ID,PLAYER_NAME,avg(FGM),avg(FGA),avg(FG3M),avg(FG3A),avg(FTM),avg(FTA),avg(OREB),avg(DREB),avg(REB),avg(AST),avg(STL),avg(BLK),avg(TO),avg(PF),avg(PTS),avg(PLUS_MINUS),sum(FGM),sum(FGA),sum(FG3M),sum(FG3A),sum(FTM),sum(FTA),sum(OREB),sum(DREB),sum(REB),sum(AST),sum(STL),sum(BLK),sum(TO),sum(PF),sum(PTS),sum(PLUS_MINUS),sum(ifminute),avg(seconds),sum(seconds)
1626150,Andrew Harrison,2.7872340425531914,6.553191489361702,0.6808510638297872,2.234042553191489,1.851063829787234,2.382978723404255,0.3404255319148936,1.6808510638297873,2.021276595744681,2.851063829787234,0.5319148936170213,0.3404255319148936,1.3191489361702127,2.3617021276595747,8.106382978723405,-2.425531914893617,131.0,308.0,32.0,105.0,87.0,112.0,16.0,79.0,95.0,134.0,25.0,16.0,62.0,111.0,381.0,-114.0,47,1180.5106382978724,55484.0
203999,Nikola Jokic,6.809523809523809,13.69047619047619,1.369047619047619,3.619047619047619,3.7857142857142856,4.511904761904762,2.511904761904762,7.690476190476191,10.202380952380953,7.071428571428571,1.2857142857142858,0.7380952380952381,3.142857142857143,3.011904761904762,18.773809523809526,4.083333333333333,572.0,1150.0,115.0,304.0,318.0,379.0,211.0,646.0,857.0,594.0,108.0,62.0,264.0,253.0,1577.0,343.0,84,1929.6309523809523,162089.0
101150,Lou Williams,6.886075949367089,16.189873417721518,1.759493670886076,5.1645569620253164,5.544303797468355,6.215189873417722,0.4810126582278481,2.0253164556962027,2.5063291139240507,5.30379746835443,0.9493670886075949,0.21518987341772153,2.8734177215189876,1.1645569620253164,21.075949367088608,2.6582278481012658,544.0,1279.0,139.0,408.0,438.0,491.0,38.0,160.0,198.0,419.0,75.0,17.0,227.0,92.0,1665.0,210.0,79,1801.3291139240507,142305.0
