PLAYER_ID,PLAYER_NAME,avg(FGM),avg(FGA),avg(FG3M),avg(FG3A),avg(FTM),avg(FTA),avg(OREB),avg(DREB),avg(REB),avg(AST),avg(STL),avg(BLK),avg(TO),avg(PF),avg(PTS),avg(PLUS_MINUS),sum(FGM),sum(FGA),sum(FG3M),sum(FG3A),sum(FTM),sum(FTA),sum(OREB),sum(DREB),sum(REB),sum(AST),sum(STL),sum(BLK),sum(TO),sum(PF),sum(PTS),sum(PLUS_MINUS),sum(ifminute),avg(seconds),sum(seconds)
1626196,Josh Richardson,5.482758620689655,12.839080459770114,1.9540229885057472,5.0,2.2528735632183907,2.6436781609195403,0.896551724137931,2.8275862068965516,3.7241379310344827,3.4022988505747125,1.5172413793103448,0.8275862068965517,1.6666666666666667,2.5517241379310347,15.172413793103448,1.2988505747126438,477.0,1117.0,170.0,435.0,196.0,230.0,78.0,246.0,324.0,296.0,132.0,72.0,145.0,222.0,1320.0,113.0,87,1996.551724137931,173700.0
201569,Eric Gordon,5.438202247191011,13.47191011235955,2.741573033707865,8.067415730337078,2.2134831460674156,2.797752808988764,0.449438202247191,2.191011235955056,2.640449438202247,2.1235955056179776,0.5842696629213483,0.43820224719101125,1.5056179775280898,1.8426966292134832,15.831460674157304,4.123595505617978,484.0,1199.0,244.0,718.0,197.0,249.0,40.0,195.0,235.0,189.0,52.0,39.0,134.0,164.0,1409.0,367.0,89,1875.4831460674156,166918.0
1627855,Okaro White,0.5,1.6666666666666667,0.16666666666666666,0.8333333333333334,0.5,0.6666666666666666,0.6666666666666666,0.3333333333333333,1.0,0.16666666666666666,0.0,0.0,0.0,0.16666666666666666,1.6666666666666667,-4.666666666666667,3.0,10.0,1.0,5.0,3.0,4.0,4.0,2.0,6.0,1.0,0.0,0.0,0.0,1.0,10.0,-28.0,6,243.33333333333334,1460.0
1628387,Ike Anigbogu,0.4444444444444444,1.3333333333333333,0.0,0.0,0.0,0.0,0.2222222222222222,0.4444444444444444,0.6666666666666666,0.1111111111111111,0.0,0.6666666666666666,0.1111111111111111,0.3333333333333333,0.8888888888888888,-2.888888888888889,4.0,12.0,0.0,0.0,0.0,0.0,2.0,4.0,6.0,1.0,0.0,6.0,1.0,3.0,8.0,-26.0,9,212.55555555555554,1913.0
