PLAYER_ID,PLAYER_NAME,avg(FGM),avg(FGA),avg(FG3M),avg(FG3A),avg(FTM),avg(FTA),avg(OREB),avg(DREB),avg(REB),avg(AST),avg(STL),avg(BLK),avg(TO),avg(PF),avg(PTS),avg(PLUS_MINUS),sum(FGM),sum(FGA),sum(FG3M),sum(FG3A),sum(FTM),sum(FTA),sum(OREB),sum(DREB),sum(REB),sum(AST),sum(STL),sum(BLK),sum(TO),sum(PF),sum(PTS),sum(PLUS_MINUS),sum(ifminute),avg(seconds),sum(seconds)
101109,Raymond Felton,2.4571428571428573,6.385714285714286,0.9142857142857143,2.757142857142857,0.4857142857142857,0.5571428571428572,0.3,1.6,1.9,2.3714285714285714,0.5714285714285714,0.2571428571428571,1.0142857142857142,1.2,6.314285714285714,-0.7857142857142857,172.0,447.0,64.0,193.0,34.0,39.0,21.0,112.0,133.0,166.0,40.0,18.0,71.0,84.0,442.0,-55.0,70,900.6571428571428,63046.0
201596,Mario Chalmers,2.65625,6.5625,0.8125,2.8125,2.0625,2.28125,0.15625,1.90625,2.0625,2.78125,1.125,0.25,1.90625,2.75,8.1875,-1.09375,85.0,210.0,26.0,90.0,66.0,73.0,5.0,61.0,66.0,89.0,36.0,8.0,61.0,88.0,262.0,-35.0,32,1235.8125,39546.0
