PLAYER_ID,PLAYER_NAME,avg(FGM),avg(FGA),avg(FG3M),avg(FG3A),avg(FTM),avg(FTA),avg(OREB),avg(DREB),avg(REB),avg(AST),avg(STL),avg(BLK),avg(TO),avg(PF),avg(PTS),avg(PLUS_MINUS),sum(FGM),sum(FGA),sum(FG3M),sum(FG3A),sum(FTM),sum(FTA),sum(OREB),sum(DREB),sum(REB),sum(AST),sum(STL),sum(BLK),sum(TO),sum(PF),sum(PTS),sum(PLUS_MINUS),sum(ifminute),avg(seconds),sum(seconds)
1629004,Svi Mykhailiuk,1.25,3.7083333333333335,0.6875,2.2083333333333335,0.4166666666666667,0.5833333333333334,0.1875,0.6875,0.875,0.9375,0.3125,0.020833333333333332,0.6041666666666666,0.6041666666666666,3.6041666666666665,-0.875,60.0,178.0,33.0,106.0,20.0,28.0,9.0,33.0,42.0,45.0,15.0,1.0,29.0,29.0,173.0,-42.0,48,661.4583333333334,31750.0
1628994,George King,0.3333333333333333,1.6666666666666667,0.3333333333333333,1.3333333333333333,0.3333333333333333,0.6666666666666666,0.0,0.6666666666666666,0.6666666666666666,0.0,0.3333333333333333,0.0,0.3333333333333333,0.3333333333333333,1.3333333333333333,-5.333333333333333,1.0,5.0,1.0,4.0,1.0,2.0,0.0,2.0,2.0,0.0,1.0,0.0,1.0,1.0,4.0,-16.0,3,430.0,1290.0
