PLAYER_ID,PLAYER_NAME,avg(FGM),avg(FGA),avg(FG3M),avg(FG3A),avg(FTM),avg(FTA),avg(OREB),avg(DREB),avg(REB),avg(AST),avg(STL),avg(BLK),avg(TO),avg(PF),avg(PTS),avg(PLUS_MINUS),sum(FGM),sum(FGA),sum(FG3M),sum(FG3A),sum(FTM),sum(FTA),sum(OREB),sum(DREB),sum(REB),sum(AST),sum(STL),sum(BLK),sum(TO),sum(PF),sum(PTS),sum(PLUS_MINUS),sum(ifminute),avg(seconds),sum(seconds)
203095,Evan Fournier,5.791044776119403,13.671641791044776,2.044776119402985,6.208955223880597,1.955223880597015,2.4477611940298507,0.3880597014925373,2.656716417910448,3.044776119402985,3.2388059701492535,0.7313432835820896,0.2537313432835821,1.7313432835820894,2.6865671641791047,15.582089552238806,-1.164179104477612,388.0,916.0,137.0,416.0,131.0,164.0,26.0,178.0,204.0,217.0,49.0,17.0,116.0,180.0,1044.0,-78.0,67,1840.9850746268658,123346.0
1627856,Matt Costello,0.3333333333333333,1.0,0.0,0.0,0.0,0.0,0.3333333333333333,1.0,1.3333333333333333,0.6666666666666666,0.6666666666666666,0.0,0.3333333333333333,1.3333333333333333,0.6666666666666666,2.6666666666666665,1.0,3.0,0.0,0.0,0.0,0.0,1.0,3.0,4.0,2.0,2.0,0.0,1.0,4.0,2.0,8.0,3,432.6666666666667,1298.0
