PLAYER_ID,PLAYER_NAME,avg(FGM),avg(FGA),avg(FG3M),avg(FG3A),avg(FTM),avg(FTA),avg(OREB),avg(DREB),avg(REB),avg(AST),avg(STL),avg(BLK),avg(TO),avg(PF),avg(PTS),avg(PLUS_MINUS),sum(FGM),sum(FGA),sum(FG3M),sum(FG3A),sum(FTM),sum(FTA),sum(OREB),sum(DREB),sum(REB),sum(AST),sum(STL),sum(BLK),sum(TO),sum(PF),sum(PTS),sum(PLUS_MINUS),sum(ifminute),avg(seconds),sum(seconds)
203935,Marcus Smart,2.8941176470588235,6.952941176470588,1.5294117647058822,4.294117647058823,1.3176470588235294,1.6588235294117648,0.7294117647058823,2.1294117647058823,2.8588235294117648,3.8823529411764706,1.7294117647058824,0.32941176470588235,1.5294117647058822,2.4823529411764707,8.635294117647058,1.7882352941176471,246.0,591.0,130.0,365.0,112.0,141.0,62.0,181.0,243.0,330.0,147.0,28.0,130.0,211.0,734.0,152.0,85,1609.035294117647,136768.0
1627395,Julian Washburn,0.8888888888888888,2.6666666666666665,0.2777777777777778,1.3333333333333333,0.16666666666666666,0.2222222222222222,0.4444444444444444,1.8333333333333333,2.2777777777777777,0.7777777777777778,0.7222222222222222,0.1111111111111111,0.3888888888888889,0.8888888888888888,2.2222222222222223,-1.2222222222222223,16.0,48.0,5.0,24.0,3.0,4.0,8.0,33.0,41.0,14.0,13.0,2.0,7.0,16.0,40.0,-22.0,18,846.2222222222222,15232.0
1628964,Mo Bamba,2.58,5.3,0.48,1.56,0.88,1.46,1.32,3.66,4.98,0.88,0.32,1.3,0.96,2.3,6.52,-5.12,129.0,265.0,24.0,78.0,44.0,73.0,66.0,183.0,249.0,44.0,16.0,65.0,48.0,115.0,326.0,-256.0,50,995.3,49765.0
1629285,Angel Rodriguez,1.0,2.0,0.0,1.0,3.0,3.0,0.0,0.0,0.0,0.0,1.0,0.0,0.0,0.0,5.0,0.0,1.0,2.0,0.0,1.0,3.0,3.0,0.0,0.0,0.0,0.0,1.0,0.0,0.0,0.0,5.0,0.0,1,402.0,402.0
