PLAYER_ID,PLAYER_NAME,avg(FGM),avg(FGA),avg(FG3M),avg(FG3A),avg(FTM),avg(FTA),avg(OREB),avg(DREB),avg(REB),avg(AST),avg(STL),avg(BLK),avg(TO),avg(PF),avg(PTS),avg(PLUS_MINUS),sum(FGM),sum(FGA),sum(FG3M),sum(FG3A),sum(FTM),sum(FTA),sum(OREB),sum(DREB),sum(REB),sum(AST),sum(STL),sum(BLK),sum(TO),sum(PF),sum(PTS),sum(PLUS_MINUS),sum(ifminute),avg(seconds),sum(seconds)
1627812,Yogi Ferrell,2.2837837837837838,5.1891891891891895,0.8378378378378378,2.2162162162162162,0.9324324324324325,1.0810810810810811,0.20270270270270271,1.3513513513513513,1.554054054054054,1.972972972972973,0.5135135135135135,0.05405405405405406,0.5405405405405406,0.9864864864864865,6.337837837837838,-0.5945945945945946,169.0,384.0,62.0,164.0,69.0,80.0,15.0,100.0,115.0,146.0,38.0,4.0,40.0,73.0,469.0,-44.0,74,937.4324324324324,69370.0
1629236,Jonathan Stark,1.0,2.0,1.0,2.0,0.0,0.0,0.0,0.0,0.0,0.0,0.0,1.0,0.0,0.0,3.0,9.0,1.0,2.0,1.0,2.0,0.0,0.0,0.0,0.0,0.0,0.0,0.0,1.0,0.0,0.0,3.0,9.0,1,229.0,229.0
