PLAYER_ID,PLAYER_NAME,avg(FGM),avg(FGA),avg(FG3M),avg(FG3A),avg(FTM),avg(FTA),avg(OREB),avg(DREB),avg(REB),avg(AST),avg(STL),avg(BLK),avg(TO),avg(PF),avg(PTS),avg(PLUS_MINUS),sum(FGM),sum(FGA),sum(FG3M),sum(FG3A),sum(FTM),sum(FTA),sum(OREB),sum(DREB),sum(REB),sum(AST),sum(STL),sum(BLK),sum(TO),sum(PF),sum(PTS),sum(PLUS_MINUS),sum(ifminute),avg(seconds),sum(seconds)
1628467,Maxi Kleber,2.4594594594594597,5.445945945945946,1.0945945945945945,3.0945945945945947,0.9054054054054054,1.135135135135135,1.2432432432432432,3.418918918918919,4.662162162162162,0.972972972972973,0.5135135135135135,1.135135135135135,0.7702702702702703,1.9864864864864864,6.918918918918919,0.44594594594594594,182.0,403.0,81.0,229.0,67.0,84.0,92.0,253.0,345.0,72.0,38.0,84.0,57.0,147.0,512.0,33.0,74,1261.7972972972973,93373.0
