PLAYER_ID,PLAYER_NAME,avg(FGM),avg(FGA),avg(FG3M),avg(FG3A),avg(FTM),avg(FTA),avg(OREB),avg(DREB),avg(REB),avg(AST),avg(STL),avg(BLK),avg(TO),avg(PF),avg(PTS),avg(PLUS_MINUS),sum(FGM),sum(FGA),sum(FG3M),sum(FG3A),sum(FTM),sum(FTA),sum(OREB),sum(DREB),sum(REB),sum(AST),sum(STL),sum(BLK),sum(TO),sum(PF),sum(PTS),sum(PLUS_MINUS),sum(ifminute),avg(seconds),sum(seconds)
203083,Andre Drummond,6.853658536585366,13.353658536585366,0.04878048780487805,0.5487804878048781,2.8780487804878048,5.170731707317073,5.426829268292683,10.512195121951219,15.939024390243903,1.8902439024390243,1.475609756097561,1.8658536585365855,2.4390243902439024,3.3292682926829267,16.634146341463413,-1.2560975609756098,562.0,1095.0,4.0,45.0,236.0,424.0,445.0,862.0,1307.0,155.0,121.0,153.0,200.0,273.0,1364.0,-103.0,82,2018.6097560975609,165526.0
1627736,Malik Beasley,2.3768115942028984,5.420289855072464,1.1014492753623188,2.782608695652174,0.5072463768115942,0.6521739130434783,0.30434782608695654,1.4782608695652173,1.7826086956521738,0.855072463768116,0.4927536231884058,0.13043478260869565,0.463768115942029,1.1014492753623188,6.36231884057971,0.6376811594202898,164.0,374.0,76.0,192.0,35.0,45.0,21.0,102.0,123.0,59.0,34.0,9.0,32.0,76.0,439.0,44.0,69,925.1159420289855,63833.0
201976,Patrick Beverley,2.1578947368421053,5.921052631578948,1.131578947368421,3.3421052631578947,1.236842105263158,1.5526315789473684,0.6842105263157895,2.973684210526316,3.6578947368421053,3.473684210526316,0.6578947368421053,0.3157894736842105,1.0263157894736843,3.3684210526315788,6.684210526315789,0.7368421052631579,82.0,225.0,43.0,127.0,47.0,59.0,26.0,113.0,139.0,132.0,25.0,12.0,39.0,128.0,254.0,28.0,38,1460.5526315789473,55501.0
