PLAYER_ID,PLAYER_NAME,avg(FGM),avg(FGA),avg(FG3M),avg(FG3A),avg(FTM),avg(FTA),avg(OREB),avg(DREB),avg(REB),avg(AST),avg(STL),avg(BLK),avg(TO),avg(PF),avg(PTS),avg(PLUS_MINUS),sum(FGM),sum(FGA),sum(FG3M),sum(FG3A),sum(FTM),sum(FTA),sum(OREB),sum(DREB),sum(REB),sum(AST),sum(STL),sum(BLK),sum(TO),sum(PF),sum(PTS),sum(PLUS_MINUS),sum(ifminute),avg(seconds),sum(seconds)
203457,Nerlens Noel,2.0980392156862746,3.803921568627451,0.0,0.0196078431372549,0.8627450980392157,1.2352941176470589,1.9215686274509804,3.823529411764706,5.745098039215686,0.7843137254901961,1.2352941176470589,1.411764705882353,0.7843137254901961,2.450980392156863,5.0588235294117645,-1.2745098039215685,107.0,194.0,0.0,1.0,44.0,63.0,98.0,195.0,293.0,40.0,63.0,72.0,40.0,125.0,258.0,-65.0,51,968.4313725490196,49390.0
1627215,Walt Lemon Jr.,1.7777777777777777,3.888888888888889,0.2222222222222222,0.7777777777777778,1.0,1.5555555555555556,0.1111111111111111,0.7777777777777778,0.8888888888888888,1.2222222222222223,0.3333333333333333,0.2222222222222222,0.7777777777777778,1.1111111111111112,4.777777777777778,-2.0,16.0,35.0,2.0,7.0,9.0,14.0,1.0,7.0,8.0,11.0,3.0,2.0,7.0,10.0,43.0,-18.0,9,501.44444444444446,4513.0
