PLAYER_ID,PLAYER_NAME,avg(FGM),avg(FGA),avg(FG3M),avg(FG3A),avg(FTM),avg(FTA),avg(OREB),avg(DREB),avg(REB),avg(AST),avg(STL),avg(BLK),avg(TO),avg(PF),avg(PTS),avg(PLUS_MINUS),sum(FGM),sum(FGA),sum(FG3M),sum(FG3A),sum(FTM),sum(FTA),sum(OREB),sum(DREB),sum(REB),sum(AST),sum(STL),sum(BLK),sum(TO),sum(PF),sum(PTS),sum(PLUS_MINUS),sum(ifminute),avg(seconds),sum(seconds)
201959,Taj Gibson,4.725274725274725,8.219780219780219,0.12087912087912088,0.3956043956043956,1.6263736263736264,2.208791208791209,2.241758241758242,4.010989010989011,6.252747252747253,1.1758241758241759,0.7362637362637363,0.5934065934065934,0.989010989010989,2.5384615384615383,11.197802197802197,0.3516483516483517,430.0,748.0,11.0,36.0,148.0,201.0,204.0,365.0,569.0,107.0,67.0,54.0,90.0,231.0,1019.0,32.0,91,1733.4175824175825,157741.0
203485,Lorenzo Brown,1.236842105263158,3.5,0.34210526315789475,1.2105263157894737,0.18421052631578946,0.2631578947368421,0.18421052631578946,1.105263157894737,1.2894736842105263,1.1578947368421053,0.3684210526315789,0.15789473684210525,0.6578947368421053,0.8421052631578947,3.0,-0.5263157894736842,47.0,133.0,13.0,46.0,7.0,10.0,7.0,42.0,49.0,44.0,14.0,6.0,25.0,32.0,114.0,-20.0,38,597.0526315789474,22688.0
101141,Ersan Ilyasova,3.5125,7.95,1.1,3.225,1.4,1.8,1.7875,4.4375,6.225,1.25,0.7,0.3375,1.025,2.5125,9.525,2.475,281.0,636.0,88.0,258.0,112.0,144.0,143.0,355.0,498.0,100.0,56.0,27.0,82.0,201.0,762.0,198.0,80,1383.05,110644.0
2216,Zach Randolph,5.846153846153846,13.346153846153847,1.0384615384615385,2.8846153846153846,1.0769230769230769,1.3076923076923077,1.5,5.1923076923076925,6.6923076923076925,2.0384615384615383,0.5384615384615384,0.15384615384615385,2.1538461538461537,2.1153846153846154,13.807692307692308,-5.576923076923077,152.0,347.0,27.0,75.0,28.0,34.0,39.0,135.0,174.0,53.0,14.0,4.0,56.0,55.0,359.0,-145.0,26,1532.7307692307693,39851.0
