PLAYER_ID,PLAYER_NAME,avg(FGM),avg(FGA),avg(FG3M),avg(FG3A),avg(FTM),avg(FTA),avg(OREB),avg(DREB),avg(REB),avg(AST),avg(STL),avg(BLK),avg(TO),avg(PF),avg(PTS),avg(PLUS_MINUS),sum(FGM),sum(FGA),sum(FG3M),sum(FG3A),sum(FTM),sum(FTA),sum(OREB),sum(DREB),sum(REB),sum(AST),sum(STL),sum(BLK),sum(TO),sum(PF),sum(PTS),sum(PLUS_MINUS),sum(ifminute),avg(seconds),sum(seconds)
1626157,Karl-Anthony Towns,7.695652173913044,14.83695652173913,1.5217391304347827,3.717391304347826,4.434782608695652,5.217391304347826,3.0,9.358695652173912,12.358695652173912,2.652173913043478,0.717391304347826,1.5108695652173914,2.3043478260869565,3.489130434782609,21.347826086956523,1.7608695652173914,708.0,1365.0,140.0,342.0,408.0,480.0,276.0,861.0,1137.0,244.0,66.0,139.0,212.0,321.0,1964.0,162.0,92,2046.7173913043478,188298.0
1628449,Chris Boucher,1.0,2.5384615384615383,0.6923076923076923,1.6153846153846154,0.46153846153846156,0.6153846153846154,0.46153846153846156,0.8461538461538461,1.3076923076923077,0.0,0.23076923076923078,1.2307692307692308,0.15384615384615385,0.9230769230769231,3.1538461538461537,-1.0769230769230769,13.0,33.0,9.0,21.0,6.0,8.0,6.0,11.0,17.0,0.0,3.0,16.0,2.0,12.0,41.0,-14.0,13,302.84615384615387,3937.0
201145,Jeff Green,3.563106796116505,7.669902912621359,0.9223300970873787,2.9029126213592233,2.1844660194174756,2.5728155339805827,0.7378640776699029,2.70873786407767,3.4466019417475726,1.3883495145631068,0.46601941747572817,0.5825242718446602,1.0194174757281553,1.9514563106796117,10.233009708737864,-0.3300970873786408,367.0,790.0,95.0,299.0,225.0,265.0,76.0,279.0,355.0,143.0,48.0,60.0,105.0,201.0,1054.0,-34.0,103,1494.0194174757282,153884.0
202344,Trevor Booker,1.7391304347826086,3.4130434782608696,0.10869565217391304,0.45652173913043476,0.717391304347826,0.8478260869565217,1.2826086956521738,2.260869565217391,3.5434782608695654,0.6739130434782609,0.30434782608695654,0.2608695652173913,0.43478260869565216,1.6956521739130435,4.304347826086956,-0.782608695652174,80.0,157.0,5.0,21.0,33.0,39.0,59.0,104.0,163.0,31.0,14.0,12.0,20.0,78.0,198.0,-36.0,46,842.5434782608696,38757.0
