PLAYER_ID,PLAYER_NAME,avg(FGM),avg(FGA),avg(FG3M),avg(FG3A),avg(FTM),avg(FTA),avg(OREB),avg(DREB),avg(REB),avg(AST),avg(STL),avg(BLK),avg(TO),avg(PF),avg(PTS),avg(PLUS_MINUS),sum(FGM),sum(FGA),sum(FG3M),sum(FG3A),sum(FTM),sum(FTA),sum(OREB),sum(DREB),sum(REB),sum(AST),sum(STL),sum(BLK),sum(TO),sum(PF),sum(PTS),sum(PLUS_MINUS),sum(ifminute),avg(seconds),sum(seconds)
203935,Marcus Smart,2.942857142857143,7.557142857142857,1.2,4.057142857142857,1.7428571428571429,2.3142857142857145,0.7714285714285715,2.2285714285714286,3.0,4.3428571428571425,1.6857142857142857,0.37142857142857144,1.8,2.5428571428571427,8.82857142857143,2.6714285714285713,206.0,529.0,84.0,284.0,122.0,162.0,54.0,156.0,210.0,304.0,118.0,26.0,126.0,178.0,618.0,187.0,70,1610.8857142857144,112762.0
