PLAYER_ID,PLAYER_NAME,avg(FGM),avg(FGA),avg(FG3M),avg(FG3A),avg(FTM),avg(FTA),avg(OREB),avg(DREB),avg(REB),avg(AST),avg(STL),avg(BLK),avg(TO),avg(PF),avg(PTS),avg(PLUS_MINUS),sum(FGM),sum(FGA),sum(FG3M),sum(FG3A),sum(FTM),sum(FTA),sum(OREB),sum(DREB),sum(REB),sum(AST),sum(STL),sum(BLK),sum(TO),sum(PF),sum(PTS),sum(PLUS_MINUS),sum(ifminute),avg(seconds),sum(seconds)
101133,Ian Mahinmi,1.4736842105263157,3.1052631578947367,0.13157894736842105,0.5,1.4473684210526316,2.0,1.394736842105263,2.3684210526315788,3.763157894736842,0.7105263157894737,0.7631578947368421,0.5526315789473685,0.7368421052631579,2.5526315789473686,4.526315789473684,0.13157894736842105,56.0,118.0,5.0,19.0,55.0,76.0,53.0,90.0,143.0,27.0,29.0,21.0,28.0,97.0,172.0,5.0,38,905.2368421052631,34399.0
1627737,Marquese Chriss,1.6222222222222222,4.266666666666667,0.35555555555555557,1.6222222222222222,0.8,1.1333333333333333,0.9333333333333333,2.422222222222222,3.3555555555555556,0.5111111111111111,0.4,0.35555555555555557,0.9777777777777777,2.0,4.4,-3.6222222222222222,73.0,192.0,16.0,73.0,36.0,51.0,42.0,109.0,151.0,23.0,18.0,16.0,44.0,90.0,198.0,-163.0,45,716.4444444444445,32240.0
1626162,Kelly Oubre Jr.,5.342465753424658,12.054794520547945,1.5205479452054795,4.8493150684931505,2.6986301369863015,3.4794520547945207,1.0,3.6986301369863015,4.698630136986301,1.2328767123287672,1.1917808219178083,0.8493150684931506,1.5342465753424657,2.643835616438356,14.904109589041095,-3.835616438356164,390.0,880.0,111.0,354.0,197.0,254.0,73.0,270.0,343.0,90.0,87.0,62.0,112.0,193.0,1088.0,-280.0,73,1666.4794520547946,121653.0
201956,Omri Casspi,2.3,4.45,0.375,1.175,1.275,1.825,0.475,2.75,3.225,0.75,0.6,0.25,0.625,1.025,6.25,0.125,92.0,178.0,15.0,47.0,51.0,73.0,19.0,110.0,129.0,30.0,24.0,10.0,25.0,41.0,250.0,5.0,40,849.475,33979.0
