TEAM_ID,PLAYER_ID,PLAYER_NAME,avg(FGM),avg(FGA),avg(FG3M),avg(FG3A),avg(FTM),avg(FTA),avg(OREB),avg(DREB),avg(REB),avg(AST),avg(STL),avg(BLK),avg(TO),avg(PF),avg(PTS),avg(PLUS_MINUS),sum(FGM),sum(FGA),sum(FG3M),sum(FG3A),sum(FTM),sum(FTA),sum(OREB),sum(DREB),sum(REB),sum(AST),sum(STL),sum(BLK),sum(TO),sum(PF),sum(PTS),sum(PLUS_MINUS),sum(ifminute),avg(seconds),sum(seconds)
1610612758,203458,Alex Len,2.3333333333333335,3.933333333333333,0.13333333333333333,0.2,1.1333333333333333,1.6,2.066666666666667,4.0,6.066666666666666,0.5333333333333333,0.2,1.0,1.0666666666666667,2.2666666666666666,5.933333333333334,1.4,35.0,59.0,2.0,3.0,17.0,24.0,31.0,60.0,91.0,8.0,3.0,15.0,16.0,34.0,89.0,21.0,15,901.6666666666666,13525.0
1610612739,1629012,Collin Sexton,7.75,16.485294117647058,1.4852941176470589,3.9411764705882355,3.5588235294117645,4.1911764705882355,0.9264705882352942,2.1911764705882355,3.1176470588235294,2.926470588235294,0.9705882352941176,0.10294117647058823,2.5,2.1911764705882355,20.544117647058822,-6.338235294117647,527.0,1121.0,101.0,268.0,242.0,285.0,63.0,149.0,212.0,199.0,66.0,7.0,170.0,149.0,1397.0,-431.0,68,1962.5,133450.0
