TEAM_ID,PLAYER_ID,PLAYER_NAME,avg(FGM),avg(FGA),avg(FG3M),avg(FG3A),avg(FTM),avg(FTA),avg(OREB),avg(DREB),avg(REB),avg(AST),avg(STL),avg(BLK),avg(TO),avg(PF),avg(PTS),avg(PLUS_MINUS),sum(FGM),sum(FGA),sum(FG3M),sum(FG3A),sum(FTM),sum(FTA),sum(OREB),sum(DREB),sum(REB),sum(AST),sum(STL),sum(BLK),sum(TO),sum(PF),sum(PTS),sum(PLUS_MINUS),sum(ifminute),avg(seconds),sum(seconds)
1610612751,1629185,Chris Chiozza,2.2857142857142856,5.9523809523809526,1.0476190476190477,3.2857142857142856,0.42857142857142855,0.42857142857142855,0.5714285714285714,1.9047619047619047,2.4761904761904763,3.4761904761904763,0.8095238095238095,0.14285714285714285,1.4285714285714286,1.619047619047619,6.0476190476190474,1.2857142857142858,48.0,125.0,22.0,69.0,9.0,9.0,12.0,40.0,52.0,73.0,17.0,3.0,30.0,34.0,127.0,27.0,21,1014.3809523809524,21302.0
