TEAM_ID,PLAYER_ID,PLAYER_NAME,avg(FGM),avg(FGA),avg(FG3M),avg(FG3A),avg(FTM),avg(FTA),avg(OREB),avg(DREB),avg(REB),avg(AST),avg(STL),avg(BLK),avg(TO),avg(PF),avg(PTS),avg(PLUS_MINUS),sum(FGM),sum(FGA),sum(FG3M),sum(FG3A),sum(FTM),sum(FTA),sum(OREB),sum(DREB),sum(REB),sum(AST),sum(STL),sum(BLK),sum(TO),sum(PF),sum(PTS),sum(PLUS_MINUS),sum(ifminute),avg(seconds),sum(seconds)
1610612763,1629139,Yuta Watanabe,0.8095238095238095,1.9523809523809523,0.14285714285714285,0.42857142857142855,0.3333333333333333,0.6190476190476191,0.3333333333333333,0.6666666666666666,1.0,0.2857142857142857,0.19047619047619047,0.09523809523809523,0.23809523809523808,0.47619047619047616,2.0952380952380953,-0.09523809523809523,17.0,41.0,3.0,9.0,7.0,13.0,7.0,14.0,21.0,6.0,4.0,2.0,5.0,10.0,44.0,-2.0,21,345.7142857142857,7260.0
1610612755,203516,James Ennis III,2.0576923076923075,4.576923076923077,0.7115384615384616,2.0961538461538463,0.9807692307692307,1.25,0.9423076923076923,2.1153846153846154,3.0576923076923075,0.7884615384615384,0.4423076923076923,0.2692307692307692,0.6346153846153846,1.7692307692307692,5.8076923076923075,0.4230769230769231,107.0,238.0,37.0,109.0,51.0,65.0,49.0,110.0,159.0,41.0,23.0,14.0,33.0,92.0,302.0,22.0,52,939.6923076923077,48864.0
1610612762,1629742,Stanton Kidd,0.5,1.875,0.125,1.0,0.25,0.25,0.0,0.875,0.875,0.5,0.0,0.0,0.5,0.5,1.375,0.625,4.0,15.0,1.0,8.0,2.0,2.0,0.0,7.0,7.0,4.0,0.0,0.0,4.0,4.0,11.0,5.0,8,373.75,2990.0
