TEAM_ID,PLAYER_ID,PLAYER_NAME,avg(FGM),avg(FGA),avg(FG3M),avg(FG3A),avg(FTM),avg(FTA),avg(OREB),avg(DREB),avg(REB),avg(AST),avg(STL),avg(BLK),avg(TO),avg(PF),avg(PTS),avg(PLUS_MINUS),sum(FGM),sum(FGA),sum(FG3M),sum(FG3A),sum(FTM),sum(FTA),sum(OREB),sum(DREB),sum(REB),sum(AST),sum(STL),sum(BLK),sum(TO),sum(PF),sum(PTS),sum(PLUS_MINUS),sum(ifminute),avg(seconds),sum(seconds)
1610612763,203524,Solomon Hill,2.0,4.816326530612245,1.183673469387755,3.0408163265306123,0.5306122448979592,0.7755102040816326,0.4897959183673469,2.510204081632653,3.0,1.9795918367346939,0.6530612244897959,0.14285714285714285,0.8163265306122449,1.489795918367347,5.714285714285714,-0.7551020408163265,98.0,236.0,58.0,149.0,26.0,38.0,24.0,123.0,147.0,97.0,32.0,7.0,40.0,73.0,280.0,-37.0,49,1127.408163265306,55243.0
