TEAM_ID,PLAYER_ID,PLAYER_NAME,avg(FGM),avg(FGA),avg(FG3M),avg(FG3A),avg(FTM),avg(FTA),avg(OREB),avg(DREB),avg(REB),avg(AST),avg(STL),avg(BLK),avg(TO),avg(PF),avg(PTS),avg(PLUS_MINUS),sum(FGM),sum(FGA),sum(FG3M),sum(FG3A),sum(FTM),sum(FTA),sum(OREB),sum(DREB),sum(REB),sum(AST),sum(STL),sum(BLK),sum(TO),sum(PF),sum(PTS),sum(PLUS_MINUS),sum(ifminute),avg(seconds),sum(seconds)
1610612758,1629610,DaQuan Jeffries,2.0,3.8125,0.5625,1.75,0.625,0.75,0.375,1.3125,1.6875,0.6875,0.5,0.1875,0.25,1.6875,5.1875,2.3125,32.0,61.0,9.0,28.0,10.0,12.0,6.0,21.0,27.0,11.0,8.0,3.0,4.0,27.0,83.0,37.0,16,807.375,12918.0
1610612759,201158,Marco Belinelli,2.265625,5.703125,1.171875,3.140625,0.984375,1.171875,0.125,1.609375,1.734375,1.234375,0.265625,0.015625,0.390625,0.796875,6.6875,0.40625,145.0,365.0,75.0,201.0,63.0,75.0,8.0,103.0,111.0,79.0,17.0,1.0,25.0,51.0,428.0,26.0,64,949.25,60752.0
1610612737,1628989,Kevin Huerter,4.5,10.892857142857142,2.267857142857143,5.964285714285714,0.9464285714285714,1.1428571428571428,0.625,3.4464285714285716,4.071428571428571,3.8035714285714284,0.9107142857142857,0.48214285714285715,1.5535714285714286,2.482142857142857,12.214285714285714,-4.321428571428571,252.0,610.0,127.0,334.0,53.0,64.0,35.0,193.0,228.0,213.0,51.0,27.0,87.0,139.0,684.0,-242.0,56,1886.1607142857142,105625.0
1610612751,201142,Kevin Durant,"","","","","","","","","","","","","","","","","","","","","","","","","","","","","","","","",0,"",""
1610612760,1627988,Myke Henry,0.0,1.0,0.0,0.0,0.0,0.0,0.0,1.0,1.0,0.0,0.0,0.0,0.0,0.0,0.0,-2.0,0.0,1.0,0.0,0.0,0.0,0.0,0.0,1.0,1.0,0.0,0.0,0.0,0.0,0.0,0.0,-2.0,1,129.0,129.0
