TEAM_ID,PLAYER_ID,PLAYER_NAME,avg(FGM),avg(FGA),avg(FG3M),avg(FG3A),avg(FTM),avg(FTA),avg(OREB),avg(DREB),avg(REB),avg(AST),avg(STL),avg(BLK),avg(TO),avg(PF),avg(PTS),avg(PLUS_MINUS),sum(FGM),sum(FGA),sum(FG3M),sum(FG3A),sum(FTM),sum(FTA),sum(OREB),sum(DREB),sum(REB),sum(AST),sum(STL),sum(BLK),sum(TO),sum(PF),sum(PTS),sum(PLUS_MINUS),sum(ifminute),avg(seconds),sum(seconds)
1610612760,203488,Mike Muscala,1.7169811320754718,4.0754716981132075,1.2075471698113207,3.0943396226415096,0.49056603773584906,0.6415094339622641,0.37735849056603776,1.9811320754716981,2.358490566037736,0.8679245283018868,0.24528301886792453,0.2830188679245283,0.41509433962264153,1.1886792452830188,5.132075471698113,0.4528301886792453,91.0,216.0,64.0,164.0,26.0,34.0,20.0,105.0,125.0,46.0,13.0,15.0,22.0,63.0,272.0,24.0,53,728.6415094339623,38618.0
1610612745,200782,P.J. Tucker,2.375,5.8375,1.4875,4.2,0.5125,0.625,1.5,4.9875,6.4875,1.5625,1.05,0.4875,1.0125,3.225,6.75,2.5,190.0,467.0,119.0,336.0,41.0,50.0,120.0,399.0,519.0,125.0,84.0,39.0,81.0,258.0,540.0,200.0,80,2002.55,160204.0
1610612762,202334,Ed Davis,0.8529411764705882,1.6764705882352942,0.0,0.0,0.23529411764705882,0.5,1.1764705882352942,2.5588235294117645,3.735294117647059,0.4117647058823529,0.3235294117647059,0.2647058823529412,0.47058823529411764,2.2058823529411766,1.9411764705882353,-4.0588235294117645,29.0,57.0,0.0,0.0,8.0,17.0,40.0,87.0,127.0,14.0,11.0,9.0,16.0,75.0,66.0,-138.0,34,664.0588235294117,22578.0
1610612737,1628778,Paul Watson,0.0,3.5,0.0,1.5,0.0,0.0,0.0,1.0,1.0,1.5,0.5,0.0,0.0,0.5,0.0,5.0,0.0,7.0,0.0,3.0,0.0,0.0,0.0,2.0,2.0,3.0,1.0,0.0,0.0,1.0,0.0,10.0,2,525.0,1050.0
1610612745,2403,Nene,"","","","","","","","","","","","","","","","","","","","","","","","","","","","","","","","",0,"",""
