TEAM_ID,PLAYER_ID,PLAYER_NAME,avg(FGM),avg(FGA),avg(FG3M),avg(FG3A),avg(FTM),avg(FTA),avg(OREB),avg(DREB),avg(REB),avg(AST),avg(STL),avg(BLK),avg(TO),avg(PF),avg(PTS),avg(PLUS_MINUS),sum(FGM),sum(FGA),sum(FG3M),sum(FG3A),sum(FTM),sum(FTA),sum(OREB),sum(DREB),sum(REB),sum(AST),sum(STL),sum(BLK),sum(TO),sum(PF),sum(PTS),sum(PLUS_MINUS),sum(ifminute),avg(seconds),sum(seconds)
1610612755,203658,Norvel Pelle,1.3225806451612903,2.3870967741935485,0.03225806451612903,0.06451612903225806,0.3548387096774194,0.6129032258064516,0.9354838709677419,2.225806451612903,3.161290322580645,0.25806451612903225,0.0967741935483871,1.4838709677419355,0.8387096774193549,2.225806451612903,3.032258064516129,-1.967741935483871,41.0,74.0,1.0,2.0,11.0,19.0,29.0,69.0,98.0,8.0,3.0,46.0,26.0,69.0,94.0,-61.0,31,579.8709677419355,17976.0
1610612764,1626170,Jerian Grant,1.5555555555555556,4.111111111111111,0.2222222222222222,1.3333333333333333,0.7777777777777778,1.0,0.4444444444444444,0.7777777777777778,1.2222222222222223,1.4444444444444444,0.3333333333333333,0.1111111111111111,0.5555555555555556,1.5555555555555556,4.111111111111111,-1.1111111111111112,14.0,37.0,2.0,12.0,7.0,9.0,4.0,7.0,11.0,13.0,3.0,1.0,5.0,14.0,37.0,-10.0,9,792.4444444444445,7132.0
1610612743,1629020,Jarred Vanderbilt,0.8461538461538461,1.9230769230769231,0.0,0.0,0.15384615384615385,0.38461538461538464,0.8461538461538461,0.9230769230769231,1.7692307692307692,0.46153846153846156,0.38461538461538464,0.07692307692307693,0.7692307692307693,0.8461538461538461,1.8461538461538463,-1.4615384615384615,11.0,25.0,0.0,0.0,2.0,5.0,11.0,12.0,23.0,6.0,5.0,1.0,10.0,11.0,24.0,-19.0,13,385.0769230769231,5006.0
1610612750,1627820,Tyrone Wallace,1.0,2.0,0.0,1.0,0.0,0.0,0.0,1.0,1.0,0.5,1.5,0.0,2.0,2.0,2.0,-5.5,2.0,4.0,0.0,2.0,0.0,0.0,0.0,2.0,2.0,1.0,3.0,0.0,4.0,4.0,4.0,-11.0,2,469.5,939.0
