TEAM_ID,PLAYER_ID,PLAYER_NAME,avg(FGM),avg(FGA),avg(FG3M),avg(FG3A),avg(FTM),avg(FTA),avg(OREB),avg(DREB),avg(REB),avg(AST),avg(STL),avg(BLK),avg(TO),avg(PF),avg(PTS),avg(PLUS_MINUS),sum(FGM),sum(FGA),sum(FG3M),sum(FG3A),sum(FTM),sum(FTA),sum(OREB),sum(DREB),sum(REB),sum(AST),sum(STL),sum(BLK),sum(TO),sum(PF),sum(PTS),sum(PLUS_MINUS),sum(ifminute),avg(seconds),sum(seconds)
1610612742,203552,Seth Curry,4.23943661971831,8.605633802816902,2.2253521126760565,4.845070422535211,1.1690140845070423,1.408450704225352,0.39436619718309857,1.7183098591549295,2.112676056338028,1.8591549295774648,0.5633802816901409,0.14084507042253522,0.971830985915493,1.7605633802816902,11.873239436619718,2.2253521126760565,301.0,611.0,158.0,344.0,83.0,100.0,28.0,122.0,150.0,132.0,40.0,10.0,69.0,125.0,843.0,158.0,71,1431.2676056338028,101620.0
1610612764,1629726,Garrison Mathews,1.4545454545454546,3.3636363636363638,1.1818181818181819,2.772727272727273,1.6363636363636365,1.8181818181818181,0.3181818181818182,1.2272727272727273,1.5454545454545454,0.5454545454545454,0.4090909090909091,0.045454545454545456,0.6363636363636364,1.7272727272727273,5.7272727272727275,1.4545454545454546,32.0,74.0,26.0,61.0,36.0,40.0,7.0,27.0,34.0,12.0,9.0,1.0,14.0,38.0,126.0,32.0,22,770.5909090909091,16953.0
1610612766,1629759,Ahmed Hill,0.5,2.25,0.25,1.25,0.5,0.5,0.0,0.75,0.75,0.25,0.0,0.25,0.25,0.75,1.75,-1.5,2.0,9.0,1.0,5.0,2.0,2.0,0.0,3.0,3.0,1.0,0.0,1.0,1.0,3.0,7.0,-6.0,4,339.5,1358.0
1610612752,1629609,Amir Hinton,"","","","","","","","","","","","","","","","","","","","","","","","","","","","","","","","",0,"",""
