TEAM_ID,PLAYER_ID,PLAYER_NAME,avg(FGM),avg(FGA),avg(FG3M),avg(FG3A),avg(FTM),avg(FTA),avg(OREB),avg(DREB),avg(REB),avg(AST),avg(STL),avg(BLK),avg(TO),avg(PF),avg(PTS),avg(PLUS_MINUS),sum(FGM),sum(FGA),sum(FG3M),sum(FG3A),sum(FTM),sum(FTA),sum(OREB),sum(DREB),sum(REB),sum(AST),sum(STL),sum(BLK),sum(TO),sum(PF),sum(PTS),sum(PLUS_MINUS),sum(ifminute),avg(seconds),sum(seconds)
1610612758,1628450,Eric Mika,2.0,3.0,0.0,0.0,1.0,1.0,2.0,4.5,6.5,0.5,0.0,0.0,0.0,3.0,5.0,4.5,4.0,6.0,0.0,0.0,2.0,2.0,4.0,9.0,13.0,1.0,0.0,0.0,0.0,6.0,10.0,9.0,2,689.0,1378.0
1610612750,1626203,Treveon Graham,1.9444444444444444,5.333333333333333,0.6388888888888888,2.5,0.75,1.0277777777777777,0.8888888888888888,2.111111111111111,3.0,0.9444444444444444,0.5555555555555556,0.05555555555555555,0.5833333333333334,1.9722222222222223,5.277777777777778,-2.9722222222222223,70.0,192.0,23.0,90.0,27.0,37.0,32.0,76.0,108.0,34.0,20.0,2.0,21.0,71.0,190.0,-107.0,36,1167.8055555555557,42041.0
1610612751,1628021,David Nwaba,1.9130434782608696,3.8260869565217392,0.6086956521739131,1.608695652173913,0.9565217391304348,1.434782608695652,0.6086956521739131,1.826086956521739,2.4347826086956523,0.43478260869565216,0.6086956521739131,0.5652173913043478,0.7391304347826086,1.608695652173913,5.391304347826087,0.8260869565217391,44.0,88.0,14.0,37.0,22.0,33.0,14.0,42.0,56.0,10.0,14.0,13.0,17.0,37.0,124.0,19.0,23,853.0434782608696,19620.0
1610612756,1629826,Norense Odiase,0.5,0.5,0.5,0.5,0.5,1.0,0.0,0.0,0.0,0.0,0.0,0.0,0.0,2.0,2.0,3.0,1.0,1.0,1.0,1.0,1.0,2.0,0.0,0.0,0.0,0.0,0.0,0.0,0.0,4.0,4.0,6.0,2,247.5,495.0
