TEAM_ID,PLAYER_ID,PLAYER_NAME,avg(FGM),avg(FGA),avg(FG3M),avg(FG3A),avg(FTM),avg(FTA),avg(OREB),avg(DREB),avg(REB),avg(AST),avg(STL),avg(BLK),avg(TO),avg(PF),avg(PTS),avg(PLUS_MINUS),sum(FGM),sum(FGA),sum(FG3M),sum(FG3A),sum(FTM),sum(FTA),sum(OREB),sum(DREB),sum(REB),sum(AST),sum(STL),sum(BLK),sum(TO),sum(PF),sum(PTS),sum(PLUS_MINUS),sum(ifminute),avg(seconds),sum(seconds)
1610612754,1628968,Brian Bowen II,0.4,1.4,0.0,0.2,0.0,0.0,0.3,0.6,0.9,0.1,0.0,0.2,0.1,0.5,0.8,0.3,4.0,14.0,0.0,2.0,0.0,0.0,3.0,6.0,9.0,1.0,0.0,2.0,1.0,5.0,8.0,3.0,10,292.2,2922.0
1610612760,203460,Andre Roberson,1.5,3.9,0.7,2.0,0.1,0.2,1.1,2.9,4.0,0.6,0.2,0.6,0.4,1.6,3.8,2.5,15.0,39.0,7.0,20.0,1.0,2.0,11.0,29.0,40.0,6.0,2.0,6.0,4.0,16.0,38.0,25.0,10,792.4,7924.0
1610612763,1628367,Josh Jackson,2.9166666666666665,6.958333333333333,0.9583333333333334,3.1666666666666665,1.4583333333333333,2.0833333333333335,0.4583333333333333,2.5416666666666665,3.0,1.6666666666666667,0.75,0.375,1.2916666666666667,1.75,8.25,0.4583333333333333,70.0,167.0,23.0,76.0,35.0,50.0,11.0,61.0,72.0,40.0,18.0,9.0,31.0,42.0,198.0,11.0,24,1021.1666666666666,24508.0
1610612756,203382,Aron Baynes,4.222222222222222,8.866666666666667,1.3555555555555556,3.888888888888889,1.3111111111111111,1.7555555555555555,1.6888888888888889,3.888888888888889,5.5777777777777775,1.6,0.2222222222222222,0.5111111111111111,1.2666666666666666,3.311111111111111,11.11111111111111,-0.9111111111111111,190.0,399.0,61.0,175.0,59.0,79.0,76.0,175.0,251.0,72.0,10.0,23.0,57.0,149.0,500.0,-41.0,45,1326.8222222222223,59707.0
1610612750,1627774,Jake Layman,3.5185185185185186,7.851851851851852,1.0740740740740742,3.4444444444444446,1.1481481481481481,1.5925925925925926,0.7037037037037037,2.0,2.7037037037037037,0.8148148148148148,0.7037037037037037,0.4444444444444444,1.0740740740740742,1.962962962962963,9.25925925925926,0.7407407407407407,95.0,212.0,29.0,93.0,31.0,43.0,19.0,54.0,73.0,22.0,19.0,12.0,29.0,53.0,250.0,20.0,27,1309.4814814814815,35356.0
1610612739,203903,Jordan Clarkson,4.84375,10.875,2.03125,5.375,2.40625,2.71875,0.65625,1.59375,2.25,2.34375,0.53125,0.25,1.375,1.15625,14.125,-3.59375,155.0,348.0,65.0,172.0,77.0,87.0,21.0,51.0,72.0,75.0,17.0,8.0,44.0,37.0,452.0,-115.0,32,1348.0625,43138.0
