TEAM_ID,PLAYER_ID,PLAYER_NAME,avg(FGM),avg(FGA),avg(FG3M),avg(FG3A),avg(FTM),avg(FTA),avg(OREB),avg(DREB),avg(REB),avg(AST),avg(STL),avg(BLK),avg(TO),avg(PF),avg(PTS),avg(PLUS_MINUS),sum(FGM),sum(FGA),sum(FG3M),sum(FG3A),sum(FTM),sum(FTA),sum(OREB),sum(DREB),sum(REB),sum(AST),sum(STL),sum(BLK),sum(TO),sum(PF),sum(PTS),sum(PLUS_MINUS),sum(ifminute),avg(seconds),sum(seconds)
1610612758,201147,Corey Brewer,1.1428571428571428,1.5714285714285714,0.42857142857142855,0.5714285714285714,0.5714285714285714,0.8571428571428571,0.42857142857142855,1.7142857142857142,2.142857142857143,0.5714285714285714,0.7142857142857143,0.0,0.42857142857142855,1.5714285714285714,3.2857142857142856,2.0,8.0,11.0,3.0,4.0,4.0,6.0,3.0,12.0,15.0,4.0,5.0,0.0,3.0,11.0,23.0,14.0,7,459.0,3213.0
1610612756,1629660,Ty Jerome,1.4736842105263157,4.184210526315789,0.47368421052631576,1.894736842105263,0.4473684210526316,0.5789473684210527,0.21052631578947367,1.236842105263158,1.4473684210526316,1.6842105263157894,0.5789473684210527,0.13157894736842105,0.7631578947368421,1.0789473684210527,3.8684210526315788,-2.763157894736842,56.0,159.0,18.0,72.0,17.0,22.0,8.0,47.0,55.0,64.0,22.0,5.0,29.0,41.0,147.0,-105.0,38,725.3684210526316,27564.0
1610612753,1628964,Mo Bamba,2.295774647887324,4.774647887323944,0.676056338028169,1.8309859154929577,0.5492957746478874,0.8732394366197183,1.591549295774648,3.2253521126760565,4.816901408450704,0.6338028169014085,0.36619718309859156,1.380281690140845,0.6619718309859155,1.8873239436619718,5.816901408450704,0.08450704225352113,163.0,339.0,48.0,130.0,39.0,62.0,113.0,229.0,342.0,45.0,26.0,98.0,47.0,134.0,413.0,6.0,71,852.9577464788732,60560.0
1610612760,101108,Chris Paul,6.013698630136986,12.356164383561644,1.547945205479452,4.2465753424657535,3.4794520547945207,3.8493150684931505,0.3561643835616438,4.506849315068493,4.863013698630137,6.616438356164384,1.5205479452054795,0.1506849315068493,2.356164383561644,2.287671232876712,17.054794520547944,4.424657534246576,439.0,902.0,113.0,310.0,254.0,281.0,26.0,329.0,355.0,483.0,111.0,11.0,172.0,167.0,1245.0,323.0,73,1860.849315068493,135842.0
1610612746,1629806,B.J. Taylor,"","","","","","","","","","","","","","","","","","","","","","","","","","","","","","","","",0,"",""
