TEAM_ID,PLAYER_ID,PLAYER_NAME,avg(FGM),avg(FGA),avg(FG3M),avg(FG3A),avg(FTM),avg(FTA),avg(OREB),avg(DREB),avg(REB),avg(AST),avg(STL),avg(BLK),avg(TO),avg(PF),avg(PTS),avg(PLUS_MINUS),sum(FGM),sum(FGA),sum(FG3M),sum(FG3A),sum(FTM),sum(FTA),sum(OREB),sum(DREB),sum(REB),sum(AST),sum(STL),sum(BLK),sum(TO),sum(PF),sum(PTS),sum(PLUS_MINUS),sum(ifminute),avg(seconds),sum(seconds)
1610612760,1628983,Shai Gilgeous-Alexander,6.75,14.289473684210526,1.236842105263158,3.6184210526315788,4.092105263157895,5.052631578947368,0.6578947368421053,5.157894736842105,5.815789473684211,3.289473684210526,1.0789473684210527,0.6578947368421053,1.9342105263157894,1.644736842105263,18.82894736842105,1.644736842105263,513.0,1086.0,94.0,275.0,311.0,384.0,50.0,392.0,442.0,250.0,82.0,50.0,147.0,125.0,1431.0,125.0,76,2032.8684210526317,154498.0
1610612746,203585,Rodney McGruder,1.3833333333333333,3.5166666666666666,0.48333333333333334,1.6833333333333333,0.45,0.7333333333333333,0.5333333333333333,2.216666666666667,2.75,0.7166666666666667,0.48333333333333334,0.16666666666666666,0.4666666666666667,1.4166666666666667,3.7,-0.3,83.0,211.0,29.0,101.0,27.0,44.0,32.0,133.0,165.0,43.0,29.0,10.0,28.0,85.0,222.0,-18.0,60,944.8333333333334,56690.0
1610612752,203901,Elfrid Payton,4.125,9.583333333333334,0.3125,1.5416666666666667,1.0208333333333333,1.7916666666666667,1.0833333333333333,3.5833333333333335,4.666666666666667,6.958333333333333,1.5416666666666667,0.375,2.1666666666666665,1.9166666666666667,9.583333333333334,-2.6458333333333335,198.0,460.0,15.0,74.0,49.0,86.0,52.0,172.0,224.0,334.0,74.0,18.0,104.0,92.0,460.0,-127.0,48,1641.6666666666667,78800.0
1610612754,1627215,Walt Lemon Jr.,"","","","","","","","","","","","","","","","","","","","","","","","","","","","","","","","",0,"",""
