TEAM_ID,PLAYER_ID,PLAYER_NAME,avg(FGM),avg(FGA),avg(FG3M),avg(FG3A),avg(FTM),avg(FTA),avg(OREB),avg(DREB),avg(REB),avg(AST),avg(STL),avg(BLK),avg(TO),avg(PF),avg(PTS),avg(PLUS_MINUS),sum(FGM),sum(FGA),sum(FG3M),sum(FG3A),sum(FTM),sum(FTA),sum(OREB),sum(DREB),sum(REB),sum(AST),sum(STL),sum(BLK),sum(TO),sum(PF),sum(PTS),sum(PLUS_MINUS),sum(ifminute),avg(seconds),sum(seconds)
1610612757,203468,CJ McCollum,8.626666666666667,18.92,2.7733333333333334,7.173333333333333,1.9733333333333334,2.6533333333333333,0.6266666666666667,3.48,4.1066666666666665,4.32,0.7733333333333333,0.5866666666666667,1.8533333333333333,2.5733333333333333,22.0,0.32,647.0,1419.0,208.0,538.0,148.0,199.0,47.0,261.0,308.0,324.0,58.0,44.0,139.0,193.0,1650.0,24.0,75,2140.826666666667,160562.0
1610612750,203943,Noah Vonleh,1.5757575757575757,2.878787878787879,0.06060606060606061,0.48484848484848486,0.7575757575757576,0.9090909090909091,1.2121212121212122,2.8484848484848486,4.0606060606060606,0.8484848484848485,0.36363636363636365,0.21212121212121213,0.7878787878787878,1.2424242424242424,3.9696969696969697,-2.484848484848485,52.0,95.0,2.0,16.0,25.0,30.0,40.0,94.0,134.0,28.0,12.0,7.0,26.0,41.0,131.0,-82.0,33,727.4545454545455,24006.0
