TEAM_ID,PLAYER_ID,PLAYER_NAME,avg(FGM),avg(FGA),avg(FG3M),avg(FG3A),avg(FTM),avg(FTA),avg(OREB),avg(DREB),avg(REB),avg(AST),avg(STL),avg(BLK),avg(TO),avg(PF),avg(PTS),avg(PLUS_MINUS),sum(FGM),sum(FGA),sum(FG3M),sum(FG3A),sum(FTM),sum(FTA),sum(OREB),sum(DREB),sum(REB),sum(AST),sum(STL),sum(BLK),sum(TO),sum(PF),sum(PTS),sum(PLUS_MINUS),sum(ifminute),avg(seconds),sum(seconds)
1610612746,203210,JaMychal Green,2.36231884057971,5.594202898550725,1.4492753623188406,3.8115942028985508,0.5217391304347826,0.7246376811594203,1.173913043478261,4.913043478260869,6.086956521739131,0.855072463768116,0.4492753623188406,0.391304347826087,0.8405797101449275,2.7246376811594204,6.695652173913044,1.5507246376811594,163.0,386.0,100.0,263.0,36.0,50.0,81.0,339.0,420.0,59.0,31.0,27.0,58.0,188.0,462.0,107.0,69,1237.4202898550725,85382.0
1610612751,1627752,Taurean Prince,4.388059701492537,11.447761194029852,2.328358208955224,6.656716417910448,1.1044776119402986,1.373134328358209,0.7761194029850746,5.044776119402985,5.82089552238806,1.791044776119403,0.8805970149253731,0.3880597014925373,2.014925373134328,2.462686567164179,12.208955223880597,0.9850746268656716,294.0,767.0,156.0,446.0,74.0,92.0,52.0,338.0,390.0,120.0,59.0,26.0,135.0,165.0,818.0,66.0,67,1722.9253731343283,115436.0
1610612759,201960,DeMarre Carroll,0.7368421052631579,2.3157894736842106,0.3157894736842105,1.1578947368421053,0.7368421052631579,1.1578947368421053,0.47368421052631576,2.1052631578947367,2.5789473684210527,0.8421052631578947,0.15789473684210525,0.10526315789473684,0.9473684210526315,1.263157894736842,2.526315789473684,1.263157894736842,14.0,44.0,6.0,22.0,14.0,22.0,9.0,40.0,49.0,16.0,3.0,2.0,18.0,24.0,48.0,24.0,19,628.7894736842105,11947.0
