TEAM_ID,PLAYER_ID,PLAYER_NAME,avg(FGM),avg(FGA),avg(FG3M),avg(FG3A),avg(FTM),avg(FTA),avg(OREB),avg(DREB),avg(REB),avg(AST),avg(STL),avg(BLK),avg(TO),avg(PF),avg(PTS),avg(PLUS_MINUS),sum(FGM),sum(FGA),sum(FG3M),sum(FG3A),sum(FTM),sum(FTA),sum(OREB),sum(DREB),sum(REB),sum(AST),sum(STL),sum(BLK),sum(TO),sum(PF),sum(PTS),sum(PLUS_MINUS),sum(ifminute),avg(seconds),sum(seconds)
1610612757,1626209,Mario Hezonja,2.0,4.6,0.5333333333333333,1.6666666666666667,1.0333333333333334,1.25,0.5333333333333333,3.183333333333333,3.716666666666667,1.2,0.7,0.18333333333333332,0.9166666666666666,2.0,5.566666666666666,-3.2,120.0,276.0,32.0,100.0,62.0,75.0,32.0,191.0,223.0,72.0,42.0,11.0,55.0,120.0,334.0,-192.0,60,1037.3166666666666,62239.0
1610612750,201952,Jeff Teague,4.078947368421052,9.394736842105264,0.9736842105263158,2.5789473684210527,3.4210526315789473,3.9473684210526314,0.47368421052631576,2.026315789473684,2.5,5.868421052631579,0.7631578947368421,0.39473684210526316,2.1315789473684212,2.026315789473684,12.552631578947368,-2.6052631578947367,155.0,357.0,37.0,98.0,130.0,150.0,18.0,77.0,95.0,223.0,29.0,15.0,81.0,77.0,477.0,-99.0,38,1627.9736842105262,61863.0
