TEAM_ID,PLAYER_ID,PLAYER_NAME,avg(FGM),avg(FGA),avg(FG3M),avg(FG3A),avg(FTM),avg(FTA),avg(OREB),avg(DREB),avg(REB),avg(AST),avg(STL),avg(BLK),avg(TO),avg(PF),avg(PTS),avg(PLUS_MINUS),sum(FGM),sum(FGA),sum(FG3M),sum(FG3A),sum(FTM),sum(FTA),sum(OREB),sum(DREB),sum(REB),sum(AST),sum(STL),sum(BLK),sum(TO),sum(PF),sum(PTS),sum(PLUS_MINUS),sum(ifminute),avg(seconds),sum(seconds)
1610612754,1628513,Naz Mitrou-Long,0.8888888888888888,2.2222222222222223,0.2222222222222222,1.4444444444444444,0.1111111111111111,0.2222222222222222,0.0,1.0,1.0,1.1111111111111112,0.1111111111111111,0.1111111111111111,0.8888888888888888,0.4444444444444444,2.111111111111111,0.5555555555555556,8.0,20.0,2.0,13.0,1.0,2.0,0.0,9.0,9.0,10.0,1.0,1.0,8.0,4.0,19.0,5.0,9,424.44444444444446,3820.0
1610612745,203998,Bruno Caboclo,1.2727272727272727,2.3636363636363638,0.18181818181818182,0.8181818181818182,0.5454545454545454,0.5454545454545454,0.5454545454545454,1.0,1.5454545454545454,0.18181818181818182,0.5454545454545454,0.5454545454545454,0.6363636363636364,0.9090909090909091,3.272727272727273,-0.7272727272727273,14.0,26.0,2.0,9.0,6.0,6.0,6.0,11.0,17.0,2.0,6.0,6.0,7.0,10.0,36.0,-8.0,11,379.8181818181818,4178.0
1610612763,1629723,John Konchar,1.173913043478261,1.9130434782608696,0.21739130434782608,0.4782608695652174,0.043478260869565216,0.08695652173913043,0.8260869565217391,1.7826086956521738,2.608695652173913,1.0,0.34782608695652173,0.17391304347826086,0.34782608695652173,0.391304347826087,2.608695652173913,1.565217391304348,27.0,44.0,5.0,11.0,1.0,2.0,19.0,41.0,60.0,23.0,8.0,4.0,8.0,9.0,60.0,36.0,23,545.3478260869565,12543.0
