TEAM_ID,PLAYER_ID,PLAYER_NAME,avg(FGM),avg(FGA),avg(FG3M),avg(FG3A),avg(FTM),avg(FTA),avg(OREB),avg(DREB),avg(REB),avg(AST),avg(STL),avg(BLK),avg(TO),avg(PF),avg(PTS),avg(PLUS_MINUS),sum(FGM),sum(FGA),sum(FG3M),sum(FG3A),sum(FTM),sum(FTA),sum(OREB),sum(DREB),sum(REB),sum(AST),sum(STL),sum(BLK),sum(TO),sum(PF),sum(PTS),sum(PLUS_MINUS),sum(ifminute),avg(seconds),sum(seconds)
1610612751,1629743,Donta Hall,2.8,3.6,0.0,0.0,1.0,2.4,1.6,3.0,4.6,0.4,0.4,1.0,0.6,2.8,6.6,-1.6,14.0,18.0,0.0,0.0,5.0,12.0,8.0,15.0,23.0,2.0,2.0,5.0,3.0,14.0,33.0,-8.0,5,1023.2,5116.0
1610612758,203145,Kent Bazemore,3.5357142857142856,8.392857142857142,1.1071428571428572,2.9642857142857144,2.2142857142857144,3.0357142857142856,0.6071428571428571,4.321428571428571,4.928571428571429,1.3214285714285714,1.1071428571428572,0.39285714285714285,1.3571428571428572,3.0,10.392857142857142,-1.1785714285714286,99.0,235.0,31.0,83.0,62.0,85.0,17.0,121.0,138.0,37.0,31.0,11.0,38.0,84.0,291.0,-33.0,28,1382.3214285714287,38705.0
1610612752,1629019,Allonzo Trier,2.2222222222222223,4.703703703703703,0.8148148148148148,2.3333333333333335,1.6296296296296295,2.037037037037037,0.2222222222222222,0.9259259259259259,1.1481481481481481,1.1851851851851851,0.2222222222222222,0.14814814814814814,1.037037037037037,1.2222222222222223,6.888888888888889,-2.4444444444444446,60.0,127.0,22.0,63.0,44.0,55.0,6.0,25.0,31.0,32.0,6.0,4.0,28.0,33.0,186.0,-66.0,27,753.2592592592592,20338.0
1610612758,1629117,Wenyen Gabriel,0.5714285714285714,1.7857142857142858,0.14285714285714285,0.9285714285714286,0.8571428571428571,1.4285714285714286,0.35714285714285715,0.8571428571428571,1.2142857142857142,0.35714285714285715,0.35714285714285715,0.21428571428571427,0.7142857142857143,0.7142857142857143,2.142857142857143,-2.142857142857143,8.0,25.0,2.0,13.0,12.0,20.0,5.0,12.0,17.0,5.0,5.0,3.0,10.0,10.0,30.0,-30.0,14,401.2142857142857,5617.0
