TEAM_ID,PLAYER_ID,PLAYER_NAME,avg(FGM),avg(FGA),avg(FG3M),avg(FG3A),avg(FTM),avg(FTA),avg(OREB),avg(DREB),avg(REB),avg(AST),avg(STL),avg(BLK),avg(TO),avg(PF),avg(PTS),avg(PLUS_MINUS),sum(FGM),sum(FGA),sum(FG3M),sum(FG3A),sum(FTM),sum(FTA),sum(OREB),sum(DREB),sum(REB),sum(AST),sum(STL),sum(BLK),sum(TO),sum(PF),sum(PTS),sum(PLUS_MINUS),sum(ifminute),avg(seconds),sum(seconds)
1610612755,1627788,Furkan Korkmaz,3.278481012658228,7.7594936708860756,1.8987341772151898,4.8354430379746836,1.0126582278481013,1.3670886075949367,0.24050632911392406,2.1265822784810124,2.367088607594937,1.1265822784810127,0.569620253164557,0.24050632911392406,0.7974683544303798,1.3164556962025316,9.468354430379748,1.0379746835443038,259.0,613.0,150.0,382.0,80.0,108.0,19.0,168.0,187.0,89.0,45.0,19.0,63.0,104.0,748.0,82.0,79,1280.26582278481,101141.0
1610612745,1626187,Michael Frazier,0.6428571428571429,2.2142857142857144,0.2857142857142857,1.6428571428571428,0.6428571428571429,1.0,0.07142857142857142,0.7857142857142857,0.8571428571428571,0.21428571428571427,0.14285714285714285,0.0,0.5,1.5714285714285714,2.2142857142857144,-3.7142857142857144,9.0,31.0,4.0,23.0,9.0,14.0,1.0,11.0,12.0,3.0,2.0,0.0,7.0,22.0,31.0,-52.0,14,661.7142857142857,9264.0
1610612747,1627936,Alex Caruso,1.875,4.722222222222222,0.6666666666666666,1.9305555555555556,1.2222222222222223,1.625,0.2777777777777778,1.6805555555555556,1.9583333333333333,2.1805555555555554,1.1111111111111112,0.2777777777777778,1.0277777777777777,1.5972222222222223,5.638888888888889,4.138888888888889,135.0,340.0,48.0,139.0,88.0,117.0,20.0,121.0,141.0,157.0,80.0,20.0,74.0,115.0,406.0,298.0,72,1108.236111111111,79793.0
