TEAM_ID,PLAYER_ID,PLAYER_NAME,avg(FGM),avg(FGA),avg(FG3M),avg(FG3A),avg(FTM),avg(FTA),avg(OREB),avg(DREB),avg(REB),avg(AST),avg(STL),avg(BLK),avg(TO),avg(PF),avg(PTS),avg(PLUS_MINUS),sum(FGM),sum(FGA),sum(FG3M),sum(FG3A),sum(FTM),sum(FTA),sum(OREB),sum(DREB),sum(REB),sum(AST),sum(STL),sum(BLK),sum(TO),sum(PF),sum(PTS),sum(PLUS_MINUS),sum(ifminute),avg(seconds),sum(seconds)
1610612743,1628470,Torrey Craig,2.126984126984127,4.746031746031746,0.7936507936507936,2.4761904761904763,0.3968253968253968,0.6507936507936508,1.0793650793650793,2.2222222222222223,3.3015873015873014,0.8571428571428571,0.4126984126984127,0.6031746031746031,0.49206349206349204,2.3015873015873014,5.444444444444445,-2.6666666666666665,134.0,299.0,50.0,156.0,25.0,41.0,68.0,140.0,208.0,54.0,26.0,38.0,31.0,145.0,343.0,-168.0,63,1117.936507936508,70430.0
1610612761,1626178,Rondae Hollis-Jefferson,2.484848484848485,5.287878787878788,0.045454545454545456,0.36363636363636365,1.7121212121212122,2.3636363636363638,1.7727272727272727,2.9393939393939394,4.712121212121212,1.803030303030303,0.7727272727272727,0.3484848484848485,1.0757575757575757,1.9545454545454546,6.7272727272727275,1.2424242424242424,164.0,349.0,3.0,24.0,113.0,156.0,117.0,194.0,311.0,119.0,51.0,23.0,71.0,129.0,444.0,82.0,66,1093.7878787878788,72190.0
1610612749,101107,Marvin Williams,1.631578947368421,3.4210526315789473,0.7368421052631579,2.263157894736842,0.3157894736842105,0.3684210526315789,0.8421052631578947,3.473684210526316,4.315789473684211,1.263157894736842,0.631578947368421,0.47368421052631576,0.5789473684210527,1.8421052631578947,4.315789473684211,1.3157894736842106,31.0,65.0,14.0,43.0,6.0,7.0,16.0,66.0,82.0,24.0,12.0,9.0,11.0,35.0,82.0,25.0,19,1129.157894736842,21454.0
1610612739,1629645,Kevin Porter Jr.,3.6226415094339623,8.377358490566039,1.0377358490566038,3.188679245283019,1.4150943396226414,1.9811320754716981,0.4528301886792453,2.69811320754717,3.150943396226415,2.0943396226415096,0.8867924528301887,0.2641509433962264,1.8679245283018868,2.641509433962264,9.69811320754717,-5.886792452830188,192.0,444.0,55.0,169.0,75.0,105.0,24.0,143.0,167.0,111.0,47.0,14.0,99.0,140.0,514.0,-312.0,53,1380.433962264151,73163.0
