TEAM_ID,PLAYER_ID,PLAYER_NAME,avg(FGM),avg(FGA),avg(FG3M),avg(FG3A),avg(FTM),avg(FTA),avg(OREB),avg(DREB),avg(REB),avg(AST),avg(STL),avg(BLK),avg(TO),avg(PF),avg(PTS),avg(PLUS_MINUS),sum(FGM),sum(FGA),sum(FG3M),sum(FG3A),sum(FTM),sum(FTA),sum(OREB),sum(DREB),sum(REB),sum(AST),sum(STL),sum(BLK),sum(TO),sum(PF),sum(PTS),sum(PLUS_MINUS),sum(ifminute),avg(seconds),sum(seconds)
1610612746,201149,Joakim Noah,1.125,2.25,0.0,0.0,1.125,2.0,1.125,3.0,4.125,2.0,0.25,0.75,1.375,2.0,3.375,-0.25,9.0,18.0,0.0,0.0,9.0,16.0,9.0,24.0,33.0,16.0,2.0,6.0,11.0,16.0,27.0,-2.0,8,803.875,6431.0
1610612751,203925,Joe Harris,5.337837837837838,11.121621621621621,2.391891891891892,5.72972972972973,0.9324324324324325,1.3108108108108107,0.8918918918918919,3.3513513513513513,4.243243243243243,2.081081081081081,0.5675675675675675,0.25675675675675674,1.5,2.324324324324324,14.0,1.4864864864864864,395.0,823.0,177.0,424.0,69.0,97.0,66.0,248.0,314.0,154.0,42.0,19.0,111.0,172.0,1036.0,110.0,74,1815.9864864864865,134383.0
1610612759,203092,Tyler Zeller,0.3333333333333333,1.3333333333333333,0.0,0.0,0.0,0.0,1.0,0.3333333333333333,1.3333333333333333,0.0,0.0,0.0,0.0,0.0,0.6666666666666666,0.3333333333333333,1.0,4.0,0.0,0.0,0.0,0.0,3.0,1.0,4.0,0.0,0.0,0.0,0.0,0.0,2.0,1.0,3,90.33333333333333,271.0
1610612750,1629006,Josh Okogie,2.6515151515151514,6.318181818181818,0.6212121212121212,2.409090909090909,2.5,3.1515151515151514,1.3484848484848484,2.9242424242424243,4.2727272727272725,1.6666666666666667,1.106060606060606,0.42424242424242425,1.393939393939394,2.242424242424242,8.424242424242424,-2.696969696969697,175.0,417.0,41.0,159.0,165.0,208.0,89.0,193.0,282.0,110.0,73.0,28.0,92.0,148.0,556.0,-178.0,66,1484.2121212121212,97958.0
