TEAM_ID,PLAYER_ID,PLAYER_NAME,avg(FGM),avg(FGA),avg(FG3M),avg(FG3A),avg(FTM),avg(FTA),avg(OREB),avg(DREB),avg(REB),avg(AST),avg(STL),avg(BLK),avg(TO),avg(PF),avg(PTS),avg(PLUS_MINUS),sum(FGM),sum(FGA),sum(FG3M),sum(FG3A),sum(FTM),sum(FTA),sum(OREB),sum(DREB),sum(REB),sum(AST),sum(STL),sum(BLK),sum(TO),sum(PF),sum(PTS),sum(PLUS_MINUS),sum(ifminute),avg(seconds),sum(seconds)
1610612758,1628385,Harry Giles III,3.020408163265306,5.551020408163265,0.02040816326530612,0.08163265306122448,0.8571428571428571,1.0816326530612246,0.9183673469387755,3.326530612244898,4.244897959183674,1.3061224489795917,0.5306122448979592,0.3673469387755102,0.9591836734693877,2.6530612244897958,6.918367346938775,-3.0408163265306123,148.0,272.0,1.0,4.0,42.0,53.0,45.0,163.0,208.0,64.0,26.0,18.0,47.0,130.0,339.0,-149.0,49,890.5918367346939,43639.0
1610612741,201152,Thaddeus Young,4.102941176470588,9.235294117647058,1.1764705882352942,3.3823529411764706,0.6176470588235294,1.0588235294117647,1.4705882352941178,3.4558823529411766,4.926470588235294,1.8529411764705883,1.3823529411764706,0.35294117647058826,1.6029411764705883,2.0588235294117645,10.0,-2.264705882352941,279.0,628.0,80.0,230.0,42.0,72.0,100.0,235.0,335.0,126.0,94.0,24.0,109.0,140.0,680.0,-154.0,68,1473.9411764705883,100228.0
1610612741,1626245,Cristiano Felicio,1.4615384615384615,2.423076923076923,0.0,0.07692307692307693,0.8461538461538461,1.1153846153846154,2.3461538461538463,2.0384615384615383,4.384615384615385,0.6538461538461539,0.38461538461538464,0.11538461538461539,0.6923076923076923,1.4230769230769231,3.769230769230769,-3.8461538461538463,38.0,63.0,0.0,2.0,22.0,29.0,61.0,53.0,114.0,17.0,10.0,3.0,18.0,37.0,98.0,-100.0,26,1003.4230769230769,26089.0
