TEAM_ID,PLAYER_ID,PLAYER_NAME,avg(FGM),avg(FGA),avg(FG3M),avg(FG3A),avg(FTM),avg(FTA),avg(OREB),avg(DREB),avg(REB),avg(AST),avg(STL),avg(BLK),avg(TO),avg(PF),avg(PTS),avg(PLUS_MINUS),sum(FGM),sum(FGA),sum(FG3M),sum(FG3A),sum(FTM),sum(FTA),sum(OREB),sum(DREB),sum(REB),sum(AST),sum(STL),sum(BLK),sum(TO),sum(PF),sum(PTS),sum(PLUS_MINUS),sum(ifminute),avg(seconds),sum(seconds)
1610612757,203081,Damian Lillard,9.142857142857142,19.771428571428572,3.942857142857143,9.9,6.771428571428571,7.614285714285714,0.4857142857142857,3.742857142857143,4.228571428571429,7.814285714285714,1.0142857142857142,0.34285714285714286,2.9285714285714284,1.6857142857142857,29.0,1.1428571428571428,640.0,1384.0,276.0,693.0,474.0,533.0,34.0,262.0,296.0,547.0,71.0,24.0,205.0,118.0,2030.0,80.0,70,2200.6428571428573,154045.0
1610612755,203922,Glenn Robinson III,3.0,5.875,0.75,1.9375,0.75,0.875,0.9375,2.0625,3.0,0.6875,0.5625,0.125,0.375,1.3125,7.5,-0.4375,48.0,94.0,12.0,31.0,12.0,14.0,15.0,33.0,48.0,11.0,9.0,2.0,6.0,21.0,120.0,-7.0,16,1092.4375,17479.0
1610612738,1628464,Daniel Theis,3.63768115942029,6.391304347826087,0.463768115942029,1.4202898550724639,1.3478260869565217,1.7536231884057971,2.130434782608696,4.2898550724637685,6.420289855072464,1.7391304347826086,0.5652173913043478,1.2608695652173914,0.7971014492753623,3.289855072463768,9.08695652173913,3.1159420289855073,251.0,441.0,32.0,98.0,93.0,121.0,147.0,296.0,443.0,120.0,39.0,87.0,55.0,227.0,627.0,215.0,69,1412.2898550724638,97448.0
1610612737,1629629,Cam Reddish,3.596774193548387,9.419354838709678,1.3870967741935485,4.241935483870968,1.6774193548387097,2.0806451612903225,0.5645161290322581,3.0483870967741935,3.6129032258064515,1.4516129032258065,1.0483870967741935,0.46774193548387094,1.6451612903225807,2.225806451612903,10.258064516129032,-4.435483870967742,223.0,584.0,86.0,263.0,104.0,129.0,35.0,189.0,224.0,90.0,65.0,29.0,102.0,138.0,636.0,-275.0,62,1568.3225806451612,97236.0
1610612766,1629606,Robert Franks,1.0,2.3333333333333335,1.0,1.6666666666666667,0.0,0.0,0.3333333333333333,0.3333333333333333,0.6666666666666666,0.0,0.0,0.0,0.3333333333333333,1.0,3.0,-1.0,3.0,7.0,3.0,5.0,0.0,0.0,1.0,1.0,2.0,0.0,0.0,0.0,1.0,3.0,9.0,-3.0,3,372.3333333333333,1117.0
1610612762,1629739,William Howard,2.0,5.0,0.0,2.5,0.5,0.5,0.0,2.5,2.5,1.0,0.5,0.5,0.0,2.0,4.5,-3.0,4.0,10.0,0.0,5.0,1.0,1.0,0.0,5.0,5.0,2.0,1.0,1.0,0.0,4.0,9.0,-6.0,2,677.0,1354.0
