TEAM_ID,PLAYER_ID,PLAYER_NAME,avg(FGM),avg(FGA),avg(FG3M),avg(FG3A),avg(FTM),avg(FTA),avg(OREB),avg(DREB),avg(REB),avg(AST),avg(STL),avg(BLK),avg(TO),avg(PF),avg(PTS),avg(PLUS_MINUS),sum(FGM),sum(FGA),sum(FG3M),sum(FG3A),sum(FTM),sum(FTA),sum(OREB),sum(DREB),sum(REB),sum(AST),sum(STL),sum(BLK),sum(TO),sum(PF),sum(PTS),sum(PLUS_MINUS),sum(ifminute),avg(seconds),sum(seconds)
1610612740,1628402,Frank Jackson,2.5074626865671643,5.91044776119403,0.9402985074626866,2.6417910447761193,1.044776119402985,1.3880597014925373,0.34328358208955223,1.0298507462686568,1.373134328358209,1.0746268656716418,0.31343283582089554,0.05970149253731343,0.8805970149253731,1.2985074626865671,7.0,0.26865671641791045,168.0,396.0,63.0,177.0,70.0,93.0,23.0,69.0,92.0,72.0,21.0,4.0,59.0,87.0,469.0,18.0,67,851.5373134328358,57053.0
1610612748,1629216,Gabe Vincent,0.8333333333333334,3.75,0.5833333333333334,2.8333333333333335,0.4166666666666667,0.5833333333333334,0.0,0.4166666666666667,0.4166666666666667,0.9166666666666666,0.4166666666666667,0.0,0.08333333333333333,0.6666666666666666,2.6666666666666665,-1.8333333333333333,10.0,45.0,7.0,34.0,5.0,7.0,0.0,5.0,5.0,11.0,5.0,0.0,1.0,8.0,32.0,-22.0,12,512.25,6147.0
