PLAYER_ID,PLAYER_NAME,avg(FGM),avg(FGA),avg(FG3M),avg(FG3A),avg(FTM),avg(FTA),avg(OREB),avg(DREB),avg(REB),avg(AST),avg(STL),avg(BLK),avg(TO),avg(PF),avg(PTS),avg(PLUS_MINUS),sum(FGM),sum(FGA),sum(FG3M),sum(FG3A),sum(FTM),sum(FTA),sum(OREB),sum(DREB),sum(REB),sum(AST),sum(STL),sum(BLK),sum(TO),sum(PF),sum(PTS),sum(PLUS_MINUS),sum(ifminute),avg(seconds),sum(seconds)
203937,Kyle Anderson,1.5925925925925926,4.0,0.2962962962962963,0.8148148148148148,0.8148148148148148,1.1111111111111112,0.14814814814814814,3.074074074074074,3.2222222222222223,1.1481481481481481,0.6296296296296297,0.2962962962962963,0.5555555555555556,1.3333333333333333,4.296296296296297,-1.0740740740740742,43.0,108.0,8.0,22.0,22.0,30.0,4.0,83.0,87.0,31.0,17.0,8.0,15.0,36.0,116.0,-29.0,27,976.4074074074074,26363.0
2449,Luis Scola,3.146788990825688,7.036697247706422,0.03669724770642202,0.1559633027522936,1.2568807339449541,1.871559633027523,1.165137614678899,3.761467889908257,4.926605504587156,1.1743119266055047,0.44954128440366975,0.21100917431192662,1.0825688073394495,2.1743119266055047,7.587155963302752,-1.18348623853211,343.0,767.0,4.0,17.0,137.0,204.0,127.0,410.0,537.0,128.0,49.0,23.0,118.0,237.0,827.0,-129.0,109,1059.0,115431.0
203145,Kent Bazemore,2.130434782608696,5.144927536231884,0.5942028985507246,1.8115942028985508,1.0,1.6666666666666667,0.14492753623188406,1.8985507246376812,2.0434782608695654,1.4057971014492754,0.6231884057971014,0.2898550724637681,1.144927536231884,1.5507246376811594,5.855072463768116,-3.028985507246377,147.0,355.0,41.0,125.0,69.0,115.0,10.0,131.0,141.0,97.0,43.0,20.0,79.0,107.0,404.0,-209.0,69,892.8985507246376,61610.0
201565,Derrick Rose,6.2,14.2,1.4666666666666666,4.933333333333334,3.3,4.033333333333333,0.6,2.533333333333333,3.1333333333333333,4.333333333333333,0.4666666666666667,0.16666666666666666,2.8666666666666667,1.3333333333333333,17.166666666666668,3.6,186.0,426.0,44.0,148.0,99.0,121.0,18.0,76.0,94.0,130.0,14.0,5.0,86.0,40.0,515.0,108.0,30,1587.3333333333333,47620.0
2567,Brian Cook,0.5,1.0,0.0,0.0,1.0,1.0,0.5,0.0,0.5,0.0,0.0,0.0,0.5,1.5,2.0,-3.5,1.0,2.0,0.0,0.0,2.0,2.0,1.0,0.0,1.0,0.0,0.0,0.0,1.0,3.0,4.0,-7.0,2,169.5,339.0
