PLAYER_ID,PLAYER_NAME,avg(FGM),avg(FGA),avg(FG3M),avg(FG3A),avg(FTM),avg(FTA),avg(OREB),avg(DREB),avg(REB),avg(AST),avg(STL),avg(BLK),avg(TO),avg(PF),avg(PTS),avg(PLUS_MINUS),sum(FGM),sum(FGA),sum(FG3M),sum(FG3A),sum(FTM),sum(FTA),sum(OREB),sum(DREB),sum(REB),sum(AST),sum(STL),sum(BLK),sum(TO),sum(PF),sum(PTS),sum(PLUS_MINUS),sum(ifminute),avg(seconds),sum(seconds)
203507,Giannis Antetokounmpo,3.043956043956044,6.967032967032967,0.38461538461538464,1.2857142857142858,2.340659340659341,3.2747252747252746,0.9340659340659341,4.1208791208791204,5.054945054945055,2.21978021978022,0.8021978021978022,0.8571428571428571,1.89010989010989,2.5164835164835164,8.813186813186814,-3.10989010989011,277.0,634.0,35.0,117.0,213.0,298.0,85.0,375.0,460.0,202.0,73.0,78.0,172.0,229.0,802.0,-283.0,91,1590.934065934066,144775.0
202341,James Anderson,3.96,9.06,1.48,4.42,0.9,1.22,0.78,3.12,3.9,1.94,1.02,0.34,1.3,2.2,10.3,-8.16,198.0,453.0,74.0,221.0,45.0,61.0,39.0,156.0,195.0,97.0,51.0,17.0,65.0,110.0,515.0,-408.0,50,1716.14,85807.0
