PLAYER_ID,PLAYER_NAME,avg(FGM),avg(FGA),avg(FG3M),avg(FG3A),avg(FTM),avg(FTA),avg(OREB),avg(DREB),avg(REB),avg(AST),avg(STL),avg(BLK),avg(TO),avg(PF),avg(PTS),avg(PLUS_MINUS),sum(FGM),sum(FGA),sum(FG3M),sum(FG3A),sum(FTM),sum(FTA),sum(OREB),sum(DREB),sum(REB),sum(AST),sum(STL),sum(BLK),sum(TO),sum(PF),sum(PTS),sum(PLUS_MINUS),sum(ifminute),avg(seconds),sum(seconds)
203462,Archie Goodwin,1.4473684210526316,3.1842105263157894,0.13157894736842105,0.5526315789473685,1.0263157894736843,1.5,0.5789473684210527,0.9473684210526315,1.5263157894736843,0.5263157894736842,0.34210526315789475,0.15789473684210525,0.5789473684210527,0.8947368421052632,4.052631578947368,-2.6842105263157894,55.0,121.0,5.0,21.0,39.0,57.0,22.0,36.0,58.0,20.0,13.0,6.0,22.0,34.0,154.0,-102.0,38,540.9473684210526,20556.0
2570,Kendrick Perkins,1.5476190476190477,3.4523809523809526,0.0,0.011904761904761904,0.7380952380952381,1.2976190476190477,1.7261904761904763,3.9523809523809526,5.678571428571429,0.8452380952380952,0.30952380952380953,0.5476190476190477,1.5,2.8452380952380953,3.8333333333333335,0.07142857142857142,130.0,290.0,0.0,1.0,62.0,109.0,145.0,332.0,477.0,71.0,26.0,46.0,126.0,239.0,322.0,6.0,84,1187.952380952381,99788.0
201960,DeMarre Carroll,4.228915662650603,9.096385542168674,1.4698795180722892,3.927710843373494,1.6385542168674698,2.180722891566265,1.6024096385542168,3.8674698795180724,5.469879518072289,1.6987951807228916,1.3493975903614457,0.25301204819277107,1.0602409638554218,2.7228915662650603,11.566265060240964,1.3253012048192772,351.0,755.0,122.0,326.0,136.0,181.0,133.0,321.0,454.0,141.0,112.0,21.0,88.0,226.0,960.0,110.0,83,1945.6626506024097,161490.0
1882,Elton Brand,2.3661971830985915,4.492957746478873,0.0,0.028169014084507043,0.7887323943661971,1.2535211267605635,1.4225352112676057,3.5492957746478875,4.971830985915493,1.0704225352112675,0.5633802816901409,1.2112676056338028,0.8169014084507042,2.647887323943662,5.52112676056338,-1.1126760563380282,168.0,319.0,0.0,2.0,56.0,89.0,101.0,252.0,353.0,76.0,40.0,86.0,58.0,188.0,392.0,-79.0,71,1187.2676056338028,84296.0
202970,Gustavo Ayon,2.6153846153846154,4.846153846153846,0.0,0.0,0.38461538461538464,1.2307692307692308,1.7692307692307692,3.8461538461538463,5.615384615384615,1.5384615384615385,1.3076923076923077,0.46153846153846156,1.6923076923076923,1.9230769230769231,5.615384615384615,1.3076923076923077,34.0,63.0,0.0,0.0,5.0,16.0,23.0,50.0,73.0,20.0,17.0,6.0,22.0,25.0,73.0,17.0,13,1196.8461538461538,15559.0
