PLAYER_ID,PLAYER_NAME,avg(FGM),avg(FGA),avg(FG3M),avg(FG3A),avg(FTM),avg(FTA),avg(OREB),avg(DREB),avg(REB),avg(AST),avg(STL),avg(BLK),avg(TO),avg(PF),avg(PTS),avg(PLUS_MINUS),sum(FGM),sum(FGA),sum(FG3M),sum(FG3A),sum(FTM),sum(FTA),sum(OREB),sum(DREB),sum(REB),sum(AST),sum(STL),sum(BLK),sum(TO),sum(PF),sum(PTS),sum(PLUS_MINUS),sum(ifminute),avg(seconds),sum(seconds)
200782,P.J. Tucker,3.1379310344827585,6.850574712643678,0.9425287356321839,2.3908045977011496,1.528735632183908,1.9540229885057472,1.5977011494252873,4.988505747126437,6.586206896551724,1.6551724137931034,1.2758620689655173,0.28735632183908044,1.103448275862069,2.471264367816092,8.74712643678161,1.6436781609195403,273.0,596.0,82.0,208.0,133.0,170.0,139.0,434.0,573.0,144.0,111.0,25.0,96.0,215.0,761.0,143.0,87,1747.16091954023,152003.0
203092,Tyler Zeller,2.954022988505747,5.160919540229885,0.0,0.011494252873563218,1.7816091954022988,2.2758620689655173,1.6551724137931034,3.1954022988505746,4.850574712643678,0.7701149425287356,0.28735632183908044,0.6781609195402298,0.9655172413793104,2.413793103448276,7.689655172413793,-0.22988505747126436,257.0,449.0,0.0,1.0,155.0,198.0,144.0,278.0,422.0,67.0,25.0,59.0,84.0,210.0,669.0,-20.0,87,1076.7816091954023,93680.0
203482,Kelly Olynyk,3.9176470588235293,7.929411764705883,0.8117647058823529,2.0941176470588236,1.588235294117647,2.1294117647058823,1.811764705882353,3.6941176470588237,5.5058823529411764,1.7411764705882353,0.7058823529411765,0.5882352941176471,1.4588235294117646,3.3294117647058825,10.235294117647058,2.3294117647058825,333.0,674.0,69.0,178.0,135.0,181.0,154.0,314.0,468.0,148.0,60.0,50.0,124.0,283.0,870.0,198.0,85,1344.2,114257.0
202731,Vernon Macklin,"","","","","","","","","","","","","","","","","","","","","","","","","","","","","","","","",0,"",""
