PLAYER_ID,PLAYER_NAME,avg(FGM),avg(FGA),avg(FG3M),avg(FG3A),avg(FTM),avg(FTA),avg(OREB),avg(DREB),avg(REB),avg(AST),avg(STL),avg(BLK),avg(TO),avg(PF),avg(PTS),avg(PLUS_MINUS),sum(FGM),sum(FGA),sum(FG3M),sum(FG3A),sum(FTM),sum(FTA),sum(OREB),sum(DREB),sum(REB),sum(AST),sum(STL),sum(BLK),sum(TO),sum(PF),sum(PTS),sum(PLUS_MINUS),sum(ifminute),avg(seconds),sum(seconds)
201945,Gerald Henderson,4.3625,9.7125,0.5375,1.6625,2.1125,2.7625,0.3125,2.875,3.1875,2.225,0.55,0.3625,1.225,1.8875,11.375,-2.2625,349.0,777.0,43.0,133.0,169.0,221.0,25.0,230.0,255.0,178.0,44.0,29.0,98.0,151.0,910.0,-181.0,80,1726.9875,138159.0
201936,Tyreke Evans,6.012658227848101,13.860759493670885,0.5063291139240507,1.9113924050632911,3.1139240506329116,4.2784810126582276,1.0759493670886076,3.8607594936708862,4.936708860759493,5.379746835443038,1.2025316455696202,0.2911392405063291,2.7088607594936707,2.2658227848101267,15.645569620253164,-1.6835443037974684,475.0,1095.0,40.0,151.0,246.0,338.0,85.0,305.0,390.0,425.0,95.0,23.0,214.0,179.0,1236.0,-133.0,79,1866.4430379746836,147449.0
202690,Jimmer Fredette,2.0344827586206895,4.517241379310345,0.7931034482758621,1.8103448275862069,0.5344827586206896,0.6551724137931034,0.1206896551724138,0.7241379310344828,0.8448275862068966,1.2586206896551724,0.3103448275862069,0.05172413793103448,0.8275862068965517,0.8620689655172413,5.396551724137931,1.2413793103448276,118.0,262.0,46.0,105.0,31.0,38.0,7.0,42.0,49.0,73.0,18.0,3.0,48.0,50.0,313.0,72.0,58,684.0,39672.0
202682,Derrick Williams,2.524390243902439,5.878048780487805,0.35365853658536583,1.2439024390243902,2.2195121951219514,3.2195121951219514,0.8780487804878049,2.707317073170732,3.5853658536585367,0.573170731707317,0.4878048780487805,0.17073170731707318,0.9390243902439024,1.3048780487804879,7.621951219512195,-3.3658536585365852,207.0,482.0,29.0,102.0,182.0,264.0,72.0,222.0,294.0,47.0,40.0,14.0,77.0,107.0,625.0,-276.0,82,1268.939024390244,104053.0
203964,Roscoe Smith,1.2857142857142858,2.857142857142857,0.0,0.0,0.5714285714285714,1.4285714285714286,1.2857142857142858,1.8571428571428572,3.142857142857143,0.14285714285714285,0.14285714285714285,0.0,0.2857142857142857,1.2857142857142858,3.142857142857143,-6.142857142857143,9.0,20.0,0.0,0.0,4.0,10.0,9.0,13.0,22.0,1.0,1.0,0.0,2.0,9.0,22.0,-43.0,7,893.0,6251.0
