PLAYER_ID,PLAYER_NAME,avg(FGM),avg(FGA),avg(FG3M),avg(FG3A),avg(FTM),avg(FTA),avg(OREB),avg(DREB),avg(REB),avg(AST),avg(STL),avg(BLK),avg(TO),avg(PF),avg(PTS),avg(PLUS_MINUS),sum(FGM),sum(FGA),sum(FG3M),sum(FG3A),sum(FTM),sum(FTA),sum(OREB),sum(DREB),sum(REB),sum(AST),sum(STL),sum(BLK),sum(TO),sum(PF),sum(PTS),sum(PLUS_MINUS),sum(ifminute),avg(seconds),sum(seconds)
201595,Joey Dorsey,0.7666666666666667,1.6333333333333333,0.0,0.0,0.26666666666666666,1.2,1.2666666666666666,2.2333333333333334,3.5,0.3333333333333333,0.6,0.6333333333333333,0.8666666666666667,2.2,1.8,-0.7,23.0,49.0,0.0,0.0,8.0,36.0,38.0,67.0,105.0,10.0,18.0,19.0,26.0,66.0,54.0,-21.0,30,687.2333333333333,20617.0
200780,Solomon Jones,0.5,1.5,0.0,0.0,0.0,0.0,1.0,1.0,2.0,0.5,0.0,0.0,2.0,4.0,1.0,-6.0,1.0,3.0,0.0,0.0,0.0,0.0,2.0,2.0,4.0,1.0,0.0,0.0,4.0,8.0,2.0,-12.0,2,692.5,1385.0
201957,Byron Mullens,2.0,4.37037037037037,0.9259259259259259,2.2222222222222223,0.3333333333333333,0.5925925925925926,0.6666666666666666,1.8518518518518519,2.5185185185185186,0.2962962962962963,0.3333333333333333,0.2962962962962963,0.6666666666666666,1.2962962962962963,5.2592592592592595,-3.7777777777777777,54.0,118.0,25.0,60.0,9.0,16.0,18.0,50.0,68.0,8.0,9.0,8.0,18.0,35.0,142.0,-102.0,27,617.5555555555555,16674.0
