PLAYER_ID,PLAYER_NAME,avg(FGM),avg(FGA),avg(FG3M),avg(FG3A),avg(FTM),avg(FTA),avg(OREB),avg(DREB),avg(REB),avg(AST),avg(STL),avg(BLK),avg(TO),avg(PF),avg(PTS),avg(PLUS_MINUS),sum(FGM),sum(FGA),sum(FG3M),sum(FG3A),sum(FTM),sum(FTA),sum(OREB),sum(DREB),sum(REB),sum(AST),sum(STL),sum(BLK),sum(TO),sum(PF),sum(PTS),sum(PLUS_MINUS),sum(ifminute),avg(seconds),sum(seconds)
201985,AJ Price,1.775,4.275,0.675,2.025,0.525,0.85,0.2,0.725,0.925,1.175,0.175,0.0,0.425,0.45,4.75,-1.175,71.0,171.0,27.0,81.0,21.0,34.0,8.0,29.0,37.0,47.0,7.0,0.0,17.0,18.0,190.0,-47.0,40,566.2,22648.0
203136,Ognjen Kuzmic,0.7272727272727273,1.0909090909090908,0.0,0.0,0.45454545454545453,0.7272727272727273,0.7272727272727273,1.5151515151515151,2.242424242424242,0.5757575757575758,0.24242424242424243,0.06060606060606061,0.48484848484848486,1.2424242424242424,1.9090909090909092,-0.9696969696969697,24.0,36.0,0.0,0.0,15.0,24.0,24.0,50.0,74.0,19.0,8.0,2.0,16.0,41.0,63.0,-32.0,33,434.8181818181818,14349.0
2427,Roger Mason Jr.,0.36363636363636365,1.4545454545454546,0.2727272727272727,1.0909090909090908,0.2727272727272727,0.2727272727272727,0.0,0.2727272727272727,0.2727272727272727,0.6363636363636364,0.0,0.0,0.18181818181818182,0.5454545454545454,1.2727272727272727,-1.8181818181818181,4.0,16.0,3.0,12.0,3.0,3.0,0.0,3.0,3.0,7.0,0.0,0.0,2.0,6.0,14.0,-20.0,11,483.27272727272725,5316.0
