PLAYER_ID,PLAYER_NAME,avg(FGM),avg(FGA),avg(FG3M),avg(FG3A),avg(FTM),avg(FTA),avg(OREB),avg(DREB),avg(REB),avg(AST),avg(STL),avg(BLK),avg(TO),avg(PF),avg(PTS),avg(PLUS_MINUS),sum(FGM),sum(FGA),sum(FG3M),sum(FG3A),sum(FTM),sum(FTA),sum(OREB),sum(DREB),sum(REB),sum(AST),sum(STL),sum(BLK),sum(TO),sum(PF),sum(PTS),sum(PLUS_MINUS),sum(ifminute),avg(seconds),sum(seconds)
101133,Ian Mahinmi,1.8955223880597014,3.4328358208955225,0.0,0.0,0.5373134328358209,1.7611940298507462,1.6567164179104477,4.0,5.656716417910448,0.5074626865671642,0.4626865671641791,0.7910447761194029,1.0,2.8358208955223883,4.3283582089552235,-0.208955223880597,127.0,230.0,0.0,0.0,36.0,118.0,111.0,268.0,379.0,34.0,31.0,53.0,67.0,190.0,290.0,-14.0,67,1108.3731343283582,74261.0
