PLAYER_ID,PLAYER_NAME,avg(FGM),avg(FGA),avg(FG3M),avg(FG3A),avg(FTM),avg(FTA),avg(OREB),avg(DREB),avg(REB),avg(AST),avg(STL),avg(BLK),avg(TO),avg(PF),avg(PTS),avg(PLUS_MINUS),sum(FGM),sum(FGA),sum(FG3M),sum(FG3A),sum(FTM),sum(FTA),sum(OREB),sum(DREB),sum(REB),sum(AST),sum(STL),sum(BLK),sum(TO),sum(PF),sum(PTS),sum(PLUS_MINUS),sum(ifminute),avg(seconds),sum(seconds)
101198,Will Bynum,3.41025641025641,8.0,0.358974358974359,1.1794871794871795,1.7179487179487178,2.076923076923077,0.48717948717948717,1.2820512820512822,1.7692307692307692,4.384615384615385,0.6666666666666666,0.1282051282051282,1.9487179487179487,2.128205128205128,8.897435897435898,-2.1025641025641026,133.0,312.0,14.0,46.0,67.0,81.0,19.0,50.0,69.0,171.0,26.0,5.0,76.0,83.0,347.0,-82.0,39,1164.3589743589744,45410.0
1497,Chauncey Billups,0.75,3.0,0.25,1.5,0.0,0.0,0.25,0.25,0.5,0.75,0.0,0.0,1.25,1.5,1.75,-4.5,3.0,12.0,1.0,6.0,0.0,0.0,1.0,1.0,2.0,3.0,0.0,0.0,5.0,6.0,7.0,-18.0,4,575.75,2303.0
