PLAYER_ID,PLAYER_NAME,avg(FGM),avg(FGA),avg(FG3M),avg(FG3A),avg(FTM),avg(FTA),avg(OREB),avg(DREB),avg(REB),avg(AST),avg(STL),avg(BLK),avg(TO),avg(PF),avg(PTS),avg(PLUS_MINUS),sum(FGM),sum(FGA),sum(FG3M),sum(FG3A),sum(FTM),sum(FTA),sum(OREB),sum(DREB),sum(REB),sum(AST),sum(STL),sum(BLK),sum(TO),sum(PF),sum(PTS),sum(PLUS_MINUS),sum(ifminute),avg(seconds),sum(seconds)
2210,Richard Jefferson,2.0,4.546511627906977,0.8837209302325582,2.104651162790698,1.1046511627906976,1.6744186046511629,0.36046511627906974,2.011627906976744,2.372093023255814,0.8255813953488372,0.4883720930232558,0.13953488372093023,0.7093023255813954,1.6046511627906976,5.988372093023256,0.023255813953488372,172.0,391.0,76.0,181.0,95.0,144.0,31.0,173.0,204.0,71.0,42.0,12.0,61.0,138.0,515.0,2.0,86,987.9069767441861,84960.0
201569,Eric Gordon,4.661971830985915,11.450704225352112,2.267605633802817,5.225352112676056,1.8309859154929577,2.23943661971831,0.43661971830985913,2.140845070422535,2.5774647887323945,3.647887323943662,0.7605633802816901,0.23943661971830985,1.9859154929577465,2.3661971830985915,13.422535211267606,0.6056338028169014,331.0,813.0,161.0,371.0,130.0,159.0,31.0,152.0,183.0,259.0,54.0,17.0,141.0,168.0,953.0,43.0,71,1939.394366197183,137697.0
203957,Dante Exum,1.7777777777777777,5.0777777777777775,1.0,3.1666666666666665,0.35555555555555557,0.5222222222222223,0.32222222222222224,1.2555555555555555,1.5777777777777777,2.433333333333333,0.5,0.17777777777777778,1.5333333333333334,1.7555555555555555,4.911111111111111,1.011111111111111,160.0,457.0,90.0,285.0,32.0,47.0,29.0,113.0,142.0,219.0,45.0,16.0,138.0,158.0,442.0,91.0,90,1317.7666666666667,118599.0
202700,Donatas Motiejunas,4.734177215189874,9.645569620253164,0.6708860759493671,1.8481012658227849,1.4556962025316456,2.4556962025316458,1.8734177215189873,3.8860759493670884,5.7594936708860756,1.7341772151898733,0.7974683544303798,0.4430379746835443,1.6962025316455696,2.9240506329113924,11.594936708860759,1.0506329113924051,374.0,762.0,53.0,146.0,115.0,194.0,148.0,307.0,455.0,137.0,63.0,35.0,134.0,231.0,916.0,83.0,79,1677.253164556962,132503.0
204040,Ronald Roberts Jr.,1.0,1.75,0.0,0.0,0.0,0.5,0.5,0.75,1.25,0.25,0.0,0.0,0.5,0.5,2.0,0.5,4.0,7.0,0.0,0.0,0.0,2.0,2.0,3.0,5.0,1.0,0.0,0.0,2.0,2.0,8.0,2.0,4,348.0,1392.0
