PLAYER_ID,PLAYER_NAME,avg(FGM),avg(FGA),avg(FG3M),avg(FG3A),avg(FTM),avg(FTA),avg(OREB),avg(DREB),avg(REB),avg(AST),avg(STL),avg(BLK),avg(TO),avg(PF),avg(PTS),avg(PLUS_MINUS),sum(FGM),sum(FGA),sum(FG3M),sum(FG3A),sum(FTM),sum(FTA),sum(OREB),sum(DREB),sum(REB),sum(AST),sum(STL),sum(BLK),sum(TO),sum(PF),sum(PTS),sum(PLUS_MINUS),sum(ifminute),avg(seconds),sum(seconds)
202397,Ish Smith,1.6623376623376624,3.792207792207792,0.025974025974025976,0.3246753246753247,0.33766233766233766,0.6493506493506493,0.4675324675324675,1.4155844155844155,1.8831168831168832,2.3506493506493507,0.5584415584415584,0.12987012987012986,0.9090909090909091,0.8831168831168831,3.688311688311688,-0.37662337662337664,128.0,292.0,2.0,25.0,26.0,50.0,36.0,109.0,145.0,181.0,43.0,10.0,70.0,68.0,284.0,-29.0,77,822.8701298701299,63361.0
203923,James Young,1.4285714285714286,3.4285714285714284,0.42857142857142855,1.7142857142857142,0.42857142857142855,0.8571428571428571,0.0,0.8571428571428571,0.8571428571428571,0.42857142857142855,0.2857142857142857,0.14285714285714285,0.14285714285714285,0.7142857142857143,3.7142857142857144,3.2857142857142856,10.0,24.0,3.0,12.0,3.0,6.0,0.0,6.0,6.0,3.0,2.0,1.0,1.0,5.0,26.0,23.0,7,540.5714285714286,3784.0
