PLAYER_ID,PLAYER_NAME,avg(FGM),avg(FGA),avg(FG3M),avg(FG3A),avg(FTM),avg(FTA),avg(OREB),avg(DREB),avg(REB),avg(AST),avg(STL),avg(BLK),avg(TO),avg(PF),avg(PTS),avg(PLUS_MINUS),sum(FGM),sum(FGA),sum(FG3M),sum(FG3A),sum(FTM),sum(FTA),sum(OREB),sum(DREB),sum(REB),sum(AST),sum(STL),sum(BLK),sum(TO),sum(PF),sum(PTS),sum(PLUS_MINUS),sum(ifminute),avg(seconds),sum(seconds)
101122,Danny Granger,2.485294117647059,6.3088235294117645,1.0294117647058822,2.9411764705882355,1.1029411764705883,1.2941176470588236,0.6470588235294118,1.9852941176470589,2.6323529411764706,0.8235294117647058,0.35294117647058826,0.29411764705882354,0.7941176470588235,1.8970588235294117,7.102941176470588,0.22058823529411764,169.0,429.0,70.0,200.0,75.0,88.0,44.0,135.0,179.0,56.0,24.0,20.0,54.0,129.0,483.0,15.0,68,1110.9558823529412,75545.0
200779,Steve Novak,0.9032258064516129,1.9516129032258065,0.7741935483870968,1.6774193548387097,0.03225806451612903,0.06451612903225806,0.08064516129032258,0.8387096774193549,0.9193548387096774,0.1935483870967742,0.12903225806451613,0.08064516129032258,0.0967741935483871,0.7258064516129032,2.6129032258064515,1.0161290322580645,56.0,121.0,48.0,104.0,2.0,4.0,5.0,52.0,57.0,12.0,8.0,5.0,6.0,45.0,162.0,63.0,62,445.3225806451613,27610.0
201964,Victor Claver,0.8518518518518519,2.1481481481481484,0.18518518518518517,0.8518518518518519,0.4444444444444444,0.6296296296296297,0.48148148148148145,1.6296296296296295,2.111111111111111,0.48148148148148145,0.14814814814814814,0.1111111111111111,0.5925925925925926,0.9629629629629629,2.3333333333333335,1.1851851851851851,23.0,58.0,5.0,23.0,12.0,17.0,13.0,44.0,57.0,13.0,4.0,3.0,16.0,26.0,63.0,32.0,27,541.3703703703703,14617.0
