PLAYER_ID,PLAYER_NAME,avg(FGM),avg(FGA),avg(FG3M),avg(FG3A),avg(FTM),avg(FTA),avg(OREB),avg(DREB),avg(REB),avg(AST),avg(STL),avg(BLK),avg(TO),avg(PF),avg(PTS),avg(PLUS_MINUS),sum(FGM),sum(FGA),sum(FG3M),sum(FG3A),sum(FTM),sum(FTA),sum(OREB),sum(DREB),sum(REB),sum(AST),sum(STL),sum(BLK),sum(TO),sum(PF),sum(PTS),sum(PLUS_MINUS),sum(ifminute),avg(seconds),sum(seconds)
203090,Maurice Harkless,1.6470588235294117,3.9215686274509802,0.23529411764705882,1.3137254901960784,0.5882352941176471,1.0784313725490196,0.8627450980392157,1.6274509803921569,2.4901960784313726,0.6078431372549019,0.7647058823529411,0.21568627450980393,0.6274509803921569,1.4901960784313726,4.117647058823529,-2.196078431372549,84.0,200.0,12.0,67.0,30.0,55.0,44.0,83.0,127.0,31.0,39.0,11.0,32.0,76.0,210.0,-112.0,51,968.1960784313726,49378.0
204037,Travis Wear,1.6607142857142858,4.089285714285714,0.19642857142857142,0.5535714285714286,0.375,0.5,0.6071428571428571,1.5178571428571428,2.125,0.7678571428571429,0.32142857142857145,0.19642857142857142,0.6964285714285714,1.1785714285714286,3.892857142857143,-1.6428571428571428,93.0,229.0,11.0,31.0,21.0,28.0,34.0,85.0,119.0,43.0,18.0,11.0,39.0,66.0,218.0,-92.0,56,779.1785714285714,43634.0
202362,Lance Stephenson,3.4461538461538463,9.076923076923077,0.3076923076923077,1.7230769230769232,1.1692307692307693,1.8461538461538463,0.6307692307692307,3.830769230769231,4.461538461538462,3.8615384615384616,0.6153846153846154,0.12307692307692308,2.1384615384615384,2.2,8.36923076923077,-4.030769230769231,224.0,590.0,20.0,112.0,76.0,120.0,41.0,249.0,290.0,251.0,40.0,8.0,139.0,143.0,544.0,-262.0,65,1562.7076923076922,101576.0
