PLAYER_ID,PLAYER_NAME,avg(FGM),avg(FGA),avg(FG3M),avg(FG3A),avg(FTM),avg(FTA),avg(OREB),avg(DREB),avg(REB),avg(AST),avg(STL),avg(BLK),avg(TO),avg(PF),avg(PTS),avg(PLUS_MINUS),sum(FGM),sum(FGA),sum(FG3M),sum(FG3A),sum(FTM),sum(FTA),sum(OREB),sum(DREB),sum(REB),sum(AST),sum(STL),sum(BLK),sum(TO),sum(PF),sum(PTS),sum(PLUS_MINUS),sum(ifminute),avg(seconds),sum(seconds)
2403,Nene,4.341463414634147,8.646341463414634,0.012195121951219513,0.07317073170731707,1.7804878048780488,2.9146341463414633,1.353658536585366,3.792682926829268,5.146341463414634,1.7317073170731707,1.0,0.34146341463414637,1.7926829268292683,2.707317073170732,10.475609756097562,1.7926829268292683,356.0,709.0,1.0,6.0,146.0,239.0,111.0,311.0,422.0,142.0,82.0,28.0,147.0,222.0,859.0,147.0,82,1498.658536585366,122890.0
203136,Ognjen Kuzmic,1.0,1.4782608695652173,0.0,0.0,0.5652173913043478,0.782608695652174,0.7391304347826086,1.7391304347826086,2.4782608695652173,0.782608695652174,0.21739130434782608,0.08695652173913043,0.6086956521739131,1.434782608695652,2.5652173913043477,-0.34782608695652173,23.0,34.0,0.0,0.0,13.0,18.0,17.0,40.0,57.0,18.0,5.0,2.0,14.0,33.0,59.0,-8.0,23,495.4782608695652,11396.0
