PLAYER_ID,PLAYER_NAME,avg(FGM),avg(FGA),avg(FG3M),avg(FG3A),avg(FTM),avg(FTA),avg(OREB),avg(DREB),avg(REB),avg(AST),avg(STL),avg(BLK),avg(TO),avg(PF),avg(PTS),avg(PLUS_MINUS),sum(FGM),sum(FGA),sum(FG3M),sum(FG3A),sum(FTM),sum(FTA),sum(OREB),sum(DREB),sum(REB),sum(AST),sum(STL),sum(BLK),sum(TO),sum(PF),sum(PTS),sum(PLUS_MINUS),sum(ifminute),avg(seconds),sum(seconds)
1938,Manu Ginobili,3.345679012345679,8.185185185185185,1.1975308641975309,3.6666666666666665,2.1481481481481484,2.950617283950617,0.4074074074074074,2.691358024691358,3.0987654320987654,4.185185185185185,0.8888888888888888,0.345679012345679,2.246913580246914,2.0123456790123457,10.037037037037036,3.4074074074074074,271.0,663.0,97.0,297.0,174.0,239.0,33.0,218.0,251.0,339.0,72.0,28.0,182.0,163.0,813.0,276.0,81,1332.432098765432,107927.0
