PLAYER_ID,PLAYER_NAME,avg(FGM),avg(FGA),avg(FG3M),avg(FG3A),avg(FTM),avg(FTA),avg(OREB),avg(DREB),avg(REB),avg(AST),avg(STL),avg(BLK),avg(TO),avg(PF),avg(PTS),avg(PLUS_MINUS),sum(FGM),sum(FGA),sum(FG3M),sum(FG3A),sum(FTM),sum(FTA),sum(OREB),sum(DREB),sum(REB),sum(AST),sum(STL),sum(BLK),sum(TO),sum(PF),sum(PTS),sum(PLUS_MINUS),sum(ifminute),avg(seconds),sum(seconds)
202390,Gary Neal,3.564516129032258,9.435483870967742,0.9032258064516129,3.0806451612903225,2.338709677419355,2.661290322580645,0.2903225806451613,2.2903225806451615,2.5806451612903225,2.064516129032258,0.4032258064516129,0.03225806451612903,1.3548387096774193,1.6774193548387097,10.370967741935484,-1.3709677419354838,221.0,585.0,56.0,191.0,145.0,165.0,18.0,142.0,160.0,128.0,25.0,2.0,84.0,104.0,643.0,-85.0,62,1357.3709677419354,84157.0
