PLAYER_ID,PLAYER_NAME,avg(FGM),avg(FGA),avg(FG3M),avg(FG3A),avg(FTM),avg(FTA),avg(OREB),avg(DREB),avg(REB),avg(AST),avg(STL),avg(BLK),avg(TO),avg(PF),avg(PTS),avg(PLUS_MINUS),sum(FGM),sum(FGA),sum(FG3M),sum(FG3A),sum(FTM),sum(FTA),sum(OREB),sum(DREB),sum(REB),sum(AST),sum(STL),sum(BLK),sum(TO),sum(PF),sum(PTS),sum(PLUS_MINUS),sum(ifminute),avg(seconds),sum(seconds)
2584,Willie Green,1.6875,4.859375,0.578125,1.875,0.453125,0.515625,0.25,1.046875,1.296875,0.984375,0.34375,0.109375,0.546875,1.5625,4.40625,-0.203125,108.0,311.0,37.0,120.0,29.0,33.0,16.0,67.0,83.0,63.0,22.0,7.0,35.0,100.0,282.0,-13.0,64,864.109375,55303.0
203951,Keith Appling,0.5,2.0,0.0,0.5,0.0,0.0,0.0,1.5,1.5,1.0,0.0,0.0,0.5,0.5,1.0,-6.0,1.0,4.0,0.0,1.0,0.0,0.0,0.0,3.0,3.0,2.0,0.0,0.0,1.0,1.0,2.0,-12.0,2,591.0,1182.0
1712,Antawn Jamison,1.1666666666666667,4.0,0.16666666666666666,2.3333333333333335,1.1666666666666667,1.1666666666666667,0.3333333333333333,1.6666666666666667,2.0,0.6666666666666666,0.5,0.16666666666666666,0.16666666666666666,0.8333333333333334,3.6666666666666665,1.0,7.0,24.0,1.0,14.0,7.0,7.0,2.0,10.0,12.0,4.0,3.0,1.0,1.0,5.0,22.0,6.0,6,633.6666666666666,3802.0
