PLAYER_ID,PLAYER_NAME,avg(FGM),avg(FGA),avg(FG3M),avg(FG3A),avg(FTM),avg(FTA),avg(OREB),avg(DREB),avg(REB),avg(AST),avg(STL),avg(BLK),avg(TO),avg(PF),avg(PTS),avg(PLUS_MINUS),sum(FGM),sum(FGA),sum(FG3M),sum(FG3A),sum(FTM),sum(FTA),sum(OREB),sum(DREB),sum(REB),sum(AST),sum(STL),sum(BLK),sum(TO),sum(PF),sum(PTS),sum(PLUS_MINUS),sum(ifminute),avg(seconds),sum(seconds)
101109,Raymond Felton,1.4411764705882353,3.6470588235294117,0.29411764705882354,1.1176470588235294,0.5,0.7058823529411765,0.08823529411764706,0.8823529411764706,0.9705882352941176,1.3235294117647058,0.35294117647058826,0.11764705882352941,0.6176470588235294,0.5294117647058824,3.676470588235294,-1.0588235294117647,49.0,124.0,10.0,38.0,17.0,24.0,3.0,30.0,33.0,45.0,12.0,4.0,21.0,18.0,125.0,-36.0,34,584.7647058823529,19882.0
203092,Tyler Zeller,4.0,7.308510638297872,0.0,0.0,1.8936170212765957,2.276595744680851,1.6914893617021276,3.8404255319148937,5.531914893617022,1.2872340425531914,0.23404255319148937,0.6170212765957447,0.9680851063829787,2.425531914893617,9.893617021276595,-1.3085106382978724,376.0,687.0,0.0,0.0,178.0,214.0,159.0,361.0,520.0,121.0,22.0,58.0,91.0,228.0,930.0,-123.0,94,1258.0106382978724,118253.0
101181,Jose Calderon,3.3617021276595747,8.02127659574468,1.3617021276595744,3.2127659574468086,0.6595744680851063,0.723404255319149,0.40425531914893614,2.4680851063829787,2.872340425531915,4.468085106382978,0.7659574468085106,0.0,1.6595744680851063,1.7659574468085106,8.74468085106383,-6.9361702127659575,158.0,377.0,64.0,151.0,31.0,34.0,19.0,116.0,135.0,210.0,36.0,0.0,78.0,83.0,411.0,-326.0,47,1731.0851063829787,81361.0
