PLAYER_ID,PLAYER_NAME,avg(FGM),avg(FGA),avg(FG3M),avg(FG3A),avg(FTM),avg(FTA),avg(OREB),avg(DREB),avg(REB),avg(AST),avg(STL),avg(BLK),avg(TO),avg(PF),avg(PTS),avg(PLUS_MINUS),sum(FGM),sum(FGA),sum(FG3M),sum(FG3A),sum(FTM),sum(FTA),sum(OREB),sum(DREB),sum(REB),sum(AST),sum(STL),sum(BLK),sum(TO),sum(PF),sum(PTS),sum(PLUS_MINUS),sum(ifminute),avg(seconds),sum(seconds)
202355,Hassan Whiteside,1.1538461538461537,2.230769230769231,0.0,0.0,1.0,2.076923076923077,1.0769230769230769,2.5384615384615383,3.6153846153846154,0.15384615384615385,0.46153846153846156,1.1538461538461537,0.7692307692307693,1.6153846153846154,3.3076923076923075,-1.3846153846153846,15.0,29.0,0.0,0.0,13.0,27.0,14.0,33.0,47.0,2.0,6.0,15.0,10.0,21.0,43.0,-18.0,13,595.5384615384615,7742.0
965,Derek Fisher,1.9142857142857144,4.957142857142857,1.2571428571428571,3.2,0.7,0.9,0.18571428571428572,1.4714285714285715,1.6571428571428573,1.4428571428571428,0.9285714285714286,0.04285714285714286,0.5714285714285714,2.0,5.785714285714286,1.8142857142857143,134.0,347.0,88.0,224.0,49.0,63.0,13.0,103.0,116.0,101.0,65.0,3.0,40.0,140.0,405.0,127.0,70,1112.7714285714285,77894.0
202412,Manny Harris,3.111111111111111,7.777777777777778,0.7777777777777778,2.2222222222222223,1.1111111111111112,1.3333333333333333,0.7777777777777778,3.0,3.7777777777777777,1.2222222222222223,0.4444444444444444,0.1111111111111111,1.0,1.1111111111111112,8.11111111111111,-5.666666666666667,28.0,70.0,7.0,20.0,10.0,12.0,7.0,27.0,34.0,11.0,4.0,1.0,9.0,10.0,73.0,-51.0,9,1198.111111111111,10783.0
