PLAYER_ID,PLAYER_NAME,avg(FGM),avg(FGA),avg(FG3M),avg(FG3A),avg(FTM),avg(FTA),avg(OREB),avg(DREB),avg(REB),avg(AST),avg(STL),avg(BLK),avg(TO),avg(PF),avg(PTS),avg(PLUS_MINUS),sum(FGM),sum(FGA),sum(FG3M),sum(FG3A),sum(FTM),sum(FTA),sum(OREB),sum(DREB),sum(REB),sum(AST),sum(STL),sum(BLK),sum(TO),sum(PF),sum(PTS),sum(PLUS_MINUS),sum(ifminute),avg(seconds),sum(seconds)
2738,Andre Iguodala,3.0849056603773586,6.613207547169812,1.028301886792453,2.9245283018867925,0.9528301886792453,1.820754716981132,0.5754716981132075,2.8962264150943398,3.4716981132075473,3.1320754716981134,1.150943396226415,0.330188679245283,1.0566037735849056,1.4528301886792452,8.150943396226415,5.264150943396227,327.0,701.0,109.0,310.0,101.0,193.0,61.0,307.0,368.0,332.0,122.0,35.0,112.0,154.0,864.0,558.0,106,1620.566037735849,171780.0
202721,Darius Morris,0.8809523809523809,2.642857142857143,0.19047619047619047,0.8333333333333334,0.09523809523809523,0.21428571428571427,0.19047619047619047,0.5,0.6904761904761905,1.1904761904761905,0.23809523809523808,0.0,0.5,0.5238095238095238,2.0476190476190474,-2.0476190476190474,37.0,111.0,8.0,35.0,4.0,9.0,8.0,21.0,29.0,50.0,10.0,0.0,21.0,22.0,86.0,-86.0,42,453.45238095238096,19045.0
201947,Earl Clark,1.2666666666666666,3.6666666666666665,0.4,1.2666666666666666,0.13333333333333333,0.5333333333333333,0.4,1.9333333333333333,2.3333333333333335,0.5333333333333333,0.4666666666666667,0.4,0.6,0.9333333333333333,3.066666666666667,-2.466666666666667,19.0,55.0,6.0,19.0,2.0,8.0,6.0,29.0,35.0,8.0,7.0,6.0,9.0,14.0,46.0,-37.0,15,584.0,8760.0
204025,Tim Frazier,1.2941176470588236,3.764705882352941,0.29411764705882354,1.0,0.6470588235294118,1.3529411764705883,0.35294117647058826,1.411764705882353,1.7647058823529411,3.764705882352941,0.5882352941176471,0.0,1.7647058823529411,1.6470588235294117,3.5294117647058822,-1.2941176470588236,22.0,64.0,5.0,17.0,11.0,23.0,6.0,24.0,30.0,64.0,10.0,0.0,30.0,28.0,60.0,-22.0,17,937.1764705882352,15932.0
204024,Christian Watford,0.0,1.0,0.0,0.0,0.0,0.0,0.0,0.0,0.0,0.0,0.0,0.0,0.0,0.3333333333333333,0.0,-3.3333333333333335,0.0,3.0,0.0,0.0,0.0,0.0,0.0,0.0,0.0,0.0,0.0,0.0,0.0,1.0,0.0,-10.0,3,132.0,396.0
