PLAYER_ID,PLAYER_NAME,avg(FGM),avg(FGA),avg(FG3M),avg(FG3A),avg(FTM),avg(FTA),avg(OREB),avg(DREB),avg(REB),avg(AST),avg(STL),avg(BLK),avg(TO),avg(PF),avg(PTS),avg(PLUS_MINUS),sum(FGM),sum(FGA),sum(FG3M),sum(FG3A),sum(FTM),sum(FTA),sum(OREB),sum(DREB),sum(REB),sum(AST),sum(STL),sum(BLK),sum(TO),sum(PF),sum(PTS),sum(PLUS_MINUS),sum(ifminute),avg(seconds),sum(seconds)
203156,Henry Sims,3.3333333333333335,7.185185185185185,0.04938271604938271,0.30864197530864196,1.617283950617284,2.1358024691358026,1.728395061728395,3.3209876543209877,5.049382716049383,1.0617283950617284,0.5308641975308642,0.41975308641975306,1.5185185185185186,1.962962962962963,8.333333333333334,-4.777777777777778,270.0,582.0,4.0,25.0,131.0,173.0,140.0,269.0,409.0,86.0,43.0,34.0,123.0,159.0,675.0,-387.0,81,1198.5555555555557,97083.0
202344,Trevor Booker,2.8255813953488373,5.872093023255814,0.37209302325581395,1.0930232558139534,1.0930232558139534,1.8604651162790697,1.744186046511628,3.197674418604651,4.941860465116279,1.0465116279069768,0.5348837209302325,0.5,1.1046511627906976,1.9186046511627908,7.116279069767442,0.8488372093023255,243.0,505.0,32.0,94.0,94.0,160.0,150.0,275.0,425.0,90.0,46.0,43.0,95.0,165.0,612.0,73.0,86,1170.4418604651162,100658.0
