PLAYER_ID,PLAYER_NAME,avg(FGM),avg(FGA),avg(FG3M),avg(FG3A),avg(FTM),avg(FTA),avg(OREB),avg(DREB),avg(REB),avg(AST),avg(STL),avg(BLK),avg(TO),avg(PF),avg(PTS),avg(PLUS_MINUS),sum(FGM),sum(FGA),sum(FG3M),sum(FG3A),sum(FTM),sum(FTA),sum(OREB),sum(DREB),sum(REB),sum(AST),sum(STL),sum(BLK),sum(TO),sum(PF),sum(PTS),sum(PLUS_MINUS),sum(ifminute),avg(seconds),sum(seconds)
203315,Toure' Murry,1.0769230769230769,2.3846153846153846,0.1282051282051282,0.20512820512820512,0.4358974358974359,0.7948717948717948,0.23076923076923078,0.5641025641025641,0.7948717948717948,0.9230769230769231,0.28205128205128205,0.02564102564102564,0.6153846153846154,0.8717948717948718,2.717948717948718,-0.46153846153846156,42.0,93.0,5.0,8.0,17.0,31.0,9.0,22.0,31.0,36.0,11.0,1.0,24.0,34.0,106.0,-18.0,39,439.35897435897436,17135.0
202686,Jan Vesely,1.8823529411764706,3.588235294117647,0.0,0.0,0.38235294117647056,1.0294117647058822,1.3823529411764706,2.0,3.3823529411764706,0.4411764705882353,1.0,0.7647058823529411,0.5,2.1176470588235294,4.147058823529412,-0.8823529411764706,64.0,122.0,0.0,0.0,13.0,35.0,47.0,68.0,115.0,15.0,34.0,26.0,17.0,72.0,141.0,-30.0,34,799.7058823529412,27190.0
