PLAYER_ID,PLAYER_NAME,avg(FGM),avg(FGA),avg(FG3M),avg(FG3A),avg(FTM),avg(FTA),avg(OREB),avg(DREB),avg(REB),avg(AST),avg(STL),avg(BLK),avg(TO),avg(PF),avg(PTS),avg(PLUS_MINUS),sum(FGM),sum(FGA),sum(FG3M),sum(FG3A),sum(FTM),sum(FTA),sum(OREB),sum(DREB),sum(REB),sum(AST),sum(STL),sum(BLK),sum(TO),sum(PF),sum(PTS),sum(PLUS_MINUS),sum(ifminute),avg(seconds),sum(seconds)
202703,Nikola Mirotic,2.8613861386138613,7.267326732673268,1.118811881188119,3.594059405940594,2.504950495049505,3.1386138613861387,0.7524752475247525,3.722772277227723,4.475247524752476,1.099009900990099,0.7128712871287128,0.6534653465346535,1.0792079207920793,2.1881188118811883,9.346534653465346,1.5544554455445545,289.0,734.0,113.0,363.0,253.0,317.0,76.0,376.0,452.0,111.0,72.0,66.0,109.0,221.0,944.0,157.0,101,1158.4653465346535,117005.0
202709,Cory Joseph,2.6091954022988504,5.137931034482759,0.19540229885057472,0.5632183908045977,1.3563218390804597,1.839080459770115,0.5287356321839081,1.8045977011494252,2.3333333333333335,2.2988505747126435,0.5747126436781609,0.20689655172413793,0.8735632183908046,1.3218390804597702,6.7701149425287355,1.5632183908045978,227.0,447.0,17.0,49.0,118.0,160.0,46.0,157.0,203.0,200.0,50.0,18.0,76.0,115.0,589.0,136.0,87,1076.655172413793,93669.0
