PLAYER_ID,PLAYER_NAME,avg(FGM),avg(FGA),avg(FG3M),avg(FG3A),avg(FTM),avg(FTA),avg(OREB),avg(DREB),avg(REB),avg(AST),avg(STL),avg(BLK),avg(TO),avg(PF),avg(PTS),avg(PLUS_MINUS),sum(FGM),sum(FGA),sum(FG3M),sum(FG3A),sum(FTM),sum(FTA),sum(OREB),sum(DREB),sum(REB),sum(AST),sum(STL),sum(BLK),sum(TO),sum(PF),sum(PTS),sum(PLUS_MINUS),sum(ifminute),avg(seconds),sum(seconds)
201935,James Harden,7.795454545454546,17.488636363636363,2.625,6.931818181818182,7.9772727272727275,9.022727272727273,0.7613636363636364,4.306818181818182,5.068181818181818,6.454545454545454,1.8068181818181819,0.5227272727272727,3.5568181818181817,2.5681818181818183,26.193181818181817,5.3977272727272725,686.0,1539.0,231.0,610.0,702.0,794.0,67.0,379.0,446.0,568.0,159.0,46.0,313.0,226.0,2305.0,475.0,88,2228.0113636363635,196065.0
2743,Kris Humphries,3.539473684210526,7.4605263157894735,0.0,0.07894736842105263,1.7105263157894737,2.210526315789474,2.026315789473684,4.368421052631579,6.394736842105263,1.0394736842105263,0.5657894736842105,0.8026315789473685,0.9342105263157895,2.1973684210526314,8.789473684210526,-3.0657894736842106,269.0,567.0,0.0,6.0,130.0,168.0,154.0,332.0,486.0,79.0,43.0,61.0,71.0,167.0,668.0,-233.0,76,1299.0657894736842,98729.0
2566,Travis Outlaw,2.2051282051282053,5.538461538461538,0.7435897435897436,2.1025641025641026,0.5128205128205128,0.717948717948718,0.4358974358974359,1.8717948717948718,2.3076923076923075,0.8717948717948718,0.28205128205128205,0.23076923076923078,0.38461538461538464,1.435897435897436,5.666666666666667,-2.41025641025641,86.0,216.0,29.0,82.0,20.0,28.0,17.0,73.0,90.0,34.0,11.0,9.0,15.0,56.0,221.0,-94.0,39,1031.4615384615386,40227.0
202719,Jeremy Tyler,1.4318181818181819,2.8863636363636362,0.0,0.0,0.6363636363636364,1.1818181818181819,0.9545454545454546,1.75,2.7045454545454546,0.22727272727272727,0.1590909090909091,0.5227272727272727,0.6363636363636364,1.7954545454545454,3.5,-1.6590909090909092,63.0,127.0,0.0,0.0,28.0,52.0,42.0,77.0,119.0,10.0,7.0,23.0,28.0,79.0,154.0,-73.0,44,580.5454545454545,25544.0
