PLAYER_ID,PLAYER_NAME,avg(FGM),avg(FGA),avg(FG3M),avg(FG3A),avg(FTM),avg(FTA),avg(OREB),avg(DREB),avg(REB),avg(AST),avg(STL),avg(BLK),avg(TO),avg(PF),avg(PTS),avg(PLUS_MINUS),sum(FGM),sum(FGA),sum(FG3M),sum(FG3A),sum(FTM),sum(FTA),sum(OREB),sum(DREB),sum(REB),sum(AST),sum(STL),sum(BLK),sum(TO),sum(PF),sum(PTS),sum(PLUS_MINUS),sum(ifminute),avg(seconds),sum(seconds)
203943,Noah Vonleh,1.2307692307692308,3.1153846153846154,0.19230769230769232,0.5384615384615384,0.6923076923076923,1.0,1.1538461538461537,2.3076923076923075,3.4615384615384617,0.15384615384615385,0.23076923076923078,0.34615384615384615,0.5384615384615384,0.9230769230769231,3.3461538461538463,-2.423076923076923,32.0,81.0,5.0,14.0,18.0,26.0,30.0,60.0,90.0,4.0,6.0,9.0,14.0,24.0,87.0,-63.0,26,639.7307692307693,16633.0
203474,DJ Stephens,0.6666666666666666,1.0,0.0,0.3333333333333333,0.3333333333333333,0.6666666666666666,0.0,0.6666666666666666,0.6666666666666666,0.0,0.0,0.3333333333333333,0.3333333333333333,0.3333333333333333,1.6666666666666667,1.6666666666666667,2.0,3.0,0.0,1.0,1.0,2.0,0.0,2.0,2.0,0.0,0.0,1.0,1.0,1.0,5.0,5.0,3,217.33333333333334,652.0
