PLAYER_ID,PLAYER_NAME,avg(FGM),avg(FGA),avg(FG3M),avg(FG3A),avg(FTM),avg(FTA),avg(OREB),avg(DREB),avg(REB),avg(AST),avg(STL),avg(BLK),avg(TO),avg(PF),avg(PTS),avg(PLUS_MINUS),sum(FGM),sum(FGA),sum(FG3M),sum(FG3A),sum(FTM),sum(FTA),sum(OREB),sum(DREB),sum(REB),sum(AST),sum(STL),sum(BLK),sum(TO),sum(PF),sum(PTS),sum(PLUS_MINUS),sum(ifminute),avg(seconds),sum(seconds)
203925,Joe Harris,0.9838709677419355,2.532258064516129,0.6451612903225806,1.7419354838709677,0.3064516129032258,0.43548387096774194,0.12903225806451613,0.7741935483870968,0.9032258064516129,0.5806451612903226,0.14516129032258066,0.04838709677419355,0.532258064516129,1.1290322580645162,2.9193548387096775,-2.0483870967741935,61.0,157.0,40.0,108.0,19.0,27.0,8.0,48.0,56.0,36.0,9.0,3.0,33.0,70.0,181.0,-127.0,62,585.016129032258,36271.0
2772,Trevor Ariza,4.39622641509434,10.754716981132075,2.2547169811320753,6.39622641509434,1.5660377358490567,1.820754716981132,0.9811320754716981,4.660377358490566,5.6415094339622645,2.547169811320755,1.830188679245283,0.1792452830188679,1.679245283018868,2.3207547169811322,12.61320754716981,2.4716981132075473,466.0,1140.0,239.0,678.0,166.0,193.0,104.0,494.0,598.0,270.0,194.0,19.0,178.0,246.0,1337.0,262.0,106,2118.490566037736,224560.0
200745,Andrea Bargnani,5.566666666666666,12.266666666666667,0.5,1.4,2.966666666666667,3.6333333333333333,1.0666666666666667,3.3333333333333335,4.4,1.5333333333333334,0.06666666666666667,0.9,1.4666666666666666,1.8333333333333333,14.6,-9.366666666666667,167.0,368.0,15.0,42.0,89.0,109.0,32.0,100.0,132.0,46.0,2.0,27.0,44.0,55.0,438.0,-281.0,30,1609.5333333333333,48286.0
