PLAYER_ID,PLAYER_NAME,avg(FGM),avg(FGA),avg(FG3M),avg(FG3A),avg(FTM),avg(FTA),avg(OREB),avg(DREB),avg(REB),avg(AST),avg(STL),avg(BLK),avg(TO),avg(PF),avg(PTS),avg(PLUS_MINUS),sum(FGM),sum(FGA),sum(FG3M),sum(FG3A),sum(FTM),sum(FTA),sum(OREB),sum(DREB),sum(REB),sum(AST),sum(STL),sum(BLK),sum(TO),sum(PF),sum(PTS),sum(PLUS_MINUS),sum(ifminute),avg(seconds),sum(seconds)
201145,Jeff Green,6.142857142857143,14.857142857142858,1.6785714285714286,5.261904761904762,3.5476190476190474,4.416666666666667,0.6666666666666666,3.7738095238095237,4.440476190476191,1.7142857142857142,0.7857142857142857,0.5476190476190477,1.9166666666666667,2.261904761904762,17.511904761904763,-3.9642857142857144,516.0,1248.0,141.0,442.0,298.0,371.0,56.0,317.0,373.0,144.0,66.0,46.0,161.0,190.0,1471.0,-333.0,84,2028.8214285714287,170421.0
201163,Wilson Chandler,4.9743589743589745,11.794871794871796,2.0,5.576923076923077,1.6538461538461537,2.1666666666666665,1.0128205128205128,4.051282051282051,5.064102564102564,1.641025641025641,0.6666666666666666,0.4230769230769231,1.435897435897436,3.217948717948718,13.602564102564102,-3.08974358974359,388.0,920.0,156.0,435.0,129.0,169.0,79.0,316.0,395.0,128.0,52.0,33.0,112.0,251.0,1061.0,-241.0,78,1799.5128205128206,140362.0
203965,Justin Cobbs,0.5,1.5,0.0,0.0,0.0,0.0,0.5,0.5,1.0,0.0,0.0,0.0,0.5,0.0,1.0,1.5,1.0,3.0,0.0,0.0,0.0,0.0,1.0,1.0,2.0,0.0,0.0,0.0,1.0,0.0,2.0,3.0,2,273.0,546.0
