PLAYER_ID,PLAYER_NAME,avg(FGM),avg(FGA),avg(FG3M),avg(FG3A),avg(FTM),avg(FTA),avg(OREB),avg(DREB),avg(REB),avg(AST),avg(STL),avg(BLK),avg(TO),avg(PF),avg(PTS),avg(PLUS_MINUS),sum(FGM),sum(FGA),sum(FG3M),sum(FG3A),sum(FTM),sum(FTA),sum(OREB),sum(DREB),sum(REB),sum(AST),sum(STL),sum(BLK),sum(TO),sum(PF),sum(PTS),sum(PLUS_MINUS),sum(ifminute),avg(seconds),sum(seconds)
201572,Brook Lopez,6.130434782608695,12.434782608695652,0.0,0.0,2.739130434782609,3.260869565217391,1.7391304347826086,4.0,5.739130434782608,0.6086956521739131,0.5217391304347826,1.4782608695652173,1.8695652173913044,2.9130434782608696,15.0,-1.826086956521739,141.0,286.0,0.0,0.0,63.0,75.0,40.0,92.0,132.0,14.0,12.0,34.0,43.0,67.0,345.0,-42.0,23,1589.5652173913043,36560.0
201144,Mike Conley,6.089887640449438,13.44943820224719,1.4382022471910112,3.842696629213483,3.3146067415730336,4.01123595505618,0.48314606741573035,2.7191011235955056,3.202247191011236,5.876404494382022,1.348314606741573,0.11235955056179775,2.0898876404494384,1.8876404494382022,16.93258426966292,3.449438202247191,542.0,1197.0,128.0,342.0,295.0,357.0,43.0,242.0,285.0,523.0,120.0,10.0,186.0,168.0,1507.0,307.0,89,1964.0786516853932,174803.0
101236,Chuck Hayes,0.9264705882352942,2.0441176470588234,0.0,0.014705882352941176,0.3235294117647059,0.4264705882352941,0.9852941176470589,2.1470588235294117,3.1323529411764706,0.6617647058823529,0.4852941176470588,0.16176470588235295,0.5,1.588235294117647,2.176470588235294,1.0588235294117647,63.0,139.0,0.0,1.0,22.0,29.0,67.0,146.0,213.0,45.0,33.0,11.0,34.0,108.0,148.0,72.0,68,705.75,47991.0
203113,Quincy Miller,1.75,4.9423076923076925,0.5769230769230769,1.8846153846153846,0.7884615384615384,1.0961538461538463,0.6923076923076923,2.230769230769231,2.923076923076923,0.5576923076923077,0.4423076923076923,0.6153846153846154,0.9038461538461539,1.4615384615384615,4.865384615384615,-1.7115384615384615,91.0,257.0,30.0,98.0,41.0,57.0,36.0,116.0,152.0,29.0,23.0,32.0,47.0,76.0,253.0,-89.0,52,929.0192307692307,48309.0
203505,Vander Blue,0.6666666666666666,1.3333333333333333,0.0,0.3333333333333333,0.3333333333333333,1.6666666666666667,0.0,1.0,1.0,0.3333333333333333,0.0,0.0,0.6666666666666666,0.3333333333333333,1.6666666666666667,2.0,2.0,4.0,0.0,1.0,1.0,5.0,0.0,3.0,3.0,1.0,0.0,0.0,2.0,1.0,5.0,6.0,3,293.3333333333333,880.0
