PLAYER_ID,PLAYER_NAME,avg(FGM),avg(FGA),avg(FG3M),avg(FG3A),avg(FTM),avg(FTA),avg(OREB),avg(DREB),avg(REB),avg(AST),avg(STL),avg(BLK),avg(TO),avg(PF),avg(PTS),avg(PLUS_MINUS),sum(FGM),sum(FGA),sum(FG3M),sum(FG3A),sum(FTM),sum(FTA),sum(OREB),sum(DREB),sum(REB),sum(AST),sum(STL),sum(BLK),sum(TO),sum(PF),sum(PTS),sum(PLUS_MINUS),sum(ifminute),avg(seconds),sum(seconds)
2549,Chris Kaman,3.7710843373493974,7.253012048192771,0.0,0.0,0.963855421686747,1.3373493975903614,1.9397590361445782,4.530120481927711,6.469879518072289,0.9156626506024096,0.24096385542168675,0.7590361445783133,1.4457831325301205,1.9397590361445782,8.506024096385541,0.08433734939759036,313.0,602.0,0.0,0.0,80.0,111.0,161.0,376.0,537.0,76.0,20.0,63.0,120.0,161.0,706.0,7.0,83,1118.6144578313254,92845.0
2202,Jason Richardson,3.263157894736842,9.368421052631579,1.631578947368421,5.052631578947368,0.8947368421052632,1.1578947368421053,0.6842105263157895,2.789473684210526,3.473684210526316,2.0,0.6842105263157895,0.15789473684210525,0.8421052631578947,1.4736842105263157,9.052631578947368,-3.736842105263158,62.0,178.0,31.0,96.0,17.0,22.0,13.0,53.0,66.0,38.0,13.0,3.0,16.0,28.0,172.0,-71.0,19,1315.157894736842,24988.0
200811,Lou Amundson,1.9310344827586208,4.517241379310345,0.0,0.017241379310344827,0.7068965517241379,1.5344827586206897,1.706896551724138,3.1206896551724137,4.827586206896552,1.206896551724138,0.3793103448275862,0.9137931034482759,1.1551724137931034,2.293103448275862,4.568965517241379,-2.7241379310344827,112.0,262.0,0.0,1.0,41.0,89.0,99.0,181.0,280.0,70.0,22.0,53.0,67.0,133.0,265.0,-158.0,58,1003.2931034482758,58191.0
201177,Josh McRoberts,1.6470588235294117,3.1176470588235294,0.47058823529411764,1.1176470588235294,0.47058823529411764,0.7647058823529411,0.4117647058823529,2.235294117647059,2.6470588235294117,1.9411764705882353,0.7058823529411765,0.17647058823529413,1.2941176470588236,2.411764705882353,4.235294117647059,1.8823529411764706,28.0,53.0,8.0,19.0,8.0,13.0,7.0,38.0,45.0,33.0,12.0,3.0,22.0,41.0,72.0,32.0,17,1044.3529411764705,17754.0
