PLAYER_ID,PLAYER_NAME,avg(FGM),avg(FGA),avg(FG3M),avg(FG3A),avg(FTM),avg(FTA),avg(OREB),avg(DREB),avg(REB),avg(AST),avg(STL),avg(BLK),avg(TO),avg(PF),avg(PTS),avg(PLUS_MINUS),sum(FGM),sum(FGA),sum(FG3M),sum(FG3A),sum(FTM),sum(FTA),sum(OREB),sum(DREB),sum(REB),sum(AST),sum(STL),sum(BLK),sum(TO),sum(PF),sum(PTS),sum(PLUS_MINUS),sum(ifminute),avg(seconds),sum(seconds)
201980,Danny Green,3.838709677419355,9.0,2.2580645161290325,5.591397849462366,1.2473118279569892,1.4408602150537635,0.6559139784946236,3.3763440860215055,4.032258064516129,1.935483870967742,1.2043010752688172,1.032258064516129,1.118279569892473,1.989247311827957,11.182795698924732,4.709677419354839,357.0,837.0,210.0,520.0,116.0,134.0,61.0,314.0,375.0,180.0,112.0,96.0,104.0,185.0,1040.0,438.0,93,1693.9247311827958,157535.0
202335,Patrick Patterson,2.966666666666667,6.588888888888889,1.3,3.488888888888889,0.8333333333333334,1.0333333333333334,1.488888888888889,3.7111111111111112,5.2,1.8222222222222222,0.7111111111111111,0.5111111111111111,0.7111111111111111,1.8222222222222222,8.066666666666666,2.811111111111111,267.0,593.0,117.0,314.0,75.0,93.0,134.0,334.0,468.0,164.0,64.0,46.0,64.0,164.0,726.0,253.0,90,1586.4444444444443,142780.0
