PLAYER_ID,PLAYER_NAME,avg(FGM),avg(FGA),avg(FG3M),avg(FG3A),avg(FTM),avg(FTA),avg(OREB),avg(DREB),avg(REB),avg(AST),avg(STL),avg(BLK),avg(TO),avg(PF),avg(PTS),avg(PLUS_MINUS),sum(FGM),sum(FGA),sum(FG3M),sum(FG3A),sum(FTM),sum(FTA),sum(OREB),sum(DREB),sum(REB),sum(AST),sum(STL),sum(BLK),sum(TO),sum(PF),sum(PTS),sum(PLUS_MINUS),sum(ifminute),avg(seconds),sum(seconds)
201583,Ryan Anderson,5.536585365853658,12.804878048780488,2.1951219512195124,6.512195121951219,2.048780487804878,2.3658536585365852,2.097560975609756,3.1951219512195124,5.2926829268292686,0.9512195121951219,0.5365853658536586,0.21951219512195122,1.0,2.1951219512195124,15.317073170731707,1.5609756097560976,227.0,525.0,90.0,267.0,84.0,97.0,86.0,131.0,217.0,39.0,22.0,9.0,41.0,90.0,628.0,64.0,41,1683.6829268292684,69031.0
101181,Jose Calderon,3.857142857142857,8.797619047619047,1.8928571428571428,4.357142857142857,0.6428571428571429,0.75,0.42857142857142855,2.1785714285714284,2.607142857142857,4.357142857142857,0.7261904761904762,0.10714285714285714,1.25,1.5595238095238095,10.25,-1.9285714285714286,324.0,739.0,159.0,366.0,54.0,63.0,36.0,183.0,219.0,366.0,61.0,9.0,105.0,131.0,861.0,-162.0,84,1758.047619047619,147676.0
2749,Jameer Nelson,3.4594594594594597,9.0,1.6486486486486487,4.891891891891892,0.9324324324324325,1.0945945945945945,0.5135135135135135,2.5405405405405403,3.054054054054054,6.243243243243243,0.6486486486486487,0.05405405405405406,2.0945945945945947,2.2027027027027026,9.5,-2.175675675675676,256.0,666.0,122.0,362.0,69.0,81.0,38.0,188.0,226.0,462.0,48.0,4.0,155.0,163.0,703.0,-161.0,74,1687.7702702702702,124895.0
202710,Jimmy Butler,5.266666666666667,12.022222222222222,0.9333333333333333,3.2888888888888888,4.877777777777778,6.155555555555556,1.6666666666666667,3.811111111111111,5.477777777777778,2.9444444444444446,1.788888888888889,0.5777777777777777,1.4333333333333333,1.7777777777777777,16.344444444444445,4.066666666666666,474.0,1082.0,84.0,296.0,439.0,554.0,150.0,343.0,493.0,265.0,161.0,52.0,129.0,160.0,1471.0,366.0,90,2395.0777777777776,215557.0
