PLAYER_ID,PLAYER_NAME,avg(FGM),avg(FGA),avg(FG3M),avg(FG3A),avg(FTM),avg(FTA),avg(OREB),avg(DREB),avg(REB),avg(AST),avg(STL),avg(BLK),avg(TO),avg(PF),avg(PTS),avg(PLUS_MINUS),sum(FGM),sum(FGA),sum(FG3M),sum(FG3A),sum(FTM),sum(FTA),sum(OREB),sum(DREB),sum(REB),sum(AST),sum(STL),sum(BLK),sum(TO),sum(PF),sum(PTS),sum(PLUS_MINUS),sum(ifminute),avg(seconds),sum(seconds)
201160,Jason Smith,2.8222222222222224,6.466666666666667,0.0,0.022222222222222223,1.288888888888889,1.488888888888889,1.1111111111111112,1.9777777777777779,3.088888888888889,1.0888888888888888,0.26666666666666666,0.13333333333333333,1.1333333333333333,2.3555555555555556,6.933333333333334,-5.977777777777778,127.0,291.0,0.0,1.0,58.0,67.0,50.0,89.0,139.0,49.0,12.0,6.0,51.0,106.0,312.0,-269.0,45,1107.6444444444444,49844.0
