PLAYER_ID,PLAYER_NAME,avg(FGM),avg(FGA),avg(FG3M),avg(FG3A),avg(FTM),avg(FTA),avg(OREB),avg(DREB),avg(REB),avg(AST),avg(STL),avg(BLK),avg(TO),avg(PF),avg(PTS),avg(PLUS_MINUS),sum(FGM),sum(FGA),sum(FG3M),sum(FG3A),sum(FTM),sum(FTA),sum(OREB),sum(DREB),sum(REB),sum(AST),sum(STL),sum(BLK),sum(TO),sum(PF),sum(PTS),sum(PLUS_MINUS),sum(ifminute),avg(seconds),sum(seconds)
203158,Kevin Jones,1.0,1.6666666666666667,0.0,0.0,0.3333333333333333,0.6666666666666666,1.0,1.0,2.0,0.3333333333333333,0.6666666666666666,0.0,0.0,0.6666666666666666,2.3333333333333335,3.6666666666666665,3.0,5.0,0.0,0.0,1.0,2.0,3.0,3.0,6.0,1.0,2.0,0.0,0.0,2.0,7.0,11.0,3,316.3333333333333,949.0
201986,Nando De Colo,1.5135135135135136,3.5945945945945947,0.3783783783783784,1.135135135135135,0.8378378378378378,0.918918918918919,0.32432432432432434,1.2702702702702702,1.5945945945945945,1.4054054054054055,0.4594594594594595,0.16216216216216217,0.6756756756756757,1.162162162162162,4.243243243243243,0.8378378378378378,56.0,133.0,14.0,42.0,31.0,34.0,12.0,47.0,59.0,52.0,17.0,6.0,25.0,43.0,157.0,31.0,37,678.6486486486486,25110.0
203183,Tony Mitchell,1.0,1.6666666666666667,0.0,0.3333333333333333,0.0,0.0,0.3333333333333333,0.0,0.3333333333333333,0.3333333333333333,0.3333333333333333,0.0,0.0,0.0,2.0,0.6666666666666666,3.0,5.0,0.0,1.0,0.0,0.0,1.0,0.0,1.0,1.0,1.0,0.0,0.0,0.0,6.0,2.0,3,195.0,585.0
