PLAYER_ID,PLAYER_NAME,avg(FGM),avg(FGA),avg(FG3M),avg(FG3A),avg(FTM),avg(FTA),avg(OREB),avg(DREB),avg(REB),avg(AST),avg(STL),avg(BLK),avg(TO),avg(PF),avg(PTS),avg(PLUS_MINUS),sum(FGM),sum(FGA),sum(FG3M),sum(FG3A),sum(FTM),sum(FTA),sum(OREB),sum(DREB),sum(REB),sum(AST),sum(STL),sum(BLK),sum(TO),sum(PF),sum(PTS),sum(PLUS_MINUS),sum(ifminute),avg(seconds),sum(seconds)
201952,Jeff Teague,5.681818181818182,12.522727272727273,1.0,2.8863636363636362,3.977272727272727,4.556818181818182,0.38636363636363635,2.215909090909091,2.602272727272727,5.931818181818182,1.1931818181818181,0.3068181818181818,2.715909090909091,1.9318181818181819,16.34090909090909,2.340909090909091,500.0,1102.0,88.0,254.0,350.0,401.0,34.0,195.0,229.0,522.0,105.0,27.0,239.0,170.0,1438.0,206.0,88,1847.6818181818182,162596.0
101150,Lou Williams,3.67816091954023,9.011494252873563,1.2758620689655173,3.7586206896551726,3.3448275862068964,3.9080459770114944,0.21839080459770116,1.7816091954022988,2.0,2.5632183908045976,0.896551724137931,0.04597701149425287,1.4137931034482758,1.2298850574712643,11.977011494252874,0.3103448275862069,320.0,784.0,111.0,327.0,291.0,340.0,19.0,155.0,174.0,223.0,78.0,4.0,123.0,107.0,1042.0,27.0,87,1405.7586206896551,122301.0
1733,Al Harrington,2.0294117647058822,5.0,0.6470588235294118,2.323529411764706,0.7941176470588235,1.0294117647058822,0.47058823529411764,2.0588235294117645,2.5294117647058822,0.6176470588235294,0.38235294117647056,0.0,0.8529411764705882,2.0588235294117645,5.5,2.5294117647058822,69.0,170.0,22.0,79.0,27.0,35.0,16.0,70.0,86.0,21.0,13.0,0.0,29.0,70.0,187.0,86.0,34,778.1764705882352,26458.0
