PLAYER_ID,PLAYER_NAME,avg(FGM),avg(FGA),avg(FG3M),avg(FG3A),avg(FTM),avg(FTA),avg(OREB),avg(DREB),avg(REB),avg(AST),avg(STL),avg(BLK),avg(TO),avg(PF),avg(PTS),avg(PLUS_MINUS),sum(FGM),sum(FGA),sum(FG3M),sum(FG3A),sum(FTM),sum(FTA),sum(OREB),sum(DREB),sum(REB),sum(AST),sum(STL),sum(BLK),sum(TO),sum(PF),sum(PTS),sum(PLUS_MINUS),sum(ifminute),avg(seconds),sum(seconds)
201933,Blake Griffin,9.19,17.97,0.15,0.55,5.77,8.07,2.24,5.8,8.04,4.33,1.11,0.61,2.56,3.3,24.3,6.64,919.0,1797.0,15.0,55.0,577.0,807.0,224.0,580.0,804.0,433.0,111.0,61.0,256.0,330.0,2430.0,664.0,100,2111.76,211176.0
202329,Al-Farouq Aminu,2.50561797752809,5.561797752808989,0.3146067415730337,1.2247191011235956,1.1910112359550562,1.6067415730337078,1.202247191011236,3.842696629213483,5.044943820224719,1.0674157303370786,0.7752808988764045,0.5056179775280899,0.9662921348314607,1.8202247191011236,6.51685393258427,-2.337078651685393,223.0,495.0,28.0,109.0,106.0,143.0,107.0,342.0,449.0,95.0,69.0,45.0,86.0,162.0,580.0,-208.0,89,1310.741573033708,116656.0
