PLAYER_ID,PLAYER_NAME,avg(FGM),avg(FGA),avg(FG3M),avg(FG3A),avg(FTM),avg(FTA),avg(OREB),avg(DREB),avg(REB),avg(AST),avg(STL),avg(BLK),avg(TO),avg(PF),avg(PTS),avg(PLUS_MINUS),sum(FGM),sum(FGA),sum(FG3M),sum(FG3A),sum(FTM),sum(FTA),sum(OREB),sum(DREB),sum(REB),sum(AST),sum(STL),sum(BLK),sum(TO),sum(PF),sum(PTS),sum(PLUS_MINUS),sum(ifminute),avg(seconds),sum(seconds)
202693,Markieff Morris,5.576086956521739,11.380434782608695,0.5978260869565217,1.934782608695652,2.880434782608696,3.5652173913043477,1.3695652173913044,4.391304347826087,5.760869565217392,1.9021739130434783,0.967391304347826,0.5978260869565217,1.934782608695652,3.0434782608695654,14.630434782608695,3.2282608695652173,513.0,1047.0,55.0,178.0,265.0,328.0,126.0,404.0,530.0,175.0,89.0,55.0,178.0,280.0,1346.0,297.0,92,1684.4782608695652,154972.0
202721,Darius Morris,0.6296296296296297,1.8148148148148149,0.14814814814814814,0.7777777777777778,0.1111111111111111,0.2962962962962963,0.18518518518518517,0.37037037037037035,0.5555555555555556,0.8148148148148148,0.2962962962962963,0.0,0.37037037037037035,0.6296296296296297,1.5185185185185186,-2.4814814814814814,17.0,49.0,4.0,21.0,3.0,8.0,5.0,10.0,15.0,22.0,8.0,0.0,10.0,17.0,41.0,-67.0,27,389.8888888888889,10527.0
