PLAYER_ID,PLAYER_NAME,avg(FGM),avg(FGA),avg(FG3M),avg(FG3A),avg(FTM),avg(FTA),avg(OREB),avg(DREB),avg(REB),avg(AST),avg(STL),avg(BLK),avg(TO),avg(PF),avg(PTS),avg(PLUS_MINUS),sum(FGM),sum(FGA),sum(FG3M),sum(FG3A),sum(FTM),sum(FTA),sum(OREB),sum(DREB),sum(REB),sum(AST),sum(STL),sum(BLK),sum(TO),sum(PF),sum(PTS),sum(PLUS_MINUS),sum(ifminute),avg(seconds),sum(seconds)
201965,Jeff Ayres,1.2413793103448276,2.057471264367816,0.0,0.0,0.5057471264367817,0.7011494252873564,1.1379310344827587,1.7241379310344827,2.8620689655172415,0.6551724137931034,0.11494252873563218,0.25287356321839083,0.6666666666666666,1.6091954022988506,2.9885057471264367,0.367816091954023,108.0,179.0,0.0,0.0,44.0,61.0,99.0,150.0,249.0,57.0,10.0,22.0,58.0,140.0,260.0,32.0,87,631.6091954022988,54950.0
203079,Dion Waiters,5.481481481481482,12.765432098765432,1.2098765432098766,3.45679012345679,1.8395061728395061,2.5555555555555554,0.35802469135802467,1.7777777777777777,2.1358024691358026,2.7777777777777777,1.037037037037037,0.30864197530864196,1.8518518518518519,2.1358024691358026,14.012345679012345,-0.20987654320987653,444.0,1034.0,98.0,280.0,149.0,207.0,29.0,144.0,173.0,225.0,84.0,25.0,150.0,173.0,1135.0,-17.0,81,1625.567901234568,131671.0
203486,Mason Plumlee,3.1222222222222222,5.144444444444445,0.0,0.05555555555555555,1.788888888888889,3.3666666666666667,1.8,3.566666666666667,5.366666666666666,0.9555555555555556,0.7,0.9,1.3,2.5,8.033333333333333,-0.4666666666666667,281.0,463.0,0.0,5.0,161.0,303.0,162.0,321.0,483.0,86.0,63.0,81.0,117.0,225.0,723.0,-42.0,90,1132.388888888889,101915.0
203121,Darius Miller,1.64,3.82,0.52,1.68,0.58,0.7,0.16,0.88,1.04,0.94,0.6,0.14,0.52,2.06,4.38,0.98,82.0,191.0,26.0,84.0,29.0,35.0,8.0,44.0,52.0,47.0,30.0,7.0,26.0,103.0,219.0,49.0,50,991.98,49599.0
