PLAYER_ID,PLAYER_NAME,avg(FGM),avg(FGA),avg(FG3M),avg(FG3A),avg(FTM),avg(FTA),avg(OREB),avg(DREB),avg(REB),avg(AST),avg(STL),avg(BLK),avg(TO),avg(PF),avg(PTS),avg(PLUS_MINUS),sum(FGM),sum(FGA),sum(FG3M),sum(FG3A),sum(FTM),sum(FTA),sum(OREB),sum(DREB),sum(REB),sum(AST),sum(STL),sum(BLK),sum(TO),sum(PF),sum(PTS),sum(PLUS_MINUS),sum(ifminute),avg(seconds),sum(seconds)
203963,Shayne Whittington,1.0769230769230769,1.8461538461538463,0.07692307692307693,0.3076923076923077,0.6153846153846154,0.9230769230769231,0.46153846153846156,0.8461538461538461,1.3076923076923077,0.5384615384615384,0.3076923076923077,0.15384615384615385,0.6153846153846154,0.5384615384615384,2.8461538461538463,1.5384615384615385,14.0,24.0,1.0,4.0,8.0,12.0,6.0,11.0,17.0,7.0,4.0,2.0,8.0,7.0,37.0,20.0,13,397.3076923076923,5165.0
202322,John Wall,6.519607843137255,15.098039215686274,1.0980392156862746,3.2058823529411766,3.7254901960784315,4.803921568627451,0.4019607843137255,3.7058823529411766,4.107843137254902,8.72549019607843,1.8137254901960784,0.5588235294117647,3.6470588235294117,2.588235294117647,17.862745098039216,2.7450980392156863,665.0,1540.0,112.0,327.0,380.0,490.0,41.0,378.0,419.0,890.0,185.0,57.0,372.0,264.0,1822.0,280.0,102,2127.9411764705883,217050.0
201601,Luc Mbah a Moute,2.1944444444444446,5.222222222222222,0.3055555555555556,1.2083333333333333,0.8611111111111112,1.2916666666666667,0.9166666666666666,2.111111111111111,3.0277777777777777,0.7916666666666666,0.75,0.2361111111111111,1.0138888888888888,1.2083333333333333,5.555555555555555,-5.027777777777778,158.0,376.0,22.0,87.0,62.0,93.0,66.0,152.0,218.0,57.0,54.0,17.0,73.0,87.0,400.0,-362.0,72,1155.9166666666667,83226.0
203467,Carrick Felix,0.8333333333333334,1.8333333333333333,0.3333333333333333,0.8333333333333334,0.0,0.16666666666666666,0.3333333333333333,0.6666666666666666,1.0,0.8333333333333334,0.16666666666666666,0.16666666666666666,1.0,1.3333333333333333,2.0,0.6666666666666666,5.0,11.0,2.0,5.0,0.0,1.0,2.0,4.0,6.0,5.0,1.0,1.0,6.0,8.0,12.0,4.0,6,425.6666666666667,2554.0
