PLAYER_ID,PLAYER_NAME,avg(FGM),avg(FGA),avg(FG3M),avg(FG3A),avg(FTM),avg(FTA),avg(OREB),avg(DREB),avg(REB),avg(AST),avg(STL),avg(BLK),avg(TO),avg(PF),avg(PTS),avg(PLUS_MINUS),sum(FGM),sum(FGA),sum(FG3M),sum(FG3A),sum(FTM),sum(FTA),sum(OREB),sum(DREB),sum(REB),sum(AST),sum(STL),sum(BLK),sum(TO),sum(PF),sum(PTS),sum(PLUS_MINUS),sum(ifminute),avg(seconds),sum(seconds)
203933,T.J. Warren,2.0,4.214285714285714,0.42857142857142855,1.0,0.14285714285714285,0.14285714285714285,0.8571428571428571,0.7142857142857143,1.5714285714285714,0.35714285714285715,0.5,0.14285714285714285,0.6428571428571429,1.1428571428571428,4.571428571428571,-2.857142857142857,28.0,59.0,6.0,14.0,2.0,2.0,12.0,10.0,22.0,5.0,7.0,2.0,9.0,16.0,64.0,-40.0,14,701.0714285714286,9815.0
203142,Chris Copeland,2.4266666666666667,5.746666666666667,1.24,3.2266666666666666,0.7066666666666667,0.9733333333333334,0.4533333333333333,1.4666666666666666,1.92,0.8266666666666667,0.2,0.26666666666666666,0.96,1.5066666666666666,6.8,0.49333333333333335,182.0,431.0,93.0,242.0,53.0,73.0,34.0,110.0,144.0,62.0,15.0,20.0,72.0,113.0,510.0,37.0,75,861.1733333333333,64588.0
201939,Stephen Curry,8.097826086956522,16.652173913043477,3.1847826086956523,7.5978260869565215,4.0,4.467391304347826,0.5978260869565217,3.630434782608696,4.228260869565218,7.760869565217392,1.75,0.15217391304347827,3.4565217391304346,2.347826086956522,23.380434782608695,8.326086956521738,745.0,1532.0,293.0,699.0,368.0,411.0,55.0,334.0,389.0,714.0,161.0,14.0,318.0,216.0,2151.0,766.0,92,2090.0,192280.0
203991,Clint Capela,0.0,1.75,0.0,0.0,0.0,1.5,0.75,0.75,1.5,0.25,0.25,0.25,0.75,0.5,0.0,-4.0,0.0,7.0,0.0,0.0,0.0,6.0,3.0,3.0,6.0,1.0,1.0,1.0,3.0,2.0,0.0,-16.0,4,175.5,702.0
