PLAYER_ID,PLAYER_NAME,avg(FGM),avg(FGA),avg(FG3M),avg(FG3A),avg(FTM),avg(FTA),avg(OREB),avg(DREB),avg(REB),avg(AST),avg(STL),avg(BLK),avg(TO),avg(PF),avg(PTS),avg(PLUS_MINUS),sum(FGM),sum(FGA),sum(FG3M),sum(FG3A),sum(FTM),sum(FTA),sum(OREB),sum(DREB),sum(REB),sum(AST),sum(STL),sum(BLK),sum(TO),sum(PF),sum(PTS),sum(PLUS_MINUS),sum(ifminute),avg(seconds),sum(seconds)
203089,John Henson,3.8955223880597014,7.014925373134329,0.0,0.014925373134328358,0.9104477611940298,1.955223880597015,2.1641791044776117,3.537313432835821,5.701492537313433,1.2686567164179106,0.44776119402985076,1.3134328358208955,1.4477611940298507,2.5074626865671643,8.701492537313433,-3.2388059701492535,261.0,470.0,0.0,1.0,61.0,131.0,145.0,237.0,382.0,85.0,30.0,88.0,97.0,168.0,583.0,-217.0,67,1319.5820895522388,88412.0
2222,Gerald Wallace,1.6222222222222222,3.2444444444444445,0.17777777777777778,0.7111111111111111,0.7777777777777778,1.4444444444444444,0.5555555555555556,2.1555555555555554,2.7111111111111112,1.6666666666666667,1.0666666666666667,0.24444444444444444,1.0222222222222221,1.0666666666666667,4.2,-2.0444444444444443,73.0,146.0,8.0,32.0,35.0,65.0,25.0,97.0,122.0,75.0,48.0,11.0,46.0,48.0,189.0,-92.0,45,1177.0222222222221,52966.0
202702,Kenneth Faried,5.712643678160919,10.735632183908047,0.011494252873563218,0.034482758620689655,2.7471264367816093,4.057471264367816,2.9310344827586206,5.459770114942529,8.39080459770115,1.367816091954023,0.896551724137931,0.735632183908046,1.9540229885057472,2.6091954022988504,14.183908045977011,-1.8620689655172413,497.0,934.0,1.0,3.0,239.0,353.0,255.0,475.0,730.0,119.0,78.0,64.0,170.0,227.0,1234.0,-162.0,87,1680.7701149425288,146227.0
203082,Terrence Ross,4.216494845360825,10.144329896907216,1.9896907216494846,5.402061855670103,1.0,1.2061855670103092,0.4948453608247423,2.7216494845360826,3.216494845360825,1.0,0.865979381443299,0.36082474226804123,1.092783505154639,2.3402061855670104,11.422680412371134,2.1030927835051547,409.0,984.0,193.0,524.0,97.0,117.0,48.0,264.0,312.0,97.0,84.0,35.0,106.0,227.0,1108.0,204.0,97,1698.4948453608247,164754.0
201962,Toney Douglas,1.1627906976744187,3.0,0.3953488372093023,1.3953488372093024,0.4883720930232558,0.6511627906976745,0.3488372093023256,1.255813953488372,1.6046511627906976,1.2790697674418605,0.3023255813953488,0.06976744186046512,0.46511627906976744,1.255813953488372,3.2093023255813953,0.5581395348837209,50.0,129.0,17.0,60.0,21.0,28.0,15.0,54.0,69.0,55.0,13.0,3.0,20.0,54.0,138.0,24.0,43,671.8372093023256,28889.0
