PLAYER_ID,PLAYER_NAME,avg(FGM),avg(FGA),avg(FG3M),avg(FG3A),avg(FTM),avg(FTA),avg(OREB),avg(DREB),avg(REB),avg(AST),avg(STL),avg(BLK),avg(TO),avg(PF),avg(PTS),avg(PLUS_MINUS),sum(FGM),sum(FGA),sum(FG3M),sum(FG3A),sum(FTM),sum(FTA),sum(OREB),sum(DREB),sum(REB),sum(AST),sum(STL),sum(BLK),sum(TO),sum(PF),sum(PTS),sum(PLUS_MINUS),sum(ifminute),avg(seconds),sum(seconds)
202681,Kyrie Irving,7.516483516483516,16.076923076923077,2.076923076923077,4.945054945054945,4.230769230769231,4.923076923076923,0.7362637362637363,2.4615384615384617,3.197802197802198,4.989010989010989,1.4835164835164836,0.38461538461538464,2.32967032967033,1.989010989010989,21.34065934065934,5.318681318681318,684.0,1463.0,189.0,450.0,385.0,448.0,67.0,224.0,291.0,454.0,135.0,35.0,212.0,181.0,1942.0,484.0,91,2166.1098901098903,197116.0
202706,Jordan Hamilton,1.7894736842105263,3.526315789473684,0.7894736842105263,1.5263157894736843,0.3684210526315789,0.47368421052631576,0.15789473684210525,1.3157894736842106,1.4736842105263157,0.8421052631578947,0.42105263157894735,0.0,0.5789473684210527,1.3157894736842106,4.7368421052631575,0.42105263157894735,34.0,67.0,15.0,29.0,7.0,9.0,3.0,25.0,28.0,16.0,8.0,0.0,11.0,25.0,90.0,8.0,19,666.7368421052631,12668.0
101123,Gerald Green,4.325,10.4375,1.825,5.1625,1.4875,1.8125,0.45,2.0625,2.5125,1.2,0.575,0.1625,1.4625,1.9375,11.9625,0.0,346.0,835.0,146.0,413.0,119.0,145.0,36.0,165.0,201.0,96.0,46.0,13.0,117.0,155.0,957.0,0.0,80,1167.675,93414.0
203965,Justin Cobbs,0.5,1.5,0.0,0.0,0.0,0.0,0.5,0.5,1.0,0.0,0.0,0.0,0.5,0.0,1.0,1.5,1.0,3.0,0.0,0.0,0.0,0.0,1.0,1.0,2.0,0.0,0.0,0.0,1.0,0.0,2.0,3.0,2,273.0,546.0
204077,Michael Jenkins,2.0,5.0,1.1428571428571428,3.5714285714285716,0.8571428571428571,1.4285714285714286,0.42857142857142855,1.2857142857142858,1.7142857142857142,1.7142857142857142,0.42857142857142855,0.0,2.0,2.2857142857142856,6.0,-1.0,14.0,35.0,8.0,25.0,6.0,10.0,3.0,9.0,12.0,12.0,3.0,0.0,14.0,16.0,42.0,-7.0,7,1052.2857142857142,7366.0
