PLAYER_ID,PLAYER_NAME,avg(FGM),avg(FGA),avg(FG3M),avg(FG3A),avg(FTM),avg(FTA),avg(OREB),avg(DREB),avg(REB),avg(AST),avg(STL),avg(BLK),avg(TO),avg(PF),avg(PTS),avg(PLUS_MINUS),sum(FGM),sum(FGA),sum(FG3M),sum(FG3A),sum(FTM),sum(FTA),sum(OREB),sum(DREB),sum(REB),sum(AST),sum(STL),sum(BLK),sum(TO),sum(PF),sum(PTS),sum(PLUS_MINUS),sum(ifminute),avg(seconds),sum(seconds)
203497,Rudy Gobert,1.661764705882353,2.7794117647058822,0.0,0.029411764705882353,1.161764705882353,1.7941176470588236,1.6911764705882353,3.514705882352941,5.205882352941177,0.5441176470588235,0.39705882352941174,1.3823529411764706,0.8088235294117647,1.5735294117647058,4.485294117647059,-1.0441176470588236,113.0,189.0,0.0,2.0,79.0,122.0,115.0,239.0,354.0,37.0,27.0,94.0,55.0,107.0,305.0,-71.0,68,893.4264705882352,60753.0
