PLAYER_ID,PLAYER_NAME,avg(FGM),avg(FGA),avg(FG3M),avg(FG3A),avg(FTM),avg(FTA),avg(OREB),avg(DREB),avg(REB),avg(AST),avg(STL),avg(BLK),avg(TO),avg(PF),avg(PTS),avg(PLUS_MINUS),sum(FGM),sum(FGA),sum(FG3M),sum(FG3A),sum(FTM),sum(FTA),sum(OREB),sum(DREB),sum(REB),sum(AST),sum(STL),sum(BLK),sum(TO),sum(PF),sum(PTS),sum(PLUS_MINUS),sum(ifminute),avg(seconds),sum(seconds)
1938,Manu Ginobili,4.193548387096774,9.698924731182796,1.3763440860215055,4.053763440860215,2.881720430107527,3.5806451612903225,0.3870967741935484,2.5268817204301075,2.913978494623656,4.408602150537634,1.086021505376344,0.21505376344086022,2.2688172043010755,2.032258064516129,12.64516129032258,5.139784946236559,390.0,902.0,128.0,377.0,268.0,333.0,36.0,235.0,271.0,410.0,101.0,20.0,211.0,189.0,1176.0,478.0,93,1435.1075268817203,133465.0
101183,Shavlik Randolph,0.53125,1.4375,0.0625,0.1875,0.34375,0.71875,0.59375,1.15625,1.75,0.1875,0.25,0.09375,0.25,1.03125,1.46875,1.25,17.0,46.0,2.0,6.0,11.0,23.0,19.0,37.0,56.0,6.0,8.0,3.0,8.0,33.0,47.0,40.0,32,434.4375,13902.0
203897,Zach LaVine,3.176470588235294,7.882352941176471,0.4117647058823529,1.6764705882352942,1.4705882352941178,1.911764705882353,0.17647058823529413,2.3529411764705883,2.5294117647058822,3.2941176470588234,0.7352941176470589,0.11764705882352941,2.411764705882353,1.9705882352941178,8.235294117647058,-6.911764705882353,108.0,268.0,14.0,57.0,50.0,65.0,6.0,80.0,86.0,112.0,25.0,4.0,82.0,67.0,280.0,-235.0,34,1406.264705882353,47813.0
1740,Rashard Lewis,1.75,4.229166666666667,0.8958333333333334,2.5,0.4166666666666667,0.5,0.2916666666666667,1.5,1.7916666666666667,0.5833333333333334,0.5625,0.1875,0.4166666666666667,1.4375,4.8125,0.9375,84.0,203.0,43.0,120.0,20.0,24.0,14.0,72.0,86.0,28.0,27.0,9.0,20.0,69.0,231.0,45.0,48,922.7291666666666,44291.0
