PLAYER_ID,PLAYER_NAME,avg(FGM),avg(FGA),avg(FG3M),avg(FG3A),avg(FTM),avg(FTA),avg(OREB),avg(DREB),avg(REB),avg(AST),avg(STL),avg(BLK),avg(TO),avg(PF),avg(PTS),avg(PLUS_MINUS),sum(FGM),sum(FGA),sum(FG3M),sum(FG3A),sum(FTM),sum(FTA),sum(OREB),sum(DREB),sum(REB),sum(AST),sum(STL),sum(BLK),sum(TO),sum(PF),sum(PTS),sum(PLUS_MINUS),sum(ifminute),avg(seconds),sum(seconds)
202685,Jonas Valanciunas,4.588888888888889,8.055555555555555,0.0,0.011111111111111112,2.7111111111111112,3.422222222222222,2.577777777777778,5.877777777777778,8.455555555555556,0.4777777777777778,0.4,1.1444444444444444,1.3777777777777778,2.7,11.88888888888889,-0.37777777777777777,413.0,725.0,0.0,1.0,244.0,308.0,232.0,529.0,761.0,43.0,36.0,103.0,124.0,243.0,1070.0,-34.0,90,1546.8555555555556,139217.0
203917,Nik Stauskas,1.6153846153846154,4.282051282051282,0.7051282051282052,2.141025641025641,0.7692307692307693,0.8846153846153846,0.15384615384615385,1.0897435897435896,1.2435897435897436,0.9230769230769231,0.2948717948717949,0.21794871794871795,0.6153846153846154,1.3974358974358974,4.705128205128205,-1.794871794871795,126.0,334.0,55.0,167.0,60.0,69.0,12.0,85.0,97.0,72.0,23.0,17.0,48.0,109.0,367.0,-140.0,78,966.8205128205128,75412.0
204080,Geron Johnson,"","","","","","","","","","","","","","","","","","","","","","","","","","","","","","","","",0,"",""
