PLAYER_ID,PLAYER_NAME,avg(FGM),avg(FGA),avg(FG3M),avg(FG3A),avg(FTM),avg(FTA),avg(OREB),avg(DREB),avg(REB),avg(AST),avg(STL),avg(BLK),avg(TO),avg(PF),avg(PTS),avg(PLUS_MINUS),sum(FGM),sum(FGA),sum(FG3M),sum(FG3A),sum(FTM),sum(FTA),sum(OREB),sum(DREB),sum(REB),sum(AST),sum(STL),sum(BLK),sum(TO),sum(PF),sum(PTS),sum(PLUS_MINUS),sum(ifminute),avg(seconds),sum(seconds)
203475,Erick Green,2.1176470588235294,5.0,0.35294117647058826,1.2941176470588236,0.5294117647058824,0.7058823529411765,0.058823529411764705,0.7058823529411765,0.7647058823529411,1.2941176470588236,0.29411764705882354,0.058823529411764705,0.5882352941176471,0.6470588235294118,5.117647058823529,-3.764705882352941,36.0,85.0,6.0,22.0,9.0,12.0,1.0,12.0,13.0,22.0,5.0,1.0,10.0,11.0,87.0,-64.0,17,649.5294117647059,11042.0
203111,Orlando Johnson,0.3333333333333333,1.3333333333333333,0.05555555555555555,0.5,0.16666666666666666,0.4444444444444444,0.1111111111111111,0.3888888888888889,0.5,0.2777777777777778,0.0,0.05555555555555555,0.16666666666666666,0.3333333333333333,0.8888888888888888,-1.6666666666666667,6.0,24.0,1.0,9.0,3.0,8.0,2.0,7.0,9.0,5.0,0.0,1.0,3.0,6.0,16.0,-30.0,18,246.88888888888889,4444.0
201953,Eric Maynor,1.2222222222222223,3.4444444444444446,0.4444444444444444,1.4444444444444444,0.4444444444444444,0.8888888888888888,0.2222222222222222,1.4444444444444444,1.6666666666666667,1.4444444444444444,0.4444444444444444,0.2222222222222222,1.3333333333333333,0.5555555555555556,3.3333333333333335,-6.333333333333333,11.0,31.0,4.0,13.0,4.0,8.0,2.0,13.0,15.0,13.0,4.0,2.0,12.0,5.0,30.0,-57.0,9,791.6666666666666,7125.0
