PLAYER_ID,PLAYER_NAME,avg(FGM),avg(FGA),avg(FG3M),avg(FG3A),avg(FTM),avg(FTA),avg(OREB),avg(DREB),avg(REB),avg(AST),avg(STL),avg(BLK),avg(TO),avg(PF),avg(PTS),avg(PLUS_MINUS),sum(FGM),sum(FGA),sum(FG3M),sum(FG3A),sum(FTM),sum(FTA),sum(OREB),sum(DREB),sum(REB),sum(AST),sum(STL),sum(BLK),sum(TO),sum(PF),sum(PTS),sum(PLUS_MINUS),sum(ifminute),avg(seconds),sum(seconds)
200797,Ryan Hollins,0.873015873015873,1.2222222222222223,0.0,0.0,0.5873015873015873,0.873015873015873,0.6349206349206349,1.1111111111111112,1.746031746031746,0.2222222222222222,0.15873015873015872,0.5238095238095238,0.4603174603174603,1.3968253968253967,2.3333333333333335,-2.126984126984127,55.0,77.0,0.0,0.0,37.0,55.0,40.0,70.0,110.0,14.0,10.0,33.0,29.0,88.0,147.0,-134.0,63,465.5079365079365,29327.0
