PLAYER_ID,PLAYER_NAME,avg(FGM),avg(FGA),avg(FG3M),avg(FG3A),avg(FTM),avg(FTA),avg(OREB),avg(DREB),avg(REB),avg(AST),avg(STL),avg(BLK),avg(TO),avg(PF),avg(PTS),avg(PLUS_MINUS),sum(FGM),sum(FGA),sum(FG3M),sum(FG3A),sum(FTM),sum(FTA),sum(OREB),sum(DREB),sum(REB),sum(AST),sum(STL),sum(BLK),sum(TO),sum(PF),sum(PTS),sum(PLUS_MINUS),sum(ifminute),avg(seconds),sum(seconds)
1891,Jason Terry,2.196078431372549,5.705882352941177,1.4705882352941178,3.9215686274509802,0.45098039215686275,0.5686274509803921,0.19607843137254902,1.196078431372549,1.392156862745098,1.8235294117647058,0.8627450980392157,0.13725490196078433,1.0784313725490196,1.2745098039215685,6.313725490196078,-0.0784313725490196,112.0,291.0,75.0,200.0,23.0,29.0,10.0,61.0,71.0,93.0,44.0,7.0,55.0,65.0,322.0,-4.0,51,1215.7254901960785,62002.0
2732,Ben Gordon,2.825,6.2,0.675,1.85,1.125,1.3,0.175,1.0,1.175,1.075,0.225,0.05,0.95,1.05,7.45,0.225,113.0,248.0,27.0,74.0,45.0,52.0,7.0,40.0,47.0,43.0,9.0,2.0,38.0,42.0,298.0,9.0,40,927.575,37103.0
203517,Nemanja Nedovic,1.6666666666666667,3.6666666666666665,0.4444444444444444,1.2222222222222223,1.5555555555555556,2.0,0.1111111111111111,0.4444444444444444,0.5555555555555556,1.5555555555555556,0.7777777777777778,0.1111111111111111,1.1111111111111112,0.8888888888888888,5.333333333333333,0.8888888888888888,15.0,33.0,4.0,11.0,14.0,18.0,1.0,4.0,5.0,14.0,7.0,1.0,10.0,8.0,48.0,8.0,9,587.3333333333334,5286.0
203119,Kim English,"","","","","","","","","","","","","","","","","","","","","","","","","","","","","","","","",0,"",""
