PLAYER_ID,PLAYER_NAME,avg(FGM),avg(FGA),avg(FG3M),avg(FG3A),avg(FTM),avg(FTA),avg(OREB),avg(DREB),avg(REB),avg(AST),avg(STL),avg(BLK),avg(TO),avg(PF),avg(PTS),avg(PLUS_MINUS),sum(FGM),sum(FGA),sum(FG3M),sum(FG3A),sum(FTM),sum(FTA),sum(OREB),sum(DREB),sum(REB),sum(AST),sum(STL),sum(BLK),sum(TO),sum(PF),sum(PTS),sum(PLUS_MINUS),sum(ifminute),avg(seconds),sum(seconds)
203521,Matthew Dellavedova,1.8172043010752688,5.043010752688172,1.043010752688172,2.774193548387097,0.5806451612903226,0.7526881720430108,0.5376344086021505,1.4623655913978495,2.0,3.064516129032258,0.3870967741935484,0.021505376344086023,1.1505376344086022,2.3763440860215055,5.258064516129032,1.043010752688172,169.0,469.0,97.0,258.0,54.0,70.0,50.0,136.0,186.0,285.0,36.0,2.0,107.0,221.0,489.0,97.0,93,1313.8279569892472,122186.0
