TEAM_ID,PLAYER_ID,PLAYER_NAME,avg(FGM),avg(FGA),avg(FG3M),avg(FG3A),avg(FTM),avg(FTA),avg(OREB),avg(DREB),avg(REB),avg(AST),avg(STL),avg(BLK),avg(TO),avg(PF),avg(PTS),avg(PLUS_MINUS),sum(FGM),sum(FGA),sum(FG3M),sum(FG3A),sum(FTM),sum(FTA),sum(OREB),sum(DREB),sum(REB),sum(AST),sum(STL),sum(BLK),sum(TO),sum(PF),sum(PTS),sum(PLUS_MINUS),sum(ifminute),avg(seconds),sum(seconds)
1610612748,202710,Jimmy Butler,5.875,13.40625,0.78125,2.875,7.53125,9.125,1.96875,4.5,6.46875,6.4375,1.875,0.65625,2.5,1.34375,20.0625,7.78125,188.0,429.0,25.0,92.0,241.0,292.0,63.0,144.0,207.0,206.0,60.0,21.0,80.0,43.0,642.0,249.0,32,2073.9375,66366.0
1610612740,202324,Derrick Favors,3.3636363636363638,6.136363636363637,0.045454545454545456,0.18181818181818182,0.6363636363636364,1.0909090909090908,2.909090909090909,6.045454545454546,8.954545454545455,1.9090909090909092,0.5454545454545454,0.8636363636363636,1.3181818181818181,2.1818181818181817,7.409090909090909,-1.7727272727272727,74.0,135.0,1.0,4.0,14.0,24.0,64.0,133.0,197.0,42.0,12.0,19.0,29.0,48.0,163.0,-39.0,22,1291.8636363636363,28421.0
1610612749,1629730,Rayjon Tucker,1.3333333333333333,2.0,0.3333333333333333,0.6666666666666666,0.3333333333333333,0.6666666666666666,0.0,0.6666666666666666,0.6666666666666666,0.0,0.6666666666666666,0.0,1.3333333333333333,0.6666666666666666,3.3333333333333335,-3.6666666666666665,4.0,6.0,1.0,2.0,1.0,2.0,0.0,2.0,2.0,0.0,2.0,0.0,4.0,2.0,10.0,-11.0,3,580.0,1740.0
1610612763,1627784,Jarrod Uthoff,0.0,3.0,0.0,3.0,0.0,0.0,0.0,2.0,2.0,0.0,0.0,0.0,0.0,0.0,0.0,-10.0,0.0,3.0,0.0,3.0,0.0,0.0,0.0,2.0,2.0,0.0,0.0,0.0,0.0,0.0,0.0,-10.0,1,412.0,412.0
1610612759,202347,Quincy Pondexter,0.4,0.9,0.03333333333333333,0.2,0.3,0.36666666666666664,0.1,0.43333333333333335,0.5333333333333333,0.4,0.13333333333333333,0.0,0.16666666666666666,0.3,1.1333333333333333,-1.2333333333333334,12.0,27.0,1.0,6.0,9.0,11.0,3.0,13.0,16.0,12.0,4.0,0.0,5.0,9.0,34.0,-37.0,30,265.56666666666666,7967.0
