TEAM_ID,PLAYER_ID,PLAYER_NAME,avg(FGM),avg(FGA),avg(FG3M),avg(FG3A),avg(FTM),avg(FTA),avg(OREB),avg(DREB),avg(REB),avg(AST),avg(STL),avg(BLK),avg(TO),avg(PF),avg(PTS),avg(PLUS_MINUS),sum(FGM),sum(FGA),sum(FG3M),sum(FG3A),sum(FTM),sum(FTA),sum(OREB),sum(DREB),sum(REB),sum(AST),sum(STL),sum(BLK),sum(TO),sum(PF),sum(PTS),sum(PLUS_MINUS),sum(ifminute),avg(seconds),sum(seconds)
1610612763,203937,Kyle Anderson,2.4594594594594597,5.162162162162162,0.44594594594594594,1.364864864864865,0.8918918918918919,1.2702702702702702,0.8783783783783784,3.5405405405405403,4.418918918918919,2.418918918918919,0.7972972972972973,0.5945945945945946,1.0675675675675675,1.7837837837837838,6.256756756756757,-0.9324324324324325,182.0,382.0,33.0,101.0,66.0,94.0,65.0,262.0,327.0,179.0,59.0,44.0,79.0,132.0,463.0,-69.0,74,1212.9054054054054,89755.0
