TEAM_ID,PLAYER_ID,PLAYER_NAME,avg(FGM),avg(FGA),avg(FG3M),avg(FG3A),avg(FTM),avg(FTA),avg(OREB),avg(DREB),avg(REB),avg(AST),avg(STL),avg(BLK),avg(TO),avg(PF),avg(PTS),avg(PLUS_MINUS),sum(FGM),sum(FGA),sum(FG3M),sum(FG3A),sum(FTM),sum(FTA),sum(OREB),sum(DREB),sum(REB),sum(AST),sum(STL),sum(BLK),sum(TO),sum(PF),sum(PTS),sum(PLUS_MINUS),sum(ifminute),avg(seconds),sum(seconds)
1610612748,203482,Kelly Olynyk,2.865168539325843,6.01123595505618,1.348314606741573,3.4157303370786516,1.404494382022472,1.6292134831460674,0.6741573033707865,3.842696629213483,4.51685393258427,1.6292134831460674,0.5730337078651685,0.3595505617977528,1.0224719101123596,2.438202247191011,8.48314606741573,1.3820224719101124,255.0,535.0,120.0,304.0,125.0,145.0,60.0,342.0,402.0,145.0,51.0,32.0,91.0,217.0,755.0,123.0,89,1110.887640449438,98869.0
