TEAM_ID,PLAYER_ID,PLAYER_NAME,avg(FGM),avg(FGA),avg(FG3M),avg(FG3A),avg(FTM),avg(FTA),avg(OREB),avg(DREB),avg(REB),avg(AST),avg(STL),avg(BLK),avg(TO),avg(PF),avg(PTS),avg(PLUS_MINUS),sum(FGM),sum(FGA),sum(FG3M),sum(FG3A),sum(FTM),sum(FTA),sum(OREB),sum(DREB),sum(REB),sum(AST),sum(STL),sum(BLK),sum(TO),sum(PF),sum(PTS),sum(PLUS_MINUS),sum(ifminute),avg(seconds),sum(seconds)
1610612746,1629013,Landry Shamet,2.739130434782609,6.884057971014493,1.8695652173913044,5.144927536231884,1.0289855072463767,1.2173913043478262,0.08695652173913043,1.7246376811594204,1.8115942028985508,1.7681159420289856,0.4057971014492754,0.18840579710144928,0.855072463768116,2.36231884057971,8.376811594202898,1.4202898550724639,189.0,475.0,129.0,355.0,71.0,84.0,6.0,119.0,125.0,122.0,28.0,13.0,59.0,163.0,578.0,98.0,69,1548.9565217391305,106878.0
1610612764,203895,Jordan McRae,4.71875,10.84375,1.46875,3.625,2.03125,2.625,0.53125,2.875,3.40625,2.65625,0.65625,0.5625,1.25,2.09375,12.9375,0.25,151.0,347.0,47.0,116.0,65.0,84.0,17.0,92.0,109.0,85.0,21.0,18.0,40.0,67.0,414.0,8.0,32,1335.90625,42749.0
1610612760,203583,Abdul Gaddy,0.0,0.0,0.0,0.0,0.0,0.0,0.0,0.0,0.0,0.0,0.0,0.0,0.0,0.0,0.0,5.0,0.0,0.0,0.0,0.0,0.0,0.0,0.0,0.0,0.0,0.0,0.0,0.0,0.0,0.0,0.0,5.0,1,219.0,219.0
