TEAM_ID,PLAYER_ID,PLAYER_NAME,avg(FGM),avg(FGA),avg(FG3M),avg(FG3A),avg(FTM),avg(FTA),avg(OREB),avg(DREB),avg(REB),avg(AST),avg(STL),avg(BLK),avg(TO),avg(PF),avg(PTS),avg(PLUS_MINUS),sum(FGM),sum(FGA),sum(FG3M),sum(FG3A),sum(FTM),sum(FTA),sum(OREB),sum(DREB),sum(REB),sum(AST),sum(STL),sum(BLK),sum(TO),sum(PF),sum(PTS),sum(PLUS_MINUS),sum(ifminute),avg(seconds),sum(seconds)
1610612763,1629634,Brandon Clarke,5.171875,8.3125,0.453125,1.125,1.46875,1.921875,1.65625,4.40625,6.0625,1.4375,0.5625,0.796875,0.96875,1.6875,12.265625,-1.1875,331.0,532.0,29.0,72.0,94.0,123.0,106.0,282.0,388.0,92.0,36.0,51.0,62.0,108.0,785.0,-76.0,64,1347.984375,86271.0
1610612765,204025,Tim Frazier,1.3125,3.46875,0.40625,1.125,0.6875,0.84375,0.34375,0.875,1.21875,3.5,0.53125,0.15625,1.28125,1.4375,3.71875,-1.125,42.0,111.0,13.0,36.0,22.0,27.0,11.0,28.0,39.0,112.0,17.0,5.0,41.0,46.0,119.0,-36.0,32,781.1875,24998.0
1610612763,203109,Jae Crowder,3.276595744680851,8.97872340425532,1.7446808510638299,6.0,1.702127659574468,2.127659574468085,0.8936170212765957,5.319148936170213,6.212765957446808,2.723404255319149,1.0638297872340425,0.2978723404255319,1.148936170212766,1.872340425531915,10.0,-3.382978723404255,154.0,422.0,82.0,282.0,80.0,100.0,42.0,250.0,292.0,128.0,50.0,14.0,54.0,88.0,470.0,-159.0,47,1759.659574468085,82704.0
