TEAM_ID,PLAYER_ID,PLAYER_NAME,avg(FGM),avg(FGA),avg(FG3M),avg(FG3A),avg(FTM),avg(FTA),avg(OREB),avg(DREB),avg(REB),avg(AST),avg(STL),avg(BLK),avg(TO),avg(PF),avg(PTS),avg(PLUS_MINUS),sum(FGM),sum(FGA),sum(FG3M),sum(FG3A),sum(FTM),sum(FTA),sum(OREB),sum(DREB),sum(REB),sum(AST),sum(STL),sum(BLK),sum(TO),sum(PF),sum(PTS),sum(PLUS_MINUS),sum(ifminute),avg(seconds),sum(seconds)
1610612744,2738,Andre Iguodala,3.017857142857143,5.857142857142857,0.9107142857142857,2.8035714285714284,0.5535714285714286,1.25,0.8928571428571429,3.2142857142857144,4.107142857142857,3.5714285714285716,1.0892857142857142,0.8571428571428571,0.8214285714285714,1.625,7.5,5.267857142857143,169.0,328.0,51.0,157.0,31.0,70.0,50.0,180.0,230.0,200.0,61.0,48.0,46.0,91.0,420.0,295.0,56,1556.1785714285713,87146.0
