TEAM_ID,PLAYER_ID,PLAYER_NAME,avg(FGM),avg(FGA),avg(FG3M),avg(FG3A),avg(FTM),avg(FTA),avg(OREB),avg(DREB),avg(REB),avg(AST),avg(STL),avg(BLK),avg(TO),avg(PF),avg(PTS),avg(PLUS_MINUS),sum(FGM),sum(FGA),sum(FG3M),sum(FG3A),sum(FTM),sum(FTA),sum(OREB),sum(DREB),sum(REB),sum(AST),sum(STL),sum(BLK),sum(TO),sum(PF),sum(PTS),sum(PLUS_MINUS),sum(ifminute),avg(seconds),sum(seconds)
1610612743,1629626,Bol Bol,2.5,5.5,0.8571428571428571,2.0714285714285716,1.2857142857142858,1.7142857142857142,0.7142857142857143,2.357142857142857,3.0714285714285716,0.7857142857142857,0.35714285714285715,1.2142857142857142,1.5714285714285714,1.0714285714285714,7.142857142857143,0.8571428571428571,35.0,77.0,12.0,29.0,18.0,24.0,10.0,33.0,43.0,11.0,5.0,17.0,22.0,15.0,100.0,12.0,14,840.4285714285714,11766.0
1610612766,1628997,Caleb Martin,2.3043478260869565,5.260869565217392,1.0434782608695652,2.217391304347826,1.2608695652173914,1.565217391304348,0.6521739130434783,1.6956521739130435,2.347826086956522,1.2608695652173914,0.6086956521739131,0.391304347826087,1.0434782608695652,1.565217391304348,6.913043478260869,1.1304347826086956,53.0,121.0,24.0,51.0,29.0,36.0,15.0,39.0,54.0,29.0,14.0,9.0,24.0,36.0,159.0,26.0,23,1095.0,25185.0
1610612764,202722,Davis Bertans,4.758620689655173,11.0,3.6206896551724137,8.551724137931034,1.8103448275862069,2.1379310344827585,0.6206896551724138,3.8620689655172415,4.482758620689655,1.7241379310344827,0.6896551724137931,0.6206896551724138,1.0344827586206897,2.4482758620689653,14.948275862068966,0.6206896551724138,276.0,638.0,210.0,496.0,105.0,124.0,36.0,224.0,260.0,100.0,40.0,36.0,60.0,142.0,867.0,36.0,58,1719.4310344827586,99727.0
