TEAM_ID,PLAYER_ID,PLAYER_NAME,avg(FGM),avg(FGA),avg(FG3M),avg(FG3A),avg(FTM),avg(FTA),avg(OREB),avg(DREB),avg(REB),avg(AST),avg(STL),avg(BLK),avg(TO),avg(PF),avg(PTS),avg(PLUS_MINUS),sum(FGM),sum(FGA),sum(FG3M),sum(FG3A),sum(FTM),sum(FTA),sum(OREB),sum(DREB),sum(REB),sum(AST),sum(STL),sum(BLK),sum(TO),sum(PF),sum(PTS),sum(PLUS_MINUS),sum(ifminute),avg(seconds),sum(seconds)
1610612762,1629752,Juwan Morgan,0.6875,1.375,0.1875,0.65625,0.3125,0.5,0.59375,1.21875,1.8125,0.40625,0.125,0.0625,0.28125,1.09375,1.875,1.9375,22.0,44.0,6.0,21.0,10.0,16.0,19.0,39.0,58.0,13.0,4.0,2.0,9.0,35.0,60.0,62.0,32,476.96875,15263.0
1610612750,203476,Gorgui Dieng,2.6458333333333335,5.9375,0.9583333333333334,2.5208333333333335,1.0625,1.3333333333333333,1.625,3.8541666666666665,5.479166666666667,1.25,0.7708333333333334,0.875,1.0,1.875,7.3125,-2.3541666666666665,127.0,285.0,46.0,121.0,51.0,64.0,78.0,185.0,263.0,60.0,37.0,42.0,48.0,90.0,351.0,-113.0,48,995.8958333333334,47803.0
