TEAM_ID,PLAYER_ID,PLAYER_NAME,avg(FGM),avg(FGA),avg(FG3M),avg(FG3A),avg(FTM),avg(FTA),avg(OREB),avg(DREB),avg(REB),avg(AST),avg(STL),avg(BLK),avg(TO),avg(PF),avg(PTS),avg(PLUS_MINUS),sum(FGM),sum(FGA),sum(FG3M),sum(FG3A),sum(FTM),sum(FTA),sum(OREB),sum(DREB),sum(REB),sum(AST),sum(STL),sum(BLK),sum(TO),sum(PF),sum(PTS),sum(PLUS_MINUS),sum(ifminute),avg(seconds),sum(seconds)
1610612746,1626149,Montrezl Harrell,7.303370786516854,12.370786516853933,0.02247191011235955,0.3258426966292135,3.235955056179775,4.842696629213483,2.404494382022472,4.370786516853933,6.775280898876405,2.1123595505617976,0.7640449438202247,1.1348314606741574,1.7752808988764044,2.9101123595505616,17.865168539325843,1.9438202247191012,650.0,1101.0,2.0,29.0,288.0,431.0,214.0,389.0,603.0,188.0,68.0,101.0,158.0,259.0,1590.0,173.0,89,1662.7865168539327,147988.0
1610612747,201980,Danny Green,2.810810810810811,6.891891891891892,1.837837837837838,5.0,0.5135135135135135,0.6486486486486487,0.6486486486486487,2.810810810810811,3.4594594594594597,1.162162162162162,1.1081081081081081,0.43243243243243246,0.9459459459459459,2.189189189189189,7.972972972972973,4.837837837837838,104.0,255.0,68.0,185.0,19.0,24.0,24.0,104.0,128.0,43.0,41.0,16.0,35.0,81.0,295.0,179.0,37,1473.7027027027027,54527.0
1610612748,201961,Wayne Ellington,3.0,6.6,2.2,5.8,0.6,0.6,0.0,1.0,1.0,0.4,0.6,0.0,0.2,1.2,8.8,1.4,15.0,33.0,11.0,29.0,3.0,3.0,0.0,5.0,5.0,2.0,3.0,0.0,1.0,6.0,44.0,7.0,5,953.2,4766.0
