TEAM_ID,PLAYER_ID,PLAYER_NAME,avg(FGM),avg(FGA),avg(FG3M),avg(FG3A),avg(FTM),avg(FTA),avg(OREB),avg(DREB),avg(REB),avg(AST),avg(STL),avg(BLK),avg(TO),avg(PF),avg(PTS),avg(PLUS_MINUS),sum(FGM),sum(FGA),sum(FG3M),sum(FG3A),sum(FTM),sum(FTA),sum(OREB),sum(DREB),sum(REB),sum(AST),sum(STL),sum(BLK),sum(TO),sum(PF),sum(PTS),sum(PLUS_MINUS),sum(ifminute),avg(seconds),sum(seconds)
1610612737,202323,Evan Turner,1.2380952380952381,3.380952380952381,0.0,0.2857142857142857,0.6666666666666666,0.8095238095238095,0.38095238095238093,1.619047619047619,2.0,1.9523809523809523,0.38095238095238093,0.42857142857142855,1.2380952380952381,0.9047619047619048,3.142857142857143,-3.9047619047619047,26.0,71.0,0.0,6.0,14.0,17.0,8.0,34.0,42.0,41.0,8.0,9.0,26.0,19.0,66.0,-82.0,21,744.8571428571429,15642.0
1610612749,201572,Brook Lopez,4.1020408163265305,9.112244897959183,1.8061224489795917,5.316326530612245,1.5612244897959184,1.816326530612245,0.5510204081632653,4.73469387755102,5.285714285714286,1.3979591836734695,0.6632653061224489,2.295918367346939,1.0408163265306123,2.5408163265306123,11.571428571428571,7.612244897959184,402.0,893.0,177.0,521.0,153.0,178.0,54.0,464.0,518.0,137.0,65.0,225.0,102.0,249.0,1134.0,746.0,98,1686.438775510204,165271.0
1610612754,1627215,Walt Lemon Jr.,"","","","","","","","","","","","","","","","","","","","","","","","","","","","","","","","",0,"",""
1610612737,202391,Jeremy Lin,3.6842105263157894,8.421052631578947,0.5789473684210527,2.526315789473684,3.1052631578947367,3.526315789473684,0.3157894736842105,1.7894736842105263,2.1052631578947367,4.105263157894737,0.7368421052631579,0.10526315789473684,2.0526315789473686,1.6842105263157894,11.052631578947368,-0.8947368421052632,70.0,160.0,11.0,48.0,59.0,67.0,6.0,34.0,40.0,78.0,14.0,2.0,39.0,32.0,210.0,-17.0,19,1286.8947368421052,24451.0
