TEAM_ID,PLAYER_ID,PLAYER_NAME,avg(FGM),avg(FGA),avg(FG3M),avg(FG3A),avg(FTM),avg(FTA),avg(OREB),avg(DREB),avg(REB),avg(AST),avg(STL),avg(BLK),avg(TO),avg(PF),avg(PTS),avg(PLUS_MINUS),sum(FGM),sum(FGA),sum(FG3M),sum(FG3A),sum(FTM),sum(FTA),sum(OREB),sum(DREB),sum(REB),sum(AST),sum(STL),sum(BLK),sum(TO),sum(PF),sum(PTS),sum(PLUS_MINUS),sum(ifminute),avg(seconds),sum(seconds)
1610612754,1627734,Domantas Sabonis,5.886075949367089,11.265822784810126,0.20253164556962025,0.7468354430379747,2.911392405063291,4.139240506329114,2.7468354430379747,8.063291139240507,10.810126582278482,3.3797468354430378,0.7215189873417721,0.4050632911392405,2.1772151898734178,3.2658227848101267,14.886075949367088,3.1772151898734178,465.0,890.0,16.0,59.0,230.0,327.0,217.0,637.0,854.0,267.0,57.0,32.0,172.0,258.0,1176.0,251.0,79,1713.5189873417721,135368.0
1610612762,1629730,Rayjon Tucker,1.0,2.0,0.0,1.0,0.0,2.0,0.0,1.0,1.0,0.0,0.0,0.0,0.0,0.0,2.0,2.0,1.0,2.0,0.0,1.0,0.0,2.0,0.0,1.0,1.0,0.0,0.0,0.0,0.0,0.0,2.0,2.0,1,149.0,149.0
1610612744,1627745,Damian Jones,0.25,0.25,0.0,0.0,0.25,0.5,0.0,0.5,0.5,0.0,0.0,0.0,0.25,0.75,0.75,-0.25,1.0,1.0,0.0,0.0,1.0,2.0,0.0,2.0,2.0,0.0,0.0,0.0,1.0,3.0,3.0,-1.0,4,121.5,486.0
1610612763,1626153,Delon Wright,4.423076923076923,10.192307692307692,0.7692307692307693,3.0,2.5384615384615383,3.423076923076923,1.1153846153846154,4.3076923076923075,5.423076923076923,5.3076923076923075,1.6153846153846154,0.5769230769230769,1.5384615384615385,1.9230769230769231,12.153846153846153,1.6923076923076923,115.0,265.0,20.0,78.0,66.0,89.0,29.0,112.0,141.0,138.0,42.0,15.0,40.0,50.0,316.0,44.0,26,1850.4615384615386,48112.0
1610612740,1626174,Christian Wood,6.125,11.5,0.75,2.625,3.875,5.125,1.625,6.25,7.875,0.75,0.875,1.25,1.75,1.75,16.875,-3.5,49.0,92.0,6.0,21.0,31.0,41.0,13.0,50.0,63.0,6.0,7.0,10.0,14.0,14.0,135.0,-28.0,8,1415.75,11326.0
