TEAM_ID,PLAYER_ID,PLAYER_NAME,avg(FGM),avg(FGA),avg(FG3M),avg(FG3A),avg(FTM),avg(FTA),avg(OREB),avg(DREB),avg(REB),avg(AST),avg(STL),avg(BLK),avg(TO),avg(PF),avg(PTS),avg(PLUS_MINUS),sum(FGM),sum(FGA),sum(FG3M),sum(FG3A),sum(FTM),sum(FTA),sum(OREB),sum(DREB),sum(REB),sum(AST),sum(STL),sum(BLK),sum(TO),sum(PF),sum(PTS),sum(PLUS_MINUS),sum(ifminute),avg(seconds),sum(seconds)
1610612762,201144,Mike Conley,4.3076923076923075,11.846153846153847,1.6923076923076923,4.846153846153846,2.923076923076923,3.5,0.6538461538461539,2.3461538461538463,3.0,4.5,0.6923076923076923,0.15384615384615385,2.0384615384615383,2.230769230769231,13.23076923076923,-1.0384615384615385,112.0,308.0,44.0,126.0,76.0,91.0,17.0,61.0,78.0,117.0,18.0,4.0,53.0,58.0,344.0,-27.0,26,1708.0384615384614,44409.0
1610612766,1629118,Thomas Welsh,0.0,0.0,0.0,0.0,0.0,0.0,1.0,1.0,2.0,1.0,1.0,0.0,0.0,0.0,0.0,11.0,0.0,0.0,0.0,0.0,0.0,0.0,1.0,1.0,2.0,1.0,1.0,0.0,0.0,0.0,0.0,11.0,1,341.0,341.0
1610612758,1628412,Frank Mason,1.9090909090909092,3.909090909090909,0.45454545454545453,1.8181818181818181,0.7272727272727273,1.1818181818181819,0.18181818181818182,0.45454545454545453,0.6363636363636364,0.7272727272727273,0.18181818181818182,0.0,0.8181818181818182,1.0,5.0,-5.2727272727272725,21.0,43.0,5.0,20.0,8.0,13.0,2.0,5.0,7.0,8.0,2.0,0.0,9.0,11.0,55.0,-58.0,11,429.90909090909093,4729.0
1610612749,1627748,Thon Maker,1.5,3.25,0.375,1.25,0.375,0.75,0.625,2.0,2.625,0.625,0.5,0.125,0.125,1.625,3.75,-2.875,12.0,26.0,3.0,10.0,3.0,6.0,5.0,16.0,21.0,5.0,4.0,1.0,1.0,13.0,30.0,-23.0,8,606.125,4849.0
