TEAM_ID,PLAYER_ID,PLAYER_NAME,avg(FGM),avg(FGA),avg(FG3M),avg(FG3A),avg(FTM),avg(FTA),avg(OREB),avg(DREB),avg(REB),avg(AST),avg(STL),avg(BLK),avg(TO),avg(PF),avg(PTS),avg(PLUS_MINUS),sum(FGM),sum(FGA),sum(FG3M),sum(FG3A),sum(FTM),sum(FTA),sum(OREB),sum(DREB),sum(REB),sum(AST),sum(STL),sum(BLK),sum(TO),sum(PF),sum(PTS),sum(PLUS_MINUS),sum(ifminute),avg(seconds),sum(seconds)
1610612746,203585,Rodney McGruder,1.323076923076923,3.3230769230769233,0.47692307692307695,1.6,0.4153846153846154,0.676923076923077,0.5076923076923077,2.0923076923076924,2.6,0.6923076923076923,0.4461538461538462,0.15384615384615385,0.4307692307692308,1.3076923076923077,3.5384615384615383,-0.09230769230769231,86.0,216.0,31.0,104.0,27.0,44.0,33.0,136.0,169.0,45.0,29.0,10.0,28.0,85.0,230.0,-6.0,65,886.6307692307693,57631.0
1610612760,1628983,Shai Gilgeous-Alexander,6.650602409638554,14.168674698795181,1.3012048192771084,3.7349397590361444,4.0120481927710845,4.903614457831325,0.6385542168674698,5.132530120481928,5.771084337349397,3.36144578313253,1.072289156626506,0.6385542168674698,1.9518072289156627,1.7108433734939759,18.6144578313253,1.216867469879518,552.0,1176.0,108.0,310.0,333.0,407.0,53.0,426.0,479.0,279.0,89.0,53.0,162.0,142.0,1545.0,101.0,83,2063.0963855421687,171237.0
1610612752,203901,Elfrid Payton,4.125,9.583333333333334,0.3125,1.5416666666666667,1.0208333333333333,1.7916666666666667,1.0833333333333333,3.5833333333333335,4.666666666666667,6.958333333333333,1.5416666666666667,0.375,2.1666666666666665,1.9166666666666667,9.583333333333334,-2.6458333333333335,198.0,460.0,15.0,74.0,49.0,86.0,52.0,172.0,224.0,334.0,74.0,18.0,104.0,92.0,460.0,-127.0,48,1641.6666666666667,78800.0
1610612754,1627215,Walt Lemon Jr.,"","","","","","","","","","","","","","","","","","","","","","","","","","","","","","","","",0,"",""
