TEAM_ID,PLAYER_ID,PLAYER_NAME,avg(FGM),avg(FGA),avg(FG3M),avg(FG3A),avg(FTM),avg(FTA),avg(OREB),avg(DREB),avg(REB),avg(AST),avg(STL),avg(BLK),avg(TO),avg(PF),avg(PTS),avg(PLUS_MINUS),sum(FGM),sum(FGA),sum(FG3M),sum(FG3A),sum(FTM),sum(FTA),sum(OREB),sum(DREB),sum(REB),sum(AST),sum(STL),sum(BLK),sum(TO),sum(PF),sum(PTS),sum(PLUS_MINUS),sum(ifminute),avg(seconds),sum(seconds)
1610612749,101141,Ersan Ilyasova,2.388888888888889,5.0,0.8472222222222222,2.236111111111111,1.2222222222222223,1.4722222222222223,0.9583333333333334,3.6944444444444446,4.652777777777778,0.7916666666666666,0.3888888888888889,0.3055555555555556,0.5833333333333334,1.5277777777777777,6.847222222222222,1.2916666666666667,172.0,360.0,61.0,161.0,88.0,106.0,69.0,266.0,335.0,57.0,28.0,22.0,42.0,110.0,493.0,93.0,72,930.0694444444445,66965.0
1610612752,1628995,Kevin Knox II,2.2794117647058822,6.323529411764706,1.0294117647058822,3.1323529411764706,1.0441176470588236,1.5735294117647058,0.4117647058823529,2.4558823529411766,2.8676470588235294,0.9411764705882353,0.35294117647058826,0.4117647058823529,0.6764705882352942,1.6176470588235294,6.632352941176471,-2.7058823529411766,155.0,430.0,70.0,213.0,71.0,107.0,28.0,167.0,195.0,64.0,24.0,28.0,46.0,110.0,451.0,-184.0,68,1088.764705882353,74036.0
