TEAM_ID,PLAYER_ID,PLAYER_NAME,avg(FGM),avg(FGA),avg(FG3M),avg(FG3A),avg(FTM),avg(FTA),avg(OREB),avg(DREB),avg(REB),avg(AST),avg(STL),avg(BLK),avg(TO),avg(PF),avg(PTS),avg(PLUS_MINUS),sum(FGM),sum(FGA),sum(FG3M),sum(FG3A),sum(FTM),sum(FTA),sum(OREB),sum(DREB),sum(REB),sum(AST),sum(STL),sum(BLK),sum(TO),sum(PF),sum(PTS),sum(PLUS_MINUS),sum(ifminute),avg(seconds),sum(seconds)
1610612746,202335,Patrick Patterson,1.7727272727272727,4.0606060606060606,1.1818181818181819,2.909090909090909,0.5303030303030303,0.7272727272727273,0.6060606060606061,2.0,2.606060606060606,0.696969696969697,0.10606060606060606,0.06060606060606061,0.36363636363636365,0.9545454545454546,5.257575757575758,0.9393939393939394,117.0,268.0,78.0,192.0,35.0,48.0,40.0,132.0,172.0,46.0,7.0,4.0,24.0,63.0,347.0,62.0,66,800.7424242424242,52849.0
1610612753,203516,James Ennis III,2.9642857142857144,6.964285714285714,0.8214285714285714,3.107142857142857,1.3928571428571428,1.7142857142857142,1.2142857142857142,3.642857142857143,4.857142857142857,1.1428571428571428,0.75,0.35714285714285715,1.25,2.75,8.142857142857142,-2.4642857142857144,83.0,195.0,23.0,87.0,39.0,48.0,34.0,102.0,136.0,32.0,21.0,10.0,35.0,77.0,228.0,-69.0,28,1422.142857142857,39820.0
