TEAM_ID,PLAYER_ID,PLAYER_NAME,avg(FGM),avg(FGA),avg(FG3M),avg(FG3A),avg(FTM),avg(FTA),avg(OREB),avg(DREB),avg(REB),avg(AST),avg(STL),avg(BLK),avg(TO),avg(PF),avg(PTS),avg(PLUS_MINUS),sum(FGM),sum(FGA),sum(FG3M),sum(FG3A),sum(FTM),sum(FTA),sum(OREB),sum(DREB),sum(REB),sum(AST),sum(STL),sum(BLK),sum(TO),sum(PF),sum(PTS),sum(PLUS_MINUS),sum(ifminute),avg(seconds),sum(seconds)
1610612756,1629028,Deandre Ayton,7.840909090909091,14.136363636363637,0.11363636363636363,0.3409090909090909,1.5454545454545454,2.0454545454545454,3.772727272727273,7.068181818181818,10.840909090909092,1.8181818181818181,0.6590909090909091,1.3863636363636365,2.1363636363636362,3.0454545454545454,17.34090909090909,2.090909090909091,345.0,622.0,5.0,15.0,68.0,90.0,166.0,311.0,477.0,80.0,29.0,61.0,94.0,134.0,763.0,92.0,44,1862.1363636363637,81934.0
1610612740,1628404,Josh Hart,3.3943661971830985,7.957746478873239,1.8450704225352113,5.323943661971831,1.267605633802817,1.7605633802816902,0.8873239436619719,5.450704225352113,6.338028169014085,1.704225352112676,0.9295774647887324,0.3380281690140845,1.1267605633802817,2.4225352112676055,9.901408450704226,-0.8732394366197183,241.0,565.0,131.0,378.0,90.0,125.0,63.0,387.0,450.0,121.0,66.0,24.0,80.0,172.0,703.0,-62.0,71,1584.718309859155,112515.0
1610612739,1629716,Marques Bolden,1.25,1.75,0.0,0.0,0.25,1.0,0.75,1.5,2.25,0.25,0.25,0.25,0.5,1.75,2.75,-3.0,5.0,7.0,0.0,0.0,1.0,4.0,3.0,6.0,9.0,1.0,1.0,1.0,2.0,7.0,11.0,-12.0,4,694.0,2776.0
1610612748,1629133,Daryl Macon,0.75,1.875,0.125,0.75,0.375,0.375,0.125,0.125,0.25,0.375,0.0,0.0,0.75,0.625,2.0,-0.375,6.0,15.0,1.0,6.0,3.0,3.0,1.0,1.0,2.0,3.0,0.0,0.0,6.0,5.0,16.0,-3.0,8,343.625,2749.0
1610612747,1629305,Marcus Allen,1.0,5.0,0.0,1.0,2.0,4.0,0.0,0.0,0.0,1.0,2.0,0.0,0.0,6.0,4.0,-25.0,1.0,5.0,0.0,1.0,2.0,4.0,0.0,0.0,0.0,1.0,2.0,0.0,0.0,6.0,4.0,-25.0,1,1271.0,1271.0
1610612742,1629751,Dakota Mathias,0.6666666666666666,3.3333333333333335,0.6666666666666666,3.0,1.0,1.6666666666666667,0.3333333333333333,1.0,1.3333333333333333,0.3333333333333333,0.3333333333333333,0.3333333333333333,1.3333333333333333,2.3333333333333335,3.0,-3.0,2.0,10.0,2.0,9.0,3.0,5.0,1.0,3.0,4.0,1.0,1.0,1.0,4.0,7.0,9.0,-9.0,3,522.0,1566.0
