TEAM_ID,PLAYER_ID,PLAYER_NAME,avg(FGM),avg(FGA),avg(FG3M),avg(FG3A),avg(FTM),avg(FTA),avg(OREB),avg(DREB),avg(REB),avg(AST),avg(STL),avg(BLK),avg(TO),avg(PF),avg(PTS),avg(PLUS_MINUS),sum(FGM),sum(FGA),sum(FG3M),sum(FG3A),sum(FTM),sum(FTA),sum(OREB),sum(DREB),sum(REB),sum(AST),sum(STL),sum(BLK),sum(TO),sum(PF),sum(PTS),sum(PLUS_MINUS),sum(ifminute),avg(seconds),sum(seconds)
1610612738,1629641,Romeo Langford,0.8,2.3,0.2,1.0,0.5,0.6,0.5,0.7,1.2,0.2,0.3,0.2,0.3,0.8,2.3,3.8,8.0,23.0,2.0,10.0,5.0,6.0,5.0,7.0,12.0,2.0,3.0,2.0,3.0,8.0,23.0,38.0,10,656.1,6561.0
1610612743,203115,Will Barton,4.544444444444444,11.088888888888889,1.4222222222222223,4.322222222222222,1.4,1.9444444444444444,1.0888888888888888,4.388888888888889,5.477777777777778,2.9555555555555557,0.6444444444444445,0.4777777777777778,1.4,1.8222222222222222,11.911111111111111,1.0888888888888888,409.0,998.0,128.0,389.0,126.0,175.0,98.0,395.0,493.0,266.0,58.0,43.0,126.0,164.0,1072.0,98.0,90,1710.0444444444445,153904.0
1610612750,201952,Jeff Teague,4.411764705882353,9.843137254901961,0.9607843137254902,2.549019607843137,3.2549019607843137,3.980392156862745,0.47058823529411764,2.2549019607843137,2.7254901960784315,6.7254901960784315,0.8823529411764706,0.39215686274509803,2.196078431372549,2.0,13.03921568627451,-1.4313725490196079,225.0,502.0,49.0,130.0,166.0,203.0,24.0,115.0,139.0,343.0,45.0,20.0,112.0,102.0,665.0,-73.0,51,1692.450980392157,86315.0
1610612739,1629076,Tyler Cook,0.8333333333333334,1.0,0.0,0.0,0.3333333333333333,0.3333333333333333,0.5,0.3333333333333333,0.8333333333333334,0.0,0.16666666666666666,0.0,0.16666666666666666,0.16666666666666666,2.0,-1.0,5.0,6.0,0.0,0.0,2.0,2.0,3.0,2.0,5.0,0.0,1.0,0.0,1.0,1.0,12.0,-6.0,6,171.0,1026.0
1610612737,203092,Tyler Zeller,0.0,1.0,0.0,0.5,0.0,0.0,1.0,2.0,3.0,0.5,0.0,0.0,0.0,2.0,0.0,-4.0,0.0,2.0,0.0,1.0,0.0,0.0,2.0,4.0,6.0,1.0,0.0,0.0,0.0,4.0,0.0,-8.0,2,319.5,639.0
