TEAM_ID,PLAYER_ID,PLAYER_NAME,avg(FGM),avg(FGA),avg(FG3M),avg(FG3A),avg(FTM),avg(FTA),avg(OREB),avg(DREB),avg(REB),avg(AST),avg(STL),avg(BLK),avg(TO),avg(PF),avg(PTS),avg(PLUS_MINUS),sum(FGM),sum(FGA),sum(FG3M),sum(FG3A),sum(FTM),sum(FTA),sum(OREB),sum(DREB),sum(REB),sum(AST),sum(STL),sum(BLK),sum(TO),sum(PF),sum(PTS),sum(PLUS_MINUS),sum(ifminute),avg(seconds),sum(seconds)
1610612760,1629647,Darius Bazley,2.1486486486486487,5.378378378378378,0.918918918918919,2.5,0.8648648648648649,1.2702702702702702,0.5,3.945945945945946,4.445945945945946,0.8108108108108109,0.3918918918918919,0.6351351351351351,0.8243243243243243,0.8243243243243243,6.081081081081081,-0.8648648648648649,159.0,398.0,68.0,185.0,64.0,94.0,37.0,292.0,329.0,60.0,29.0,47.0,61.0,61.0,450.0,-64.0,74,1135.9054054054054,84057.0
1610612763,1626159,Justise Winslow,"","","","","","","","","","","","","","","","","","","","","","","","","","","","","","","","",0,"",""
1610612750,1629669,Jaylen Nowell,1.2777777777777777,3.6666666666666665,0.16666666666666666,1.6666666666666667,1.0555555555555556,1.1111111111111112,0.16666666666666666,0.6666666666666666,0.8333333333333334,1.1111111111111112,0.2222222222222222,0.05555555555555555,0.3888888888888889,0.9444444444444444,3.7777777777777777,0.0,23.0,66.0,3.0,30.0,19.0,20.0,3.0,12.0,15.0,20.0,4.0,1.0,7.0,17.0,68.0,0.0,18,622.7222222222222,11209.0
1610612750,203496,Robert Covington,4.365384615384615,10.096153846153847,2.1923076923076925,6.326923076923077,1.4807692307692308,1.8461538461538463,0.8846153846153846,5.365384615384615,6.25,1.1730769230769231,1.6153846153846154,0.9423076923076923,1.4615384615384615,2.9423076923076925,12.403846153846153,-1.1346153846153846,227.0,525.0,114.0,329.0,77.0,96.0,46.0,279.0,325.0,61.0,84.0,49.0,76.0,153.0,645.0,-59.0,52,1720.0961538461538,89445.0
1610612758,203138,Hollis Thompson,"","","","","","","","","","","","","","","","","","","","","","","","","","","","","","","","",0,"",""
