TEAM_ID,PLAYER_ID,PLAYER_NAME,avg(FGM),avg(FGA),avg(FG3M),avg(FG3A),avg(FTM),avg(FTA),avg(OREB),avg(DREB),avg(REB),avg(AST),avg(STL),avg(BLK),avg(TO),avg(PF),avg(PTS),avg(PLUS_MINUS),sum(FGM),sum(FGA),sum(FG3M),sum(FG3A),sum(FTM),sum(FTA),sum(OREB),sum(DREB),sum(REB),sum(AST),sum(STL),sum(BLK),sum(TO),sum(PF),sum(PTS),sum(PLUS_MINUS),sum(ifminute),avg(seconds),sum(seconds)
1610612742,1628499,Antonius Cleveland,0.9523809523809523,2.8095238095238093,0.23809523809523808,0.8095238095238095,0.8571428571428571,1.2857142857142858,0.47619047619047616,0.9523809523809523,1.4285714285714286,0.3333333333333333,0.3333333333333333,0.3333333333333333,0.2857142857142857,1.1904761904761905,3.0,-1.0952380952380953,20.0,59.0,5.0,17.0,18.0,27.0,10.0,20.0,30.0,7.0,7.0,7.0,6.0,25.0,63.0,-23.0,21,449.3809523809524,9437.0
1610612758,203953,Jabari Parker,3.375,6.375,0.25,1.0,1.25,1.375,1.125,2.625,3.75,1.5,0.5,0.25,0.5,1.0,8.25,5.875,27.0,51.0,2.0,8.0,10.0,11.0,9.0,21.0,30.0,12.0,4.0,2.0,4.0,8.0,66.0,47.0,8,790.75,6326.0
1610612755,203504,Trey Burke,2.2758620689655173,5.0,0.6206896551724138,1.4482758620689655,0.4827586206896552,0.7241379310344828,0.5172413793103449,0.896551724137931,1.4137931034482758,2.0689655172413794,0.27586206896551724,0.10344827586206896,0.4482758620689655,0.8620689655172413,5.655172413793103,1.1379310344827587,66.0,145.0,18.0,42.0,14.0,21.0,15.0,26.0,41.0,60.0,8.0,3.0,13.0,25.0,164.0,33.0,29,779.6206896551724,22609.0
