TEAM_ID,PLAYER_ID,PLAYER_NAME,avg(FGM),avg(FGA),avg(FG3M),avg(FG3A),avg(FTM),avg(FTA),avg(OREB),avg(DREB),avg(REB),avg(AST),avg(STL),avg(BLK),avg(TO),avg(PF),avg(PTS),avg(PLUS_MINUS),sum(FGM),sum(FGA),sum(FG3M),sum(FG3A),sum(FTM),sum(FTA),sum(OREB),sum(DREB),sum(REB),sum(AST),sum(STL),sum(BLK),sum(TO),sum(PF),sum(PTS),sum(PLUS_MINUS),sum(ifminute),avg(seconds),sum(seconds)
1610612757,202355,Hassan Whiteside,5.987179487179487,9.73076923076923,0.0641025641025641,0.11538461538461539,2.269230769230769,3.371794871794872,3.4871794871794872,9.038461538461538,12.525641025641026,1.1025641025641026,0.38461538461538464,2.717948717948718,1.7435897435897436,2.9358974358974357,14.307692307692308,0.7307692307692307,467.0,759.0,5.0,9.0,177.0,263.0,272.0,705.0,977.0,86.0,30.0,212.0,136.0,229.0,1116.0,57.0,78,1705.871794871795,133058.0
1610612759,1629677,Luka Samanic,0.8,2.6,0.4,1.2,0.6,0.8,0.5,1.0,1.5,0.6,0.1,0.2,0.2,0.9,2.6,-2.0,8.0,26.0,4.0,12.0,6.0,8.0,5.0,10.0,15.0,6.0,1.0,2.0,2.0,9.0,26.0,-20.0,10,519.7,5197.0
1610612755,1627776,Isaiah Miles,0.0,2.0,0.0,2.0,0.0,0.0,0.0,1.0,1.0,0.0,0.0,0.0,0.0,1.0,0.0,8.0,0.0,2.0,0.0,2.0,0.0,0.0,0.0,1.0,1.0,0.0,0.0,0.0,0.0,1.0,0.0,8.0,1,228.0,228.0
