TEAM_ID,PLAYER_ID,PLAYER_NAME,avg(FGM),avg(FGA),avg(FG3M),avg(FG3A),avg(FTM),avg(FTA),avg(OREB),avg(DREB),avg(REB),avg(AST),avg(STL),avg(BLK),avg(TO),avg(PF),avg(PTS),avg(PLUS_MINUS),sum(FGM),sum(FGA),sum(FG3M),sum(FG3A),sum(FTM),sum(FTA),sum(OREB),sum(DREB),sum(REB),sum(AST),sum(STL),sum(BLK),sum(TO),sum(PF),sum(PTS),sum(PLUS_MINUS),sum(ifminute),avg(seconds),sum(seconds)
1610612762,203903,Jordan Clarkson,5.923076923076923,12.923076923076923,2.3076923076923075,6.288461538461538,1.5192307692307692,1.8846153846153846,0.6153846153846154,2.3846153846153846,3.0,1.5961538461538463,0.7307692307692307,0.15384615384615385,1.3076923076923077,1.8653846153846154,15.673076923076923,1.5,308.0,672.0,120.0,327.0,79.0,98.0,32.0,124.0,156.0,83.0,38.0,8.0,68.0,97.0,815.0,78.0,52,1507.173076923077,78373.0
1610612737,1629164,Brandon Goodwin,2.1315789473684212,5.552631578947368,0.7368421052631579,2.5,0.8157894736842105,0.9473684210526315,0.3157894736842105,1.6578947368421053,1.9736842105263157,1.5789473684210527,0.3684210526315789,0.10526315789473684,0.8947368421052632,1.131578947368421,5.815789473684211,-3.4210526315789473,81.0,211.0,28.0,95.0,31.0,36.0,12.0,63.0,75.0,60.0,14.0,4.0,34.0,43.0,221.0,-130.0,38,767.0263157894736,29147.0
1610612744,1626184,Chasson Randle,0.0,1.3333333333333333,0.0,0.6666666666666666,1.6666666666666667,2.0,0.0,0.6666666666666666,0.6666666666666666,1.6666666666666667,0.6666666666666666,0.0,0.0,1.0,1.6666666666666667,-1.3333333333333333,0.0,4.0,0.0,2.0,5.0,6.0,0.0,2.0,2.0,5.0,2.0,0.0,0.0,3.0,5.0,-4.0,3,808.0,2424.0
1610612764,1629203,Jemerrio Jones,1.0,2.0,0.0,0.0,0.0,0.0,1.5,2.0,3.5,1.5,0.0,0.5,0.0,0.0,2.0,4.5,2.0,4.0,0.0,0.0,0.0,0.0,3.0,4.0,7.0,3.0,0.0,1.0,0.0,0.0,4.0,9.0,2,475.5,951.0
