TEAM_ID,PLAYER_ID,PLAYER_NAME,avg(FGM),avg(FGA),avg(FG3M),avg(FG3A),avg(FTM),avg(FTA),avg(OREB),avg(DREB),avg(REB),avg(AST),avg(STL),avg(BLK),avg(TO),avg(PF),avg(PTS),avg(PLUS_MINUS),sum(FGM),sum(FGA),sum(FG3M),sum(FG3A),sum(FTM),sum(FTA),sum(OREB),sum(DREB),sum(REB),sum(AST),sum(STL),sum(BLK),sum(TO),sum(PF),sum(PTS),sum(PLUS_MINUS),sum(ifminute),avg(seconds),sum(seconds)
1610612755,1626196,Josh Richardson,5.34375,12.40625,1.71875,5.0,2.1875,2.84375,0.90625,2.53125,3.4375,3.4375,1.1875,0.6875,2.0,2.5625,14.59375,3.5625,171.0,397.0,55.0,160.0,70.0,91.0,29.0,81.0,110.0,110.0,38.0,22.0,64.0,82.0,467.0,114.0,32,1834.34375,58699.0
1610612750,1629006,Josh Okogie,2.632911392405063,6.860759493670886,0.7848101265822784,2.8354430379746836,2.0253164556962027,2.670886075949367,0.7848101265822784,2.759493670886076,3.5443037974683542,1.4556962025316456,1.1898734177215189,0.46835443037974683,1.139240506329114,2.329113924050633,8.075949367088608,-1.0886075949367089,208.0,542.0,62.0,224.0,160.0,211.0,62.0,218.0,280.0,115.0,94.0,37.0,90.0,184.0,638.0,-86.0,79,1528.4303797468353,120746.0
1610612747,203076,Anthony Davis,9.0,18.17142857142857,0.9714285714285714,3.5428571428571427,6.714285714285714,7.914285714285715,2.2857142857142856,6.6571428571428575,8.942857142857143,3.3714285714285714,1.4,2.4,2.3142857142857145,2.4571428571428573,25.685714285714287,5.742857142857143,315.0,636.0,34.0,124.0,235.0,277.0,80.0,233.0,313.0,118.0,49.0,84.0,81.0,86.0,899.0,201.0,35,2009.5142857142857,70333.0
1610612753,1629168,BJ Johnson,1.0,1.75,0.25,0.75,0.25,0.5,0.5,0.25,0.75,0.25,0.0,0.25,0.25,0.0,2.5,-3.75,4.0,7.0,1.0,3.0,1.0,2.0,2.0,1.0,3.0,1.0,0.0,1.0,1.0,0.0,10.0,-15.0,4,300.75,1203.0
1610612761,203485,Lorenzo Brown,0.5,1.0,0.0,0.0,0.5,0.5,0.0,0.0,0.0,1.0,0.5,0.0,0.0,0.0,1.5,4.5,1.0,2.0,0.0,0.0,1.0,1.0,0.0,0.0,0.0,2.0,1.0,0.0,0.0,0.0,3.0,9.0,2,182.0,364.0
