TEAM_ID,PLAYER_ID,PLAYER_NAME,avg(FGM),avg(FGA),avg(FG3M),avg(FG3A),avg(FTM),avg(FTA),avg(OREB),avg(DREB),avg(REB),avg(AST),avg(STL),avg(BLK),avg(TO),avg(PF),avg(PTS),avg(PLUS_MINUS),sum(FGM),sum(FGA),sum(FG3M),sum(FG3A),sum(FTM),sum(FTA),sum(OREB),sum(DREB),sum(REB),sum(AST),sum(STL),sum(BLK),sum(TO),sum(PF),sum(PTS),sum(PLUS_MINUS),sum(ifminute),avg(seconds),sum(seconds)
1610612757,203918,Rodney Hood,3.6417910447761193,7.7164179104477615,1.2238805970149254,3.1194029850746268,1.4179104477611941,1.7462686567164178,0.417910447761194,1.9701492537313432,2.388059701492537,1.2835820895522387,0.7014925373134329,0.208955223880597,0.7014925373134329,1.8805970149253732,9.925373134328359,0.6716417910447762,244.0,517.0,82.0,209.0,95.0,117.0,28.0,132.0,160.0,86.0,47.0,14.0,47.0,126.0,665.0,45.0,67,1533.2089552238806,102725.0
1610612762,1629671,Miye Oni,0.2857142857142857,1.1428571428571428,0.2857142857142857,1.0,0.0,0.0,0.0,0.7142857142857143,0.7142857142857143,0.5714285714285714,0.0,0.0,0.5714285714285714,0.42857142857142855,0.8571428571428571,-2.5714285714285716,2.0,8.0,2.0,7.0,0.0,0.0,0.0,5.0,5.0,4.0,0.0,0.0,4.0,3.0,6.0,-18.0,7,352.2857142857143,2466.0
1610612758,1629610,DaQuan Jeffries,0.5,0.5,0.0,0.0,0.0,0.0,0.5,0.0,0.5,0.5,0.0,0.0,0.0,0.5,1.0,2.5,1.0,1.0,0.0,0.0,0.0,0.0,1.0,0.0,1.0,1.0,0.0,0.0,0.0,1.0,2.0,5.0,2,325.5,651.0
1610612757,1628505,Troy Caupain,1.0,2.75,0.25,1.5,0.5,1.0,0.0,1.25,1.25,0.75,0.0,0.25,0.5,0.25,2.75,-3.75,4.0,11.0,1.0,6.0,2.0,4.0,0.0,5.0,5.0,3.0,0.0,1.0,2.0,1.0,11.0,-15.0,4,366.25,1465.0
