TEAM_ID,PLAYER_ID,PLAYER_NAME,avg(FGM),avg(FGA),avg(FG3M),avg(FG3A),avg(FTM),avg(FTA),avg(OREB),avg(DREB),avg(REB),avg(AST),avg(STL),avg(BLK),avg(TO),avg(PF),avg(PTS),avg(PLUS_MINUS),sum(FGM),sum(FGA),sum(FG3M),sum(FG3A),sum(FTM),sum(FTA),sum(OREB),sum(DREB),sum(REB),sum(AST),sum(STL),sum(BLK),sum(TO),sum(PF),sum(PTS),sum(PLUS_MINUS),sum(ifminute),avg(seconds),sum(seconds)
1610612738,1629641,Romeo Langford,0.9069767441860465,2.511627906976744,0.16279069767441862,0.813953488372093,0.5581395348837209,0.8372093023255814,0.3953488372093023,0.8604651162790697,1.255813953488372,0.46511627906976744,0.20930232558139536,0.18604651162790697,0.37209302325581395,0.9534883720930233,2.5348837209302326,1.4883720930232558,39.0,108.0,7.0,35.0,24.0,36.0,17.0,37.0,54.0,20.0,9.0,8.0,16.0,41.0,109.0,64.0,43,671.6744186046511,28882.0
1610612761,1626169,Stanley Johnson,0.8285714285714286,2.5428571428571427,0.2857142857142857,1.0285714285714285,0.4857142857142857,0.8571428571428571,0.3142857142857143,1.3714285714285714,1.6857142857142857,1.0,0.22857142857142856,0.17142857142857143,0.7714285714285715,0.8857142857142857,2.4285714285714284,0.6857142857142857,29.0,89.0,10.0,36.0,17.0,30.0,11.0,48.0,59.0,35.0,8.0,6.0,27.0,31.0,85.0,24.0,35,419.22857142857146,14673.0
1610612752,201959,Taj Gibson,2.723076923076923,4.6461538461538465,0.1076923076923077,0.2923076923076923,0.7692307692307693,1.0923076923076922,1.7692307692307692,2.5692307692307694,4.338461538461538,0.8615384615384616,0.4153846153846154,0.46153846153846156,0.8153846153846154,2.0,6.323076923076923,-3.9076923076923076,177.0,302.0,7.0,19.0,50.0,71.0,115.0,167.0,282.0,56.0,27.0,30.0,53.0,130.0,411.0,-254.0,65,990.0153846153846,64351.0
