TEAM_ID,PLAYER_ID,PLAYER_NAME,avg(FGM),avg(FGA),avg(FG3M),avg(FG3A),avg(FTM),avg(FTA),avg(OREB),avg(DREB),avg(REB),avg(AST),avg(STL),avg(BLK),avg(TO),avg(PF),avg(PTS),avg(PLUS_MINUS),sum(FGM),sum(FGA),sum(FG3M),sum(FG3A),sum(FTM),sum(FTA),sum(OREB),sum(DREB),sum(REB),sum(AST),sum(STL),sum(BLK),sum(TO),sum(PF),sum(PTS),sum(PLUS_MINUS),sum(ifminute),avg(seconds),sum(seconds)
1610612739,1629645,Kevin Porter Jr.,3.142857142857143,7.485714285714286,0.8285714285714286,2.857142857142857,1.1714285714285715,1.5714285714285714,0.37142857142857144,2.742857142857143,3.1142857142857143,1.9142857142857144,0.8285714285714286,0.14285714285714285,1.7714285714285714,2.5428571428571427,8.285714285714286,-6.057142857142857,110.0,262.0,29.0,100.0,41.0,55.0,13.0,96.0,109.0,67.0,29.0,5.0,62.0,89.0,290.0,-212.0,35,1296.4285714285713,45375.0
1610612761,1629044,Shamorie Ponds,0.75,1.25,0.25,0.5,0.5,0.5,0.0,0.25,0.25,0.5,0.0,0.25,0.0,0.5,2.25,0.0,3.0,5.0,1.0,2.0,2.0,2.0,0.0,1.0,1.0,2.0,0.0,1.0,0.0,2.0,9.0,0.0,4,158.75,635.0
