TEAM_ID,PLAYER_ID,PLAYER_NAME,avg(FGM),avg(FGA),avg(FG3M),avg(FG3A),avg(FTM),avg(FTA),avg(OREB),avg(DREB),avg(REB),avg(AST),avg(STL),avg(BLK),avg(TO),avg(PF),avg(PTS),avg(PLUS_MINUS),sum(FGM),sum(FGA),sum(FG3M),sum(FG3A),sum(FTM),sum(FTA),sum(OREB),sum(DREB),sum(REB),sum(AST),sum(STL),sum(BLK),sum(TO),sum(PF),sum(PTS),sum(PLUS_MINUS),sum(ifminute),avg(seconds),sum(seconds)
1610612748,1627884,Derrick Jones Jr.,2.9322033898305087,5.728813559322034,0.4915254237288136,1.7457627118644068,1.4745762711864407,2.23728813559322,1.152542372881356,2.6271186440677967,3.7796610169491527,0.7966101694915254,0.9491525423728814,0.576271186440678,0.7966101694915254,2.152542372881356,7.830508474576271,0.4745762711864407,173.0,338.0,29.0,103.0,87.0,132.0,68.0,155.0,223.0,47.0,56.0,34.0,47.0,127.0,462.0,28.0,59,1310.2372881355932,77304.0
