TEAM_ID,PLAYER_ID,PLAYER_NAME,avg(FGM),avg(FGA),avg(FG3M),avg(FG3A),avg(FTM),avg(FTA),avg(OREB),avg(DREB),avg(REB),avg(AST),avg(STL),avg(BLK),avg(TO),avg(PF),avg(PTS),avg(PLUS_MINUS),sum(FGM),sum(FGA),sum(FG3M),sum(FG3A),sum(FTM),sum(FTA),sum(OREB),sum(DREB),sum(REB),sum(AST),sum(STL),sum(BLK),sum(TO),sum(PF),sum(PTS),sum(PLUS_MINUS),sum(ifminute),avg(seconds),sum(seconds)
1610612758,202357,Nemanja Bjelica,3.721518987341772,8.025316455696203,1.4430379746835442,3.670886075949367,0.8481012658227848,1.0506329113924051,1.6075949367088607,4.075949367088608,5.6835443037974684,2.1265822784810124,0.6962025316455697,0.6075949367088608,1.1265822784810127,2.6202531645569622,9.734177215189874,-0.24050632911392406,294.0,634.0,114.0,290.0,67.0,83.0,127.0,322.0,449.0,168.0,55.0,48.0,89.0,207.0,769.0,-19.0,79,1431.3037974683543,113073.0
1610612745,201566,Russell Westbrook,8.617647058823529,20.235294117647058,1.2058823529411764,5.088235294117647,4.852941176470588,6.205882352941177,1.5588235294117647,5.852941176470588,7.411764705882353,6.794117647058823,1.5588235294117647,0.38235294117647056,4.470588235294118,3.764705882352941,23.294117647058822,1.7647058823529411,293.0,688.0,41.0,173.0,165.0,211.0,53.0,199.0,252.0,231.0,53.0,13.0,152.0,128.0,792.0,60.0,34,2044.764705882353,69522.0
1610612762,202334,Ed Davis,0.7391304347826086,1.608695652173913,0.0,0.0,0.21739130434782608,0.5217391304347826,1.1304347826086956,3.3043478260869565,4.434782608695652,0.43478260869565216,0.391304347826087,0.34782608695652173,0.6086956521739131,2.5217391304347827,1.6956521739130435,-4.0,17.0,37.0,0.0,0.0,5.0,12.0,26.0,76.0,102.0,10.0,9.0,8.0,14.0,58.0,39.0,-92.0,23,724.4347826086956,16662.0
1610612756,2037,Jamal Crawford,3.2903225806451615,7.419354838709677,1.3870967741935485,3.7096774193548385,1.6451612903225807,1.903225806451613,0.0967741935483871,1.3548387096774193,1.4516129032258065,3.870967741935484,0.6774193548387096,0.16129032258064516,1.6129032258064515,1.1290322580645162,9.612903225806452,-6.516129032258065,102.0,230.0,43.0,115.0,51.0,59.0,3.0,42.0,45.0,120.0,21.0,5.0,50.0,35.0,298.0,-202.0,31,1239.516129032258,38425.0
