TEAM_ID,PLAYER_ID,PLAYER_NAME,avg(FGM),avg(FGA),avg(FG3M),avg(FG3A),avg(FTM),avg(FTA),avg(OREB),avg(DREB),avg(REB),avg(AST),avg(STL),avg(BLK),avg(TO),avg(PF),avg(PTS),avg(PLUS_MINUS),sum(FGM),sum(FGA),sum(FG3M),sum(FG3A),sum(FTM),sum(FTA),sum(OREB),sum(DREB),sum(REB),sum(AST),sum(STL),sum(BLK),sum(TO),sum(PF),sum(PTS),sum(PLUS_MINUS),sum(ifminute),avg(seconds),sum(seconds)
1610612749,201577,Robin Lopez,2.289473684210526,4.552631578947368,0.5657894736842105,1.644736842105263,0.4473684210526316,0.7894736842105263,0.8421052631578947,1.631578947368421,2.473684210526316,0.6578947368421053,0.15789473684210525,0.6578947368421053,0.9078947368421053,1.4210526315789473,5.592105263157895,0.4605263157894737,174.0,346.0,43.0,125.0,34.0,60.0,64.0,124.0,188.0,50.0,12.0,50.0,69.0,108.0,425.0,35.0,76,867.4342105263158,65925.0
1610612766,1628370,Malik Monk,3.830508474576271,8.745762711864407,1.0847457627118644,3.7457627118644066,1.4576271186440677,1.7627118644067796,0.4576271186440678,2.3389830508474576,2.7966101694915255,2.0847457627118646,0.4915254237288136,0.3050847457627119,1.3898305084745763,1.305084745762712,10.203389830508474,-3.8813559322033897,226.0,516.0,64.0,221.0,86.0,104.0,27.0,138.0,165.0,123.0,29.0,18.0,82.0,77.0,602.0,-229.0,59,1255.0677966101696,74049.0
1610612745,203991,Clint Capela,6.045454545454546,9.613636363636363,0.0,0.0,1.5909090909090908,2.9318181818181817,4.113636363636363,9.090909090909092,13.204545454545455,1.2272727272727273,0.8181818181818182,1.7954545454545454,1.6363636363636365,2.5681818181818183,13.681818181818182,1.9090909090909092,266.0,423.0,0.0,0.0,70.0,129.0,181.0,400.0,581.0,54.0,36.0,79.0,72.0,113.0,602.0,84.0,44,1904.8863636363637,83815.0
