TEAM_ID,PLAYER_ID,PLAYER_NAME,avg(FGM),avg(FGA),avg(FG3M),avg(FG3A),avg(FTM),avg(FTA),avg(OREB),avg(DREB),avg(REB),avg(AST),avg(STL),avg(BLK),avg(TO),avg(PF),avg(PTS),avg(PLUS_MINUS),sum(FGM),sum(FGA),sum(FG3M),sum(FG3A),sum(FTM),sum(FTA),sum(OREB),sum(DREB),sum(REB),sum(AST),sum(STL),sum(BLK),sum(TO),sum(PF),sum(PTS),sum(PLUS_MINUS),sum(ifminute),avg(seconds),sum(seconds)
1610612747,201162,Jared Dudley,0.48333333333333334,1.2833333333333334,0.36666666666666664,0.9,0.06666666666666667,0.1,0.1,1.0833333333333333,1.1833333333333333,0.6333333333333333,0.35,0.08333333333333333,0.2833333333333333,0.9166666666666666,1.4,-0.23333333333333334,29.0,77.0,22.0,54.0,4.0,6.0,6.0,65.0,71.0,38.0,21.0,5.0,17.0,55.0,84.0,-14.0,60,492.6666666666667,29560.0
1610612757,1629121,Jaylen Adams,1.1666666666666667,3.6666666666666665,0.3333333333333333,1.8333333333333333,0.6666666666666666,1.0,0.3333333333333333,1.0,1.3333333333333333,1.0,0.5,0.0,0.6666666666666666,0.8333333333333334,3.3333333333333335,2.8333333333333335,7.0,22.0,2.0,11.0,4.0,6.0,2.0,6.0,8.0,6.0,3.0,0.0,4.0,5.0,20.0,17.0,6,595.3333333333334,3572.0
1610612739,1629636,Darius Garland,4.704918032786885,11.721311475409836,1.7540983606557377,4.950819672131147,1.0655737704918034,1.2131147540983607,0.4426229508196721,1.3934426229508197,1.8360655737704918,3.8524590163934427,0.7049180327868853,0.06557377049180328,2.5245901639344264,1.5737704918032787,12.229508196721312,-4.852459016393443,287.0,715.0,107.0,302.0,65.0,74.0,27.0,85.0,112.0,235.0,43.0,4.0,154.0,96.0,746.0,-296.0,61,1829.4590163934427,111597.0
1610612763,1628395,Jordan Bell,1.5,3.5,1.0,1.5,1.0,1.0,1.0,0.5,1.5,1.0,0.5,0.0,1.5,1.0,5.0,0.0,3.0,7.0,2.0,3.0,2.0,2.0,2.0,1.0,3.0,2.0,1.0,0.0,3.0,2.0,10.0,0.0,2,641.0,1282.0
1610612756,204020,Tyler Johnson,2.1515151515151514,5.575757575757576,0.8484848484848485,2.727272727272727,0.7878787878787878,1.0303030303030303,0.3333333333333333,1.3333333333333333,1.6666666666666667,1.5757575757575757,0.3939393939393939,0.24242424242424243,0.8181818181818182,1.4242424242424243,5.9393939393939394,-2.5454545454545454,71.0,184.0,28.0,90.0,26.0,34.0,11.0,44.0,55.0,52.0,13.0,8.0,27.0,47.0,196.0,-84.0,33,1005.0909090909091,33168.0
1610612748,1628539,Mychal Mulder,0.5,2.0,0.0,1.5,0.0,0.0,0.0,0.5,0.5,0.0,0.0,0.0,1.0,1.0,1.0,-7.0,1.0,4.0,0.0,3.0,0.0,0.0,0.0,1.0,1.0,0.0,0.0,0.0,2.0,2.0,2.0,-14.0,2,459.5,919.0
