TEAM_ID,PLAYER_ID,PLAYER_NAME,avg(FGM),avg(FGA),avg(FG3M),avg(FG3A),avg(FTM),avg(FTA),avg(OREB),avg(DREB),avg(REB),avg(AST),avg(STL),avg(BLK),avg(TO),avg(PF),avg(PTS),avg(PLUS_MINUS),sum(FGM),sum(FGA),sum(FG3M),sum(FG3A),sum(FTM),sum(FTA),sum(OREB),sum(DREB),sum(REB),sum(AST),sum(STL),sum(BLK),sum(TO),sum(PF),sum(PTS),sum(PLUS_MINUS),sum(ifminute),avg(seconds),sum(seconds)
1610612763,1629630,Ja Morant,6.712328767123288,14.164383561643836,0.9178082191780822,2.7260273972602738,3.5342465753424657,4.616438356164384,0.7534246575342466,3.0547945205479454,3.808219178082192,7.3561643835616435,0.8493150684931506,0.2876712328767123,3.287671232876712,1.6164383561643836,17.876712328767123,-0.410958904109589,490.0,1034.0,67.0,199.0,258.0,337.0,55.0,223.0,278.0,537.0,62.0,21.0,240.0,118.0,1305.0,-30.0,73,1850.6027397260275,135094.0
1610612743,203115,Will Barton,5.492063492063492,12.365079365079366,1.7619047619047619,4.841269841269841,1.6825396825396826,2.253968253968254,1.2380952380952381,4.936507936507937,6.174603174603175,3.5238095238095237,0.9841269841269841,0.4603174603174603,1.492063492063492,1.9841269841269842,14.428571428571429,3.761904761904762,346.0,779.0,111.0,305.0,106.0,142.0,78.0,311.0,389.0,222.0,62.0,29.0,94.0,125.0,909.0,237.0,63,1915.5396825396826,120679.0
1610612744,203110,Draymond Green,2.8297872340425534,7.425531914893617,0.8297872340425532,2.978723404255319,1.425531914893617,1.9148936170212767,0.6382978723404256,5.617021276595745,6.25531914893617,6.0,1.4042553191489362,0.7446808510638298,2.276595744680851,2.6808510638297873,7.914893617021277,-4.276595744680851,133.0,349.0,39.0,140.0,67.0,90.0,30.0,264.0,294.0,282.0,66.0,35.0,107.0,126.0,372.0,-201.0,47,1683.9787234042553,79147.0
1610612763,2738,Andre Iguodala,"","","","","","","","","","","","","","","","","","","","","","","","","","","","","","","","",0,"",""
1610612766,1629616,Josh Perkins,0.5,2.0,0.0,1.5,0.0,0.0,0.0,2.0,2.0,3.0,0.0,0.0,2.0,1.5,1.0,4.0,1.0,4.0,0.0,3.0,0.0,0.0,0.0,4.0,4.0,6.0,0.0,0.0,4.0,3.0,2.0,8.0,2,605.5,1211.0
