TEAM_ID,PLAYER_ID,PLAYER_NAME,avg(FGM),avg(FGA),avg(FG3M),avg(FG3A),avg(FTM),avg(FTA),avg(OREB),avg(DREB),avg(REB),avg(AST),avg(STL),avg(BLK),avg(TO),avg(PF),avg(PTS),avg(PLUS_MINUS),sum(FGM),sum(FGA),sum(FG3M),sum(FG3A),sum(FTM),sum(FTA),sum(OREB),sum(DREB),sum(REB),sum(AST),sum(STL),sum(BLK),sum(TO),sum(PF),sum(PTS),sum(PLUS_MINUS),sum(ifminute),avg(seconds),sum(seconds)
1610612751,201599,DeAndre Jordan,3.0625,4.8125,0.0,0.0,1.59375,2.4375,2.34375,7.5625,9.90625,2.125,0.46875,1.03125,1.25,2.0625,7.71875,-2.09375,98.0,154.0,0.0,0.0,51.0,78.0,75.0,242.0,317.0,68.0,15.0,33.0,40.0,66.0,247.0,-67.0,32,1277.46875,40879.0
1610612747,1629659,Talen Horton-Tucker,0.0,0.5,0.0,0.5,0.0,0.0,0.0,0.0,0.0,1.0,0.5,0.0,0.0,0.0,0.0,-3.5,0.0,1.0,0.0,1.0,0.0,0.0,0.0,0.0,0.0,2.0,1.0,0.0,0.0,0.0,0.0,-7.0,2,159.5,319.0
1610612744,101106,Andrew Bogut,1.4,2.433333333333333,0.0,0.0,0.23333333333333334,0.26666666666666666,1.1666666666666667,3.1333333333333333,4.3,1.0666666666666667,0.26666666666666666,0.4666666666666667,0.6,2.0,3.033333333333333,-0.03333333333333333,42.0,73.0,0.0,0.0,7.0,8.0,35.0,94.0,129.0,32.0,8.0,14.0,18.0,60.0,91.0,-1.0,30,625.7666666666667,18773.0
1610612737,1629121,Jaylen Adams,1.3846153846153846,4.0,0.8846153846153846,2.6538461538461537,0.2692307692307692,0.34615384615384615,0.4230769230769231,1.7692307692307692,2.1923076923076925,2.3461538461538463,0.5,0.15384615384615385,1.0384615384615385,1.7307692307692308,3.923076923076923,-2.576923076923077,36.0,104.0,23.0,69.0,7.0,9.0,11.0,46.0,57.0,61.0,13.0,4.0,27.0,45.0,102.0,-67.0,26,923.3846153846154,24008.0
