TEAM_ID,PLAYER_ID,PLAYER_NAME,avg(FGM),avg(FGA),avg(FG3M),avg(FG3A),avg(FTM),avg(FTA),avg(OREB),avg(DREB),avg(REB),avg(AST),avg(STL),avg(BLK),avg(TO),avg(PF),avg(PTS),avg(PLUS_MINUS),sum(FGM),sum(FGA),sum(FG3M),sum(FG3A),sum(FTM),sum(FTA),sum(OREB),sum(DREB),sum(REB),sum(AST),sum(STL),sum(BLK),sum(TO),sum(PF),sum(PTS),sum(PLUS_MINUS),sum(ifminute),avg(seconds),sum(seconds)
1610612749,202339,Eric Bledsoe,5.755813953488372,12.348837209302326,1.4069767441860466,4.465116279069767,2.4186046511627906,3.1744186046511627,1.0,3.604651162790698,4.604651162790698,5.255813953488372,1.3255813953488371,0.37209302325581395,2.1511627906976742,1.9186046511627908,15.337209302325581,8.081395348837209,495.0,1062.0,121.0,384.0,208.0,273.0,86.0,310.0,396.0,452.0,114.0,32.0,185.0,165.0,1319.0,695.0,86,1656.6627906976744,142473.0
1610612755,1629015,Zhaire Smith,1.9166666666666667,4.333333333333333,0.75,1.75,1.0,1.3333333333333333,0.5833333333333334,1.1666666666666667,1.75,0.9166666666666666,0.4166666666666667,0.3333333333333333,0.8333333333333334,1.0833333333333333,5.583333333333333,4.0,23.0,52.0,9.0,21.0,12.0,16.0,7.0,14.0,21.0,11.0,5.0,4.0,10.0,13.0,67.0,48.0,12,782.9166666666666,9395.0
1610612744,1628035,Alfonzo McKinnie,1.536231884057971,3.2753623188405796,0.4927536231884058,1.5507246376811594,0.30434782608695654,0.5362318840579711,0.927536231884058,2.0869565217391304,3.0144927536231885,0.37681159420289856,0.2463768115942029,0.18840579710144928,0.4057971014492754,1.7826086956521738,3.869565217391304,-0.6086956521739131,106.0,226.0,34.0,107.0,21.0,37.0,64.0,144.0,208.0,26.0,17.0,13.0,28.0,123.0,267.0,-42.0,69,784.8115942028985,54152.0
