TEAM_ID,PLAYER_ID,PLAYER_NAME,avg(FGM),avg(FGA),avg(FG3M),avg(FG3A),avg(FTM),avg(FTA),avg(OREB),avg(DREB),avg(REB),avg(AST),avg(STL),avg(BLK),avg(TO),avg(PF),avg(PTS),avg(PLUS_MINUS),sum(FGM),sum(FGA),sum(FG3M),sum(FG3A),sum(FTM),sum(FTA),sum(OREB),sum(DREB),sum(REB),sum(AST),sum(STL),sum(BLK),sum(TO),sum(PF),sum(PTS),sum(PLUS_MINUS),sum(ifminute),avg(seconds),sum(seconds)
1610612737,1628381,John Collins,8.177777777777777,14.333333333333334,1.3777777777777778,3.533333333333333,2.8444444444444446,3.6666666666666665,2.7333333333333334,7.177777777777778,9.911111111111111,1.4,0.7555555555555555,1.5555555555555556,1.9333333333333333,3.2222222222222223,20.57777777777778,-4.377777777777778,368.0,645.0,62.0,159.0,128.0,165.0,123.0,323.0,446.0,63.0,34.0,70.0,87.0,145.0,926.0,-197.0,45,1953.0444444444445,87887.0
1610612737,201952,Jeff Teague,2.72,6.6,0.4,1.2,1.88,2.12,0.48,1.68,2.16,4.0,0.76,0.24,1.6,1.44,7.72,-3.96,68.0,165.0,10.0,30.0,47.0,53.0,12.0,42.0,54.0,100.0,19.0,6.0,40.0,36.0,193.0,-99.0,25,1245.32,31133.0
1610612737,203458,Alex Len,3.3333333333333335,6.4222222222222225,0.37777777777777777,1.5777777777777777,1.2222222222222223,1.9555555555555555,1.711111111111111,4.0,5.711111111111111,1.1777777777777778,0.4888888888888889,0.8,1.0222222222222221,2.2666666666666666,8.266666666666667,-3.6444444444444444,150.0,289.0,17.0,71.0,55.0,88.0,77.0,180.0,257.0,53.0,22.0,36.0,46.0,102.0,372.0,-164.0,45,1114.4,50148.0
1610612757,203145,Kent Bazemore,2.6595744680851063,7.51063829787234,1.3404255319148937,3.9574468085106385,1.297872340425532,1.6808510638297873,0.2765957446808511,3.6382978723404253,3.9148936170212765,1.446808510638298,1.1702127659574468,0.6595744680851063,1.4680851063829787,2.7872340425531914,7.957446808510638,0.2765957446808511,125.0,353.0,63.0,186.0,61.0,79.0,13.0,171.0,184.0,68.0,55.0,31.0,69.0,131.0,374.0,13.0,47,1519.3829787234042,71411.0
