TEAM_ID,PLAYER_ID,PLAYER_NAME,avg(FGM),avg(FGA),avg(FG3M),avg(FG3A),avg(FTM),avg(FTA),avg(OREB),avg(DREB),avg(REB),avg(AST),avg(STL),avg(BLK),avg(TO),avg(PF),avg(PTS),avg(PLUS_MINUS),sum(FGM),sum(FGA),sum(FG3M),sum(FG3A),sum(FTM),sum(FTA),sum(OREB),sum(DREB),sum(REB),sum(AST),sum(STL),sum(BLK),sum(TO),sum(PF),sum(PTS),sum(PLUS_MINUS),sum(ifminute),avg(seconds),sum(seconds)
1610612742,203504,Trey Burke,4.533333333333333,9.933333333333334,1.6,3.6666666666666665,1.2666666666666666,1.6,0.2,2.1333333333333333,2.3333333333333335,3.0,1.1333333333333333,0.26666666666666666,1.0,1.8666666666666667,11.933333333333334,-1.2666666666666666,68.0,149.0,24.0,55.0,19.0,24.0,3.0,32.0,35.0,45.0,17.0,4.0,15.0,28.0,179.0,-19.0,15,1482.9333333333334,22244.0
1610612744,202951,Jeremy Pargo,3.6666666666666665,7.333333333333333,1.0,2.3333333333333335,0.0,0.3333333333333333,0.3333333333333333,0.6666666666666666,1.0,2.6666666666666665,0.3333333333333333,0.0,1.3333333333333333,2.6666666666666665,8.333333333333334,0.0,11.0,22.0,3.0,7.0,0.0,1.0,1.0,2.0,3.0,8.0,1.0,0.0,4.0,8.0,25.0,0.0,3,886.3333333333334,2659.0
1610612750,203894,Shabazz Napier,3.1,7.875,1.325,4.475,2.175,2.65,0.55,2.525,3.075,5.075,1.15,0.175,1.975,1.65,9.7,-1.825,124.0,315.0,53.0,179.0,87.0,106.0,22.0,101.0,123.0,203.0,46.0,7.0,79.0,66.0,388.0,-73.0,40,1395.45,55818.0
1610612751,202697,Iman Shumpert,1.6153846153846154,4.923076923076923,0.6153846153846154,2.5384615384615383,0.3076923076923077,0.5384615384615384,0.6923076923076923,1.9230769230769231,2.6153846153846154,0.9230769230769231,0.9230769230769231,0.15384615384615385,0.7692307692307693,1.6153846153846154,4.153846153846154,-4.0,21.0,64.0,8.0,33.0,4.0,7.0,9.0,25.0,34.0,12.0,12.0,2.0,10.0,21.0,54.0,-52.0,13,1110.7692307692307,14440.0
