TEAM_ID,PLAYER_ID,PLAYER_NAME,avg(FGM),avg(FGA),avg(FG3M),avg(FG3A),avg(FTM),avg(FTA),avg(OREB),avg(DREB),avg(REB),avg(AST),avg(STL),avg(BLK),avg(TO),avg(PF),avg(PTS),avg(PLUS_MINUS),sum(FGM),sum(FGA),sum(FG3M),sum(FG3A),sum(FTM),sum(FTA),sum(OREB),sum(DREB),sum(REB),sum(AST),sum(STL),sum(BLK),sum(TO),sum(PF),sum(PTS),sum(PLUS_MINUS),sum(ifminute),avg(seconds),sum(seconds)
1610612749,203507,Giannis Antetokounmpo,10.235955056179776,18.48314606741573,1.2921348314606742,3.966292134831461,6.887640449438202,10.157303370786517,2.247191011235955,10.191011235955056,12.438202247191011,5.49438202247191,1.2359550561797752,1.4606741573033708,3.359550561797753,3.134831460674157,28.651685393258425,10.314606741573034,911.0,1645.0,115.0,353.0,613.0,904.0,200.0,907.0,1107.0,489.0,110.0,130.0,299.0,279.0,2550.0,918.0,89,1896.6516853932585,168802.0
1610612741,203960,JaKarr Sampson,7.25,13.5,1.25,3.5,4.25,5.25,1.25,6.75,8.0,1.0,1.0,0.75,1.0,2.0,20.0,-1.75,29.0,54.0,5.0,14.0,17.0,21.0,5.0,27.0,32.0,4.0,4.0,3.0,4.0,8.0,80.0,-7.0,4,1909.0,7636.0
