TEAM_ID,PLAYER_ID,PLAYER_NAME,avg(FGM),avg(FGA),avg(FG3M),avg(FG3A),avg(FTM),avg(FTA),avg(OREB),avg(DREB),avg(REB),avg(AST),avg(STL),avg(BLK),avg(TO),avg(PF),avg(PTS),avg(PLUS_MINUS),sum(FGM),sum(FGA),sum(FG3M),sum(FG3A),sum(FTM),sum(FTA),sum(OREB),sum(DREB),sum(REB),sum(AST),sum(STL),sum(BLK),sum(TO),sum(PF),sum(PTS),sum(PLUS_MINUS),sum(ifminute),avg(seconds),sum(seconds)
1610612739,1626224,Cedi Osman,4.428571428571429,10.155844155844155,1.7922077922077921,4.87012987012987,1.4415584415584415,1.9870129870129871,0.5194805194805194,3.3376623376623376,3.857142857142857,2.5324675324675323,0.948051948051948,0.19480519480519481,1.4155844155844155,2.3766233766233764,12.090909090909092,-6.428571428571429,341.0,782.0,138.0,375.0,111.0,153.0,40.0,257.0,297.0,195.0,73.0,15.0,109.0,183.0,931.0,-495.0,77,1827.4155844155844,140711.0
1610612741,1627739,Kris Dunn,3.5405405405405403,8.58108108108108,0.6486486486486487,2.2162162162162162,0.7972972972972973,1.0405405405405406,0.47297297297297297,3.1486486486486487,3.6216216216216215,4.513513513513513,1.8783783783783783,0.40540540540540543,1.7837837837837838,3.364864864864865,8.527027027027026,-2.6216216216216215,262.0,635.0,48.0,164.0,59.0,77.0,35.0,233.0,268.0,334.0,139.0,30.0,132.0,249.0,631.0,-194.0,74,1600.445945945946,118433.0
1610612759,2200,Pau Gasol,1.1176470588235294,2.6470588235294117,0.058823529411764705,0.17647058823529413,0.8235294117647058,1.1764705882352942,0.6470588235294118,3.2941176470588234,3.9411764705882355,1.1764705882352942,0.23529411764705882,0.29411764705882354,0.4117647058823529,0.6470588235294118,3.1176470588235294,-1.2352941176470589,19.0,45.0,1.0,3.0,14.0,20.0,11.0,56.0,67.0,20.0,4.0,5.0,7.0,11.0,53.0,-21.0,17,591.2352941176471,10051.0
1610612741,1626166,Cameron Payne,0.0,1.0,0.0,0.0,0.0,0.0,0.0,1.0,1.0,1.0,0.0,0.0,0.0,1.0,0.0,0.0,0.0,1.0,0.0,0.0,0.0,0.0,0.0,1.0,1.0,1.0,0.0,0.0,0.0,1.0,0.0,0.0,1,329.0,329.0
