TEAM_ID,PLAYER_ID,PLAYER_NAME,avg(FGM),avg(FGA),avg(FG3M),avg(FG3A),avg(FTM),avg(FTA),avg(OREB),avg(DREB),avg(REB),avg(AST),avg(STL),avg(BLK),avg(TO),avg(PF),avg(PTS),avg(PLUS_MINUS),sum(FGM),sum(FGA),sum(FG3M),sum(FG3A),sum(FTM),sum(FTA),sum(OREB),sum(DREB),sum(REB),sum(AST),sum(STL),sum(BLK),sum(TO),sum(PF),sum(PTS),sum(PLUS_MINUS),sum(ifminute),avg(seconds),sum(seconds)
1610612754,203933,T.J. Warren,6.868421052631579,13.68421052631579,1.2894736842105263,3.3421052631578947,2.3421052631578947,2.789473684210526,0.7368421052631579,2.763157894736842,3.5,1.236842105263158,0.868421052631579,0.39473684210526316,1.263157894736842,2.4473684210526314,17.36842105263158,3.0,261.0,520.0,49.0,127.0,89.0,106.0,28.0,105.0,133.0,47.0,33.0,15.0,48.0,93.0,660.0,114.0,38,1876.4473684210527,71305.0
1610612744,1627814,Damion Lee,3.0952380952380953,7.214285714285714,1.0952380952380953,3.0,2.0,2.3095238095238093,0.7380952380952381,3.238095238095238,3.9761904761904763,1.4047619047619047,0.7380952380952381,0.0,0.7857142857142857,1.2380952380952381,9.285714285714286,-0.2619047619047619,130.0,303.0,46.0,126.0,84.0,97.0,31.0,136.0,167.0,59.0,31.0,0.0,33.0,52.0,390.0,-11.0,42,1154.595238095238,48493.0
1610612748,1628539,Mychal Mulder,0.5,2.0,0.0,1.5,0.0,0.0,0.0,0.5,0.5,0.0,0.0,0.0,1.0,1.0,1.0,-7.0,1.0,4.0,0.0,3.0,0.0,0.0,0.0,1.0,1.0,0.0,0.0,0.0,2.0,2.0,2.0,-14.0,2,459.5,919.0
1610612764,1626147,Justin Anderson,3.0,7.0,2.6666666666666665,6.333333333333333,1.0,1.3333333333333333,0.0,2.3333333333333335,2.3333333333333335,1.0,1.0,0.0,1.3333333333333333,0.6666666666666666,9.666666666666666,3.3333333333333335,9.0,21.0,8.0,19.0,3.0,4.0,0.0,7.0,7.0,3.0,3.0,0.0,4.0,2.0,29.0,10.0,3,905.6666666666666,2717.0
1610612764,203098,John Jenkins,0.5,0.5,0.5,0.5,0.0,0.0,0.0,0.25,0.25,0.25,0.0,0.0,0.0,0.0,1.5,0.5,2.0,2.0,2.0,2.0,0.0,0.0,0.0,1.0,1.0,1.0,0.0,0.0,0.0,0.0,6.0,2.0,4,215.0,860.0
