PLAYER_ID,PLAYER_NAME,avg(FGM),avg(FGA),avg(FG3M),avg(FG3A),avg(FTM),avg(FTA),avg(OREB),avg(DREB),avg(REB),avg(AST),avg(STL),avg(BLK),avg(TO),avg(PF),avg(PTS),avg(PLUS_MINUS),sum(FGM),sum(FGA),sum(FG3M),sum(FG3A),sum(FTM),sum(FTA),sum(OREB),sum(DREB),sum(REB),sum(AST),sum(STL),sum(BLK),sum(TO),sum(PF),sum(PTS),sum(PLUS_MINUS),sum(ifminute),avg(seconds),sum(seconds)
201578,Marreese Speights,2.5268817204301075,5.67741935483871,0.08602150537634409,0.34408602150537637,1.3225806451612903,1.6666666666666667,1.3010752688172043,2.3333333333333335,3.6344086021505375,0.40860215053763443,0.16129032258064516,0.45161290322580644,0.8387096774193549,1.903225806451613,6.462365591397849,-1.4767441860465116,235.0,528.0,8.0,32.0,123.0,155.0,121.0,217.0,338.0,38.0,15.0,42.0,78.0,177.0,601.0,-127.0,93,678.6881720430108,63118.0
200764,Renaldo Balkman,1.75,5.25,0.25,0.75,2.0,2.75,1.25,1.25,2.5,0.5,1.0,0.75,0.75,1.75,5.75,"",7.0,21.0,1.0,3.0,8.0,11.0,5.0,5.0,10.0,2.0,4.0,3.0,3.0,7.0,23.0,"",4,12.25,49.0
