PLAYER_ID,PLAYER_NAME,avg(FGM),avg(FGA),avg(FG3M),avg(FG3A),avg(FTM),avg(FTA),avg(OREB),avg(DREB),avg(REB),avg(AST),avg(STL),avg(BLK),avg(TO),avg(PF),avg(PTS),avg(PLUS_MINUS),sum(FGM),sum(FGA),sum(FG3M),sum(FG3A),sum(FTM),sum(FTA),sum(OREB),sum(DREB),sum(REB),sum(AST),sum(STL),sum(BLK),sum(TO),sum(PF),sum(PTS),sum(PLUS_MINUS),sum(ifminute),avg(seconds),sum(seconds)
201566,Russell Westbrook,8.30379746835443,18.60759493670886,1.1518987341772151,3.759493670886076,5.506329113924051,6.860759493670886,1.1518987341772151,4.30379746835443,5.455696202531645,6.772151898734177,1.6708860759493671,0.21518987341772153,3.5443037974683542,2.1265822784810124,23.265822784810126,6.620253164556962,656.0,1470.0,91.0,297.0,435.0,542.0,91.0,340.0,431.0,535.0,132.0,17.0,280.0,168.0,1838.0,523.0,79,2021.987341772152,159737.0
