PLAYER_ID,PLAYER_NAME,avg(FGM),avg(FGA),avg(FG3M),avg(FG3A),avg(FTM),avg(FTA),avg(OREB),avg(DREB),avg(REB),avg(AST),avg(STL),avg(BLK),avg(TO),avg(PF),avg(PTS),avg(PLUS_MINUS),sum(FGM),sum(FGA),sum(FG3M),sum(FG3A),sum(FTM),sum(FTA),sum(OREB),sum(DREB),sum(REB),sum(AST),sum(STL),sum(BLK),sum(TO),sum(PF),sum(PTS),sum(PLUS_MINUS),sum(ifminute),avg(seconds),sum(seconds)
101187,Alan Anderson,3.4269662921348316,8.50561797752809,1.3146067415730338,3.808988764044944,1.6292134831460674,1.9213483146067416,0.5393258426966292,1.9550561797752808,2.49438202247191,1.3370786516853932,0.7415730337078652,0.12359550561797752,1.1123595505617978,1.8426966292134832,9.797752808988765,-2.658536585365854,305.0,757.0,117.0,339.0,145.0,171.0,48.0,174.0,222.0,119.0,66.0,11.0,99.0,164.0,872.0,-218.0,89,1314.8202247191011,117019.0
203162,Ben Hansbrough,0.391304347826087,1.3478260869565217,0.13043478260869565,0.6521739130434783,0.5652173913043478,0.7391304347826086,0.08695652173913043,0.43478260869565216,0.5217391304347826,0.5652173913043478,0.08695652173913043,0.08695652173913043,0.391304347826087,0.5652173913043478,1.4782608695652173,-1.8695652173913044,9.0,31.0,3.0,15.0,13.0,17.0,2.0,10.0,12.0,13.0,2.0,2.0,9.0,13.0,34.0,-43.0,23,322.69565217391306,7422.0
