PLAYER_ID,PLAYER_NAME,avg(FGM),avg(FGA),avg(FG3M),avg(FG3A),avg(FTM),avg(FTA),avg(OREB),avg(DREB),avg(REB),avg(AST),avg(STL),avg(BLK),avg(TO),avg(PF),avg(PTS),avg(PLUS_MINUS),sum(FGM),sum(FGA),sum(FG3M),sum(FG3A),sum(FTM),sum(FTA),sum(OREB),sum(DREB),sum(REB),sum(AST),sum(STL),sum(BLK),sum(TO),sum(PF),sum(PTS),sum(PLUS_MINUS),sum(ifminute),avg(seconds),sum(seconds)
2207,Joe Johnson,5.761904761904762,13.44047619047619,1.9761904761904763,5.261904761904762,1.7261904761904763,2.0595238095238093,0.6904761904761905,2.392857142857143,3.0833333333333335,3.119047619047619,0.6666666666666666,0.16666666666666666,1.5357142857142858,1.6547619047619047,15.226190476190476,0.9871794871794872,484.0,1129.0,166.0,442.0,145.0,173.0,58.0,201.0,259.0,262.0,56.0,14.0,129.0,139.0,1279.0,77.0,84,1964.7261904761904,165037.0
977,Kobe Bryant,8.518518518518519,18.925925925925927,1.2962962962962963,4.592592592592593,5.981481481481482,7.185185185185185,0.7777777777777778,4.7592592592592595,5.537037037037037,6.666666666666667,1.2777777777777777,0.3148148148148148,3.9814814814814814,1.8703703703703705,24.314814814814813,-1.1111111111111112,460.0,1022.0,70.0,248.0,323.0,388.0,42.0,257.0,299.0,360.0,69.0,17.0,215.0,101.0,1313.0,-60.0,54,2255.5555555555557,121800.0
203199,DeQuan Jones,1.7777777777777777,3.911111111111111,0.15555555555555556,0.6444444444444445,0.5777777777777777,0.8666666666666667,0.3111111111111111,1.3555555555555556,1.6666666666666667,0.3111111111111111,0.3333333333333333,0.37777777777777777,0.5777777777777777,0.9555555555555556,4.288888888888889,-3.5681818181818183,80.0,176.0,7.0,29.0,26.0,39.0,14.0,61.0,75.0,14.0,15.0,17.0,26.0,43.0,193.0,-157.0,45,839.4,37773.0
2215,Jason Collins,0.2222222222222222,0.6666666666666666,0.0,0.0,0.6666666666666666,0.8888888888888888,0.48148148148148145,0.8148148148148148,1.2962962962962963,0.25925925925925924,0.25925925925925924,0.2222222222222222,0.3333333333333333,1.7777777777777777,1.1111111111111112,1.5185185185185186,6.0,18.0,0.0,0.0,18.0,24.0,13.0,22.0,35.0,7.0,7.0,6.0,9.0,48.0,30.0,41.0,27,516.5555555555555,13947.0
