PLAYER_ID,PLAYER_NAME,avg(FGM),avg(FGA),avg(FG3M),avg(FG3A),avg(FTM),avg(FTA),avg(OREB),avg(DREB),avg(REB),avg(AST),avg(STL),avg(BLK),avg(TO),avg(PF),avg(PTS),avg(PLUS_MINUS),sum(FGM),sum(FGA),sum(FG3M),sum(FG3A),sum(FTM),sum(FTA),sum(OREB),sum(DREB),sum(REB),sum(AST),sum(STL),sum(BLK),sum(TO),sum(PF),sum(PTS),sum(PLUS_MINUS),sum(ifminute),avg(seconds),sum(seconds)
2365,Chris Andersen,2.294736842105263,3.6210526315789475,0.031578947368421054,0.15789473684210525,1.6421052631578947,2.3473684210526318,1.6736842105263159,3.568421052631579,5.242105263157895,0.2631578947368421,0.42105263157894735,1.231578947368421,0.6947368421052632,2.126315789473684,6.2631578947368425,2.0,218.0,344.0,3.0,15.0,156.0,223.0,159.0,339.0,498.0,25.0,40.0,117.0,66.0,202.0,595.0,180.0,95,1082.578947368421,102845.0
201945,Gerald Henderson,5.056179775280899,11.865168539325843,0.47191011235955055,1.5280898876404494,3.0112359550561796,4.0,0.3707865168539326,3.4157303370786516,3.7865168539325844,2.4831460674157304,0.6966292134831461,0.3707865168539326,1.5280898876404494,2.044943820224719,13.595505617977528,-1.2098765432098766,450.0,1056.0,42.0,136.0,268.0,356.0,33.0,304.0,337.0,221.0,62.0,33.0,136.0,182.0,1210.0,-98.0,89,1741.573033707865,155000.0
203480,James Southerland,1.0,3.0,0.6666666666666666,1.5,0.16666666666666666,0.3333333333333333,0.16666666666666666,1.3333333333333333,1.5,0.0,0.3333333333333333,0.3333333333333333,0.16666666666666666,0.5,2.8333333333333335,1.75,6.0,18.0,4.0,9.0,1.0,2.0,1.0,8.0,9.0,0.0,2.0,2.0,1.0,3.0,17.0,7.0,6,300.8333333333333,1805.0
203590,Trey McKinney-Jones,0.5,0.5,0.0,0.0,0.5,2.0,0.0,0.5,0.5,0.5,0.0,0.0,0.5,0.5,1.5,"",1.0,1.0,0.0,0.0,1.0,4.0,0.0,1.0,1.0,1.0,0.0,0.0,1.0,1.0,3.0,"",2,3.5,7.0
202365,Devin Ebanks,2.0,5.75,0.25,0.75,0.5,0.75,1.5,0.5,2.0,0.0,0.25,0.75,0.0,0.5,4.75,"",8.0,23.0,1.0,3.0,2.0,3.0,6.0,2.0,8.0,0.0,1.0,3.0,0.0,2.0,19.0,"",4,10.5,42.0
