PLAYER_ID,PLAYER_NAME,avg(FGM),avg(FGA),avg(FG3M),avg(FG3A),avg(FTM),avg(FTA),avg(OREB),avg(DREB),avg(REB),avg(AST),avg(STL),avg(BLK),avg(TO),avg(PF),avg(PTS),avg(PLUS_MINUS),sum(FGM),sum(FGA),sum(FG3M),sum(FG3A),sum(FTM),sum(FTA),sum(OREB),sum(DREB),sum(REB),sum(AST),sum(STL),sum(BLK),sum(TO),sum(PF),sum(PTS),sum(PLUS_MINUS),sum(ifminute),avg(seconds),sum(seconds)
2738,Andre Iguodala,3.5974025974025974,7.311688311688312,0.961038961038961,2.5974025974025974,1.4675324675324675,2.311688311688312,0.8571428571428571,3.74025974025974,4.597402597402597,4.233766233766234,1.6103896103896105,0.2597402597402597,1.7142857142857142,1.6623376623376624,9.623376623376624,7.542857142857143,277.0,563.0,74.0,200.0,113.0,178.0,66.0,288.0,354.0,326.0,124.0,20.0,132.0,128.0,741.0,528.0,77,1785.6103896103896,137492.0
203124,Kyle O'Quinn,2.74025974025974,5.5064935064935066,0.0,0.03896103896103896,0.8311688311688312,1.2077922077922079,1.4935064935064934,3.857142857142857,5.35064935064935,1.2207792207792207,0.5454545454545454,1.2987012987012987,1.2467532467532467,2.4935064935064934,6.311688311688312,-0.43478260869565216,211.0,424.0,0.0,3.0,64.0,93.0,115.0,297.0,412.0,94.0,42.0,100.0,96.0,192.0,486.0,-30.0,77,928.2727272727273,71477.0
