PLAYER_ID,PLAYER_NAME,avg(FGM),avg(FGA),avg(FG3M),avg(FG3A),avg(FTM),avg(FTA),avg(OREB),avg(DREB),avg(REB),avg(AST),avg(STL),avg(BLK),avg(TO),avg(PF),avg(PTS),avg(PLUS_MINUS),sum(FGM),sum(FGA),sum(FG3M),sum(FG3A),sum(FTM),sum(FTA),sum(OREB),sum(DREB),sum(REB),sum(AST),sum(STL),sum(BLK),sum(TO),sum(PF),sum(PTS),sum(PLUS_MINUS),sum(ifminute),avg(seconds),sum(seconds)
201956,Omri Casspi,2.609375,5.875,0.828125,2.5625,0.921875,1.40625,0.671875,2.90625,3.578125,1.21875,0.734375,0.296875,0.90625,1.59375,6.96875,1.0526315789473684,167.0,376.0,53.0,164.0,59.0,90.0,43.0,186.0,229.0,78.0,47.0,19.0,58.0,102.0,446.0,60.0,64,888.140625,56841.0
203078,Bradley Beal,6.482142857142857,14.446428571428571,2.2857142857142856,4.821428571428571,1.9821428571428572,2.5892857142857144,0.7857142857142857,3.0535714285714284,3.8392857142857144,2.4642857142857144,0.9107142857142857,0.42857142857142855,1.9107142857142858,1.9821428571428572,17.232142857142858,2.693877551020408,363.0,809.0,128.0,270.0,111.0,145.0,44.0,171.0,215.0,138.0,51.0,24.0,107.0,111.0,965.0,132.0,56,1772.5357142857142,99262.0
2735,Josh Childress,0.375,0.5,0.25,0.25,0.0,0.0,0.5,1.125,1.625,0.25,0.25,0.125,0.25,0.5,1.0,2.75,3.0,4.0,2.0,2.0,0.0,0.0,4.0,9.0,13.0,2.0,2.0,1.0,2.0,4.0,8.0,11.0,8,182.875,1463.0
