PLAYER_ID,PLAYER_NAME,avg(FGM),avg(FGA),avg(FG3M),avg(FG3A),avg(FTM),avg(FTA),avg(OREB),avg(DREB),avg(REB),avg(AST),avg(STL),avg(BLK),avg(TO),avg(PF),avg(PTS),avg(PLUS_MINUS),sum(FGM),sum(FGA),sum(FG3M),sum(FG3A),sum(FTM),sum(FTA),sum(OREB),sum(DREB),sum(REB),sum(AST),sum(STL),sum(BLK),sum(TO),sum(PF),sum(PTS),sum(PLUS_MINUS),sum(ifminute),avg(seconds),sum(seconds)
202130,Reggie Williams,1.2272727272727273,2.9545454545454546,0.45454545454545453,1.7272727272727273,0.3181818181818182,0.5454545454545454,0.18181818181818182,1.2272727272727273,1.4090909090909092,1.1818181818181819,0.18181818181818182,0.0,0.5909090909090909,0.4090909090909091,3.227272727272727,0.1,27.0,65.0,10.0,38.0,7.0,12.0,4.0,27.0,31.0,26.0,4.0,0.0,13.0,9.0,71.0,2.0,22,529.0909090909091,11640.0
203589,Olek Czyz,2.0,3.0,0.25,0.25,0.5,1.75,0.25,0.75,1.0,0.5,1.0,0.25,0.75,0.25,4.75,"",8.0,12.0,1.0,1.0,2.0,7.0,1.0,3.0,4.0,2.0,4.0,1.0,3.0,1.0,19.0,"",4,10.5,42.0
2575,Luke Walton,1.5945945945945945,3.864864864864865,0.4864864864864865,1.3783783783783783,0.24324324324324326,0.43243243243243246,0.918918918918919,2.27027027027027,3.189189189189189,3.918918918918919,0.7837837837837838,0.2972972972972973,1.4054054054054055,2.108108108108108,3.918918918918919,-0.8918918918918919,59.0,143.0,18.0,51.0,9.0,16.0,34.0,84.0,118.0,145.0,29.0,11.0,52.0,78.0,145.0,-33.0,37,1114.945945945946,41253.0
