PLAYER_ID,PLAYER_NAME,avg(FGM),avg(FGA),avg(FG3M),avg(FG3A),avg(FTM),avg(FTA),avg(OREB),avg(DREB),avg(REB),avg(AST),avg(STL),avg(BLK),avg(TO),avg(PF),avg(PTS),avg(PLUS_MINUS),sum(FGM),sum(FGA),sum(FG3M),sum(FG3A),sum(FTM),sum(FTA),sum(OREB),sum(DREB),sum(REB),sum(AST),sum(STL),sum(BLK),sum(TO),sum(PF),sum(PTS),sum(PLUS_MINUS),sum(ifminute),avg(seconds),sum(seconds)
200746,LaMarcus Aldridge,9.0,18.63855421686747,0.024096385542168676,0.13253012048192772,3.7349397590361444,4.686746987951807,2.3734939759036147,7.662650602409639,10.036144578313253,2.7710843373493974,0.7831325301204819,1.0963855421686748,1.8313253012048192,2.1927710843373496,21.759036144578314,2.0253164556962027,747.0,1547.0,2.0,11.0,310.0,389.0,197.0,636.0,833.0,230.0,65.0,91.0,152.0,182.0,1806.0,160.0,83,2146.6626506024095,178173.0
200755,JJ Redick,4.816901408450704,11.056338028169014,2.056338028169014,5.676056338028169,2.2535211267605635,2.464788732394366,0.29577464788732394,1.704225352112676,2.0,2.7464788732394365,0.5070422535211268,0.16901408450704225,1.352112676056338,1.647887323943662,13.943661971830986,-0.043478260869565216,342.0,785.0,146.0,403.0,160.0,175.0,21.0,121.0,142.0,195.0,36.0,12.0,96.0,117.0,990.0,-3.0,71,1682.281690140845,119442.0
201274,Ivan Johnson,2.6538461538461537,5.365384615384615,0.0,0.15384615384615385,1.5384615384615385,2.3653846153846154,1.2307692307692308,2.7115384615384617,3.9423076923076925,0.7307692307692307,0.8076923076923077,0.28846153846153844,1.0769230769230769,2.2884615384615383,6.846153846153846,-0.5,138.0,279.0,0.0,8.0,80.0,123.0,64.0,141.0,205.0,38.0,42.0,15.0,56.0,119.0,356.0,-26.0,52,965.1730769230769,50189.0
