PLAYER_ID,PLAYER_NAME,avg(FGM),avg(FGA),avg(FG3M),avg(FG3A),avg(FTM),avg(FTA),avg(OREB),avg(DREB),avg(REB),avg(AST),avg(STL),avg(BLK),avg(TO),avg(PF),avg(PTS),avg(PLUS_MINUS),sum(FGM),sum(FGA),sum(FG3M),sum(FG3A),sum(FTM),sum(FTA),sum(OREB),sum(DREB),sum(REB),sum(AST),sum(STL),sum(BLK),sum(TO),sum(PF),sum(PTS),sum(PLUS_MINUS),sum(ifminute),avg(seconds),sum(seconds)
101108,Chris Paul,6.560975609756097,14.0,1.451219512195122,3.682926829268293,4.585365853658536,5.402439024390244,0.6829268292682927,3.7439024390243905,4.426829268292683,10.341463414634147,2.4634146341463414,0.04878048780487805,2.5,2.707317073170732,19.158536585365855,8.08,538.0,1148.0,119.0,302.0,376.0,443.0,56.0,307.0,363.0,848.0,202.0,4.0,205.0,222.0,1571.0,606.0,82,1936.5243902439024,158795.0
203093,Terrence Jones,4.848837209302325,9.034883720930232,0.37209302325581395,1.2325581395348837,1.5232558139534884,2.5232558139534884,2.1511627906976742,4.651162790697675,6.8023255813953485,1.1395348837209303,0.7093023255813954,1.2325581395348837,0.9069767441860465,1.8488372093023255,11.593023255813954,1.4878048780487805,417.0,777.0,32.0,106.0,131.0,217.0,185.0,400.0,585.0,98.0,61.0,106.0,78.0,159.0,997.0,122.0,86,1547.2906976744187,133067.0
