PLAYER_ID,PLAYER_NAME,avg(FGM),avg(FGA),avg(FG3M),avg(FG3A),avg(FTM),avg(FTA),avg(OREB),avg(DREB),avg(REB),avg(AST),avg(STL),avg(BLK),avg(TO),avg(PF),avg(PTS),avg(PLUS_MINUS),sum(FGM),sum(FGA),sum(FG3M),sum(FG3A),sum(FTM),sum(FTA),sum(OREB),sum(DREB),sum(REB),sum(AST),sum(STL),sum(BLK),sum(TO),sum(PF),sum(PTS),sum(PLUS_MINUS),sum(ifminute),avg(seconds),sum(seconds)
202322,John Wall,6.619047619047619,15.345238095238095,0.5476190476190477,1.9642857142857142,4.630952380952381,5.690476190476191,0.6309523809523809,3.357142857142857,3.988095238095238,7.976190476190476,1.5714285714285714,0.6071428571428571,3.357142857142857,2.392857142857143,18.416666666666668,1.7792207792207793,556.0,1289.0,46.0,165.0,389.0,478.0,53.0,282.0,335.0,670.0,132.0,51.0,282.0,201.0,1547.0,137.0,84,1892.654761904762,158983.0
