PLAYER_ID,PLAYER_NAME,avg(FGM),avg(FGA),avg(FG3M),avg(FG3A),avg(FTM),avg(FTA),avg(OREB),avg(DREB),avg(REB),avg(AST),avg(STL),avg(BLK),avg(TO),avg(PF),avg(PTS),avg(PLUS_MINUS),sum(FGM),sum(FGA),sum(FG3M),sum(FG3A),sum(FTM),sum(FTA),sum(OREB),sum(DREB),sum(REB),sum(AST),sum(STL),sum(BLK),sum(TO),sum(PF),sum(PTS),sum(PLUS_MINUS),sum(ifminute),avg(seconds),sum(seconds)
101131,Jason Maxiell,2.393939393939394,5.181818181818182,0.0,0.0,0.7424242424242424,1.3181818181818181,1.5909090909090908,2.878787878787879,4.46969696969697,0.6363636363636364,0.3939393939393939,1.0,0.803030303030303,2.106060606060606,5.53030303030303,-3.0655737704918034,158.0,342.0,0.0,0.0,49.0,87.0,105.0,190.0,295.0,42.0,26.0,66.0,53.0,139.0,365.0,-187.0,66,1161.7575757575758,76676.0
203318,Glen Rice,1.3529411764705883,4.117647058823529,0.4117647058823529,2.0,1.0588235294117647,1.411764705882353,0.4117647058823529,1.7058823529411764,2.1176470588235294,0.7647058823529411,0.7058823529411765,0.11764705882352941,0.9411764705882353,0.7058823529411765,4.176470588235294,1.1818181818181819,23.0,70.0,7.0,34.0,18.0,24.0,7.0,29.0,36.0,13.0,12.0,2.0,16.0,12.0,71.0,13.0,17,388.4117647058824,6603.0
203546,Ian Clark,1.4666666666666666,3.6666666666666665,0.4,1.4666666666666666,0.26666666666666666,0.5333333333333333,0.2,0.6,0.8,0.6,0.3333333333333333,0.13333333333333333,0.8,1.1333333333333333,3.6,6.75,22.0,55.0,6.0,22.0,4.0,8.0,3.0,9.0,12.0,9.0,5.0,2.0,12.0,17.0,54.0,54.0,15,284.0,4260.0
203262,Mac Koshwal,1.0,2.0,0.0,0.0,0.3333333333333333,0.6666666666666666,1.3333333333333333,1.3333333333333333,2.6666666666666665,0.0,0.6666666666666666,0.0,1.0,2.6666666666666665,2.3333333333333335,"",3.0,6.0,0.0,0.0,1.0,2.0,4.0,4.0,8.0,0.0,2.0,0.0,3.0,8.0,7.0,"",3,8.666666666666666,26.0
