PLAYER_ID,PLAYER_NAME,avg(FGM),avg(FGA),avg(FG3M),avg(FG3A),avg(FTM),avg(FTA),avg(OREB),avg(DREB),avg(REB),avg(AST),avg(STL),avg(BLK),avg(TO),avg(PF),avg(PTS),avg(PLUS_MINUS),sum(FGM),sum(FGA),sum(FG3M),sum(FG3A),sum(FTM),sum(FTA),sum(OREB),sum(DREB),sum(REB),sum(AST),sum(STL),sum(BLK),sum(TO),sum(PF),sum(PTS),sum(PLUS_MINUS),sum(ifminute),avg(seconds),sum(seconds)
200757,Thabo Sefolosha,2.1481481481481484,5.222222222222222,0.7037037037037037,2.3333333333333335,0.9012345679012346,1.1358024691358024,0.7407407407407407,2.6419753086419755,3.382716049382716,1.4197530864197532,1.1481481481481481,0.20987654320987653,0.8765432098765432,1.308641975308642,5.901234567901234,1.3421052631578947,174.0,423.0,57.0,189.0,73.0,92.0,60.0,214.0,274.0,115.0,93.0,17.0,71.0,106.0,478.0,102.0,81,1349.2962962962963,109293.0
203315,Toure' Murry,1.3928571428571428,3.1964285714285716,0.14285714285714285,0.48214285714285715,0.48214285714285715,0.7857142857142857,0.30357142857142855,0.7321428571428571,1.0357142857142858,1.0,0.4107142857142857,0.017857142857142856,0.7678571428571429,1.0535714285714286,3.4107142857142856,-0.6470588235294118,78.0,179.0,8.0,27.0,27.0,44.0,17.0,41.0,58.0,56.0,23.0,1.0,43.0,59.0,191.0,-33.0,56,401.07142857142856,22460.0
201567,Kevin Love,8.265060240963855,18.10843373493976,2.433734939759036,6.457831325301205,6.578313253012048,8.0,2.8795180722891565,9.301204819277109,12.180722891566266,4.228915662650603,0.7951807228915663,0.43373493975903615,2.4216867469879517,1.7590361445783131,25.542168674698797,4.623376623376624,686.0,1503.0,202.0,536.0,546.0,664.0,239.0,772.0,1011.0,351.0,66.0,36.0,201.0,146.0,2120.0,356.0,83,2023.301204819277,167934.0
