PLAYER_ID,PLAYER_NAME,avg(FGM),avg(FGA),avg(FG3M),avg(FG3A),avg(FTM),avg(FTA),avg(OREB),avg(DREB),avg(REB),avg(AST),avg(STL),avg(BLK),avg(TO),avg(PF),avg(PTS),avg(PLUS_MINUS),sum(FGM),sum(FGA),sum(FG3M),sum(FG3A),sum(FTM),sum(FTA),sum(OREB),sum(DREB),sum(REB),sum(AST),sum(STL),sum(BLK),sum(TO),sum(PF),sum(PTS),sum(PLUS_MINUS),sum(ifminute),avg(seconds),sum(seconds)
2592,James Jones,1.5116279069767442,3.5348837209302326,1.3255813953488371,2.8372093023255816,0.20930232558139536,0.32558139534883723,0.13953488372093023,0.9302325581395349,1.069767441860465,0.4883720930232558,0.4186046511627907,0.13953488372093023,0.20930232558139536,0.9302325581395349,4.558139534883721,3.5714285714285716,65.0,152.0,57.0,122.0,9.0,14.0,6.0,40.0,46.0,21.0,18.0,6.0,9.0,40.0,196.0,125.0,43,508.8837209302326,21882.0
