PLAYER_ID,PLAYER_NAME,avg(FGM),avg(FGA),avg(FG3M),avg(FG3A),avg(FTM),avg(FTA),avg(OREB),avg(DREB),avg(REB),avg(AST),avg(STL),avg(BLK),avg(TO),avg(PF),avg(PTS),avg(PLUS_MINUS),sum(FGM),sum(FGA),sum(FG3M),sum(FG3A),sum(FTM),sum(FTA),sum(OREB),sum(DREB),sum(REB),sum(AST),sum(STL),sum(BLK),sum(TO),sum(PF),sum(PTS),sum(PLUS_MINUS),sum(ifminute),avg(seconds),sum(seconds)
201935,James Harden,7.4186046511627906,16.441860465116278,2.4651162790697674,6.674418604651163,7.616279069767442,8.790697674418604,0.7906976744186046,3.7906976744186047,4.5813953488372094,5.906976744186046,1.5930232558139534,0.36046511627906974,3.511627906976744,2.4651162790697674,24.91860465116279,5.379746835443038,638.0,1414.0,212.0,574.0,655.0,756.0,68.0,326.0,394.0,508.0,137.0,31.0,302.0,212.0,2143.0,425.0,86,2123.5,182621.0
202686,Jan Vesely,1.5737704918032787,3.1639344262295084,0.0,0.0,0.39344262295081966,1.1147540983606556,1.6065573770491803,2.2295081967213113,3.8360655737704916,0.36065573770491804,0.9836065573770492,0.6885245901639344,0.6557377049180327,2.2950819672131146,3.540983606557377,-2.0925925925925926,96.0,193.0,0.0,0.0,24.0,68.0,98.0,136.0,234.0,22.0,60.0,42.0,40.0,140.0,216.0,-113.0,61,765.9672131147541,46724.0
101183,Shavlik Randolph,0.5,1.0,0.0,0.0,0.42857142857142855,0.7857142857142857,0.5,1.2857142857142858,1.7857142857142858,0.07142857142857142,0.21428571428571427,0.07142857142857142,0.35714285714285715,1.0714285714285714,1.4285714285714286,3.0,7.0,14.0,0.0,0.0,6.0,11.0,7.0,18.0,25.0,1.0,3.0,1.0,5.0,15.0,20.0,42.0,14,406.92857142857144,5697.0
