PLAYER_ID,PLAYER_NAME,avg(FGM),avg(FGA),avg(FG3M),avg(FG3A),avg(FTM),avg(FTA),avg(OREB),avg(DREB),avg(REB),avg(AST),avg(STL),avg(BLK),avg(TO),avg(PF),avg(PTS),avg(PLUS_MINUS),sum(FGM),sum(FGA),sum(FG3M),sum(FG3A),sum(FTM),sum(FTA),sum(OREB),sum(DREB),sum(REB),sum(AST),sum(STL),sum(BLK),sum(TO),sum(PF),sum(PTS),sum(PLUS_MINUS),sum(ifminute),avg(seconds),sum(seconds)
200797,Ryan Hollins,0.8243243243243243,1.2027027027027026,0.0,0.0,0.5540540540540541,0.8648648648648649,0.4594594594594595,0.972972972972973,1.4324324324324325,0.12162162162162163,0.16216216216216217,0.5135135135135135,0.4864864864864865,1.4189189189189189,2.2027027027027026,0.15151515151515152,61.0,89.0,0.0,0.0,41.0,64.0,34.0,72.0,106.0,9.0,12.0,38.0,36.0,105.0,163.0,10.0,74,399.3783783783784,29554.0
1712,Antawn Jamison,1.3793103448275863,4.379310344827586,0.41379310344827586,1.896551724137931,0.8275862068965517,1.1379310344827587,0.5517241379310345,2.0344827586206895,2.586206896551724,0.3448275862068966,0.3793103448275862,0.13793103448275862,0.3103448275862069,1.3448275862068966,4.0,2.5,40.0,127.0,12.0,55.0,24.0,33.0,16.0,59.0,75.0,10.0,11.0,4.0,9.0,39.0,116.0,55.0,29,515.7241379310345,14956.0
