PLAYER_ID,PLAYER_NAME,avg(FGM),avg(FGA),avg(FG3M),avg(FG3A),avg(FTM),avg(FTA),avg(OREB),avg(DREB),avg(REB),avg(AST),avg(STL),avg(BLK),avg(TO),avg(PF),avg(PTS),avg(PLUS_MINUS),sum(FGM),sum(FGA),sum(FG3M),sum(FG3A),sum(FTM),sum(FTA),sum(OREB),sum(DREB),sum(REB),sum(AST),sum(STL),sum(BLK),sum(TO),sum(PF),sum(PTS),sum(PLUS_MINUS),sum(ifminute),avg(seconds),sum(seconds)
201965,Jeff Ayres,1.21875,2.21875,0.0,0.0,0.5833333333333334,0.8020833333333334,1.0520833333333333,2.0208333333333335,3.0729166666666665,0.8020833333333334,0.15625,0.28125,0.7395833333333334,1.7395833333333333,3.0208333333333335,1.4,117.0,213.0,0.0,0.0,56.0,77.0,101.0,194.0,295.0,77.0,15.0,27.0,71.0,167.0,290.0,126.0,96,637.1145833333334,61163.0
202685,Jonas Valanciunas,4.347368421052631,8.031578947368422,0.0,0.010526315789473684,2.389473684210526,3.1789473684210527,2.705263157894737,6.0,8.705263157894738,0.7157894736842105,0.29473684210526313,0.9157894736842105,1.7473684210526317,3.0842105263157893,11.08421052631579,0.6022727272727273,413.0,763.0,0.0,1.0,227.0,302.0,257.0,570.0,827.0,68.0,28.0,87.0,166.0,293.0,1053.0,53.0,95,1569.8,149131.0
202345,Damion James,0.8333333333333334,2.6666666666666665,0.0,0.25,0.5833333333333334,0.6666666666666666,0.8333333333333334,2.5,3.3333333333333335,0.5,0.0,0.25,0.4166666666666667,1.1666666666666667,2.25,2.4,10.0,32.0,0.0,3.0,7.0,8.0,10.0,30.0,40.0,6.0,0.0,3.0,5.0,14.0,27.0,12.0,12,257.8333333333333,3094.0
201569,Eric Gordon,5.544117647058823,12.544117647058824,1.6323529411764706,4.073529411764706,2.8088235294117645,3.5294117647058822,0.45588235294117646,2.0441176470588234,2.5,3.1323529411764706,1.1176470588235294,0.17647058823529413,2.073529411764706,1.7941176470588236,15.529411764705882,-4.21875,377.0,853.0,111.0,277.0,191.0,240.0,31.0,139.0,170.0,213.0,76.0,12.0,141.0,122.0,1056.0,-270.0,68,1816.485294117647,123521.0
