PLAYER_ID,PLAYER_NAME,avg(FGM),avg(FGA),avg(FG3M),avg(FG3A),avg(FTM),avg(FTA),avg(OREB),avg(DREB),avg(REB),avg(AST),avg(STL),avg(BLK),avg(TO),avg(PF),avg(PTS),avg(PLUS_MINUS),sum(FGM),sum(FGA),sum(FG3M),sum(FG3A),sum(FTM),sum(FTA),sum(OREB),sum(DREB),sum(REB),sum(AST),sum(STL),sum(BLK),sum(TO),sum(PF),sum(PTS),sum(PLUS_MINUS),sum(ifminute),avg(seconds),sum(seconds)
2229,Mike James,0.5,1.5,0.0625,0.3125,0.0,0.125,0.0625,0.625,0.6875,1.1875,0.125,0.0625,0.375,0.875,1.0625,-0.7272727272727273,8.0,24.0,1.0,5.0,0.0,2.0,1.0,10.0,11.0,19.0,2.0,1.0,6.0,14.0,17.0,-8.0,16,290.3125,4645.0
202970,Gustavo Ayon,1.9259259259259258,3.814814814814815,0.0,0.0,0.2962962962962963,0.7407407407407407,1.5555555555555556,3.111111111111111,4.666666666666667,1.037037037037037,0.9259259259259259,0.37037037037037035,1.0740740740740742,1.7407407407407407,4.148148148148148,-1.0,52.0,103.0,0.0,0.0,8.0,20.0,42.0,84.0,126.0,28.0,25.0,10.0,29.0,47.0,112.0,-26.0,27,954.0370370370371,25759.0
203097,Fab Melo,0.6666666666666666,2.0,0.0,0.0,0.3333333333333333,0.6666666666666666,0.3333333333333333,1.6666666666666667,2.0,1.0,0.0,0.3333333333333333,0.0,2.0,1.6666666666666667,"",2.0,6.0,0.0,0.0,1.0,2.0,1.0,5.0,6.0,3.0,0.0,1.0,0.0,6.0,5.0,"",3,9.0,27.0
