PLAYER_ID,PLAYER_NAME,avg(FGM),avg(FGA),avg(FG3M),avg(FG3A),avg(FTM),avg(FTA),avg(OREB),avg(DREB),avg(REB),avg(AST),avg(STL),avg(BLK),avg(TO),avg(PF),avg(PTS),avg(PLUS_MINUS),sum(FGM),sum(FGA),sum(FG3M),sum(FG3A),sum(FTM),sum(FTA),sum(OREB),sum(DREB),sum(REB),sum(AST),sum(STL),sum(BLK),sum(TO),sum(PF),sum(PTS),sum(PLUS_MINUS),sum(ifminute),avg(seconds),sum(seconds)
201933,Blake Griffin,8.777777777777779,16.80808080808081,0.13131313131313133,0.5151515151515151,5.737373737373737,8.030303030303031,2.3535353535353534,6.616161616161616,8.969696969696969,3.787878787878788,1.1414141414141414,0.6868686868686869,2.696969696969697,3.393939393939394,23.424242424242426,6.344086021505376,869.0,1664.0,13.0,51.0,568.0,795.0,233.0,655.0,888.0,375.0,113.0,68.0,267.0,336.0,2319.0,590.0,99,2026.7171717171718,200645.0
1905,Andrei Kirilenko,1.6491228070175439,3.210526315789474,0.03508771929824561,0.10526315789473684,1.3333333333333333,2.526315789473684,1.1403508771929824,1.9473684210526316,3.087719298245614,1.543859649122807,1.0,0.45614035087719296,1.0526315789473684,1.4385964912280702,4.666666666666667,-0.6363636363636364,94.0,183.0,2.0,6.0,76.0,144.0,65.0,111.0,176.0,88.0,57.0,26.0,60.0,82.0,266.0,-35.0,57,1055.280701754386,60151.0
202841,Cameron Jones,1.3333333333333333,2.3333333333333335,0.0,0.3333333333333333,0.0,0.0,0.6666666666666666,0.6666666666666666,1.3333333333333333,0.3333333333333333,0.6666666666666666,0.0,0.3333333333333333,0.0,2.6666666666666665,"",4.0,7.0,0.0,1.0,0.0,0.0,2.0,2.0,4.0,1.0,2.0,0.0,1.0,0.0,8.0,"",3,7.333333333333333,22.0
