PLAYER_ID,PLAYER_NAME,avg(FGM),avg(FGA),avg(FG3M),avg(FG3A),avg(FTM),avg(FTA),avg(OREB),avg(DREB),avg(REB),avg(AST),avg(STL),avg(BLK),avg(TO),avg(PF),avg(PTS),avg(PLUS_MINUS),sum(FGM),sum(FGA),sum(FG3M),sum(FG3A),sum(FTM),sum(FTA),sum(OREB),sum(DREB),sum(REB),sum(AST),sum(STL),sum(BLK),sum(TO),sum(PF),sum(PTS),sum(PLUS_MINUS),sum(ifminute),avg(seconds),sum(seconds)
2570,Kendrick Perkins,1.3614457831325302,2.927710843373494,0.0,0.012048192771084338,0.6024096385542169,1.0120481927710843,1.4216867469879517,3.5421686746987953,4.963855421686747,1.0240963855421688,0.3614457831325301,0.4578313253012048,1.4337349397590362,2.963855421686747,3.325301204819277,0.7407407407407407,113.0,243.0,0.0,1.0,50.0,84.0,118.0,294.0,412.0,85.0,30.0,38.0,119.0,246.0,276.0,60.0,83,1149.8433734939758,95437.0
101112,Channing Frye,4.0227272727272725,9.306818181818182,1.8977272727272727,5.181818181818182,0.9318181818181818,1.1818181818181819,0.9090909090909091,4.056818181818182,4.965909090909091,1.1477272727272727,0.7045454545454546,0.7386363636363636,1.0909090909090908,2.9318181818181817,10.875,3.6219512195121952,354.0,819.0,167.0,456.0,82.0,104.0,80.0,357.0,437.0,101.0,62.0,65.0,96.0,258.0,957.0,297.0,88,1577.6704545454545,138835.0
