PLAYER_ID,PLAYER_NAME,avg(FGM),avg(FGA),avg(FG3M),avg(FG3A),avg(FTM),avg(FTA),avg(OREB),avg(DREB),avg(REB),avg(AST),avg(STL),avg(BLK),avg(TO),avg(PF),avg(PTS),avg(PLUS_MINUS),sum(FGM),sum(FGA),sum(FG3M),sum(FG3A),sum(FTM),sum(FTA),sum(OREB),sum(DREB),sum(REB),sum(AST),sum(STL),sum(BLK),sum(TO),sum(PF),sum(PTS),sum(PLUS_MINUS),sum(ifminute),avg(seconds),sum(seconds)
202349,Greivis Vasquez,4.725,11.075,1.0,3.025,1.5125,1.825,0.5,2.8625,3.3625,7.3875,0.75,0.0625,2.45,2.2,11.9625,-1.4933333333333334,378.0,886.0,80.0,242.0,121.0,146.0,40.0,229.0,269.0,591.0,60.0,5.0,196.0,176.0,957.0,-112.0,80,1714.8125,137185.0
200751,Randy Foye,3.2413793103448274,8.436781609195402,1.8160919540229885,4.827586206896552,1.4597701149425288,1.7586206896551724,0.1724137931034483,1.5402298850574712,1.7126436781609196,2.1379310344827585,0.7126436781609196,0.3103448275862069,1.2758620689655173,2.218390804597701,9.758620689655173,0.7875,282.0,734.0,158.0,420.0,127.0,153.0,15.0,134.0,149.0,186.0,62.0,27.0,111.0,193.0,849.0,63.0,87,1463.7931034482758,127350.0
202347,Quincy Pondexter,2.388059701492537,5.417910447761194,0.9552238805970149,2.5522388059701493,1.2238805970149254,1.671641791044776,0.6567164179104478,1.5671641791044777,2.2238805970149254,0.9701492537313433,0.5671641791044776,0.1044776119402985,0.746268656716418,1.537313432835821,6.955223880597015,-1.0483870967741935,160.0,363.0,64.0,171.0,82.0,112.0,44.0,105.0,149.0,65.0,38.0,7.0,50.0,103.0,466.0,-65.0,67,1117.5074626865671,74873.0
101153,Mickael Gelabale,2.0,3.861111111111111,0.4444444444444444,1.4444444444444444,0.5833333333333334,0.6666666666666666,0.8888888888888888,1.8611111111111112,2.75,0.7222222222222222,0.4444444444444444,0.1111111111111111,0.4444444444444444,1.3055555555555556,5.027777777777778,-1.8611111111111112,72.0,139.0,16.0,52.0,21.0,24.0,32.0,67.0,99.0,26.0,16.0,4.0,16.0,47.0,181.0,-67.0,36,1073.25,38637.0
