PLAYER_ID,PLAYER_NAME,avg(FGM),avg(FGA),avg(FG3M),avg(FG3A),avg(FTM),avg(FTA),avg(OREB),avg(DREB),avg(REB),avg(AST),avg(STL),avg(BLK),avg(TO),avg(PF),avg(PTS),avg(PLUS_MINUS),sum(FGM),sum(FGA),sum(FG3M),sum(FG3A),sum(FTM),sum(FTA),sum(OREB),sum(DREB),sum(REB),sum(AST),sum(STL),sum(BLK),sum(TO),sum(PF),sum(PTS),sum(PLUS_MINUS),sum(ifminute),avg(seconds),sum(seconds)
202361,Landry Fields,1.8840579710144927,4.115942028985507,0.057971014492753624,0.3333333333333333,0.855072463768116,1.289855072463768,1.0724637681159421,2.6956521739130435,3.7681159420289854,1.144927536231884,0.5652173913043478,0.15942028985507245,0.7536231884057971,1.2608695652173914,4.681159420289855,-0.7903225806451613,130.0,284.0,4.0,23.0,59.0,89.0,74.0,186.0,260.0,79.0,39.0,11.0,52.0,87.0,323.0,-49.0,69,1002.0869565217391,69144.0
203515,Phil Pressey,0.7352941176470589,2.676470588235294,0.11764705882352941,0.8823529411764706,0.6764705882352942,0.9411764705882353,0.29411764705882354,1.0588235294117647,1.3529411764705883,2.4705882352941178,0.8529411764705882,0.058823529411764705,0.8529411764705882,1.2941176470588236,2.264705882352941,0.21428571428571427,25.0,91.0,4.0,30.0,23.0,32.0,10.0,36.0,46.0,84.0,29.0,2.0,29.0,44.0,77.0,6.0,34,595.9411764705883,20262.0
101211,Stephen Graham,2.0,4.2,0.0,0.4,1.8,1.8,0.8,0.6,1.4,0.2,0.6,0.2,0.6,1.8,5.8,"",10.0,21.0,0.0,2.0,9.0,9.0,4.0,3.0,7.0,1.0,3.0,1.0,3.0,9.0,29.0,"",5,12.4,62.0
2554,Mickael Pietrus,0.4,2.6,0.4,2.4,0.0,0.0,0.0,1.6,1.6,0.4,0.6,0.0,0.4,1.2,1.2,-4.6,2.0,13.0,2.0,12.0,0.0,0.0,0.0,8.0,8.0,2.0,3.0,0.0,2.0,6.0,6.0,-23.0,5,665.2,3326.0
