PLAYER_ID,PLAYER_NAME,avg(FGM),avg(FGA),avg(FG3M),avg(FG3A),avg(FTM),avg(FTA),avg(OREB),avg(DREB),avg(REB),avg(AST),avg(STL),avg(BLK),avg(TO),avg(PF),avg(PTS),avg(PLUS_MINUS),sum(FGM),sum(FGA),sum(FG3M),sum(FG3A),sum(FTM),sum(FTA),sum(OREB),sum(DREB),sum(REB),sum(AST),sum(STL),sum(BLK),sum(TO),sum(PF),sum(PTS),sum(PLUS_MINUS),sum(ifminute),avg(seconds),sum(seconds)
201988,Patty Mills,2.2337662337662336,4.974025974025974,0.961038961038961,2.5454545454545454,0.5324675324675324,0.6363636363636364,0.23376623376623376,0.8441558441558441,1.077922077922078,1.3376623376623376,0.6363636363636364,0.11688311688311688,0.5974025974025974,1.051948051948052,5.961038961038961,2.352112676056338,172.0,383.0,74.0,196.0,41.0,49.0,18.0,65.0,83.0,103.0,49.0,9.0,46.0,81.0,459.0,167.0,77,696.961038961039,53666.0
201166,Aaron Brooks,2.2,5.369230769230769,0.7692307692307693,2.169230769230769,0.8615384615384616,1.0153846153846153,0.4153846153846154,0.9692307692307692,1.3846153846153846,1.7846153846153847,0.5076923076923077,0.16923076923076924,1.0615384615384615,1.5076923076923077,6.030769230769231,-2.23728813559322,143.0,349.0,50.0,141.0,56.0,66.0,27.0,63.0,90.0,116.0,33.0,11.0,69.0,98.0,392.0,-132.0,65,805.0923076923077,52331.0
203117,Doron Lamb,0.8717948717948718,2.3076923076923075,0.3333333333333333,0.8974358974358975,0.38461538461538464,0.6153846153846154,0.1282051282051282,0.717948717948718,0.8461538461538461,0.5384615384615384,0.1794871794871795,0.0,0.41025641025641024,0.7435897435897436,2.4615384615384617,-2.282051282051282,34.0,90.0,13.0,35.0,15.0,24.0,5.0,28.0,33.0,21.0,7.0,0.0,16.0,29.0,96.0,-89.0,39,615.4102564102565,24001.0
2585,Zaza Pachulia,2.1904761904761907,5.190476190476191,0.0,0.023809523809523808,1.9285714285714286,2.4047619047619047,2.5238095238095237,3.5476190476190474,6.071428571428571,1.6666666666666667,0.6904761904761905,0.21428571428571427,1.4047619047619047,2.5476190476190474,6.309523809523809,-2.875,92.0,218.0,0.0,1.0,81.0,101.0,106.0,149.0,255.0,70.0,29.0,9.0,59.0,107.0,265.0,-115.0,42,1274.3095238095239,53521.0
