PLAYER_ID,PLAYER_NAME,avg(FGM),avg(FGA),avg(FG3M),avg(FG3A),avg(FTM),avg(FTA),avg(OREB),avg(DREB),avg(REB),avg(AST),avg(STL),avg(BLK),avg(TO),avg(PF),avg(PTS),avg(PLUS_MINUS),sum(FGM),sum(FGA),sum(FG3M),sum(FG3A),sum(FTM),sum(FTA),sum(OREB),sum(DREB),sum(REB),sum(AST),sum(STL),sum(BLK),sum(TO),sum(PF),sum(PTS),sum(PLUS_MINUS),sum(ifminute),avg(seconds),sum(seconds)
2744,Al Jefferson,7.819444444444445,16.083333333333332,0.013888888888888888,0.18055555555555555,2.0555555555555554,2.986111111111111,2.1805555555555554,7.0,9.180555555555555,2.0277777777777777,1.0416666666666667,1.1805555555555556,1.2361111111111112,2.1527777777777777,17.708333333333332,-1.0857142857142856,563.0,1158.0,1.0,13.0,148.0,215.0,157.0,504.0,661.0,146.0,75.0,85.0,89.0,155.0,1275.0,-76.0,72,1927.625,138789.0
2457,Jannero Pargo,2.6176470588235294,6.470588235294118,1.3235294117647058,3.411764705882353,0.4411764705882353,0.5294117647058824,0.29411764705882354,0.7058823529411765,1.0,1.6764705882352942,0.5882352941176471,0.058823529411764705,1.3235294117647058,1.1764705882352942,7.0,-3.0689655172413794,89.0,220.0,45.0,116.0,15.0,18.0,10.0,24.0,34.0,57.0,20.0,2.0,45.0,40.0,238.0,-89.0,34,748.6176470588235,25453.0
202713,Kyle Singler,3.168539325842697,7.078651685393258,0.8764044943820225,2.449438202247191,1.4157303370786516,1.7752808988764044,1.1685393258426966,2.5168539325842696,3.6853932584269664,0.8089887640449438,0.6741573033707865,0.4157303370786517,1.1235955056179776,2.550561797752809,8.629213483146067,-2.5121951219512195,282.0,630.0,78.0,218.0,126.0,158.0,104.0,224.0,328.0,72.0,60.0,37.0,100.0,227.0,768.0,-206.0,89,1434.0898876404494,127634.0
