PLAYER_ID,PLAYER_NAME,avg(FGM),avg(FGA),avg(FG3M),avg(FG3A),avg(FTM),avg(FTA),avg(OREB),avg(DREB),avg(REB),avg(AST),avg(STL),avg(BLK),avg(TO),avg(PF),avg(PTS),avg(PLUS_MINUS),sum(FGM),sum(FGA),sum(FG3M),sum(FG3A),sum(FTM),sum(FTA),sum(OREB),sum(DREB),sum(REB),sum(AST),sum(STL),sum(BLK),sum(TO),sum(PF),sum(PTS),sum(PLUS_MINUS),sum(ifminute),avg(seconds),sum(seconds)
101162,Marcin Gortat,5.469387755102041,10.224489795918368,0.01020408163265306,0.01020408163265306,1.9183673469387754,2.836734693877551,2.520408163265306,6.846938775510204,9.36734693877551,1.653061224489796,0.47959183673469385,1.4591836734693877,1.5918367346938775,2.36734693877551,12.86734693877551,3.630434782608696,536.0,1002.0,1.0,1.0,188.0,278.0,247.0,671.0,918.0,162.0,47.0,143.0,156.0,232.0,1261.0,334.0,98,1860.6224489795918,182341.0
