PLAYER_ID,PLAYER_NAME,avg(FGM),avg(FGA),avg(FG3M),avg(FG3A),avg(FTM),avg(FTA),avg(OREB),avg(DREB),avg(REB),avg(AST),avg(STL),avg(BLK),avg(TO),avg(PF),avg(PTS),avg(PLUS_MINUS),sum(FGM),sum(FGA),sum(FG3M),sum(FG3A),sum(FTM),sum(FTA),sum(OREB),sum(DREB),sum(REB),sum(AST),sum(STL),sum(BLK),sum(TO),sum(PF),sum(PTS),sum(PLUS_MINUS),sum(ifminute),avg(seconds),sum(seconds)
200826,J.J. Barea,4.0,9.662921348314606,1.2921348314606742,3.6292134831460676,1.0561797752808988,1.4157303370786516,0.2808988764044944,2.0112359550561796,2.292134831460674,3.651685393258427,0.3595505617977528,0.0,1.7191011235955056,1.6292134831460674,10.348314606741573,-1.216867469879518,356.0,860.0,115.0,323.0,94.0,126.0,25.0,179.0,204.0,325.0,32.0,0.0,153.0,145.0,921.0,-101.0,89,1201.561797752809,106939.0
203496,Robert Covington,0.8,3.2,0.2,1.4,1.4,2.0,0.8,1.0,1.8,0.4,0.2,0.0,0.8,1.2,3.2,"",4.0,16.0,1.0,7.0,7.0,10.0,4.0,5.0,9.0,2.0,1.0,0.0,4.0,6.0,16.0,"",5,9.2,46.0
