PLAYER_ID,PLAYER_NAME,avg(FGM),avg(FGA),avg(FG3M),avg(FG3A),avg(FTM),avg(FTA),avg(OREB),avg(DREB),avg(REB),avg(AST),avg(STL),avg(BLK),avg(TO),avg(PF),avg(PTS),avg(PLUS_MINUS),sum(FGM),sum(FGA),sum(FG3M),sum(FG3A),sum(FTM),sum(FTA),sum(OREB),sum(DREB),sum(REB),sum(AST),sum(STL),sum(BLK),sum(TO),sum(PF),sum(PTS),sum(PLUS_MINUS),sum(ifminute),avg(seconds),sum(seconds)
2736,Luol Deng,6.1625,14.325,0.975,3.125,3.3875,4.2625,1.9625,4.325,6.2875,3.275,1.0875,0.4,1.95,1.8125,16.6875,0.2222222222222222,493.0,1146.0,78.0,250.0,271.0,341.0,157.0,346.0,503.0,262.0,87.0,32.0,156.0,145.0,1335.0,16.0,80,2072.0125,165761.0
203092,Tyler Zeller,2.5942028985507246,5.739130434782608,0.0,0.043478260869565216,1.4057971014492754,1.7681159420289856,1.6521739130434783,3.260869565217391,4.913043478260869,1.1159420289855073,0.3188405797101449,0.855072463768116,0.9710144927536232,2.5942028985507246,6.594202898550725,-2.6956521739130435,179.0,396.0,0.0,3.0,97.0,122.0,114.0,225.0,339.0,77.0,22.0,59.0,67.0,179.0,455.0,-186.0,69,1335.3623188405797,92140.0
203519,Adonis Thomas,1.0,6.0,0.0,1.0,0.0,0.0,1.0,0.0,1.0,0.0,0.0,0.0,0.0,0.0,2.0,"",1.0,6.0,0.0,1.0,0.0,0.0,1.0,0.0,1.0,0.0,0.0,0.0,0.0,0.0,2.0,"",1,11.0,11.0
