PLAYER_ID,PLAYER_NAME,avg(FGM),avg(FGA),avg(FG3M),avg(FG3A),avg(FTM),avg(FTA),avg(OREB),avg(DREB),avg(REB),avg(AST),avg(STL),avg(BLK),avg(TO),avg(PF),avg(PTS),avg(PLUS_MINUS),sum(FGM),sum(FGA),sum(FG3M),sum(FG3A),sum(FTM),sum(FTA),sum(OREB),sum(DREB),sum(REB),sum(AST),sum(STL),sum(BLK),sum(TO),sum(PF),sum(PTS),sum(PLUS_MINUS),sum(ifminute),avg(seconds),sum(seconds)
1497,Chauncey Billups,2.0714285714285716,5.690476190476191,1.2857142857142858,3.5952380952380953,1.380952380952381,1.5476190476190477,0.16666666666666666,1.4761904761904763,1.6428571428571428,2.3095238095238093,0.47619047619047616,0.07142857142857142,1.2857142857142858,1.2857142857142858,6.809523809523809,-0.575,87.0,239.0,54.0,151.0,58.0,65.0,7.0,62.0,69.0,97.0,20.0,3.0,54.0,54.0,286.0,-23.0,42,1065.9761904761904,44771.0
