PLAYER_ID,PLAYER_NAME,avg(FGM),avg(FGA),avg(FG3M),avg(FG3A),avg(FTM),avg(FTA),avg(OREB),avg(DREB),avg(REB),avg(AST),avg(STL),avg(BLK),avg(TO),avg(PF),avg(PTS),avg(PLUS_MINUS),sum(FGM),sum(FGA),sum(FG3M),sum(FG3A),sum(FTM),sum(FTA),sum(OREB),sum(DREB),sum(REB),sum(AST),sum(STL),sum(BLK),sum(TO),sum(PF),sum(PTS),sum(PLUS_MINUS),sum(ifminute),avg(seconds),sum(seconds)
201965,Jeff Ayres,1.3783783783783783,3.108108108108108,0.02702702702702703,0.06756756756756757,0.5945945945945946,0.6891891891891891,0.8648648648648649,2.2162162162162162,3.081081081081081,0.6486486486486487,0.21621621621621623,0.2972972972972973,0.7027027027027027,1.662162162162162,3.3783783783783785,1.5588235294117647,102.0,230.0,2.0,5.0,44.0,51.0,64.0,164.0,228.0,48.0,16.0,22.0,52.0,123.0,250.0,106.0,74,627.1081081081081,46406.0
202362,Lance Stephenson,4.10377358490566,9.0,0.8773584905660378,2.80188679245283,1.3584905660377358,2.0660377358490565,0.8018867924528302,4.773584905660377,5.5754716981132075,3.707547169811321,1.0,0.18867924528301888,1.9056603773584906,2.311320754716981,10.443396226415095,5.428571428571429,435.0,954.0,93.0,297.0,144.0,219.0,85.0,506.0,591.0,393.0,106.0,20.0,202.0,245.0,1107.0,532.0,106,1827.9905660377358,193767.0
203482,Kelly Olynyk,3.0344827586206895,6.896551724137931,0.41379310344827586,1.4482758620689655,1.103448275862069,1.3448275862068966,1.6896551724137931,3.0344827586206895,4.724137931034483,1.7586206896551724,0.5862068965517241,0.4482758620689655,1.8620689655172413,3.3793103448275863,7.586206896551724,-1.5714285714285714,88.0,200.0,12.0,42.0,32.0,39.0,49.0,88.0,137.0,51.0,17.0,13.0,54.0,98.0,220.0,-33.0,29,873.3103448275862,25326.0
203586,Charlie Westbrook,0.75,3.0,0.0,0.5,1.0,2.0,0.0,0.75,0.75,0.25,0.5,0.0,0.0,0.25,2.5,"",3.0,12.0,0.0,2.0,4.0,8.0,0.0,3.0,3.0,1.0,2.0,0.0,0.0,1.0,10.0,"",4,6.0,24.0
