PLAYER_ID,PLAYER_NAME,avg(FGM),avg(FGA),avg(FG3M),avg(FG3A),avg(FTM),avg(FTA),avg(OREB),avg(DREB),avg(REB),avg(AST),avg(STL),avg(BLK),avg(TO),avg(PF),avg(PTS),avg(PLUS_MINUS),sum(FGM),sum(FGA),sum(FG3M),sum(FG3A),sum(FTM),sum(FTA),sum(OREB),sum(DREB),sum(REB),sum(AST),sum(STL),sum(BLK),sum(TO),sum(PF),sum(PTS),sum(PLUS_MINUS),sum(ifminute),avg(seconds),sum(seconds)
203080,Thomas Robinson,2.1298701298701297,4.753246753246753,0.0,0.012987012987012988,0.922077922077922,1.7272727272727273,1.7792207792207793,2.831168831168831,4.6103896103896105,0.6233766233766234,0.44155844155844154,0.2597402597402597,1.0909090909090908,1.6623376623376624,5.181818181818182,-2.3714285714285714,164.0,366.0,0.0,1.0,71.0,133.0,137.0,218.0,355.0,48.0,34.0,20.0,84.0,128.0,399.0,-166.0,77,727.2207792207793,55996.0
202087,Alonzo Gee,2.63855421686747,6.385542168674699,0.6867469879518072,2.0,1.3373493975903614,1.7590361445783131,0.7108433734939759,2.674698795180723,3.3855421686746987,1.108433734939759,1.072289156626506,0.2289156626506024,1.0963855421686748,2.0843373493975905,7.301204819277109,-4.641025641025641,219.0,530.0,57.0,166.0,111.0,146.0,59.0,222.0,281.0,92.0,89.0,19.0,91.0,173.0,606.0,-362.0,83,1449.1084337349398,120276.0
200782,P.J. Tucker,3.1294117647058823,7.152941176470589,0.611764705882353,1.6470588235294117,1.2941176470588236,1.6823529411764706,2.0,3.2705882352941176,5.270588235294118,1.6470588235294117,1.1176470588235294,0.25882352941176473,1.0941176470588236,2.070588235294118,8.16470588235294,-1.6708860759493671,266.0,608.0,52.0,140.0,110.0,143.0,170.0,278.0,448.0,140.0,95.0,22.0,93.0,176.0,694.0,-132.0,85,1611.2588235294118,136957.0
203498,Shabazz Muhammad,0.7857142857142857,2.2857142857142856,0.07142857142857142,0.35714285714285715,0.6428571428571429,0.8571428571428571,0.7142857142857143,0.9285714285714286,1.6428571428571428,0.0,0.0,0.0,0.21428571428571427,0.5714285714285714,2.2857142857142856,-1.4,11.0,32.0,1.0,5.0,9.0,12.0,10.0,13.0,23.0,0.0,0.0,0.0,3.0,8.0,32.0,-14.0,14,172.71428571428572,2418.0
