PLAYER_ID,PLAYER_NAME,avg(FGM),avg(FGA),avg(FG3M),avg(FG3A),avg(FTM),avg(FTA),avg(OREB),avg(DREB),avg(REB),avg(AST),avg(STL),avg(BLK),avg(TO),avg(PF),avg(PTS),avg(PLUS_MINUS),sum(FGM),sum(FGA),sum(FG3M),sum(FG3A),sum(FTM),sum(FTA),sum(OREB),sum(DREB),sum(REB),sum(AST),sum(STL),sum(BLK),sum(TO),sum(PF),sum(PTS),sum(PLUS_MINUS),sum(ifminute),avg(seconds),sum(seconds)
203490,Otto Porter Jr.,1.1111111111111112,3.2222222222222223,0.0,0.4444444444444444,0.1111111111111111,0.3333333333333333,0.6666666666666666,1.4444444444444444,2.111111111111111,0.3333333333333333,0.2222222222222222,0.0,0.3333333333333333,0.8888888888888888,2.3333333333333335,-1.4444444444444444,10.0,29.0,0.0,4.0,1.0,3.0,6.0,13.0,19.0,3.0,2.0,0.0,3.0,8.0,21.0,-13.0,9,700.8888888888889,6308.0
