PLAYER_ID,PLAYER_NAME,avg(FGM),avg(FGA),avg(FG3M),avg(FG3A),avg(FTM),avg(FTA),avg(OREB),avg(DREB),avg(REB),avg(AST),avg(STL),avg(BLK),avg(TO),avg(PF),avg(PTS),avg(PLUS_MINUS),sum(FGM),sum(FGA),sum(FG3M),sum(FG3A),sum(FTM),sum(FTA),sum(OREB),sum(DREB),sum(REB),sum(AST),sum(STL),sum(BLK),sum(TO),sum(PF),sum(PTS),sum(PLUS_MINUS),sum(ifminute),avg(seconds),sum(seconds)
200745,Andrea Bargnani,4.607843137254902,10.882352941176471,0.7254901960784313,2.549019607843137,2.0,2.3529411764705883,1.2745098039215685,3.0,4.2745098039215685,0.9411764705882353,0.43137254901960786,1.0196078431372548,1.196078431372549,2.0784313725490198,11.941176470588236,-3.1363636363636362,235.0,555.0,37.0,130.0,102.0,120.0,65.0,153.0,218.0,48.0,22.0,52.0,61.0,106.0,609.0,-138.0,51,1442.5882352941176,73572.0
2217,Brendan Haywood,0.96875,2.8125,0.0,0.03125,0.5625,1.1875,1.625,2.46875,4.09375,0.5,0.28125,0.90625,0.71875,1.9375,2.5,-2.34375,31.0,90.0,0.0,1.0,18.0,38.0,52.0,79.0,131.0,16.0,9.0,29.0,23.0,62.0,80.0,-75.0,32,1012.84375,32411.0
