PLAYER_ID,PLAYER_NAME,avg(FGM),avg(FGA),avg(FG3M),avg(FG3A),avg(FTM),avg(FTA),avg(OREB),avg(DREB),avg(REB),avg(AST),avg(STL),avg(BLK),avg(TO),avg(PF),avg(PTS),avg(PLUS_MINUS),sum(FGM),sum(FGA),sum(FG3M),sum(FG3A),sum(FTM),sum(FTA),sum(OREB),sum(DREB),sum(REB),sum(AST),sum(STL),sum(BLK),sum(TO),sum(PF),sum(PTS),sum(PLUS_MINUS),sum(ifminute),avg(seconds),sum(seconds)
2570,Kendrick Perkins,1.4555555555555555,3.422222222222222,0.0,0.022222222222222223,0.4777777777777778,0.7777777777777778,1.2777777777777777,3.9444444444444446,5.222222222222222,1.2555555555555555,0.5444444444444444,0.8222222222222222,1.511111111111111,3.1333333333333333,3.388888888888889,3.5795454545454546,131.0,308.0,0.0,2.0,43.0,70.0,115.0,355.0,470.0,113.0,49.0,74.0,136.0,282.0,305.0,315.0,90,1310.2777777777778,117925.0
201163,Wilson Chandler,4.956521739130435,11.18840579710145,1.434782608695652,3.898550724637681,1.8840579710144927,2.4347826086956523,0.9565217391304348,4.057971014492754,5.0144927536231885,1.536231884057971,1.0869565217391304,0.42028985507246375,1.2318840579710144,2.8405797101449277,13.231884057971014,1.9710144927536233,342.0,772.0,99.0,269.0,130.0,168.0,66.0,280.0,346.0,106.0,75.0,29.0,85.0,196.0,913.0,136.0,69,1693.2028985507247,116831.0
