PLAYER_ID,PLAYER_NAME,avg(FGM),avg(FGA),avg(FG3M),avg(FG3A),avg(FTM),avg(FTA),avg(OREB),avg(DREB),avg(REB),avg(AST),avg(STL),avg(BLK),avg(TO),avg(PF),avg(PTS),avg(PLUS_MINUS),sum(FGM),sum(FGA),sum(FG3M),sum(FG3A),sum(FTM),sum(FTA),sum(OREB),sum(DREB),sum(REB),sum(AST),sum(STL),sum(BLK),sum(TO),sum(PF),sum(PTS),sum(PLUS_MINUS),sum(ifminute),avg(seconds),sum(seconds)
202689,Kemba Walker,6.0,15.235294117647058,1.4705882352941178,4.352941176470588,3.8,4.541176470588235,0.5176470588235295,3.5764705882352943,4.094117647058823,5.905882352941177,1.2352941176470589,0.4588235294117647,2.3294117647058825,1.7647058823529411,17.270588235294117,1.2337662337662338,510.0,1295.0,125.0,370.0,323.0,386.0,44.0,304.0,348.0,502.0,105.0,39.0,198.0,150.0,1468.0,95.0,85,1955.7058823529412,166235.0
