PLAYER_ID,PLAYER_NAME,avg(FGM),avg(FGA),avg(FG3M),avg(FG3A),avg(FTM),avg(FTA),avg(OREB),avg(DREB),avg(REB),avg(AST),avg(STL),avg(BLK),avg(TO),avg(PF),avg(PTS),avg(PLUS_MINUS),sum(FGM),sum(FGA),sum(FG3M),sum(FG3A),sum(FTM),sum(FTA),sum(OREB),sum(DREB),sum(REB),sum(AST),sum(STL),sum(BLK),sum(TO),sum(PF),sum(PTS),sum(PLUS_MINUS),sum(ifminute),avg(seconds),sum(seconds)
101141,Ersan Ilyasova,5.183098591549296,11.380281690140846,1.1971830985915493,2.971830985915493,1.5633802816901408,1.9295774647887325,2.1267605633802815,4.915492957746479,7.042253521126761,1.619718309859155,1.1126760563380282,0.4788732394366197,1.3661971830985915,2.591549295774648,13.126760563380282,-1.9285714285714286,368.0,808.0,85.0,211.0,111.0,137.0,151.0,349.0,500.0,115.0,79.0,34.0,97.0,184.0,932.0,-135.0,71,1743.7464788732395,123806.0
2045,Hedo Turkoglu,0.5,3.75,0.0,2.0,0.125,0.25,0.25,1.75,2.0,1.375,0.625,0.0,0.625,0.625,1.125,-6.5,4.0,30.0,0.0,16.0,1.0,2.0,2.0,14.0,16.0,11.0,5.0,0.0,5.0,5.0,9.0,-52.0,8,827.5,6620.0
202727,Travis Leslie,"","","","","","","","","","","","","","","","","","","","","","","","","","","","","","","","",0,"",""
