PLAYER_ID,PLAYER_NAME,avg(FGM),avg(FGA),avg(FG3M),avg(FG3A),avg(FTM),avg(FTA),avg(OREB),avg(DREB),avg(REB),avg(AST),avg(STL),avg(BLK),avg(TO),avg(PF),avg(PTS),avg(PLUS_MINUS),sum(FGM),sum(FGA),sum(FG3M),sum(FG3A),sum(FTM),sum(FTA),sum(OREB),sum(DREB),sum(REB),sum(AST),sum(STL),sum(BLK),sum(TO),sum(PF),sum(PTS),sum(PLUS_MINUS),sum(ifminute),avg(seconds),sum(seconds)
203499,Shane Larkin,1.2222222222222223,3.7777777777777777,0.2777777777777778,1.1666666666666667,0.3333333333333333,0.5555555555555556,0.2222222222222222,0.5555555555555556,0.7777777777777778,1.8333333333333333,0.8333333333333334,0.0,1.3333333333333333,1.0555555555555556,3.0555555555555554,2.3333333333333335,22.0,68.0,5.0,21.0,6.0,10.0,4.0,10.0,14.0,33.0,15.0,0.0,24.0,19.0,55.0,42.0,18,757.0,13626.0
