PLAYER_ID,PLAYER_NAME,avg(FGM),avg(FGA),avg(FG3M),avg(FG3A),avg(FTM),avg(FTA),avg(OREB),avg(DREB),avg(REB),avg(AST),avg(STL),avg(BLK),avg(TO),avg(PF),avg(PTS),avg(PLUS_MINUS),sum(FGM),sum(FGA),sum(FG3M),sum(FG3A),sum(FTM),sum(FTA),sum(OREB),sum(DREB),sum(REB),sum(AST),sum(STL),sum(BLK),sum(TO),sum(PF),sum(PTS),sum(PLUS_MINUS),sum(ifminute),avg(seconds),sum(seconds)
202710,Jimmy Butler,3.5568181818181817,8.102272727272727,0.8409090909090909,2.1931818181818183,3.2954545454545454,4.193181818181818,1.5340909090909092,3.1818181818181817,4.715909090909091,1.9318181818181819,1.3295454545454546,0.5113636363636364,1.2159090909090908,1.4204545454545454,11.25,-0.5783132530120482,313.0,713.0,74.0,193.0,290.0,369.0,135.0,280.0,415.0,170.0,117.0,45.0,107.0,125.0,990.0,-48.0,88,1823.4772727272727,160466.0
202933,Julyan Stone,0.4583333333333333,1.1666666666666667,0.08333333333333333,0.4583333333333333,0.375,0.4583333333333333,0.125,0.875,1.0,0.8333333333333334,0.2916666666666667,0.041666666666666664,0.3333333333333333,1.0416666666666667,1.375,-2.0555555555555554,11.0,28.0,2.0,11.0,9.0,11.0,3.0,21.0,24.0,20.0,7.0,1.0,8.0,25.0,33.0,-37.0,24,325.2916666666667,7807.0
101113,Ike Diogu,2.8333333333333335,5.0,0.0,0.0,1.5,1.8333333333333333,1.5,2.5,4.0,0.16666666666666666,0.0,0.3333333333333333,1.0,2.5,7.166666666666667,"",17.0,30.0,0.0,0.0,9.0,11.0,9.0,15.0,24.0,1.0,0.0,2.0,6.0,15.0,43.0,"",6,16.333333333333332,98.0
