PLAYER_ID,PLAYER_NAME,avg(FGM),avg(FGA),avg(FG3M),avg(FG3A),avg(FTM),avg(FTA),avg(OREB),avg(DREB),avg(REB),avg(AST),avg(STL),avg(BLK),avg(TO),avg(PF),avg(PTS),avg(PLUS_MINUS),sum(FGM),sum(FGA),sum(FG3M),sum(FG3A),sum(FTM),sum(FTA),sum(OREB),sum(DREB),sum(REB),sum(AST),sum(STL),sum(BLK),sum(TO),sum(PF),sum(PTS),sum(PLUS_MINUS),sum(ifminute),avg(seconds),sum(seconds)
200797,Ryan Hollins,1.077922077922078,1.7272727272727273,0.0,0.0,0.8831168831168831,1.2727272727272727,0.6753246753246753,1.2987012987012987,1.974025974025974,0.15584415584415584,0.1038961038961039,0.5064935064935064,0.6753246753246753,1.87012987012987,3.038961038961039,1.2028985507246377,83.0,133.0,0.0,0.0,68.0,98.0,52.0,100.0,152.0,12.0,8.0,39.0,52.0,144.0,234.0,83.0,77,541.5454545454545,41699.0
201953,Eric Maynor,1.646153846153846,4.492307692307692,0.46153846153846156,1.4307692307692308,0.5076923076923077,0.7384615384615385,0.2,0.7692307692307693,0.9692307692307692,2.8615384615384616,0.46153846153846156,0.046153846153846156,1.2153846153846153,0.8615384615384616,4.2615384615384615,-4.084745762711864,107.0,292.0,30.0,93.0,33.0,48.0,13.0,50.0,63.0,186.0,30.0,3.0,79.0,56.0,277.0,-241.0,65,771.8923076923077,50173.0
202354,Dexter Pittman,0.4,1.2,0.0,0.0,0.0,0.3,0.6,0.6,1.2,0.0,0.0,0.0,0.2,1.1,0.8,-2.5714285714285716,4.0,12.0,0.0,0.0,0.0,3.0,6.0,6.0,12.0,0.0,0.0,0.0,2.0,11.0,8.0,-18.0,10,122.0,1220.0
