PLAYER_ID,PLAYER_NAME,avg(FGM),avg(FGA),avg(FG3M),avg(FG3A),avg(FTM),avg(FTA),avg(OREB),avg(DREB),avg(REB),avg(AST),avg(STL),avg(BLK),avg(TO),avg(PF),avg(PTS),avg(PLUS_MINUS),sum(FGM),sum(FGA),sum(FG3M),sum(FG3A),sum(FTM),sum(FTA),sum(OREB),sum(DREB),sum(REB),sum(AST),sum(STL),sum(BLK),sum(TO),sum(PF),sum(PTS),sum(PLUS_MINUS),sum(ifminute),avg(seconds),sum(seconds)
2581,Steve Blake,2.9130434782608696,7.202898550724638,1.7391304347826086,4.318840579710145,0.8695652173913043,1.1014492753623188,0.3333333333333333,2.869565217391304,3.2028985507246377,5.115942028985507,0.782608695652174,0.14492753623188406,1.826086956521739,1.7971014492753623,8.434782608695652,-2.622950819672131,201.0,497.0,120.0,298.0,60.0,76.0,23.0,198.0,221.0,353.0,54.0,10.0,126.0,124.0,582.0,-160.0,69,1512.623188405797,104371.0
201950,Jrue Holiday,6.5227272727272725,15.090909090909092,1.1477272727272727,2.9204545454545454,1.9318181818181819,2.5113636363636362,1.0,3.1704545454545454,4.170454545454546,7.670454545454546,1.6704545454545454,0.38636363636363635,3.590909090909091,2.340909090909091,16.125,-1.025,574.0,1328.0,101.0,257.0,170.0,221.0,88.0,279.0,367.0,675.0,147.0,34.0,316.0,206.0,1419.0,-82.0,88,1966.6931818181818,173069.0
2563,Dahntay Jones,0.9038461538461539,2.4423076923076925,0.09615384615384616,0.4423076923076923,0.8461538461538461,1.1153846153846154,0.3076923076923077,0.7115384615384616,1.0192307692307692,0.5192307692307693,0.3076923076923077,0.057692307692307696,0.5384615384615384,1.25,2.75,-1.2307692307692308,47.0,127.0,5.0,23.0,44.0,58.0,16.0,37.0,53.0,27.0,16.0,3.0,28.0,65.0,143.0,-64.0,52,672.3461538461538,34962.0
