PLAYER_ID,PLAYER_NAME,avg(FGM),avg(FGA),avg(FG3M),avg(FG3A),avg(FTM),avg(FTA),avg(OREB),avg(DREB),avg(REB),avg(AST),avg(STL),avg(BLK),avg(TO),avg(PF),avg(PTS),avg(PLUS_MINUS),sum(FGM),sum(FGA),sum(FG3M),sum(FG3A),sum(FTM),sum(FTA),sum(OREB),sum(DREB),sum(REB),sum(AST),sum(STL),sum(BLK),sum(TO),sum(PF),sum(PTS),sum(PLUS_MINUS),sum(ifminute),avg(seconds),sum(seconds)
203080,Thomas Robinson,1.9431818181818181,4.090909090909091,0.0,0.011363636363636364,0.8636363636363636,1.4659090909090908,1.4886363636363635,2.897727272727273,4.386363636363637,0.5454545454545454,0.3409090909090909,0.3181818181818182,0.8522727272727273,1.9204545454545454,4.75,-1.271604938271605,171.0,360.0,0.0,1.0,76.0,129.0,131.0,255.0,386.0,48.0,30.0,28.0,75.0,169.0,418.0,-103.0,88,679.6477272727273,59809.0
202339,Eric Bledsoe,5.979591836734694,12.73469387755102,1.0816326530612246,3.2244897959183674,3.938775510204082,5.122448979591836,0.5714285714285714,4.040816326530612,4.612244897959184,5.551020408163265,1.6938775510204083,0.3469387755102041,3.2653061224489797,2.306122448979592,16.979591836734695,3.1627906976744184,293.0,624.0,53.0,158.0,193.0,251.0,28.0,198.0,226.0,272.0,83.0,17.0,160.0,113.0,832.0,136.0,49,1737.734693877551,85149.0
202682,Derrick Williams,2.6265060240963853,6.168674698795181,0.3373493975903614,1.2891566265060241,2.3855421686746987,3.3132530120481927,0.8795180722891566,3.216867469879518,4.096385542168675,0.7228915662650602,0.6024096385542169,0.26506024096385544,1.0240963855421688,1.4939759036144578,7.975903614457831,-2.3076923076923075,218.0,512.0,28.0,107.0,198.0,275.0,73.0,267.0,340.0,60.0,50.0,22.0,85.0,124.0,662.0,-180.0,83,1317.0,109311.0
