PLAYER_ID,PLAYER_NAME,avg(FGM),avg(FGA),avg(FG3M),avg(FG3A),avg(FTM),avg(FTA),avg(OREB),avg(DREB),avg(REB),avg(AST),avg(STL),avg(BLK),avg(TO),avg(PF),avg(PTS),avg(PLUS_MINUS),sum(FGM),sum(FGA),sum(FG3M),sum(FG3A),sum(FTM),sum(FTA),sum(OREB),sum(DREB),sum(REB),sum(AST),sum(STL),sum(BLK),sum(TO),sum(PF),sum(PTS),sum(PLUS_MINUS),sum(ifminute),avg(seconds),sum(seconds)
2422,John Salmons,2.847058823529412,7.588235294117647,1.223529411764706,3.2941176470588234,0.9411764705882353,1.2,0.4235294117647059,2.2823529411764705,2.7058823529411766,2.623529411764706,0.6705882352941176,0.32941176470588235,1.0,1.8588235294117648,7.858823529411764,-0.3974358974358974,242.0,645.0,104.0,280.0,80.0,102.0,36.0,194.0,230.0,223.0,57.0,28.0,85.0,158.0,668.0,-31.0,85,1586.1764705882354,134825.0
202331,Paul George,6.875,15.625,2.2115384615384617,6.096153846153846,3.9615384615384617,4.9423076923076925,0.9423076923076923,6.125,7.0673076923076925,4.153846153846154,1.8461538461538463,0.4326923076923077,3.0673076923076925,2.9423076923076925,19.923076923076923,6.731958762886598,715.0,1625.0,230.0,634.0,412.0,514.0,98.0,637.0,735.0,432.0,192.0,45.0,319.0,306.0,2072.0,653.0,104,2149.5096153846152,223549.0
1894,Corey Maggette,1.0,6.0,0.0,1.0,4.5,5.0,0.5,3.0,3.5,2.0,0.0,0.0,2.5,4.0,6.5,"",2.0,12.0,0.0,2.0,9.0,10.0,1.0,6.0,7.0,4.0,0.0,0.0,5.0,8.0,13.0,"",2,24.0,48.0
