PLAYER_ID,PLAYER_NAME,avg(FGM),avg(FGA),avg(FG3M),avg(FG3A),avg(FTM),avg(FTA),avg(OREB),avg(DREB),avg(REB),avg(AST),avg(STL),avg(BLK),avg(TO),avg(PF),avg(PTS),avg(PLUS_MINUS),sum(FGM),sum(FGA),sum(FG3M),sum(FG3A),sum(FTM),sum(FTA),sum(OREB),sum(DREB),sum(REB),sum(AST),sum(STL),sum(BLK),sum(TO),sum(PF),sum(PTS),sum(PLUS_MINUS),sum(ifminute),avg(seconds),sum(seconds)
203517,Nemanja Nedovic,0.48148148148148145,1.8148148148148149,0.14814814814814814,0.7777777777777778,0.37037037037037035,0.4444444444444444,0.14814814814814814,0.6296296296296297,0.7777777777777778,0.7777777777777778,0.07407407407407407,0.037037037037037035,0.6296296296296297,0.6296296296296297,1.4814814814814814,-3.142857142857143,13.0,49.0,4.0,21.0,10.0,12.0,4.0,17.0,21.0,21.0,2.0,1.0,17.0,17.0,40.0,-66.0,27,299.9259259259259,8098.0
