PLAYER_ID,PLAYER_NAME,avg(FGM),avg(FGA),avg(FG3M),avg(FG3A),avg(FTM),avg(FTA),avg(OREB),avg(DREB),avg(REB),avg(AST),avg(STL),avg(BLK),avg(TO),avg(PF),avg(PTS),avg(PLUS_MINUS),sum(FGM),sum(FGA),sum(FG3M),sum(FG3A),sum(FTM),sum(FTA),sum(OREB),sum(DREB),sum(REB),sum(AST),sum(STL),sum(BLK),sum(TO),sum(PF),sum(PTS),sum(PLUS_MINUS),sum(ifminute),avg(seconds),sum(seconds)
2557,Luke Ridnour,2.056338028169014,5.323943661971831,0.676056338028169,1.7887323943661972,0.39436619718309857,0.5492957746478874,0.352112676056338,1.2535211267605635,1.6056338028169015,2.971830985915493,0.49295774647887325,0.14084507042253522,1.0985915492957747,1.5352112676056338,5.183098591549296,-3.1538461538461537,146.0,378.0,48.0,127.0,28.0,39.0,25.0,89.0,114.0,211.0,35.0,10.0,78.0,109.0,368.0,-205.0,71,996.5633802816901,70756.0
203586,Charlie Westbrook,0.75,3.0,0.0,0.5,1.0,2.0,0.0,0.75,0.75,0.25,0.5,0.0,0.0,0.25,2.5,"",3.0,12.0,0.0,2.0,4.0,8.0,0.0,3.0,3.0,1.0,2.0,0.0,0.0,1.0,10.0,"",4,6.0,24.0
