TEAM_ID,PLAYER_ID,PLAYER_NAME,avg(FGM),avg(FGA),avg(FG3M),avg(FG3A),avg(FTM),avg(FTA),avg(OREB),avg(DREB),avg(REB),avg(AST),avg(STL),avg(BLK),avg(TO),avg(PF),avg(PTS),avg(PLUS_MINUS),sum(FGM),sum(FGA),sum(FG3M),sum(FG3A),sum(FTM),sum(FTA),sum(OREB),sum(DREB),sum(REB),sum(AST),sum(STL),sum(BLK),sum(TO),sum(PF),sum(PTS),sum(PLUS_MINUS),sum(ifminute),avg(seconds),sum(seconds)
1610612741,201565,Derrick Rose,9.076923076923077,18.923076923076923,0.7802197802197802,2.230769230769231,3.7472527472527473,4.857142857142857,0.8351648351648352,3.3076923076923075,4.142857142857143,6.9010989010989015,0.8791208791208791,0.4175824175824176,3.010989010989011,1.4945054945054945,22.681318681318682,2.4819277108433737,826.0,1722.0,71.0,203.0,341.0,442.0,76.0,301.0,377.0,628.0,80.0,38.0,274.0,136.0,2064.0,206.0,91,2077.131868131868,189019.0
1610612760,201953,Eric Maynor,1.8105263157894738,4.294736842105263,0.3684210526315789,1.0315789473684212,0.7263157894736842,0.968421052631579,0.2631578947368421,1.368421052631579,1.631578947368421,2.8947368421052633,0.5157894736842106,0.12631578947368421,1.0736842105263158,1.431578947368421,4.71578947368421,0.6333333333333333,172.0,408.0,35.0,98.0,69.0,92.0,25.0,130.0,155.0,275.0,49.0,12.0,102.0,136.0,448.0,57.0,95,898.4631578947368,85354.0
1610612745,200792,Alexander Johnson,1.0,1.0,0.0,0.0,2.0,2.0,0.0,1.0,1.0,0.0,1.0,1.0,2.0,0.0,4.0,"",1.0,1.0,0.0,0.0,2.0,2.0,0.0,1.0,1.0,0.0,1.0,1.0,2.0,0.0,4.0,"",1,6.0,6.0
1610612751,200767,Josh Boone,1.393939393939394,2.4242424242424243,0.0,0.0,0.3333333333333333,0.8787878787878788,1.4848484848484849,2.5757575757575757,4.0606060606060606,0.18181818181818182,0.42424242424242425,0.6060606060606061,0.36363636363636365,1.3636363636363635,3.121212121212121,-1.7272727272727273,46.0,80.0,0.0,0.0,11.0,29.0,49.0,85.0,134.0,6.0,14.0,20.0,12.0,45.0,103.0,-57.0,33,739.2121212121212,24394.0
1610612762,200758,Ronnie Brewer,2.8095238095238093,5.809523809523809,0.09523809523809523,0.2857142857142857,1.5714285714285714,2.380952380952381,0.5714285714285714,2.380952380952381,2.9523809523809526,3.5714285714285716,1.1904761904761905,0.23809523809523808,0.9047619047619048,1.1904761904761905,7.285714285714286,4.476190476190476,59.0,122.0,2.0,6.0,33.0,50.0,12.0,50.0,62.0,75.0,25.0,5.0,19.0,25.0,153.0,94.0,21,1597.0,33537.0
