TEAM_ID,PLAYER_ID,PLAYER_NAME,avg(FGM),avg(FGA),avg(FG3M),avg(FG3A),avg(FTM),avg(FTA),avg(OREB),avg(DREB),avg(REB),avg(AST),avg(STL),avg(BLK),avg(TO),avg(PF),avg(PTS),avg(PLUS_MINUS),sum(FGM),sum(FGA),sum(FG3M),sum(FG3A),sum(FTM),sum(FTA),sum(OREB),sum(DREB),sum(REB),sum(AST),sum(STL),sum(BLK),sum(TO),sum(PF),sum(PTS),sum(PLUS_MINUS),sum(ifminute),avg(seconds),sum(seconds)
1610612747,202382,Derrick Caracter,0.8666666666666667,1.8444444444444446,0.0,0.0,0.4,0.6444444444444445,0.5555555555555556,0.7555555555555555,1.3111111111111111,0.2222222222222222,0.1111111111111111,0.24444444444444444,0.5111111111111111,1.3111111111111111,2.1333333333333333,-1.3658536585365855,39.0,83.0,0.0,0.0,18.0,29.0,25.0,34.0,59.0,10.0,5.0,11.0,23.0,59.0,96.0,-56.0,45,287.9111111111111,12956.0
1610612765,1503,Tracy McGrady,3.1095890410958904,7.041095890410959,0.410958904109589,1.2054794520547945,1.2328767123287672,1.7671232876712328,0.6712328767123288,2.7945205479452055,3.4657534246575343,3.452054794520548,0.9041095890410958,0.4794520547945205,1.4109589041095891,1.3972602739726028,7.863013698630137,-1.2222222222222223,227.0,514.0,30.0,88.0,90.0,129.0,49.0,204.0,253.0,252.0,66.0,35.0,103.0,102.0,574.0,-88.0,73,1385.4794520547946,101140.0
1610612750,202178,Sundiata Gaines,0.875,2.75,0.25,0.75,0.625,1.25,0.125,0.625,0.75,0.75,0.375,0.0,0.75,0.5,2.625,-0.875,7.0,22.0,2.0,6.0,5.0,10.0,1.0,5.0,6.0,6.0,3.0,0.0,6.0,4.0,21.0,-7.0,8,489.25,3914.0
1610612748,101183,Shavlik Randolph,1.0,4.666666666666667,0.0,0.0,0.6666666666666666,1.3333333333333333,0.6666666666666666,2.6666666666666665,3.3333333333333335,0.3333333333333333,0.3333333333333333,0.6666666666666666,2.0,2.0,2.6666666666666665,"",3.0,14.0,0.0,0.0,2.0,4.0,2.0,8.0,10.0,1.0,1.0,2.0,6.0,6.0,8.0,"",3,13.333333333333334,40.0
