TEAM_ID,PLAYER_ID,PLAYER_NAME,avg(FGM),avg(FGA),avg(FG3M),avg(FG3A),avg(FTM),avg(FTA),avg(OREB),avg(DREB),avg(REB),avg(AST),avg(STL),avg(BLK),avg(TO),avg(PF),avg(PTS),avg(PLUS_MINUS),sum(FGM),sum(FGA),sum(FG3M),sum(FG3A),sum(FTM),sum(FTA),sum(OREB),sum(DREB),sum(REB),sum(AST),sum(STL),sum(BLK),sum(TO),sum(PF),sum(PTS),sum(PLUS_MINUS),sum(ifminute),avg(seconds),sum(seconds)
1610612759,2225,Tony Parker,6.977528089887641,13.584269662921349,0.29213483146067415,0.898876404494382,3.101123595505618,4.033707865168539,0.3595505617977528,2.606741573033708,2.966292134831461,6.337078651685394,1.1573033707865168,0.056179775280898875,2.595505617977528,1.7303370786516854,17.348314606741575,3.4404761904761907,621.0,1209.0,26.0,80.0,276.0,359.0,32.0,232.0,264.0,564.0,103.0,5.0,231.0,154.0,1544.0,289.0,89,1854.3932584269662,165041.0
1610612740,2788,DJ Mbenga,0.64,1.32,0.0,0.0,0.3,0.42,0.8,1.26,2.06,0.14,0.2,0.74,0.52,1.3,1.58,-0.8478260869565217,32.0,66.0,0.0,0.0,15.0,21.0,40.0,63.0,103.0,7.0,10.0,37.0,26.0,65.0,79.0,-39.0,50,428.14,21407.0
1610612761,978,Peja Stojakovic,3.5,5.0,2.0,3.0,1.0,1.0,0.0,1.5,1.5,0.5,0.0,0.0,1.0,0.0,10.0,2.5,7.0,10.0,4.0,6.0,2.0,2.0,0.0,3.0,3.0,1.0,0.0,0.0,2.0,0.0,20.0,5.0,2,670.5,1341.0
1610612758,201621,Joe Crawford,0.5,2.0,0.5,2.0,0.5,0.5,0.0,0.0,0.0,0.0,0.0,0.0,0.5,0.0,2.0,"",1.0,4.0,1.0,4.0,1.0,1.0,0.0,0.0,0.0,0.0,0.0,0.0,1.0,0.0,4.0,"",2,4.5,9.0
