TEAM_ID,PLAYER_ID,PLAYER_NAME,avg(FGM),avg(FGA),avg(FG3M),avg(FG3A),avg(FTM),avg(FTA),avg(OREB),avg(DREB),avg(REB),avg(AST),avg(STL),avg(BLK),avg(TO),avg(PF),avg(PTS),avg(PLUS_MINUS),sum(FGM),sum(FGA),sum(FG3M),sum(FG3A),sum(FTM),sum(FTA),sum(OREB),sum(DREB),sum(REB),sum(AST),sum(STL),sum(BLK),sum(TO),sum(PF),sum(PTS),sum(PLUS_MINUS),sum(ifminute),avg(seconds),sum(seconds)
1610612747,201234,Trey Johnson,1.0,2.2222222222222223,0.0,0.2222222222222222,0.5555555555555556,0.8888888888888888,0.3333333333333333,0.6666666666666666,1.0,0.7777777777777778,0.3333333333333333,0.0,0.4444444444444444,1.4444444444444444,2.5555555555555554,-1.75,9.0,20.0,0.0,2.0,5.0,8.0,3.0,6.0,9.0,7.0,3.0,0.0,4.0,13.0,23.0,-7.0,9,171.33333333333334,1542.0
1610612762,200794,Paul Millsap,6.5476190476190474,12.428571428571429,0.10714285714285714,0.2857142857142857,3.2142857142857144,4.273809523809524,2.0833333333333335,5.273809523809524,7.357142857142857,2.4404761904761907,1.3214285714285714,0.8690476190476191,1.8928571428571428,3.5,16.416666666666668,0.21052631578947367,550.0,1044.0,9.0,24.0,270.0,359.0,175.0,443.0,618.0,205.0,111.0,73.0,159.0,294.0,1379.0,16.0,84,1863.202380952381,156509.0
1610612748,2306,Carlos Arroyo,2.230769230769231,4.9423076923076925,0.5384615384615384,1.2307692307692308,0.6153846153846154,0.75,0.25,1.3461538461538463,1.5961538461538463,2.0384615384615383,0.28846153846153844,0.019230769230769232,0.8653846153846154,1.25,5.615384615384615,1.9387755102040816,116.0,257.0,28.0,64.0,32.0,39.0,13.0,70.0,83.0,106.0,15.0,1.0,45.0,65.0,292.0,95.0,52,1149.173076923077,59757.0
