TEAM_ID,PLAYER_ID,PLAYER_NAME,avg(FGM),avg(FGA),avg(FG3M),avg(FG3A),avg(FTM),avg(FTA),avg(OREB),avg(DREB),avg(REB),avg(AST),avg(STL),avg(BLK),avg(TO),avg(PF),avg(PTS),avg(PLUS_MINUS),sum(FGM),sum(FGA),sum(FG3M),sum(FG3A),sum(FTM),sum(FTA),sum(OREB),sum(DREB),sum(REB),sum(AST),sum(STL),sum(BLK),sum(TO),sum(PF),sum(PTS),sum(PLUS_MINUS),sum(ifminute),avg(seconds),sum(seconds)
1610612760,200757,Thabo Sefolosha,1.9595959595959596,4.181818181818182,0.32323232323232326,1.303030303030303,0.7474747474747475,0.9494949494949495,0.7878787878787878,3.323232323232323,4.111111111111111,1.2626262626262625,1.1515151515151516,0.43434343434343436,0.7373737373737373,2.0,4.98989898989899,0.5625,194.0,414.0,32.0,129.0,74.0,94.0,78.0,329.0,407.0,125.0,114.0,43.0,73.0,198.0,494.0,54.0,99,1451.2525252525252,143674.0
1610612754,1899,James Posey,1.5892857142857142,4.803571428571429,1.3392857142857142,4.25,0.35714285714285715,0.42857142857142855,0.19642857142857142,2.767857142857143,2.9642857142857144,0.7142857142857143,0.5357142857142857,0.125,0.5535714285714286,2.017857142857143,4.875,-0.5510204081632653,89.0,269.0,75.0,238.0,20.0,24.0,11.0,155.0,166.0,40.0,30.0,7.0,31.0,113.0,273.0,-27.0,56,901.125,50463.0
1610612739,202087,Alonzo Gee,2.7,5.85,0.425,1.225,1.6,2.0,1.225,2.7,3.925,0.825,0.825,0.4,1.1,2.025,7.425,-5.15,108.0,234.0,17.0,49.0,64.0,80.0,49.0,108.0,157.0,33.0,33.0,16.0,44.0,81.0,297.0,-206.0,40,1459.875,58395.0
1610612739,201980,Danny Green,1.3333333333333333,4.333333333333333,0.0,0.6666666666666666,0.3333333333333333,0.6666666666666666,0.6666666666666666,1.6666666666666667,2.3333333333333335,0.0,1.3333333333333333,1.0,1.6666666666666667,2.0,3.0,"",4.0,13.0,0.0,2.0,1.0,2.0,2.0,5.0,7.0,0.0,4.0,3.0,5.0,6.0,9.0,"",3,16.333333333333332,49.0
