TEAM_ID,PLAYER_ID,PLAYER_NAME,avg(FGM),avg(FGA),avg(FG3M),avg(FG3A),avg(FTM),avg(FTA),avg(OREB),avg(DREB),avg(REB),avg(AST),avg(STL),avg(BLK),avg(TO),avg(PF),avg(PTS),avg(PLUS_MINUS),sum(FGM),sum(FGA),sum(FG3M),sum(FG3A),sum(FTM),sum(FTA),sum(OREB),sum(DREB),sum(REB),sum(AST),sum(STL),sum(BLK),sum(TO),sum(PF),sum(PTS),sum(PLUS_MINUS),sum(ifminute),avg(seconds),sum(seconds)
1610612741,200758,Ronnie Brewer,2.3137254901960786,4.921568627450981,0.08823529411764706,0.3431372549019608,1.0686274509803921,1.588235294117647,0.6274509803921569,2.392156862745098,3.019607843137255,1.5784313725490196,1.1862745098039216,0.28431372549019607,0.6176470588235294,0.9705882352941176,5.784313725490196,2.3195876288659796,236.0,502.0,9.0,35.0,109.0,162.0,64.0,244.0,308.0,161.0,121.0,29.0,63.0,99.0,590.0,225.0,102,1201.9901960784314,122603.0
