TEAM_ID,PLAYER_ID,PLAYER_NAME,avg(FGM),avg(FGA),avg(FG3M),avg(FG3A),avg(FTM),avg(FTA),avg(OREB),avg(DREB),avg(REB),avg(AST),avg(STL),avg(BLK),avg(TO),avg(PF),avg(PTS),avg(PLUS_MINUS),sum(FGM),sum(FGA),sum(FG3M),sum(FG3A),sum(FTM),sum(FTA),sum(OREB),sum(DREB),sum(REB),sum(AST),sum(STL),sum(BLK),sum(TO),sum(PF),sum(PTS),sum(PLUS_MINUS),sum(ifminute),avg(seconds),sum(seconds)
1610612744,202130,Reggie Williams,4.721311475409836,9.901639344262295,1.4098360655737705,3.6885245901639343,2.0491803278688523,2.557377049180328,0.6557377049180327,2.721311475409836,3.377049180327869,2.19672131147541,0.6229508196721312,0.14754098360655737,1.098360655737705,2.1475409836065573,12.901639344262295,-2.4107142857142856,288.0,604.0,86.0,225.0,125.0,156.0,40.0,166.0,206.0,134.0,38.0,9.0,67.0,131.0,787.0,-135.0,61,1530.311475409836,93349.0
1610612745,201166,Aaron Brooks,6.647058823529412,15.485294117647058,2.3823529411764706,6.132352941176471,2.764705882352941,3.2941176470588234,0.5735294117647058,2.014705882352941,2.588235294117647,5.147058823529412,0.8823529411764706,0.19117647058823528,2.4705882352941178,2.3088235294117645,18.441176470588236,-0.7833333333333333,452.0,1053.0,162.0,417.0,188.0,224.0,39.0,137.0,176.0,350.0,60.0,13.0,168.0,157.0,1254.0,-47.0,68,1830.0588235294117,124444.0
1610612760,201935,James Harden,3.0,7.177777777777778,1.3111111111111111,3.311111111111111,3.2,3.8444444444444446,0.45555555555555555,2.7666666666666666,3.2222222222222223,1.7222222222222223,1.1888888888888889,0.23333333333333334,1.4,2.6444444444444444,10.511111111111111,1.5952380952380953,270.0,646.0,118.0,298.0,288.0,346.0,41.0,249.0,290.0,155.0,107.0,21.0,126.0,238.0,946.0,134.0,90,1360.0222222222221,122402.0
