TEAM_ID,PLAYER_ID,PLAYER_NAME,avg(FGM),avg(FGA),avg(FG3M),avg(FG3A),avg(FTM),avg(FTA),avg(OREB),avg(DREB),avg(REB),avg(AST),avg(STL),avg(BLK),avg(TO),avg(PF),avg(PTS),avg(PLUS_MINUS),sum(FGM),sum(FGA),sum(FG3M),sum(FG3A),sum(FTM),sum(FTA),sum(OREB),sum(DREB),sum(REB),sum(AST),sum(STL),sum(BLK),sum(TO),sum(PF),sum(PTS),sum(PLUS_MINUS),sum(ifminute),avg(seconds),sum(seconds)
1610612739,200797,Ryan Hollins,1.5454545454545454,2.878787878787879,0.0,0.0,1.696969696969697,2.3333333333333335,1.1818181818181819,1.7575757575757576,2.9393939393939394,0.48484848484848486,0.2727272727272727,0.5454545454545454,0.8181818181818182,2.212121212121212,4.787878787878788,-3.2962962962962963,51.0,95.0,0.0,0.0,56.0,77.0,39.0,58.0,97.0,16.0,9.0,18.0,27.0,73.0,158.0,-89.0,33,637.3636363636364,21033.0
1610612765,201649,Vernon Hamilton,0.0,0.4,0.0,0.0,0.0,0.0,0.2,0.6,0.8,0.6,0.0,0.0,0.0,1.0,0.0,"",0.0,2.0,0.0,0.0,0.0,0.0,1.0,3.0,4.0,3.0,0.0,0.0,0.0,5.0,0.0,"",5,3.8,19.0
1610612739,980,Zydrunas Ilgauskas,2.3947368421052633,5.578947368421052,0.15789473684210525,0.39473684210526316,1.0,1.394736842105263,1.5526315789473684,2.9210526315789473,4.473684210526316,0.8157894736842105,0.15789473684210525,0.6842105263157895,0.9210526315789473,2.3684210526315788,5.947368421052632,2.6315789473684212,91.0,212.0,6.0,15.0,38.0,53.0,59.0,111.0,170.0,31.0,6.0,26.0,35.0,90.0,226.0,100.0,38,1084.1315789473683,41197.0
1610612765,1088,Chucky Atkins,1.0476190476190477,2.7142857142857144,0.6190476190476191,1.6666666666666667,0.38095238095238093,0.42857142857142855,0.09523809523809523,0.6666666666666666,0.7619047619047619,2.142857142857143,0.38095238095238093,0.0,0.8095238095238095,1.1904761904761905,3.0952380952380953,-1.5714285714285714,22.0,57.0,13.0,35.0,8.0,9.0,2.0,14.0,16.0,45.0,8.0,0.0,17.0,25.0,65.0,-33.0,21,884.3809523809524,18572.0
1610612742,2572,Josh Howard,4.222222222222222,10.666666666666666,0.6111111111111112,2.2222222222222223,2.7777777777777777,3.5,0.8888888888888888,2.5555555555555554,3.4444444444444446,1.3888888888888888,0.5555555555555556,0.16666666666666666,1.1666666666666667,2.6666666666666665,11.833333333333334,-1.9444444444444444,76.0,192.0,11.0,40.0,50.0,63.0,16.0,46.0,62.0,25.0,10.0,3.0,21.0,48.0,213.0,-35.0,18,1599.5555555555557,28792.0
