TEAM_ID,PLAYER_ID,PLAYER_NAME,avg(FGM),avg(FGA),avg(FG3M),avg(FG3A),avg(FTM),avg(FTA),avg(OREB),avg(DREB),avg(REB),avg(AST),avg(STL),avg(BLK),avg(TO),avg(PF),avg(PTS),avg(PLUS_MINUS),sum(FGM),sum(FGA),sum(FG3M),sum(FG3A),sum(FTM),sum(FTA),sum(OREB),sum(DREB),sum(REB),sum(AST),sum(STL),sum(BLK),sum(TO),sum(PF),sum(PTS),sum(PLUS_MINUS),sum(ifminute),avg(seconds),sum(seconds)
1610612741,1802,Brad Miller,3.263157894736842,7.491228070175438,0.5789473684210527,2.0,2.280701754385965,2.754385964912281,1.0,4.0,5.0,1.719298245614035,0.543859649122807,0.38596491228070173,1.3157894736842106,2.508771929824561,9.385964912280702,0.12280701754385964,186.0,427.0,33.0,114.0,130.0,157.0,57.0,228.0,285.0,98.0,31.0,22.0,75.0,143.0,535.0,7.0,57,1457.2456140350878,83063.0
