TEAM_ID,PLAYER_ID,PLAYER_NAME,avg(FGM),avg(FGA),avg(FG3M),avg(FG3A),avg(FTM),avg(FTA),avg(OREB),avg(DREB),avg(REB),avg(AST),avg(STL),avg(BLK),avg(TO),avg(PF),avg(PTS),avg(PLUS_MINUS),sum(FGM),sum(FGA),sum(FG3M),sum(FG3A),sum(FTM),sum(FTA),sum(OREB),sum(DREB),sum(REB),sum(AST),sum(STL),sum(BLK),sum(TO),sum(PF),sum(PTS),sum(PLUS_MINUS),sum(ifminute),avg(seconds),sum(seconds)
1610612754,2551,T.J. Ford,3.0833333333333335,7.229166666666667,0.2708333333333333,1.0,1.2708333333333333,1.7291666666666667,0.5208333333333334,1.7916666666666667,2.3125,3.8958333333333335,0.9791666666666666,0.2708333333333333,1.7708333333333333,1.8333333333333333,7.708333333333333,1.2765957446808511,148.0,347.0,13.0,48.0,61.0,83.0,25.0,86.0,111.0,187.0,47.0,13.0,85.0,88.0,370.0,60.0,48,1309.9166666666667,62876.0
1610612737,2585,Zaza Pachulia,1.3333333333333333,2.909090909090909,0.0,0.04040404040404041,1.2828282828282829,1.9090909090909092,1.4545454545454546,2.4444444444444446,3.898989898989899,0.6565656565656566,0.3939393939393939,0.35353535353535354,0.8484848484848485,2.3737373737373737,3.9494949494949494,-0.45652173913043476,132.0,288.0,0.0,4.0,127.0,189.0,144.0,242.0,386.0,65.0,39.0,35.0,84.0,235.0,391.0,-42.0,99,759.5858585858585,75199.0
1610612757,202337,Luke Babbitt,1.0,3.0555555555555554,0.3888888888888889,1.1111111111111112,0.3888888888888889,0.7222222222222222,0.3333333333333333,1.2777777777777777,1.6111111111111112,0.5,0.05555555555555555,0.05555555555555555,0.7222222222222222,1.0555555555555556,2.7777777777777777,-0.6666666666666666,18.0,55.0,7.0,20.0,7.0,13.0,6.0,23.0,29.0,9.0,1.0,1.0,13.0,19.0,50.0,-8.0,18,226.72222222222223,4081.0
1610612764,200747,Adam Morrison,1.75,4.0,0.5,1.25,1.0,1.0,1.25,0.75,2.0,1.5,0.5,0.25,0.5,1.25,5.0,"",7.0,16.0,2.0,5.0,4.0,4.0,5.0,3.0,8.0,6.0,2.0,1.0,2.0,5.0,20.0,"",4,19.25,77.0
1610612751,1499,Tony Battie,1.125,3.0,0.125,0.5,0.375,0.75,0.25,1.5,1.75,0.375,0.375,0.0,0.25,1.125,2.75,-4.125,9.0,24.0,1.0,4.0,3.0,6.0,2.0,12.0,14.0,3.0,3.0,0.0,2.0,9.0,22.0,-33.0,8,502.875,4023.0
