TEAM_ID,PLAYER_ID,PLAYER_NAME,avg(FGM),avg(FGA),avg(FG3M),avg(FG3A),avg(FTM),avg(FTA),avg(OREB),avg(DREB),avg(REB),avg(AST),avg(STL),avg(BLK),avg(TO),avg(PF),avg(PTS),avg(PLUS_MINUS),sum(FGM),sum(FGA),sum(FG3M),sum(FG3A),sum(FTM),sum(FTA),sum(OREB),sum(DREB),sum(REB),sum(AST),sum(STL),sum(BLK),sum(TO),sum(PF),sum(PTS),sum(PLUS_MINUS),sum(ifminute),avg(seconds),sum(seconds)
1610612745,201978,Chase Budinger,3.458823529411765,7.847058823529411,1.223529411764706,3.4,1.0,1.2470588235294118,0.4823529411764706,2.6470588235294117,3.1294117647058823,1.3647058823529412,0.49411764705882355,0.15294117647058825,0.7176470588235294,1.223529411764706,9.141176470588235,-0.4025974025974026,294.0,667.0,104.0,289.0,85.0,106.0,41.0,225.0,266.0,116.0,42.0,13.0,61.0,104.0,777.0,-31.0,85,1105.8,93993.0
1610612757,202356,Armon Johnson,1.4848484848484849,3.212121212121212,0.21212121212121213,0.48484848484848486,0.6363636363636364,1.0303030303030303,0.3333333333333333,1.0,1.3333333333333333,1.4242424242424243,0.21212121212121213,0.030303030303030304,1.1515151515151516,1.0606060606060606,3.8181818181818183,-0.7307692307692307,49.0,106.0,7.0,16.0,21.0,34.0,11.0,33.0,44.0,47.0,7.0,1.0,38.0,35.0,126.0,-19.0,33,405.42424242424244,13379.0
1610612756,2202,Jason Richardson,6.377551020408164,13.387755102040817,2.2551020408163267,5.3979591836734695,1.969387755102041,2.63265306122449,1.1326530612244898,3.8469387755102042,4.979591836734694,1.469387755102041,0.8877551020408163,0.3163265306122449,1.0714285714285714,1.9795918367346939,16.979591836734695,2.2111111111111112,625.0,1312.0,221.0,529.0,193.0,258.0,111.0,377.0,488.0,144.0,87.0,31.0,105.0,194.0,1664.0,199.0,98,1769.9897959183672,173459.0
1610612737,202411,Richard Delk,1.0,2.3333333333333335,1.0,1.6666666666666667,0.0,0.6666666666666666,0.0,1.3333333333333333,1.3333333333333333,0.3333333333333333,0.0,0.0,0.3333333333333333,1.3333333333333333,3.0,"",3.0,7.0,3.0,5.0,0.0,2.0,0.0,4.0,4.0,1.0,0.0,0.0,1.0,4.0,9.0,"",3,13.0,39.0
1610612752,2201,Eddy Curry,"","","","","","","","","","","","","","","","","","","","","","","","","","","","","","","","",0,"",""
1610612760,202079,Antonio Anderson,1.0,3.0,0.0,0.0,0.0,0.0,1.0,0.0,1.0,0.0,0.0,0.0,1.0,1.0,2.0,-2.0,1.0,3.0,0.0,0.0,0.0,0.0,1.0,0.0,1.0,0.0,0.0,0.0,1.0,1.0,2.0,-2.0,1,877.0,877.0
