TEAM_ID,PLAYER_ID,PLAYER_NAME,avg(FGM),avg(FGA),avg(FG3M),avg(FG3A),avg(FTM),avg(FTA),avg(OREB),avg(DREB),avg(REB),avg(AST),avg(STL),avg(BLK),avg(TO),avg(PF),avg(PTS),avg(PLUS_MINUS),sum(FGM),sum(FGA),sum(FG3M),sum(FG3A),sum(FTM),sum(FTA),sum(OREB),sum(DREB),sum(REB),sum(AST),sum(STL),sum(BLK),sum(TO),sum(PF),sum(PTS),sum(PLUS_MINUS),sum(ifminute),avg(seconds),sum(seconds)
1610612752,201611,Henry Walker,1.8571428571428572,4.3,1.0,2.642857142857143,0.5428571428571428,0.7714285714285715,0.32857142857142857,1.7285714285714286,2.057142857142857,0.6,0.42857142857142855,0.08571428571428572,0.7857142857142857,1.4285714285714286,5.257142857142857,1.4615384615384615,130.0,301.0,70.0,185.0,38.0,54.0,23.0,121.0,144.0,42.0,30.0,6.0,55.0,100.0,368.0,95.0,70,749.9285714285714,52495.0
1610612749,2072,Michael Redd,1.8,4.5,0.4,1.7,0.4,0.4,0.0,0.8,0.8,1.2,0.2,0.1,0.4,0.4,4.4,1.0,18.0,45.0,4.0,17.0,4.0,4.0,0.0,8.0,8.0,12.0,2.0,1.0,4.0,4.0,44.0,10.0,10,805.9,8059.0
1610612742,2562,Sasha Pavlovic,1.5,3.5,0.7,1.6,0.4,0.5,0.0,1.2,1.2,0.7,0.5,0.3,0.5,1.5,4.1,-1.9,15.0,35.0,7.0,16.0,4.0,5.0,0.0,12.0,12.0,7.0,5.0,3.0,5.0,15.0,41.0,-19.0,10,978.2,9782.0
