TEAM_ID,PLAYER_ID,PLAYER_NAME,avg(FGM),avg(FGA),avg(FG3M),avg(FG3A),avg(FTM),avg(FTA),avg(OREB),avg(DREB),avg(REB),avg(AST),avg(STL),avg(BLK),avg(TO),avg(PF),avg(PTS),avg(PLUS_MINUS),sum(FGM),sum(FGA),sum(FG3M),sum(FG3A),sum(FTM),sum(FTA),sum(OREB),sum(DREB),sum(REB),sum(AST),sum(STL),sum(BLK),sum(TO),sum(PF),sum(PTS),sum(PLUS_MINUS),sum(ifminute),avg(seconds),sum(seconds)
1610612742,200826,J.J. Barea,3.463636363636364,8.045454545454545,0.7727272727272727,2.3454545454545452,1.5,1.8272727272727274,0.37272727272727274,1.5909090909090908,1.9636363636363636,3.8727272727272726,0.38181818181818183,0.00909090909090909,1.5818181818181818,1.6545454545454545,9.2,1.2941176470588236,381.0,885.0,85.0,258.0,165.0,201.0,41.0,175.0,216.0,426.0,42.0,1.0,174.0,182.0,1012.0,132.0,110,1124.9,123739.0
1610612754,201579,Roy Hibbert,5.086021505376344,11.13978494623656,0.0,0.043010752688172046,2.6881720430107525,3.6236559139784945,2.3870967741935485,5.193548387096774,7.580645161290323,2.053763440860215,0.40860215053763443,1.7956989247311828,2.3225806451612905,3.204301075268817,12.86021505376344,-0.8255813953488372,473.0,1036.0,0.0,4.0,250.0,337.0,222.0,483.0,705.0,191.0,38.0,167.0,216.0,298.0,1196.0,-71.0,93,1535.1075268817203,142765.0
1610612746,2567,Brian Cook,2.021276595744681,4.638297872340425,0.9148936170212766,2.106382978723404,0.5531914893617021,0.7872340425531915,0.48936170212765956,2.0,2.4893617021276597,0.3829787234042553,0.2978723404255319,0.2553191489361702,0.723404255319149,2.0,5.51063829787234,-0.675,95.0,218.0,43.0,99.0,26.0,37.0,23.0,94.0,117.0,18.0,14.0,12.0,34.0,94.0,259.0,-27.0,47,573.2553191489362,26943.0
1610612756,101112,Channing Frye,4.457831325301205,10.542168674698795,2.1204819277108435,5.63855421686747,1.1566265060240963,1.3855421686746987,0.8192771084337349,5.626506024096385,6.445783132530121,1.2048192771084338,0.5662650602409639,1.1204819277108433,0.9518072289156626,3.5060240963855422,12.19277108433735,1.3246753246753247,370.0,875.0,176.0,468.0,96.0,115.0,68.0,467.0,535.0,100.0,47.0,93.0,79.0,291.0,1012.0,102.0,83,1838.2771084337348,152577.0
