TEAM_ID,PLAYER_ID,PLAYER_NAME,avg(FGM),avg(FGA),avg(FG3M),avg(FG3A),avg(FTM),avg(FTA),avg(OREB),avg(DREB),avg(REB),avg(AST),avg(STL),avg(BLK),avg(TO),avg(PF),avg(PTS),avg(PLUS_MINUS),sum(FGM),sum(FGA),sum(FG3M),sum(FG3A),sum(FTM),sum(FTA),sum(OREB),sum(DREB),sum(REB),sum(AST),sum(STL),sum(BLK),sum(TO),sum(PF),sum(PTS),sum(PLUS_MINUS),sum(ifminute),avg(seconds),sum(seconds)
1610612743,201167,Arron Afflalo,4.168421052631579,8.48421052631579,1.5789473684210527,3.6315789473684212,1.6210526315789473,1.9894736842105263,0.6842105263157895,2.831578947368421,3.5157894736842104,1.9894736842105263,0.6105263157894737,0.4421052631578947,1.105263157894737,2.7578947368421054,11.536842105263158,1.5172413793103448,396.0,806.0,150.0,345.0,154.0,189.0,65.0,269.0,334.0,189.0,58.0,42.0,105.0,262.0,1096.0,132.0,95,1691.7263157894736,160714.0
1610612740,201573,Jerryd Bayless,1.5454545454545454,4.454545454545454,0.2727272727272727,1.2727272727272727,1.1818181818181819,1.5454545454545454,0.18181818181818182,1.1818181818181819,1.3636363636363635,2.5454545454545454,0.18181818181818182,0.09090909090909091,1.5454545454545454,1.4545454545454546,4.545454545454546,0.09090909090909091,17.0,49.0,3.0,14.0,13.0,17.0,2.0,13.0,15.0,28.0,2.0,1.0,17.0,16.0,50.0,1.0,11,810.0,8910.0
1610612756,202220,Zabian Dowdell,2.0,6.0,0.2,0.8,1.2,1.8,0.2,0.6,0.8,1.6,0.4,0.2,1.2,1.4,5.4,"",10.0,30.0,1.0,4.0,6.0,9.0,1.0,3.0,4.0,8.0,2.0,1.0,6.0,7.0,27.0,"",5,12.8,64.0
1610612762,201193,Demetris Nichols,1.75,4.0,0.5,1.5,1.0,1.25,0.0,1.5,1.5,0.75,0.5,0.0,1.0,1.75,5.0,"",7.0,16.0,2.0,6.0,4.0,5.0,0.0,6.0,6.0,3.0,2.0,0.0,4.0,7.0,20.0,"",4,11.0,44.0
1610612763,2739,Luke Jackson,0.0,0.0,0.0,0.0,0.0,0.0,1.0,2.0,3.0,0.0,0.0,0.0,0.0,1.0,0.0,"",0.0,0.0,0.0,0.0,0.0,0.0,1.0,2.0,3.0,0.0,0.0,0.0,0.0,1.0,0.0,"",1,4.0,4.0
