TEAM_ID,PLAYER_ID,PLAYER_NAME,avg(FGM),avg(FGA),avg(FG3M),avg(FG3A),avg(FTM),avg(FTA),avg(OREB),avg(DREB),avg(REB),avg(AST),avg(STL),avg(BLK),avg(TO),avg(PF),avg(PTS),avg(PLUS_MINUS),sum(FGM),sum(FGA),sum(FG3M),sum(FG3A),sum(FTM),sum(FTA),sum(OREB),sum(DREB),sum(REB),sum(AST),sum(STL),sum(BLK),sum(TO),sum(PF),sum(PTS),sum(PLUS_MINUS),sum(ifminute),avg(seconds),sum(seconds)
1610612759,200779,Steve Novak,1.2916666666666667,2.4583333333333335,0.9583333333333334,1.75,0.3333333333333333,0.3333333333333333,0.16666666666666666,0.8333333333333334,1.0,0.125,0.041666666666666664,0.20833333333333334,0.16666666666666666,0.4583333333333333,3.875,-0.9166666666666666,31.0,59.0,23.0,42.0,8.0,8.0,4.0,20.0,24.0,3.0,1.0,5.0,4.0,11.0,93.0,-22.0,24,507.4166666666667,12178.0
1610612739,201623,Semih Erden,1.0,3.5,0.0,0.0,1.25,1.5,1.5,1.25,2.75,0.25,0.5,0.75,0.5,3.0,3.25,-2.5,4.0,14.0,0.0,0.0,5.0,6.0,6.0,5.0,11.0,1.0,2.0,3.0,2.0,12.0,13.0,-10.0,4,960.5,3842.0
