TEAM_ID,PLAYER_ID,PLAYER_NAME,avg(FGM),avg(FGA),avg(FG3M),avg(FG3A),avg(FTM),avg(FTA),avg(OREB),avg(DREB),avg(REB),avg(AST),avg(STL),avg(BLK),avg(TO),avg(PF),avg(PTS),avg(PLUS_MINUS),sum(FGM),sum(FGA),sum(FG3M),sum(FG3A),sum(FTM),sum(FTA),sum(OREB),sum(DREB),sum(REB),sum(AST),sum(STL),sum(BLK),sum(TO),sum(PF),sum(PTS),sum(PLUS_MINUS),sum(ifminute),avg(seconds),sum(seconds)
1610612766,2059,Eduardo Najera,0.7878787878787878,2.272727272727273,0.3333333333333333,1.121212121212121,0.18181818181818182,0.3333333333333333,0.42424242424242425,1.0,1.4242424242424243,0.6363636363636364,0.3333333333333333,0.21212121212121213,0.3939393939393939,1.606060606060606,2.090909090909091,0.3225806451612903,26.0,75.0,11.0,37.0,6.0,11.0,14.0,33.0,47.0,21.0,11.0,7.0,13.0,53.0,69.0,10.0,33,677.2424242424242,22349.0
1610612759,202408,Marcus Cousin,2.0,4.75,0.0,0.0,1.5,2.0,1.75,3.0,4.75,0.5,0.5,1.25,0.75,2.0,5.5,"",8.0,19.0,0.0,0.0,6.0,8.0,7.0,12.0,19.0,2.0,2.0,5.0,3.0,8.0,22.0,"",4,18.5,74.0
