TEAM_ID,PLAYER_ID,PLAYER_NAME,avg(FGM),avg(FGA),avg(FG3M),avg(FG3A),avg(FTM),avg(FTA),avg(OREB),avg(DREB),avg(REB),avg(AST),avg(STL),avg(BLK),avg(TO),avg(PF),avg(PTS),avg(PLUS_MINUS),sum(FGM),sum(FGA),sum(FG3M),sum(FG3A),sum(FTM),sum(FTA),sum(OREB),sum(DREB),sum(REB),sum(AST),sum(STL),sum(BLK),sum(TO),sum(PF),sum(PTS),sum(PLUS_MINUS),sum(ifminute),avg(seconds),sum(seconds)
1610612764,202338,Kevin Seraphin,0.875,2.6875,0.0,0.0,0.375,0.625,1.75,1.0,2.75,0.1875,0.1875,0.625,1.0,2.625,2.125,-2.1666666666666665,14.0,43.0,0.0,0.0,6.0,10.0,28.0,16.0,44.0,3.0,3.0,10.0,16.0,42.0,34.0,-26.0,16,475.5625,7609.0
1610612746,1729,Ricky Davis,1.9473684210526316,4.578947368421052,0.6842105263157895,1.4210526315789473,0.8421052631578947,1.3157894736842106,0.2631578947368421,1.5263157894736843,1.7894736842105263,1.263157894736842,0.42105263157894735,0.05263157894736842,0.8947368421052632,1.3157894736842106,5.421052631578948,-2.8947368421052633,37.0,87.0,13.0,27.0,16.0,25.0,5.0,29.0,34.0,24.0,8.0,1.0,17.0,25.0,103.0,-55.0,19,1019.4736842105264,19370.0
