TEAM_ID,PLAYER_ID,PLAYER_NAME,avg(FGM),avg(FGA),avg(FG3M),avg(FG3A),avg(FTM),avg(FTA),avg(OREB),avg(DREB),avg(REB),avg(AST),avg(STL),avg(BLK),avg(TO),avg(PF),avg(PTS),avg(PLUS_MINUS),sum(FGM),sum(FGA),sum(FG3M),sum(FG3A),sum(FTM),sum(FTA),sum(OREB),sum(DREB),sum(REB),sum(AST),sum(STL),sum(BLK),sum(TO),sum(PF),sum(PTS),sum(PLUS_MINUS),sum(ifminute),avg(seconds),sum(seconds)
1610612765,201155,Rodney Stuckey,5.435897435897436,13.038461538461538,0.2692307692307692,1.1923076923076923,4.3076923076923075,5.038461538461538,0.7948717948717948,2.5,3.2948717948717947,5.141025641025641,1.205128205128205,0.16666666666666666,2.1538461538461537,2.7948717948717947,15.448717948717949,-1.8428571428571427,424.0,1017.0,21.0,93.0,336.0,393.0,62.0,195.0,257.0,401.0,94.0,13.0,168.0,218.0,1205.0,-129.0,78,1737.974358974359,135562.0
1610612743,202197,Shane Edwards,0.0,2.0,0.0,0.0,0.0,0.0,0.0,0.0,0.0,0.0,0.0,1.0,0.0,0.0,0.0,"",0.0,2.0,0.0,0.0,0.0,0.0,0.0,0.0,0.0,0.0,0.0,1.0,0.0,0.0,0.0,"",1,2.0,2.0
1610612749,201975,Jodie Meeks,1.3529411764705883,3.6470588235294117,0.29411764705882354,1.3529411764705883,0.35294117647058826,0.5294117647058824,0.29411764705882354,1.2941176470588236,1.588235294117647,0.29411764705882354,0.23529411764705882,0.0,0.4117647058823529,0.8823529411764706,3.3529411764705883,-0.5294117647058824,23.0,62.0,5.0,23.0,6.0,9.0,5.0,22.0,27.0,5.0,4.0,0.0,7.0,15.0,57.0,-9.0,17,551.5882352941177,9377.0
