TEAM_ID,PLAYER_ID,PLAYER_NAME,avg(FGM),avg(FGA),avg(FG3M),avg(FG3A),avg(FTM),avg(FTA),avg(OREB),avg(DREB),avg(REB),avg(AST),avg(STL),avg(BLK),avg(TO),avg(PF),avg(PTS),avg(PLUS_MINUS),sum(FGM),sum(FGA),sum(FG3M),sum(FG3A),sum(FTM),sum(FTA),sum(OREB),sum(DREB),sum(REB),sum(AST),sum(STL),sum(BLK),sum(TO),sum(PF),sum(PTS),sum(PLUS_MINUS),sum(ifminute),avg(seconds),sum(seconds)
1610612742,978,Peja Stojakovic,2.909090909090909,6.909090909090909,1.6136363636363635,4.136363636363637,0.5,0.5681818181818182,0.38636363636363635,1.8409090909090908,2.227272727272727,0.6590909090909091,0.5227272727272727,0.09090909090909091,0.45454545454545453,0.9772727272727273,7.931818181818182,3.3636363636363638,128.0,304.0,71.0,182.0,22.0,25.0,17.0,81.0,98.0,29.0,23.0,4.0,20.0,43.0,349.0,148.0,44,1166.8863636363637,51343.0
1610612742,200779,Steve Novak,1.4285714285714286,2.7142857142857144,0.7142857142857143,1.5,0.2857142857142857,0.35714285714285715,0.0,1.2142857142857142,1.2142857142857142,0.07142857142857142,0.0,0.0,0.07142857142857142,0.6428571428571429,3.857142857142857,-2.2857142857142856,20.0,38.0,10.0,21.0,4.0,5.0,0.0,17.0,17.0,1.0,0.0,0.0,1.0,9.0,54.0,-16.0,14,82.14285714285714,1150.0
