TEAM_ID,PLAYER_ID,PLAYER_NAME,avg(FGM),avg(FGA),avg(FG3M),avg(FG3A),avg(FTM),avg(FTA),avg(OREB),avg(DREB),avg(REB),avg(AST),avg(STL),avg(BLK),avg(TO),avg(PF),avg(PTS),avg(PLUS_MINUS),sum(FGM),sum(FGA),sum(FG3M),sum(FG3A),sum(FTM),sum(FTA),sum(OREB),sum(DREB),sum(REB),sum(AST),sum(STL),sum(BLK),sum(TO),sum(PF),sum(PTS),sum(PLUS_MINUS),sum(ifminute),avg(seconds),sum(seconds)
1610612764,2240,Gilbert Arenas,6.0,14.88888888888889,2.074074074074074,6.2592592592592595,2.4444444444444446,3.111111111111111,0.2222222222222222,2.962962962962963,3.185185185185185,5.481481481481482,1.3333333333333333,0.48148148148148145,2.888888888888889,3.2222222222222223,16.51851851851852,-4.782608695652174,162.0,402.0,56.0,169.0,66.0,84.0,6.0,80.0,86.0,148.0,36.0,13.0,78.0,87.0,446.0,-110.0,27,1778.6296296296296,48023.0
