TEAM_ID,PLAYER_ID,PLAYER_NAME,avg(FGM),avg(FGA),avg(FG3M),avg(FG3A),avg(FTM),avg(FTA),avg(OREB),avg(DREB),avg(REB),avg(AST),avg(STL),avg(BLK),avg(TO),avg(PF),avg(PTS),avg(PLUS_MINUS),sum(FGM),sum(FGA),sum(FG3M),sum(FG3A),sum(FTM),sum(FTA),sum(OREB),sum(DREB),sum(REB),sum(AST),sum(STL),sum(BLK),sum(TO),sum(PF),sum(PTS),sum(PLUS_MINUS),sum(ifminute),avg(seconds),sum(seconds)
1610612738,101144,Von Wafer,0.8484848484848485,2.0303030303030303,0.36363636363636365,0.8787878787878788,0.6363636363636364,0.7272727272727273,0.09090909090909091,0.5454545454545454,0.6363636363636364,0.3333333333333333,0.24242424242424243,0.09090909090909091,0.6060606060606061,0.5757575757575758,2.696969696969697,0.36,28.0,67.0,12.0,29.0,21.0,24.0,3.0,18.0,21.0,11.0,8.0,3.0,20.0,19.0,89.0,9.0,33,277.4848484848485,9157.0
1610612757,201967,Dante Cunningham,2.0919540229885056,4.333333333333333,0.0,0.08045977011494253,0.6781609195402298,0.9540229885057471,1.0804597701149425,2.103448275862069,3.1839080459770117,0.4367816091954023,0.5747126436781609,0.4482758620689655,0.5057471264367817,2.1724137931034484,4.862068965517241,-0.7,182.0,377.0,0.0,7.0,59.0,83.0,94.0,183.0,277.0,38.0,50.0,39.0,44.0,189.0,423.0,-56.0,87,817.1264367816092,71090.0
1610612747,2756,Sasha Vujacic,1.1451612903225807,2.8225806451612905,0.3870967741935484,1.2419354838709677,0.4838709677419355,0.5967741935483871,0.3870967741935484,0.6935483870967742,1.0806451612903225,0.6774193548387096,0.3225806451612903,0.08064516129032258,0.3387096774193548,1.032258064516129,3.161290322580645,0.034482758620689655,71.0,175.0,24.0,77.0,30.0,37.0,24.0,43.0,67.0,42.0,20.0,5.0,21.0,64.0,196.0,2.0,62,454.258064516129,28164.0
1610612751,200761,Shawne Williams,"","","","","","","","","","","","","","","","","","","","","","","","","","","","","","","","",0,"",""
