TEAM_ID,PLAYER_ID,PLAYER_NAME,avg(FGM),avg(FGA),avg(FG3M),avg(FG3A),avg(FTM),avg(FTA),avg(OREB),avg(DREB),avg(REB),avg(AST),avg(STL),avg(BLK),avg(TO),avg(PF),avg(PTS),avg(PLUS_MINUS),sum(FGM),sum(FGA),sum(FG3M),sum(FG3A),sum(FTM),sum(FTA),sum(OREB),sum(DREB),sum(REB),sum(AST),sum(STL),sum(BLK),sum(TO),sum(PF),sum(PTS),sum(PLUS_MINUS),sum(ifminute),avg(seconds),sum(seconds)
1610612744,202327,Ekpe Udoh,0.6666666666666666,1.5555555555555556,0.0,0.0,0.7777777777777778,0.8888888888888888,0.8888888888888888,1.4444444444444444,2.3333333333333335,1.0,0.2222222222222222,1.2222222222222223,0.8888888888888888,1.3333333333333333,2.111111111111111,-1.4444444444444444,6.0,14.0,0.0,0.0,7.0,8.0,8.0,13.0,21.0,9.0,2.0,11.0,8.0,12.0,19.0,-13.0,9,727.1111111111111,6544.0
1610612753,101138,Brandon Bass,3.0921052631578947,5.973684210526316,0.0,0.02631578947368421,1.7105263157894737,2.013157894736842,1.486842105263158,2.460526315789474,3.9473684210526314,0.618421052631579,0.19736842105263158,0.47368421052631576,1.0394736842105263,1.4736842105263157,7.894736842105263,2.7,235.0,454.0,0.0,2.0,130.0,153.0,113.0,187.0,300.0,47.0,15.0,36.0,79.0,112.0,600.0,189.0,76,916.5,69654.0
1610612748,201202,Joel Anthony,0.7340425531914894,1.5638297872340425,0.0,0.0,0.7553191489361702,1.1170212765957446,1.3829787234042554,1.6914893617021276,3.074468085106383,0.2127659574468085,0.23404255319148937,1.351063829787234,0.5,2.223404255319149,2.223404255319149,2.1363636363636362,69.0,147.0,0.0,0.0,71.0,105.0,130.0,159.0,289.0,20.0,22.0,127.0,47.0,209.0,209.0,188.0,94,976.9042553191489,91829.0
1610612758,201972,Jon Brockman,1.1724137931034482,2.1724137931034484,0.0,0.0,0.8275862068965517,1.3103448275862069,2.103448275862069,2.0344827586206895,4.137931034482759,0.3793103448275862,0.3793103448275862,0.10344827586206896,0.4827586206896552,2.3448275862068964,3.1724137931034484,-2.103448275862069,34.0,63.0,0.0,0.0,24.0,38.0,61.0,59.0,120.0,11.0,11.0,3.0,14.0,68.0,92.0,-61.0,29,842.4137931034483,24430.0
