TEAM_ID,PLAYER_ID,PLAYER_NAME,avg(FGM),avg(FGA),avg(FG3M),avg(FG3A),avg(FTM),avg(FTA),avg(OREB),avg(DREB),avg(REB),avg(AST),avg(STL),avg(BLK),avg(TO),avg(PF),avg(PTS),avg(PLUS_MINUS),sum(FGM),sum(FGA),sum(FG3M),sum(FG3A),sum(FTM),sum(FTA),sum(OREB),sum(DREB),sum(REB),sum(AST),sum(STL),sum(BLK),sum(TO),sum(PF),sum(PTS),sum(PLUS_MINUS),sum(ifminute),avg(seconds),sum(seconds)
1610612755,202342,Craig Brackins,1.8571428571428572,5.285714285714286,0.14285714285714285,1.7142857142857142,0.7142857142857143,1.1428571428571428,0.7142857142857143,1.4285714285714286,2.142857142857143,0.14285714285714285,0.2857142857142857,0.2857142857142857,0.8571428571428571,1.2857142857142858,4.571428571428571,-3.0,13.0,37.0,1.0,12.0,5.0,8.0,5.0,10.0,15.0,1.0,2.0,2.0,6.0,9.0,32.0,-6.0,7,188.14285714285714,1317.0
1610612746,2549,Chris Kaman,6.704918032786885,14.278688524590164,0.0,0.01639344262295082,2.557377049180328,3.3934426229508197,2.1311475409836067,6.590163934426229,8.721311475409836,1.459016393442623,0.39344262295081966,1.180327868852459,2.7049180327868854,2.639344262295082,15.967213114754099,-5.962962962962963,409.0,871.0,0.0,1.0,156.0,207.0,130.0,402.0,532.0,89.0,24.0,72.0,165.0,161.0,974.0,-322.0,61,1669.950819672131,101867.0
1610612754,101129,Luther Head,2.730769230769231,6.461538461538462,0.8461538461538461,2.3076923076923075,1.1923076923076923,1.4230769230769231,0.07692307692307693,1.5384615384615385,1.6153846153846154,1.5,0.38461538461538464,0.07692307692307693,1.0384615384615385,1.3461538461538463,7.5,-2.1538461538461537,71.0,168.0,22.0,60.0,31.0,37.0,2.0,40.0,42.0,39.0,10.0,2.0,27.0,35.0,195.0,-56.0,26,990.2692307692307,25747.0
