TEAM_ID,PLAYER_ID,PLAYER_NAME,avg(FGM),avg(FGA),avg(FG3M),avg(FG3A),avg(FTM),avg(FTA),avg(OREB),avg(DREB),avg(REB),avg(AST),avg(STL),avg(BLK),avg(TO),avg(PF),avg(PTS),avg(PLUS_MINUS),sum(FGM),sum(FGA),sum(FG3M),sum(FG3A),sum(FTM),sum(FTA),sum(OREB),sum(DREB),sum(REB),sum(AST),sum(STL),sum(BLK),sum(TO),sum(PF),sum(PTS),sum(PLUS_MINUS),sum(ifminute),avg(seconds),sum(seconds)
1610612752,201163,Wilson Chandler,6.549295774647887,13.352112676056338,1.1549295774647887,3.2535211267605635,2.23943661971831,2.8450704225352115,1.2112676056338028,4.492957746478873,5.704225352112676,2.0,0.7464788732394366,1.0704225352112675,1.6338028169014085,2.8309859154929575,16.492957746478872,0.3230769230769231,465.0,948.0,82.0,231.0,159.0,202.0,86.0,319.0,405.0,142.0,53.0,76.0,116.0,201.0,1171.0,21.0,71,1966.112676056338,139594.0
