TEAM_ID,PLAYER_ID,PLAYER_NAME,avg(FGM),avg(FGA),avg(FG3M),avg(FG3A),avg(FTM),avg(FTA),avg(OREB),avg(DREB),avg(REB),avg(AST),avg(STL),avg(BLK),avg(TO),avg(PF),avg(PTS),avg(PLUS_MINUS),sum(FGM),sum(FGA),sum(FG3M),sum(FG3A),sum(FTM),sum(FTA),sum(OREB),sum(DREB),sum(REB),sum(AST),sum(STL),sum(BLK),sum(TO),sum(PF),sum(PTS),sum(PLUS_MINUS),sum(ifminute),avg(seconds),sum(seconds)
1610612739,202396,Samardo Samuels,1.5,3.2,0.0,0.0,1.3,1.6,1.0,1.4,2.4,0.4,0.2,0.3,0.9,1.2,4.3,0.0,15.0,32.0,0.0,0.0,13.0,16.0,10.0,14.0,24.0,4.0,2.0,3.0,9.0,12.0,43.0,0.0,10,116.6,1166.0
1610612755,201610,Trent Plaisted,1.0,2.0,0.0,0.0,0.0,0.0,1.0,1.0,2.0,0.0,0.0,0.0,0.0,0.5,2.0,"",2.0,4.0,0.0,0.0,0.0,0.0,2.0,2.0,4.0,0.0,0.0,0.0,0.0,1.0,4.0,"",2,11.0,22.0
1610612749,2429,Dan Gadzuric,1.3636363636363635,2.909090909090909,0.0,0.0,0.3181818181818182,0.8636363636363636,1.2272727272727273,2.0454545454545454,3.272727272727273,0.09090909090909091,0.18181818181818182,0.45454545454545453,0.45454545454545453,1.8636363636363635,3.0454545454545454,1.0,30.0,64.0,0.0,0.0,7.0,19.0,27.0,45.0,72.0,2.0,4.0,10.0,10.0,41.0,67.0,22.0,22,586.0,12892.0
1610612758,2804,Andres Nocioni,2.6,6.822222222222222,1.1333333333333333,2.8444444444444446,0.7555555555555555,0.9333333333333333,0.35555555555555557,2.1777777777777776,2.533333333333333,0.7333333333333333,0.35555555555555557,0.37777777777777777,0.7333333333333333,2.088888888888889,7.088888888888889,-1.6888888888888889,117.0,307.0,51.0,128.0,34.0,42.0,16.0,98.0,114.0,33.0,16.0,17.0,33.0,94.0,319.0,-76.0,45,1005.0666666666667,45228.0
1610612759,201612,Malik Hairston,1.25,2.3214285714285716,0.07142857142857142,0.35714285714285715,0.6071428571428571,0.9285714285714286,0.42857142857142855,0.9642857142857143,1.3928571428571428,0.35714285714285715,0.10714285714285714,0.25,0.25,0.8571428571428571,3.1785714285714284,0.2857142857142857,35.0,65.0,2.0,10.0,17.0,26.0,12.0,27.0,39.0,10.0,3.0,7.0,7.0,24.0,89.0,8.0,28,530.3928571428571,14851.0
1610612741,201570,Joe Alexander,0.125,0.75,0.0,0.125,0.25,0.375,0.25,0.375,0.625,0.25,0.125,0.125,0.0,1.125,0.5,-1.25,1.0,6.0,0.0,1.0,2.0,3.0,2.0,3.0,5.0,2.0,1.0,1.0,0.0,9.0,4.0,-10.0,8,216.875,1735.0
