TEAM_ID,PLAYER_ID,PLAYER_NAME,avg(FGM),avg(FGA),avg(FG3M),avg(FG3A),avg(FTM),avg(FTA),avg(OREB),avg(DREB),avg(REB),avg(AST),avg(STL),avg(BLK),avg(TO),avg(PF),avg(PTS),avg(PLUS_MINUS),sum(FGM),sum(FGA),sum(FG3M),sum(FG3A),sum(FTM),sum(FTA),sum(OREB),sum(DREB),sum(REB),sum(AST),sum(STL),sum(BLK),sum(TO),sum(PF),sum(PTS),sum(PLUS_MINUS),sum(ifminute),avg(seconds),sum(seconds)
1610612756,1713,Vince Carter,8.0,18.5,2.0,6.0,0.5,0.5,1.5,4.0,5.5,2.5,0.5,0.5,2.5,0.5,18.5,4.5,16.0,37.0,4.0,12.0,1.0,1.0,3.0,8.0,11.0,5.0,1.0,1.0,5.0,1.0,37.0,9.0,2,2094.5,4189.0
1610612756,101112,Channing Frye,3.4158415841584158,8.217821782178218,1.7425742574257426,4.623762376237623,1.1287128712871286,1.3267326732673268,0.6831683168316832,4.534653465346534,5.217821782178218,1.099009900990099,0.7326732673267327,1.0198019801980198,0.801980198019802,3.4356435643564356,9.702970297029703,2.2736842105263158,345.0,830.0,176.0,467.0,114.0,134.0,69.0,458.0,527.0,111.0,74.0,103.0,81.0,347.0,980.0,216.0,101,1519.039603960396,153423.0
1610612756,1088,Chucky Atkins,0.3333333333333333,1.6666666666666667,0.0,1.3333333333333333,0.3333333333333333,0.6666666666666666,0.0,0.0,0.0,1.6666666666666667,0.3333333333333333,0.0,0.6666666666666666,1.6666666666666667,1.0,"",1.0,5.0,0.0,4.0,1.0,2.0,0.0,0.0,0.0,5.0,1.0,0.0,2.0,5.0,3.0,"",3,11.333333333333334,34.0
1610612755,2056,Primoz Brezec,0.0,2.0,0.0,0.0,0.0,0.0,0.0,2.0,2.0,0.0,0.0,0.0,0.0,0.0,0.0,-3.0,0.0,2.0,0.0,0.0,0.0,0.0,0.0,2.0,2.0,0.0,0.0,0.0,0.0,0.0,0.0,-3.0,1,194.0,194.0
1610612742,2743,Kris Humphries,1.3333333333333333,3.3333333333333335,0.0,0.0,0.3333333333333333,0.6666666666666666,0.6666666666666666,1.3333333333333333,2.0,0.0,0.3333333333333333,0.6666666666666666,0.3333333333333333,0.3333333333333333,3.0,-6.0,4.0,10.0,0.0,0.0,1.0,2.0,2.0,4.0,6.0,0.0,1.0,2.0,1.0,1.0,9.0,-18.0,3,599.0,1797.0
