TEAM_ID,PLAYER_ID,PLAYER_NAME,avg(FGM),avg(FGA),avg(FG3M),avg(FG3A),avg(FTM),avg(FTA),avg(OREB),avg(DREB),avg(REB),avg(AST),avg(STL),avg(BLK),avg(TO),avg(PF),avg(PTS),avg(PLUS_MINUS),sum(FGM),sum(FGA),sum(FG3M),sum(FG3A),sum(FTM),sum(FTA),sum(OREB),sum(DREB),sum(REB),sum(AST),sum(STL),sum(BLK),sum(TO),sum(PF),sum(PTS),sum(PLUS_MINUS),sum(ifminute),avg(seconds),sum(seconds)
1610612748,2592,James Jones,1.898989898989899,4.434343434343434,1.5555555555555556,3.6161616161616164,0.7777777777777778,0.9090909090909091,0.26262626262626265,1.7575757575757576,2.0202020202020203,0.494949494949495,0.37373737373737376,0.2222222222222222,0.3434343434343434,1.7272727272727273,6.1313131313131315,3.2580645161290325,188.0,439.0,154.0,358.0,77.0,90.0,26.0,174.0,200.0,49.0,37.0,22.0,34.0,171.0,607.0,303.0,99,1105.2929292929293,109424.0
1610612760,1737,Nazr Mohammed,2.3421052631578947,4.342105263157895,0.0,0.0,0.5,0.8947368421052632,1.4473684210526316,2.4473684210526314,3.8947368421052633,0.15789473684210525,0.5263157894736842,0.42105263157894735,0.6578947368421053,2.3684210526315788,5.184210526315789,2.3421052631578947,89.0,165.0,0.0,0.0,19.0,34.0,55.0,93.0,148.0,6.0,20.0,16.0,25.0,90.0,197.0,89.0,38,910.4736842105264,34598.0
1610612763,2216,Zach Randolph,7.648936170212766,15.47872340425532,0.10638297872340426,0.5531914893617021,4.404255319148936,5.73404255319149,4.0212765957446805,7.5,11.52127659574468,2.1702127659574466,0.8723404255319149,0.3829787234042553,1.9787234042553192,2.478723404255319,19.80851063829787,3.0568181818181817,719.0,1455.0,10.0,52.0,414.0,539.0,378.0,705.0,1083.0,204.0,82.0,36.0,186.0,233.0,1862.0,269.0,94,2068.851063829787,194472.0
1610612751,202178,Sundiata Gaines,2.0,4.8,0.4,1.7,1.1,2.0,1.0,1.4,2.4,2.5,0.9,0.0,1.3,1.1,5.5,1.8,20.0,48.0,4.0,17.0,11.0,20.0,10.0,14.0,24.0,25.0,9.0,0.0,13.0,11.0,55.0,18.0,10,875.3,8753.0
1610612762,202421,Ryan Thompson,1.0,2.2,0.0,0.4,0.6,0.6,0.4,0.4,0.8,0.4,0.2,0.0,0.4,1.2,2.6,"",5.0,11.0,0.0,2.0,3.0,3.0,2.0,2.0,4.0,2.0,1.0,0.0,2.0,6.0,13.0,"",5,8.8,44.0
