TEAM_ID,PLAYER_ID,PLAYER_NAME,avg(FGM),avg(FGA),avg(FG3M),avg(FG3A),avg(FTM),avg(FTA),avg(OREB),avg(DREB),avg(REB),avg(AST),avg(STL),avg(BLK),avg(TO),avg(PF),avg(PTS),avg(PLUS_MINUS),sum(FGM),sum(FGA),sum(FG3M),sum(FG3A),sum(FTM),sum(FTA),sum(OREB),sum(DREB),sum(REB),sum(AST),sum(STL),sum(BLK),sum(TO),sum(PF),sum(PTS),sum(PLUS_MINUS),sum(ifminute),avg(seconds),sum(seconds)
1610612756,959,Steve Nash,5.7227722772277225,11.455445544554456,1.1683168316831682,3.00990099009901,2.9702970297029703,3.267326732673267,0.38613861386138615,3.0297029702970297,3.4158415841584158,10.356435643564357,0.5445544554455446,0.07920792079207921,3.5742574257425743,1.2475247524752475,15.584158415841584,4.344086021505376,578.0,1157.0,118.0,304.0,300.0,330.0,39.0,306.0,345.0,1046.0,55.0,8.0,361.0,126.0,1574.0,404.0,101,1805.7227722772277,182378.0
1610612754,201177,Josh McRoberts,2.283582089552239,4.522388059701493,0.3880597014925373,1.1194029850746268,0.7164179104477612,1.2388059701492538,1.2537313432835822,3.328358208955224,4.582089552238806,1.7164179104477613,0.7313432835820896,0.6865671641791045,1.0597014925373134,2.4328358208955225,5.6716417910447765,-0.03278688524590164,153.0,303.0,26.0,75.0,48.0,83.0,84.0,223.0,307.0,115.0,49.0,46.0,71.0,163.0,380.0,-2.0,67,963.2985074626865,64541.0
1610612754,201579,Roy Hibbert,5.386363636363637,11.329545454545455,0.022727272727272728,0.056818181818181816,2.534090909090909,3.3863636363636362,2.3636363636363638,4.386363636363637,6.75,2.4318181818181817,0.38636363636363635,1.7727272727272727,1.9886363636363635,3.375,13.329545454545455,1.1728395061728396,474.0,997.0,2.0,5.0,223.0,298.0,208.0,386.0,594.0,214.0,34.0,156.0,175.0,297.0,1173.0,95.0,88,1520.5,133804.0
1610612748,2034,Mike Miller,1.875,5.5,1.0,3.5,0.5,0.75,0.625,2.625,3.25,1.375,0.5,0.0,0.625,1.875,5.25,2.25,15.0,44.0,8.0,28.0,4.0,6.0,5.0,21.0,26.0,11.0,4.0,0.0,5.0,15.0,42.0,9.0,8,250.125,2001.0
1610612758,2137,Ime Udoka,1.2666666666666666,3.466666666666667,0.4222222222222222,1.3555555555555556,0.4444444444444444,0.6444444444444445,0.8222222222222222,2.066666666666667,2.888888888888889,0.7555555555555555,0.4222222222222222,0.1111111111111111,0.5555555555555556,1.0444444444444445,3.4,-1.3333333333333333,57.0,156.0,19.0,61.0,20.0,29.0,37.0,93.0,130.0,34.0,19.0,5.0,25.0,47.0,153.0,-60.0,45,787.3777777777777,35432.0
