TEAM_ID,PLAYER_ID,PLAYER_NAME,avg(FGM),avg(FGA),avg(FG3M),avg(FG3A),avg(FTM),avg(FTA),avg(OREB),avg(DREB),avg(REB),avg(AST),avg(STL),avg(BLK),avg(TO),avg(PF),avg(PTS),avg(PLUS_MINUS),sum(FGM),sum(FGA),sum(FG3M),sum(FG3A),sum(FTM),sum(FTA),sum(OREB),sum(DREB),sum(REB),sum(AST),sum(STL),sum(BLK),sum(TO),sum(PF),sum(PTS),sum(PLUS_MINUS),sum(ifminute),avg(seconds),sum(seconds)
1610612743,2030,Kenyon Martin,3.943396226415094,7.773584905660377,0.03773584905660377,0.16981132075471697,1.0,1.6981132075471699,1.3773584905660377,4.962264150943396,6.339622641509434,2.207547169811321,0.8490566037735849,0.6981132075471698,1.2452830188679245,2.9056603773584904,8.924528301886792,3.339622641509434,209.0,412.0,2.0,9.0,53.0,90.0,73.0,263.0,336.0,117.0,45.0,37.0,66.0,154.0,473.0,177.0,53,1563.7924528301887,82881.0
1610612750,201567,Kevin Love,6.54320987654321,13.802469135802468,1.2592592592592593,2.9012345679012346,5.62962962962963,6.6419753086419755,4.320987654320987,10.45679012345679,14.777777777777779,2.432098765432099,0.5802469135802469,0.3950617283950617,2.0987654320987654,2.0864197530864197,19.97530864197531,-3.7260273972602738,530.0,1118.0,102.0,235.0,456.0,538.0,350.0,847.0,1197.0,197.0,47.0,32.0,170.0,169.0,1618.0,-272.0,81,1936.2222222222222,156834.0
1610612752,101109,Raymond Felton,5.983606557377049,14.21311475409836,1.5573770491803278,4.655737704918033,2.8524590163934427,3.278688524590164,0.7540983606557377,2.7704918032786887,3.5245901639344264,8.655737704918034,1.6885245901639345,0.19672131147540983,3.180327868852459,2.0655737704918034,16.37704918032787,-0.5555555555555556,365.0,867.0,95.0,284.0,174.0,200.0,46.0,169.0,215.0,528.0,103.0,12.0,194.0,126.0,999.0,-30.0,61,2043.4918032786886,124653.0
1610612751,201944,Terrence Williams,4.117647058823529,9.529411764705882,0.4117647058823529,1.3529411764705883,1.1764705882352942,1.6470588235294117,0.4117647058823529,3.411764705882353,3.823529411764706,3.235294117647059,0.4117647058823529,0.11764705882352941,2.8823529411764706,2.0,9.823529411764707,-6.0,70.0,162.0,7.0,23.0,20.0,28.0,7.0,58.0,65.0,55.0,7.0,2.0,49.0,34.0,167.0,-60.0,17,736.4705882352941,12520.0
