TEAM_ID,PLAYER_ID,PLAYER_NAME,avg(FGM),avg(FGA),avg(FG3M),avg(FG3A),avg(FTM),avg(FTA),avg(OREB),avg(DREB),avg(REB),avg(AST),avg(STL),avg(BLK),avg(TO),avg(PF),avg(PTS),avg(PLUS_MINUS),sum(FGM),sum(FGA),sum(FG3M),sum(FG3A),sum(FTM),sum(FTA),sum(OREB),sum(DREB),sum(REB),sum(AST),sum(STL),sum(BLK),sum(TO),sum(PF),sum(PTS),sum(PLUS_MINUS),sum(ifminute),avg(seconds),sum(seconds)
1610612755,1499,Tony Battie,1.4166666666666667,2.8333333333333335,0.041666666666666664,0.08333333333333333,0.25,0.4583333333333333,0.5833333333333334,2.4583333333333335,3.0416666666666665,0.3333333333333333,0.16666666666666666,0.6666666666666666,0.25,1.375,3.125,-0.7727272727272727,34.0,68.0,1.0,2.0,6.0,11.0,14.0,59.0,73.0,8.0,4.0,16.0,6.0,33.0,75.0,-17.0,24,606.0416666666666,14545.0
1610612743,201951,Ty Lawson,3.6923076923076925,7.243589743589744,0.782051282051282,1.8974358974358974,2.0384615384615383,2.8076923076923075,0.6923076923076923,1.2307692307692308,1.9230769230769231,3.628205128205128,0.7051282051282052,0.07692307692307693,1.4871794871794872,1.5384615384615385,10.205128205128204,0.9142857142857143,288.0,565.0,61.0,148.0,159.0,219.0,54.0,96.0,150.0,283.0,55.0,6.0,116.0,120.0,796.0,64.0,78,1193.576923076923,93099.0
1610612746,202417,Stephen Dennis,1.6666666666666667,4.666666666666667,0.0,1.3333333333333333,1.0,1.3333333333333333,0.3333333333333333,1.6666666666666667,2.0,2.3333333333333335,1.3333333333333333,0.0,2.0,1.6666666666666667,4.333333333333333,"",5.0,14.0,0.0,4.0,3.0,4.0,1.0,5.0,6.0,7.0,4.0,0.0,6.0,5.0,13.0,"",3,18.0,54.0
1610612744,201229,Anthony Tolliver,4.386363636363637,10.181818181818182,1.1363636363636365,3.4318181818181817,2.340909090909091,3.0454545454545454,1.9090909090909092,5.340909090909091,7.25,1.9772727272727273,0.7272727272727273,0.75,1.0454545454545454,2.8863636363636362,12.25,0.0,193.0,448.0,50.0,151.0,103.0,134.0,84.0,235.0,319.0,87.0,32.0,33.0,46.0,127.0,539.0,0.0,44,1941.0681818181818,85407.0
1610612742,101144,Von Wafer,"","","","","","","","","","","","","","","","","","","","","","","","","","","","","","","","",0,"",""
