TEAM_ID,PLAYER_ID,PLAYER_NAME,avg(FGM),avg(FGA),avg(FG3M),avg(FG3A),avg(FTM),avg(FTA),avg(OREB),avg(DREB),avg(REB),avg(AST),avg(STL),avg(BLK),avg(TO),avg(PF),avg(PTS),avg(PLUS_MINUS),sum(FGM),sum(FGA),sum(FG3M),sum(FG3A),sum(FTM),sum(FTA),sum(OREB),sum(DREB),sum(REB),sum(AST),sum(STL),sum(BLK),sum(TO),sum(PF),sum(PTS),sum(PLUS_MINUS),sum(ifminute),avg(seconds),sum(seconds)
1610612747,200769,Shannon Brown,3.263157894736842,7.552631578947368,0.9210526315789473,2.491228070175439,1.280701754385965,1.5087719298245614,0.4649122807017544,1.719298245614035,2.1842105263157894,1.2719298245614035,0.7631578947368421,0.38596491228070173,0.8771929824561403,1.7105263157894737,8.728070175438596,1.0560747663551402,372.0,861.0,105.0,284.0,146.0,172.0,53.0,196.0,249.0,145.0,87.0,44.0,100.0,195.0,995.0,113.0,114,1105.3859649122808,126014.0
1610612766,201187,Dominic McGuire,1.2857142857142858,4.095238095238095,0.0,0.047619047619047616,0.7619047619047619,1.0,1.3333333333333333,3.238095238095238,4.571428571428571,0.8571428571428571,0.14285714285714285,0.7619047619047619,0.7142857142857143,2.1904761904761907,3.3333333333333335,-3.4444444444444446,27.0,86.0,0.0,1.0,16.0,21.0,28.0,68.0,96.0,18.0,3.0,16.0,15.0,46.0,70.0,-62.0,21,872.0,18312.0
1610612761,201573,Jerryd Bayless,3.5294117647058822,8.235294117647058,0.9411764705882353,2.6470588235294117,2.411764705882353,3.235294117647059,0.5882352941176471,2.4705882352941178,3.0588235294117645,4.0,0.47058823529411764,0.0,1.7647058823529411,1.8823529411764706,10.411764705882353,-2.8823529411764706,60.0,140.0,16.0,45.0,41.0,55.0,10.0,42.0,52.0,68.0,8.0,0.0,30.0,32.0,177.0,-49.0,17,1311.4117647058824,22294.0
1610612743,2546,Carmelo Anthony,9.041666666666666,20.375,0.8333333333333334,2.7916666666666665,6.875,8.416666666666666,2.1805555555555554,5.25,7.430555555555555,3.2083333333333335,1.3055555555555556,0.5694444444444444,3.013888888888889,3.125,25.791666666666668,3.283582089552239,651.0,1467.0,60.0,201.0,495.0,606.0,157.0,378.0,535.0,231.0,94.0,41.0,217.0,225.0,1857.0,220.0,72,2110.0555555555557,151924.0
