TEAM_ID,PLAYER_ID,PLAYER_NAME,avg(FGM),avg(FGA),avg(FG3M),avg(FG3A),avg(FTM),avg(FTA),avg(OREB),avg(DREB),avg(REB),avg(AST),avg(STL),avg(BLK),avg(TO),avg(PF),avg(PTS),avg(PLUS_MINUS),sum(FGM),sum(FGA),sum(FG3M),sum(FG3A),sum(FTM),sum(FTA),sum(OREB),sum(DREB),sum(REB),sum(AST),sum(STL),sum(BLK),sum(TO),sum(PF),sum(PTS),sum(PLUS_MINUS),sum(ifminute),avg(seconds),sum(seconds)
1610612738,406,Shaquille O'Neal,3.8518518518518516,5.777777777777778,0.0,0.0,2.4444444444444446,4.185185185185185,1.5555555555555556,3.8518518518518516,5.407407407407407,0.7037037037037037,0.4074074074074074,0.8148148148148148,1.7037037037037037,3.5185185185185186,10.148148148148149,6.2727272727272725,104.0,156.0,0.0,0.0,66.0,113.0,42.0,104.0,146.0,19.0,11.0,22.0,46.0,95.0,274.0,138.0,27,1027.4444444444443,27741.0
1610612761,101127,Jarrett Jack,4.1571428571428575,8.67142857142857,0.8714285714285714,2.1285714285714286,2.9714285714285715,3.4571428571428573,0.4142857142857143,2.5142857142857142,2.9285714285714284,5.128571428571429,0.8428571428571429,0.05714285714285714,2.1285714285714286,1.9142857142857144,12.157142857142857,-2.5483870967741935,291.0,607.0,61.0,149.0,208.0,242.0,29.0,176.0,205.0,359.0,59.0,4.0,149.0,134.0,851.0,-158.0,70,1432.6142857142856,100283.0
1610612750,2863,Damien Wilkins,1.9791666666666667,4.333333333333333,0.25,0.7291666666666666,1.1458333333333333,1.4791666666666667,0.7083333333333334,1.9166666666666667,2.625,1.5416666666666667,0.7916666666666666,0.3541666666666667,0.8958333333333334,1.8333333333333333,5.354166666666667,-2.7083333333333335,95.0,208.0,12.0,35.0,55.0,71.0,34.0,92.0,126.0,74.0,38.0,17.0,43.0,88.0,257.0,-130.0,48,1162.375,55794.0
