TEAM_ID,PLAYER_ID,PLAYER_NAME,avg(FGM),avg(FGA),avg(FG3M),avg(FG3A),avg(FTM),avg(FTA),avg(OREB),avg(DREB),avg(REB),avg(AST),avg(STL),avg(BLK),avg(TO),avg(PF),avg(PTS),avg(PLUS_MINUS),sum(FGM),sum(FGA),sum(FG3M),sum(FG3A),sum(FTM),sum(FTA),sum(OREB),sum(DREB),sum(REB),sum(AST),sum(STL),sum(BLK),sum(TO),sum(PF),sum(PTS),sum(PLUS_MINUS),sum(ifminute),avg(seconds),sum(seconds)
1610612737,201952,Jeff Teague,2.246913580246914,5.0246913580246915,0.2345679012345679,0.7777777777777778,1.2592592592592593,1.5925925925925926,0.13580246913580246,1.3950617283950617,1.5308641975308641,2.197530864197531,0.6666666666666666,0.345679012345679,1.037037037037037,1.2345679012345678,5.987654320987654,-1.2307692307692308,182.0,407.0,19.0,63.0,102.0,129.0,11.0,113.0,124.0,178.0,54.0,28.0,84.0,100.0,485.0,-96.0,81,890.4197530864197,72124.0
1610612757,202419,Chris Johnson,0.5714285714285714,1.3571428571428572,0.0,0.0,1.0714285714285714,1.4285714285714286,0.7857142857142857,1.5,2.2857142857142856,0.14285714285714285,0.21428571428571427,0.5714285714285714,0.5714285714285714,1.5,2.2142857142857144,-2.4285714285714284,8.0,19.0,0.0,0.0,15.0,20.0,11.0,21.0,32.0,2.0,3.0,8.0,8.0,21.0,31.0,-34.0,14,536.7857142857143,7515.0
1610612751,2429,Dan Gadzuric,1.2142857142857142,2.9285714285714284,0.0,0.0,0.35714285714285715,0.9285714285714286,1.2857142857142858,2.2142857142857144,3.5,0.21428571428571427,0.21428571428571427,0.7857142857142857,0.5714285714285714,2.0,2.7857142857142856,-1.2857142857142858,17.0,41.0,0.0,0.0,5.0,13.0,18.0,31.0,49.0,3.0,3.0,11.0,8.0,28.0,39.0,-18.0,14,709.2857142857143,9930.0
1610612766,2679,Matt Carroll,1.5573770491803278,3.5901639344262297,0.3114754098360656,0.819672131147541,0.7868852459016393,1.0491803278688525,0.21311475409836064,1.0819672131147542,1.2950819672131149,0.5245901639344263,0.3770491803278688,0.11475409836065574,0.45901639344262296,0.8360655737704918,4.213114754098361,-1.1851851851851851,95.0,219.0,19.0,50.0,48.0,64.0,13.0,66.0,79.0,32.0,23.0,7.0,28.0,51.0,257.0,-64.0,61,574.0983606557377,35020.0
