TEAM_ID,PLAYER_ID,PLAYER_NAME,avg(FGM),avg(FGA),avg(FG3M),avg(FG3A),avg(FTM),avg(FTA),avg(OREB),avg(DREB),avg(REB),avg(AST),avg(STL),avg(BLK),avg(TO),avg(PF),avg(PTS),avg(PLUS_MINUS),sum(FGM),sum(FGA),sum(FG3M),sum(FG3A),sum(FTM),sum(FTA),sum(OREB),sum(DREB),sum(REB),sum(AST),sum(STL),sum(BLK),sum(TO),sum(PF),sum(PTS),sum(PLUS_MINUS),sum(ifminute),avg(seconds),sum(seconds)
1610612738,406,Shaquille O'Neal,3.477272727272727,5.204545454545454,0.0,0.0,1.8636363636363635,3.3636363636363638,1.25,3.340909090909091,4.590909090909091,0.7272727272727273,0.4318181818181818,1.0227272727272727,1.4772727272727273,3.227272727272727,8.818181818181818,4.948717948717949,153.0,229.0,0.0,0.0,82.0,148.0,55.0,147.0,202.0,32.0,19.0,45.0,65.0,142.0,388.0,193.0,44,1043.1136363636363,45897.0
1610612739,1884,Baron Davis,5.0,11.866666666666667,2.4,5.8,1.4666666666666666,1.8,0.4,2.0,2.4,6.133333333333334,1.0666666666666667,0.4,2.6,1.9333333333333333,13.866666666666667,-0.8,75.0,178.0,36.0,87.0,22.0,27.0,6.0,30.0,36.0,92.0,16.0,6.0,39.0,29.0,208.0,-12.0,15,1521.8,22827.0
1610612757,2260,Jarron Collins,0.2,1.2,0.0,0.0,0.0,0.0,1.4,0.0,1.4,0.2,0.0,0.0,0.4,1.0,0.4,-0.8,1.0,6.0,0.0,0.0,0.0,0.0,7.0,0.0,7.0,1.0,0.0,0.0,2.0,5.0,2.0,-4.0,5,293.6,1468.0
1610612752,202360,Andy Rautins,0.9090909090909091,2.5454545454545454,0.5454545454545454,2.090909090909091,0.09090909090909091,0.18181818181818182,0.0,0.7272727272727273,0.7272727272727273,0.7272727272727273,0.45454545454545453,0.18181818181818182,1.3636363636363635,0.6363636363636364,2.4545454545454546,-2.2,10.0,28.0,6.0,23.0,1.0,2.0,0.0,8.0,8.0,8.0,5.0,2.0,15.0,7.0,27.0,-11.0,11,138.45454545454547,1523.0
1610612741,201949,James Johnson,2.0,4.333333333333333,0.23809523809523808,0.7619047619047619,1.0,1.8095238095238095,0.5714285714285714,1.4761904761904763,2.0476190476190474,1.1904761904761905,0.6666666666666666,0.6666666666666666,1.2857142857142858,2.2857142857142856,5.238095238095238,1.3846153846153846,42.0,91.0,5.0,16.0,21.0,38.0,12.0,31.0,43.0,25.0,14.0,14.0,27.0,48.0,110.0,18.0,21,357.8095238095238,7514.0
