TEAM_ID,PLAYER_ID,PLAYER_NAME,avg(FGM),avg(FGA),avg(FG3M),avg(FG3A),avg(FTM),avg(FTA),avg(OREB),avg(DREB),avg(REB),avg(AST),avg(STL),avg(BLK),avg(TO),avg(PF),avg(PTS),avg(PLUS_MINUS),sum(FGM),sum(FGA),sum(FG3M),sum(FG3A),sum(FTM),sum(FTA),sum(OREB),sum(DREB),sum(REB),sum(AST),sum(STL),sum(BLK),sum(TO),sum(PF),sum(PTS),sum(PLUS_MINUS),sum(ifminute),avg(seconds),sum(seconds)
1610612764,201154,Al Thornton,3.7857142857142856,8.285714285714286,0.16071428571428573,0.6964285714285714,1.9821428571428572,2.732142857142857,1.2678571428571428,2.482142857142857,3.75,1.2142857142857142,0.7142857142857143,0.44642857142857145,1.2142857142857142,2.267857142857143,9.714285714285714,-4.372549019607843,212.0,464.0,9.0,39.0,111.0,153.0,71.0,139.0,210.0,68.0,40.0,25.0,68.0,127.0,544.0,-223.0,56,1460.232142857143,81773.0
1610612738,201186,Stephane Lasme,1.5714285714285714,2.4285714285714284,0.0,0.0,1.0,1.2857142857142858,0.8571428571428571,1.7142857142857142,2.5714285714285716,0.5714285714285714,0.0,0.42857142857142855,1.4285714285714286,2.4285714285714284,4.142857142857143,"",11.0,17.0,0.0,0.0,7.0,9.0,6.0,12.0,18.0,4.0,0.0,3.0,10.0,17.0,29.0,"",7,12.571428571428571,88.0
1610612744,201228,C.J. Watson,4.0,8.9,0.5,2.075,2.325,3.05,0.5,2.125,2.625,2.925,1.525,0.025,1.125,2.1,10.825,-0.575,160.0,356.0,20.0,83.0,93.0,122.0,20.0,85.0,105.0,117.0,61.0,1.0,45.0,84.0,433.0,-23.0,40,1672.75,66910.0
1610612740,2443,Darius Songaila,3.4,7.222222222222222,0.022222222222222223,0.06666666666666667,0.9777777777777777,1.2444444444444445,0.7333333333333333,2.533333333333333,3.2666666666666666,1.0222222222222221,0.9111111111111111,0.15555555555555556,1.0888888888888888,2.8444444444444446,7.8,-0.9111111111111111,153.0,325.0,1.0,3.0,44.0,56.0,33.0,114.0,147.0,46.0,41.0,7.0,49.0,128.0,351.0,-41.0,45,1219.2,54864.0
