TEAM_ID,PLAYER_ID,PLAYER_NAME,avg(FGM),avg(FGA),avg(FG3M),avg(FG3A),avg(FTM),avg(FTA),avg(OREB),avg(DREB),avg(REB),avg(AST),avg(STL),avg(BLK),avg(TO),avg(PF),avg(PTS),avg(PLUS_MINUS),sum(FGM),sum(FGA),sum(FG3M),sum(FG3A),sum(FTM),sum(FTA),sum(OREB),sum(DREB),sum(REB),sum(AST),sum(STL),sum(BLK),sum(TO),sum(PF),sum(PTS),sum(PLUS_MINUS),sum(ifminute),avg(seconds),sum(seconds)
1610612742,2199,Tyson Chandler,3.3333333333333335,5.196078431372549,0.0,0.0,2.784313725490196,3.9215686274509802,2.892156862745098,6.137254901960785,9.029411764705882,0.4117647058823529,0.5196078431372549,1.0,1.088235294117647,3.323529411764706,9.450980392156863,4.136842105263158,340.0,530.0,0.0,0.0,284.0,400.0,295.0,626.0,921.0,42.0,53.0,102.0,111.0,339.0,964.0,393.0,102,1611.9411764705883,164418.0
1610612750,2557,Luke Ridnour,4.329113924050633,9.379746835443038,1.0632911392405062,2.481012658227848,1.8860759493670887,2.1139240506329116,0.5443037974683544,2.3164556962025316,2.8607594936708862,5.341772151898734,1.3164556962025316,0.1518987341772152,2.189873417721519,2.1139240506329116,11.60759493670886,-3.464788732394366,342.0,741.0,84.0,196.0,149.0,167.0,43.0,183.0,226.0,422.0,104.0,12.0,173.0,167.0,917.0,-246.0,79,1642.6835443037974,129772.0
1610612743,2408,Melvin Ely,1.105263157894737,1.9210526315789473,0.0,0.0,0.42105263157894735,0.7631578947368421,0.8947368421052632,1.8157894736842106,2.710526315789474,0.42105263157894735,0.23684210526315788,0.39473684210526316,0.8421052631578947,1.9210526315789473,2.6315789473684212,0.3,42.0,73.0,0.0,0.0,16.0,29.0,34.0,69.0,103.0,16.0,9.0,15.0,32.0,73.0,100.0,9.0,38,582.8947368421053,22150.0
1610612755,2574,Jason Kapono,0.8709677419354839,2.4193548387096775,0.3225806451612903,0.967741935483871,0.12903225806451613,0.1935483870967742,0.12903225806451613,0.6129032258064516,0.7419354838709677,0.3225806451612903,0.16129032258064516,0.03225806451612903,0.22580645161290322,0.5806451612903226,2.193548387096774,1.4583333333333333,27.0,75.0,10.0,30.0,4.0,6.0,4.0,19.0,23.0,10.0,5.0,1.0,7.0,18.0,68.0,35.0,31,219.58064516129033,6807.0
