TEAM_ID,PLAYER_ID,PLAYER_NAME,avg(FGM),avg(FGA),avg(FG3M),avg(FG3A),avg(FTM),avg(FTA),avg(OREB),avg(DREB),avg(REB),avg(AST),avg(STL),avg(BLK),avg(TO),avg(PF),avg(PTS),avg(PLUS_MINUS),sum(FGM),sum(FGA),sum(FG3M),sum(FG3A),sum(FTM),sum(FTA),sum(OREB),sum(DREB),sum(REB),sum(AST),sum(STL),sum(BLK),sum(TO),sum(PF),sum(PTS),sum(PLUS_MINUS),sum(ifminute),avg(seconds),sum(seconds)
1610612740,201160,Jason Smith,2.3658536585365852,5.317073170731708,0.0,0.024390243902439025,1.3170731707317074,1.4634146341463414,1.5121951219512195,2.5853658536585367,4.097560975609756,0.6341463414634146,0.36585365853658536,0.5609756097560976,0.9024390243902439,2.268292682926829,6.048780487804878,1.0909090909090908,97.0,218.0,0.0,1.0,54.0,60.0,62.0,106.0,168.0,26.0,15.0,23.0,37.0,93.0,248.0,36.0,41,815.9024390243902,33452.0
1610612763,2216,Zach Randolph,7.511904761904762,15.678571428571429,0.17857142857142858,0.6785714285714286,4.333333333333333,5.857142857142857,3.7261904761904763,7.892857142857143,11.619047619047619,1.75,0.9285714285714286,0.36904761904761907,1.9047619047619047,2.5595238095238093,19.535714285714285,0.8333333333333334,631.0,1317.0,15.0,57.0,364.0,492.0,313.0,663.0,976.0,147.0,78.0,31.0,160.0,215.0,1641.0,65.0,84,2088.5476190476193,175438.0
1610612739,201207,Coby Karl,"","","","","","","","","","","","","","","","","","","","","","","","","","","","","","","","",0,"",""
