TEAM_ID,PLAYER_ID,PLAYER_NAME,avg(FGM),avg(FGA),avg(FG3M),avg(FG3A),avg(FTM),avg(FTA),avg(OREB),avg(DREB),avg(REB),avg(AST),avg(STL),avg(BLK),avg(TO),avg(PF),avg(PTS),avg(PLUS_MINUS),sum(FGM),sum(FGA),sum(FG3M),sum(FG3A),sum(FTM),sum(FTA),sum(OREB),sum(DREB),sum(REB),sum(AST),sum(STL),sum(BLK),sum(TO),sum(PF),sum(PTS),sum(PLUS_MINUS),sum(ifminute),avg(seconds),sum(seconds)
1610612757,202083,Wesley Matthews,5.236559139784946,11.580645161290322,1.8064516129032258,4.451612903225806,3.225806451612903,3.827956989247312,0.6021505376344086,2.3870967741935485,2.989247311827957,1.935483870967742,1.1505376344086022,0.11827956989247312,1.6236559139784945,2.3548387096774195,15.505376344086022,1.4886363636363635,487.0,1077.0,168.0,414.0,300.0,356.0,56.0,222.0,278.0,180.0,107.0,11.0,151.0,219.0,1442.0,131.0,93,1911.0645161290322,177729.0
1610612761,101181,Jose Calderon,3.6447368421052633,8.447368421052632,0.7763157894736842,2.210526315789474,1.3157894736842106,1.5394736842105263,0.42105263157894735,2.3289473684210527,2.75,8.513157894736842,1.1578947368421053,0.10526315789473684,2.0921052631578947,2.0657894736842106,9.381578947368421,-2.485294117647059,277.0,642.0,59.0,168.0,100.0,117.0,32.0,177.0,209.0,647.0,88.0,8.0,159.0,157.0,713.0,-169.0,76,1661.8552631578948,126301.0
1610612765,201649,Vernon Hamilton,0.0,0.4,0.0,0.0,0.0,0.0,0.2,0.6,0.8,0.6,0.0,0.0,0.0,1.0,0.0,"",0.0,2.0,0.0,0.0,0.0,0.0,1.0,3.0,4.0,3.0,0.0,0.0,0.0,5.0,0.0,"",5,3.8,19.0
1610612757,202074,Raymond Sykes,1.0,2.25,0.0,0.0,1.0,1.5,0.75,0.25,1.0,0.25,0.25,0.75,0.75,1.75,3.0,"",4.0,9.0,0.0,0.0,4.0,6.0,3.0,1.0,4.0,1.0,1.0,3.0,3.0,7.0,12.0,"",4,9.5,38.0
