TEAM_ID,PLAYER_ID,PLAYER_NAME,avg(FGM),avg(FGA),avg(FG3M),avg(FG3A),avg(FTM),avg(FTA),avg(OREB),avg(DREB),avg(REB),avg(AST),avg(STL),avg(BLK),avg(TO),avg(PF),avg(PTS),avg(PLUS_MINUS),sum(FGM),sum(FGA),sum(FG3M),sum(FG3A),sum(FTM),sum(FTA),sum(OREB),sum(DREB),sum(REB),sum(AST),sum(STL),sum(BLK),sum(TO),sum(PF),sum(PTS),sum(PLUS_MINUS),sum(ifminute),avg(seconds),sum(seconds)
1610612747,101115,Andrew Bynum,4.852941176470588,8.529411764705882,0.0,0.0,2.3823529411764706,3.338235294117647,2.588235294117647,5.088235294117647,7.676470588235294,0.7352941176470589,0.39705882352941174,1.338235294117647,1.3676470588235294,2.6323529411764706,12.088235294117647,1.9264705882352942,330.0,580.0,0.0,0.0,162.0,227.0,176.0,346.0,522.0,50.0,27.0,91.0,93.0,179.0,822.0,131.0,68,1599.8088235294117,108787.0
1610612757,201965,Jeff Ayres,0.9743589743589743,1.435897435897436,0.0,0.0,0.41025641025641024,0.46153846153846156,0.5128205128205128,1.435897435897436,1.9487179487179487,0.07692307692307693,0.23076923076923078,0.41025641025641024,0.3076923076923077,1.8974358974358974,2.358974358974359,-0.7027027027027027,38.0,56.0,0.0,0.0,16.0,18.0,20.0,56.0,76.0,3.0,9.0,16.0,12.0,74.0,92.0,-26.0,39,519.6153846153846,20265.0
1610612758,200756,Hilton Armstrong,0.6666666666666666,2.0,0.0,0.0,0.3333333333333333,0.3333333333333333,0.8333333333333334,1.5,2.3333333333333335,0.3333333333333333,0.3333333333333333,0.6666666666666666,0.6666666666666666,0.8333333333333334,1.6666666666666667,1.3333333333333333,4.0,12.0,0.0,0.0,2.0,2.0,5.0,9.0,14.0,2.0,2.0,4.0,4.0,5.0,10.0,8.0,6,560.0,3360.0
