TEAM_ID,PLAYER_ID,PLAYER_NAME,avg(FGM),avg(FGA),avg(FG3M),avg(FG3A),avg(FTM),avg(FTA),avg(OREB),avg(DREB),avg(REB),avg(AST),avg(STL),avg(BLK),avg(TO),avg(PF),avg(PTS),avg(PLUS_MINUS),sum(FGM),sum(FGA),sum(FG3M),sum(FG3A),sum(FTM),sum(FTA),sum(OREB),sum(DREB),sum(REB),sum(AST),sum(STL),sum(BLK),sum(TO),sum(PF),sum(PTS),sum(PLUS_MINUS),sum(ifminute),avg(seconds),sum(seconds)
1610612747,2200,Pau Gasol,7.138888888888889,13.546296296296296,0.0,0.06481481481481481,4.5092592592592595,5.824074074074074,3.7037037037037037,7.092592592592593,10.796296296296296,3.5185185185185186,0.5555555555555556,1.8518518518518519,1.9907407407407407,2.537037037037037,18.787037037037038,4.7227722772277225,771.0,1463.0,0.0,7.0,487.0,629.0,400.0,766.0,1166.0,380.0,60.0,200.0,215.0,274.0,2029.0,477.0,108,2126.990740740741,229715.0
1610612764,1740,Rashard Lewis,5.4,13.0,1.6,4.4,0.8,1.0,2.2,5.0,7.2,3.2,0.8,0.8,1.8,2.8,13.2,-0.6,27.0,65.0,8.0,22.0,4.0,5.0,11.0,25.0,36.0,16.0,4.0,4.0,9.0,14.0,66.0,-3.0,5,2161.8,10809.0
1610612761,201942,DeMar DeRozan,4.238095238095238,8.630952380952381,0.03571428571428571,0.34523809523809523,2.761904761904762,3.761904761904762,0.8690476190476191,2.25,3.119047619047619,1.1071428571428572,0.6547619047619048,0.19047619047619047,1.0238095238095237,2.369047619047619,11.273809523809524,-5.118421052631579,356.0,725.0,3.0,29.0,232.0,316.0,73.0,189.0,262.0,93.0,55.0,16.0,86.0,199.0,947.0,-389.0,84,1448.4404761904761,121669.0
1610612746,200783,Craig Smith,3.1066666666666665,5.426666666666667,0.0,0.09333333333333334,1.8933333333333333,2.8133333333333335,1.4133333333333333,2.48,3.8933333333333335,1.08,0.4266666666666667,0.32,1.12,2.6266666666666665,8.106666666666667,-1.0724637681159421,233.0,407.0,0.0,7.0,142.0,211.0,106.0,186.0,292.0,81.0,32.0,24.0,84.0,197.0,608.0,-74.0,75,927.1066666666667,69533.0
1610612763,201151,Acie Law,0.8823529411764706,2.823529411764706,0.11764705882352941,0.8235294117647058,1.588235294117647,1.8823529411764706,0.23529411764705882,1.3529411764705883,1.588235294117647,2.176470588235294,0.6470588235294118,0.058823529411764705,1.2352941176470589,1.411764705882353,3.4705882352941178,-4.454545454545454,15.0,48.0,2.0,14.0,27.0,32.0,4.0,23.0,27.0,37.0,11.0,1.0,21.0,24.0,59.0,-49.0,17,340.0,5780.0
1610612747,202404,Drew Naymick,0.0,0.0,0.0,0.0,0.0,0.0,0.5,0.5,1.0,0.0,0.0,0.0,0.0,1.0,0.0,"",0.0,0.0,0.0,0.0,0.0,0.0,1.0,1.0,2.0,0.0,0.0,0.0,0.0,2.0,0.0,"",2,8.0,16.0
