TEAM_ID,PLAYER_ID,PLAYER_NAME,avg(FGM),avg(FGA),avg(FG3M),avg(FG3A),avg(FTM),avg(FTA),avg(OREB),avg(DREB),avg(REB),avg(AST),avg(STL),avg(BLK),avg(TO),avg(PF),avg(PTS),avg(PLUS_MINUS),sum(FGM),sum(FGA),sum(FG3M),sum(FG3A),sum(FTM),sum(FTA),sum(OREB),sum(DREB),sum(REB),sum(AST),sum(STL),sum(BLK),sum(TO),sum(PF),sum(PTS),sum(PLUS_MINUS),sum(ifminute),avg(seconds),sum(seconds)
1610612748,201141,Greg Oden,1.1666666666666667,2.0833333333333335,0.0,0.0,0.5416666666666666,1.0416666666666667,0.9583333333333334,1.375,2.3333333333333335,0.041666666666666664,0.2916666666666667,0.5416666666666666,0.5833333333333334,2.25,2.875,-1.434782608695652,28.0,50.0,0.0,0.0,13.0,25.0,23.0,33.0,56.0,1.0,7.0,13.0,14.0,54.0,69.0,-33.0,24,530.5833333333334,12734.0
1610612759,202952,Malcolm Thomas,1.0,4.0,0.0,0.0,0.0,2.0,1.0,8.0,9.0,0.0,0.0,2.0,1.0,0.0,2.0,7.0,1.0,4.0,0.0,0.0,0.0,2.0,1.0,8.0,9.0,0.0,0.0,2.0,1.0,0.0,2.0,7.0,1,880.0,880.0
