TEAM_ID,PLAYER_ID,PLAYER_NAME,avg(FGM),avg(FGA),avg(FG3M),avg(FG3A),avg(FTM),avg(FTA),avg(OREB),avg(DREB),avg(REB),avg(AST),avg(STL),avg(BLK),avg(TO),avg(PF),avg(PTS),avg(PLUS_MINUS),sum(FGM),sum(FGA),sum(FG3M),sum(FG3A),sum(FTM),sum(FTA),sum(OREB),sum(DREB),sum(REB),sum(AST),sum(STL),sum(BLK),sum(TO),sum(PF),sum(PTS),sum(PLUS_MINUS),sum(ifminute),avg(seconds),sum(seconds)
1610612765,203484,Kentavious Caldwell-Pope,2.3793103448275863,6.068965517241379,0.7701149425287356,2.425287356321839,0.7011494252873564,0.9310344827586207,0.5172413793103449,1.6666666666666667,2.1839080459770117,0.7241379310344828,0.9770114942528736,0.16091954022988506,0.41379310344827586,1.9195402298850575,6.2298850574712645,-0.75,207.0,528.0,67.0,211.0,61.0,81.0,45.0,145.0,190.0,63.0,85.0,14.0,36.0,167.0,542.0,-60.0,87,1093.6781609195402,95150.0
1610612746,2756,Sasha Vujacic,1.0,2.5,0.5,1.0,0.0,0.0,0.0,1.5,1.5,0.0,0.5,0.0,1.5,0.5,2.5,-6.0,2.0,5.0,1.0,2.0,0.0,0.0,0.0,3.0,3.0,0.0,1.0,0.0,3.0,1.0,5.0,-12.0,2,311.5,623.0
1610612742,203495,Ricky Ledo,0.7058823529411765,2.235294117647059,0.29411764705882354,0.8235294117647058,0.23529411764705882,0.23529411764705882,0.058823529411764705,0.5294117647058824,0.5882352941176471,0.29411764705882354,0.058823529411764705,0.0,0.5882352941176471,0.29411764705882354,1.9411764705882353,0.8181818181818182,12.0,38.0,5.0,14.0,4.0,4.0,1.0,9.0,10.0,5.0,1.0,0.0,10.0,5.0,33.0,9.0,17,120.11764705882354,2042.0
