TEAM_ID,PLAYER_ID,PLAYER_NAME,avg(FGM),avg(FGA),avg(FG3M),avg(FG3A),avg(FTM),avg(FTA),avg(OREB),avg(DREB),avg(REB),avg(AST),avg(STL),avg(BLK),avg(TO),avg(PF),avg(PTS),avg(PLUS_MINUS),sum(FGM),sum(FGA),sum(FG3M),sum(FG3A),sum(FTM),sum(FTA),sum(OREB),sum(DREB),sum(REB),sum(AST),sum(STL),sum(BLK),sum(TO),sum(PF),sum(PTS),sum(PLUS_MINUS),sum(ifminute),avg(seconds),sum(seconds)
1610612743,203113,Quincy Miller,1.7627118644067796,4.779661016949152,0.5932203389830508,1.8135593220338984,0.6949152542372882,1.0847457627118644,0.7457627118644068,2.1186440677966103,2.864406779661017,0.6101694915254238,0.4067796610169492,0.6949152542372882,0.9322033898305084,1.3559322033898304,4.813559322033898,-1.1538461538461537,104.0,282.0,35.0,107.0,41.0,64.0,44.0,125.0,169.0,36.0,24.0,41.0,55.0,80.0,284.0,-60.0,59,804.5762711864406,47470.0
1610612756,101112,Channing Frye,4.0227272727272725,9.306818181818182,1.8977272727272727,5.181818181818182,0.9318181818181818,1.1818181818181819,0.9090909090909091,4.056818181818182,4.965909090909091,1.1477272727272727,0.7045454545454546,0.7386363636363636,1.0909090909090908,2.9318181818181817,10.875,3.6219512195121952,354.0,819.0,167.0,456.0,82.0,104.0,80.0,357.0,437.0,101.0,62.0,65.0,96.0,258.0,957.0,297.0,88,1577.6704545454545,138835.0
1610612737,101150,Lou Williams,3.283333333333333,8.216666666666667,1.3166666666666667,3.85,2.533333333333333,2.9833333333333334,0.16666666666666666,1.9,2.066666666666667,3.5,0.75,0.06666666666666667,1.5333333333333334,1.0833333333333333,10.416666666666666,-2.783333333333333,197.0,493.0,79.0,231.0,152.0,179.0,10.0,114.0,124.0,210.0,45.0,4.0,92.0,65.0,625.0,-167.0,60,1444.6333333333334,86678.0
