TEAM_ID,PLAYER_ID,PLAYER_NAME,avg(FGM),avg(FGA),avg(FG3M),avg(FG3A),avg(FTM),avg(FTA),avg(OREB),avg(DREB),avg(REB),avg(AST),avg(STL),avg(BLK),avg(TO),avg(PF),avg(PTS),avg(PLUS_MINUS),sum(FGM),sum(FGA),sum(FG3M),sum(FG3A),sum(FTM),sum(FTA),sum(OREB),sum(DREB),sum(REB),sum(AST),sum(STL),sum(BLK),sum(TO),sum(PF),sum(PTS),sum(PLUS_MINUS),sum(ifminute),avg(seconds),sum(seconds)
1610612755,202343,Elliot Williams,2.08955223880597,5.029850746268656,0.5522388059701493,1.8656716417910448,1.2985074626865671,1.7761194029850746,0.44776119402985076,1.492537313432836,1.9402985074626866,1.0746268656716418,0.5223880597014925,0.04477611940298507,1.0149253731343284,1.8805970149253732,6.029850746268656,-5.358208955223881,140.0,337.0,37.0,125.0,87.0,119.0,30.0,100.0,130.0,72.0,35.0,3.0,68.0,126.0,404.0,-359.0,67,1036.313432835821,69433.0
1610612758,202349,Greivis Vasquez,3.1739130434782608,7.6521739130434785,0.8695652173913043,2.5217391304347827,1.434782608695652,1.565217391304348,0.34782608695652173,1.5217391304347827,1.8695652173913044,5.173913043478261,0.5217391304347826,0.043478260869565216,1.565217391304348,1.9130434782608696,8.652173913043478,-4.055555555555555,73.0,176.0,20.0,58.0,33.0,36.0,8.0,35.0,43.0,119.0,12.0,1.0,36.0,44.0,199.0,-73.0,23,1217.0,27991.0
1610612737,201286,Eric Dawson,1.0,1.6666666666666667,0.0,0.0,1.0,1.3333333333333333,1.6666666666666667,2.3333333333333335,4.0,0.3333333333333333,0.0,0.6666666666666666,1.0,1.3333333333333333,3.0,"",3.0,5.0,0.0,0.0,3.0,4.0,5.0,7.0,12.0,1.0,0.0,2.0,3.0,4.0,9.0,"",3,11.333333333333334,34.0
