TEAM_ID,PLAYER_ID,PLAYER_NAME,avg(FGM),avg(FGA),avg(FG3M),avg(FG3A),avg(FTM),avg(FTA),avg(OREB),avg(DREB),avg(REB),avg(AST),avg(STL),avg(BLK),avg(TO),avg(PF),avg(PTS),avg(PLUS_MINUS),sum(FGM),sum(FGA),sum(FG3M),sum(FG3A),sum(FTM),sum(FTA),sum(OREB),sum(DREB),sum(REB),sum(AST),sum(STL),sum(BLK),sum(TO),sum(PF),sum(PTS),sum(PLUS_MINUS),sum(ifminute),avg(seconds),sum(seconds)
1610612750,201937,Ricky Rubio,3.0568181818181817,8.045454545454545,0.5681818181818182,1.6363636363636365,2.727272727272727,3.4204545454545454,0.7159090909090909,3.397727272727273,4.113636363636363,8.340909090909092,2.340909090909091,0.13636363636363635,2.659090909090909,2.6136363636363638,9.409090909090908,4.621951219512195,269.0,708.0,50.0,144.0,240.0,301.0,63.0,299.0,362.0,734.0,206.0,12.0,234.0,230.0,828.0,379.0,88,1800.1477272727273,158413.0
1610612766,203077,Michael Kidd-Gilchrist,2.608695652173913,5.63768115942029,0.014492753623188406,0.13043478260869565,1.8695652173913044,3.0144927536231885,1.710144927536232,3.4782608695652173,5.188405797101449,0.8695652173913043,0.6956521739130435,0.6521739130434783,0.9855072463768116,2.289855072463768,7.101449275362318,0.14516129032258066,180.0,389.0,1.0,9.0,129.0,208.0,118.0,240.0,358.0,60.0,48.0,45.0,68.0,158.0,490.0,9.0,69,1308.3623188405797,90277.0
1610612766,201604,Chris Douglas-Roberts,2.2653061224489797,5.142857142857143,1.0408163265306123,2.693877551020408,1.346938775510204,1.6734693877551021,0.32653061224489793,2.1020408163265305,2.4285714285714284,1.0408163265306123,0.5918367346938775,0.32653061224489793,0.7346938775510204,1.2448979591836735,6.918367346938775,-0.20408163265306123,111.0,252.0,51.0,132.0,66.0,82.0,16.0,103.0,119.0,51.0,29.0,16.0,36.0,61.0,339.0,-10.0,49,1243.5102040816328,60932.0
1610612749,101141,Ersan Ilyasova,4.285714285714286,10.410714285714286,0.6607142857142857,2.3392857142857144,1.9107142857142858,2.3214285714285716,1.9107142857142858,4.214285714285714,6.125,1.2857142857142858,0.8214285714285714,0.16071428571428573,1.0892857142857142,2.4285714285714284,11.142857142857142,-4.8545454545454545,240.0,583.0,37.0,131.0,107.0,130.0,107.0,236.0,343.0,72.0,46.0,9.0,61.0,136.0,624.0,-267.0,56,1584.267857142857,88719.0
