TEAM_ID,PLAYER_ID,PLAYER_NAME,avg(FGM),avg(FGA),avg(FG3M),avg(FG3A),avg(FTM),avg(FTA),avg(OREB),avg(DREB),avg(REB),avg(AST),avg(STL),avg(BLK),avg(TO),avg(PF),avg(PTS),avg(PLUS_MINUS),sum(FGM),sum(FGA),sum(FG3M),sum(FG3A),sum(FTM),sum(FTA),sum(OREB),sum(DREB),sum(REB),sum(AST),sum(STL),sum(BLK),sum(TO),sum(PF),sum(PTS),sum(PLUS_MINUS),sum(ifminute),avg(seconds),sum(seconds)
1610612759,201168,Tiago Splitter,3.0,5.676923076923077,0.0,0.06153846153846154,2.0153846153846153,2.876923076923077,1.9692307692307693,3.9846153846153847,5.953846153846154,1.476923076923077,0.49230769230769234,0.5230769230769231,1.323076923076923,1.9076923076923078,8.015384615384615,4.508474576271187,195.0,369.0,0.0,4.0,131.0,187.0,128.0,259.0,387.0,96.0,32.0,34.0,86.0,124.0,521.0,266.0,65,1175.0153846153846,76376.0
1610612737,203098,John Jenkins,1.3333333333333333,3.6666666666666665,0.26666666666666666,1.6666666666666667,0.3333333333333333,0.3333333333333333,0.26666666666666666,1.6666666666666667,1.9333333333333333,0.9333333333333333,0.13333333333333333,0.06666666666666667,0.8,0.7333333333333333,3.2666666666666666,-2.0,20.0,55.0,4.0,25.0,5.0,5.0,4.0,25.0,29.0,14.0,2.0,1.0,12.0,11.0,49.0,-26.0,15,633.0,9495.0
1610612737,2863,Damien Wilkins,0.0,4.5,0.0,0.5,3.5,4.0,0.5,2.0,2.5,1.5,0.5,0.0,2.0,2.5,3.5,"",0.0,9.0,0.0,1.0,7.0,8.0,1.0,4.0,5.0,3.0,1.0,0.0,4.0,5.0,7.0,"",2,15.5,31.0
