TEAM_ID,PLAYER_ID,PLAYER_NAME,avg(FGM),avg(FGA),avg(FG3M),avg(FG3A),avg(FTM),avg(FTA),avg(OREB),avg(DREB),avg(REB),avg(AST),avg(STL),avg(BLK),avg(TO),avg(PF),avg(PTS),avg(PLUS_MINUS),sum(FGM),sum(FGA),sum(FG3M),sum(FG3A),sum(FTM),sum(FTA),sum(OREB),sum(DREB),sum(REB),sum(AST),sum(STL),sum(BLK),sum(TO),sum(PF),sum(PTS),sum(PLUS_MINUS),sum(ifminute),avg(seconds),sum(seconds)
1610612747,959,Steve Nash,2.1363636363636362,5.454545454545454,0.45454545454545453,1.4090909090909092,1.1818181818181819,1.2727272727272727,0.18181818181818182,1.6818181818181819,1.8636363636363635,5.045454545454546,0.36363636363636365,0.13636363636363635,1.9545454545454546,1.3636363636363635,5.909090909090909,-4.333333333333333,47.0,120.0,10.0,31.0,26.0,28.0,4.0,37.0,41.0,111.0,8.0,3.0,43.0,30.0,130.0,-65.0,22,858.5,18887.0
