TEAM_ID,PLAYER_ID,PLAYER_NAME,avg(FGM),avg(FGA),avg(FG3M),avg(FG3A),avg(FTM),avg(FTA),avg(OREB),avg(DREB),avg(REB),avg(AST),avg(STL),avg(BLK),avg(TO),avg(PF),avg(PTS),avg(PLUS_MINUS),sum(FGM),sum(FGA),sum(FG3M),sum(FG3A),sum(FTM),sum(FTA),sum(OREB),sum(DREB),sum(REB),sum(AST),sum(STL),sum(BLK),sum(TO),sum(PF),sum(PTS),sum(PLUS_MINUS),sum(ifminute),avg(seconds),sum(seconds)
1610612756,200782,P.J. Tucker,3.264367816091954,7.563218390804598,0.8850574712643678,2.310344827586207,1.896551724137931,2.4482758620689653,1.9540229885057472,4.436781609195402,6.390804597701149,1.6781609195402298,1.3448275862068966,0.28735632183908044,1.1954022988505748,2.4942528735632186,9.310344827586206,1.5555555555555556,284.0,658.0,77.0,201.0,165.0,213.0,170.0,386.0,556.0,146.0,117.0,25.0,104.0,217.0,810.0,126.0,87,1718.896551724138,149544.0
1610612746,200797,Ryan Hollins,0.8695652173913043,1.2318840579710144,0.0,0.0,0.5797101449275363,0.9130434782608695,0.4782608695652174,1.0144927536231885,1.4927536231884058,0.13043478260869565,0.17391304347826086,0.5507246376811594,0.5072463768115942,1.4782608695652173,2.318840579710145,0.14754098360655737,60.0,85.0,0.0,0.0,40.0,63.0,33.0,70.0,103.0,9.0,12.0,38.0,35.0,102.0,160.0,9.0,69,420.2608695652174,28998.0
1610612765,203540,Gigi Datome,1.0,2.8529411764705883,0.20588235294117646,1.1470588235294117,0.23529411764705882,0.29411764705882354,0.4117647058823529,0.9411764705882353,1.3529411764705883,0.3235294117647059,0.17647058823529413,0.029411764705882353,0.3235294117647059,0.5882352941176471,2.4411764705882355,1.1176470588235294,34.0,97.0,7.0,39.0,8.0,10.0,14.0,32.0,46.0,11.0,6.0,1.0,11.0,20.0,83.0,38.0,34,419.20588235294116,14253.0
1610612762,203497,Rudy Gobert,0.94,1.86,0.0,0.0,0.64,1.32,1.22,2.48,3.7,0.18,0.2,1.02,0.78,1.38,2.52,-0.5555555555555556,47.0,93.0,0.0,0.0,32.0,66.0,61.0,124.0,185.0,9.0,10.0,51.0,39.0,69.0,126.0,-25.0,50,521.96,26098.0
