TEAM_ID,PLAYER_ID,PLAYER_NAME,avg(FGM),avg(FGA),avg(FG3M),avg(FG3A),avg(FTM),avg(FTA),avg(OREB),avg(DREB),avg(REB),avg(AST),avg(STL),avg(BLK),avg(TO),avg(PF),avg(PTS),avg(PLUS_MINUS),sum(FGM),sum(FGA),sum(FG3M),sum(FG3A),sum(FTM),sum(FTA),sum(OREB),sum(DREB),sum(REB),sum(AST),sum(STL),sum(BLK),sum(TO),sum(PF),sum(PTS),sum(PLUS_MINUS),sum(ifminute),avg(seconds),sum(seconds)
1610612749,202688,Brandon Knight,6.220779220779221,14.779220779220779,1.4545454545454546,4.51948051948052,3.4805194805194803,4.35064935064935,0.6233766233766234,2.935064935064935,3.5584415584415585,4.779220779220779,0.948051948051948,0.23376623376623376,2.5584415584415585,2.012987012987013,17.376623376623378,-6.138888888888889,479.0,1138.0,112.0,348.0,268.0,335.0,48.0,226.0,274.0,368.0,73.0,18.0,197.0,155.0,1338.0,-442.0,77,1871.6623376623377,144118.0
1610612749,203489,Nate Wolters,2.806451612903226,6.516129032258065,0.3225806451612903,1.064516129032258,1.064516129032258,1.564516129032258,0.5483870967741935,1.967741935483871,2.5161290322580645,3.1129032258064515,0.5806451612903226,0.25806451612903225,0.9516129032258065,1.1451612903225807,7.0,-0.4482758620689655,174.0,404.0,20.0,66.0,66.0,97.0,34.0,122.0,156.0,193.0,36.0,16.0,59.0,71.0,434.0,-26.0,62,1268.0645161290322,78620.0
