TEAM_ID,PLAYER_ID,PLAYER_NAME,avg(FGM),avg(FGA),avg(FG3M),avg(FG3A),avg(FTM),avg(FTA),avg(OREB),avg(DREB),avg(REB),avg(AST),avg(STL),avg(BLK),avg(TO),avg(PF),avg(PTS),avg(PLUS_MINUS),sum(FGM),sum(FGA),sum(FG3M),sum(FG3A),sum(FTM),sum(FTA),sum(OREB),sum(DREB),sum(REB),sum(AST),sum(STL),sum(BLK),sum(TO),sum(PF),sum(PTS),sum(PLUS_MINUS),sum(ifminute),avg(seconds),sum(seconds)
1610612764,2772,Trevor Ariza,4.857142857142857,10.857142857142858,2.261904761904762,5.583333333333333,1.9047619047619047,2.4642857142857144,1.25,4.761904761904762,6.011904761904762,2.4642857142857144,1.6071428571428572,0.2619047619047619,1.7261904761904763,2.2857142857142856,13.880952380952381,2.5454545454545454,408.0,912.0,190.0,469.0,160.0,207.0,105.0,400.0,505.0,207.0,135.0,22.0,145.0,192.0,1166.0,196.0,84,1946.6190476190477,163516.0
1610612755,203473,Dewayne Dedmon,1.3636363636363635,2.6363636363636362,0.0,0.0,0.6363636363636364,1.1818181818181819,1.0,3.4545454545454546,4.454545454545454,0.2727272727272727,0.0,0.8181818181818182,0.8181818181818182,2.5454545454545454,3.3636363636363638,-2.272727272727273,15.0,29.0,0.0,0.0,7.0,13.0,11.0,38.0,49.0,3.0,0.0,9.0,9.0,28.0,37.0,-25.0,11,820.2727272727273,9023.0
1610612763,202347,Quincy Pondexter,2.35,5.8,0.65,2.2,1.55,2.1,0.65,1.4,2.05,1.4,0.5,0.05,1.15,1.25,6.9,-7.066666666666666,47.0,116.0,13.0,44.0,31.0,42.0,13.0,28.0,41.0,28.0,10.0,1.0,23.0,25.0,138.0,-106.0,20,817.15,16343.0
1610612739,201966,Jermaine Taylor,2.142857142857143,6.142857142857143,0.2857142857142857,1.2857142857142858,1.1428571428571428,1.7142857142857142,0.2857142857142857,1.0,1.2857142857142858,1.8571428571428572,0.7142857142857143,0.0,1.5714285714285714,1.4285714285714286,5.714285714285714,"",15.0,43.0,2.0,9.0,8.0,12.0,2.0,7.0,9.0,13.0,5.0,0.0,11.0,10.0,40.0,"",7,15.714285714285714,110.0
