TEAM_ID,PLAYER_ID,PLAYER_NAME,avg(FGM),avg(FGA),avg(FG3M),avg(FG3A),avg(FTM),avg(FTA),avg(OREB),avg(DREB),avg(REB),avg(AST),avg(STL),avg(BLK),avg(TO),avg(PF),avg(PTS),avg(PLUS_MINUS),sum(FGM),sum(FGA),sum(FG3M),sum(FG3A),sum(FTM),sum(FTA),sum(OREB),sum(DREB),sum(REB),sum(AST),sum(STL),sum(BLK),sum(TO),sum(PF),sum(PTS),sum(PLUS_MINUS),sum(ifminute),avg(seconds),sum(seconds)
1610612751,201977,Marcus Thornton,4.230769230769231,10.23076923076923,2.0,5.269230769230769,1.8461538461538463,2.3076923076923075,0.6923076923076923,2.1538461538461537,2.8461538461538463,1.1538461538461537,1.0384615384615385,0.11538461538461539,1.1153846153846154,1.3846153846153846,12.307692307692308,-0.7692307692307693,110.0,266.0,52.0,137.0,48.0,60.0,18.0,56.0,74.0,30.0,27.0,3.0,29.0,36.0,320.0,-20.0,26,1429.7692307692307,37174.0
1610612764,1889,Andre Miller,1.4285714285714286,3.107142857142857,0.07142857142857142,0.10714285714285714,0.8928571428571429,1.0714285714285714,0.42857142857142855,1.6071428571428572,2.0357142857142856,3.4642857142857144,0.6785714285714286,0.07142857142857142,1.0,1.5357142857142858,3.8214285714285716,1.3928571428571428,40.0,87.0,2.0,3.0,25.0,30.0,12.0,45.0,57.0,97.0,19.0,2.0,28.0,43.0,107.0,39.0,28,882.1071428571429,24699.0
1610612744,201962,Toney Douglas,1.3,3.8333333333333335,0.7333333333333333,2.4,0.3333333333333333,0.4666666666666667,0.23333333333333334,1.0333333333333334,1.2666666666666666,1.0,0.36666666666666664,0.06666666666666667,0.8,1.4333333333333333,3.6666666666666665,-3.3333333333333335,39.0,115.0,22.0,72.0,10.0,14.0,7.0,31.0,38.0,30.0,11.0,2.0,24.0,43.0,110.0,-80.0,30,532.3,15969.0
