TEAM_ID,PLAYER_ID,PLAYER_NAME,avg(FGM),avg(FGA),avg(FG3M),avg(FG3A),avg(FTM),avg(FTA),avg(OREB),avg(DREB),avg(REB),avg(AST),avg(STL),avg(BLK),avg(TO),avg(PF),avg(PTS),avg(PLUS_MINUS),sum(FGM),sum(FGA),sum(FG3M),sum(FG3A),sum(FTM),sum(FTA),sum(OREB),sum(DREB),sum(REB),sum(AST),sum(STL),sum(BLK),sum(TO),sum(PF),sum(PTS),sum(PLUS_MINUS),sum(ifminute),avg(seconds),sum(seconds)
1610612758,2566,Travis Outlaw,2.085714285714286,5.128571428571429,0.6857142857142857,1.8857142857142857,0.7142857142857143,0.8857142857142857,0.5714285714285714,2.1285714285714286,2.7,0.7142857142857143,0.32857142857142857,0.2857142857142857,0.42857142857142855,1.4857142857142858,5.571428571428571,-1.6349206349206349,146.0,359.0,48.0,132.0,50.0,62.0,40.0,149.0,189.0,50.0,23.0,20.0,30.0,104.0,390.0,-103.0,70,914.6571428571428,64026.0
