TEAM_ID,PLAYER_ID,PLAYER_NAME,avg(FGM),avg(FGA),avg(FG3M),avg(FG3A),avg(FTM),avg(FTA),avg(OREB),avg(DREB),avg(REB),avg(AST),avg(STL),avg(BLK),avg(TO),avg(PF),avg(PTS),avg(PLUS_MINUS),sum(FGM),sum(FGA),sum(FG3M),sum(FG3A),sum(FTM),sum(FTA),sum(OREB),sum(DREB),sum(REB),sum(AST),sum(STL),sum(BLK),sum(TO),sum(PF),sum(PTS),sum(PLUS_MINUS),sum(ifminute),avg(seconds),sum(seconds)
1610612748,2547,Chris Bosh,6.209302325581396,11.930232558139535,0.9069767441860465,2.6627906976744184,2.9186046511627906,3.5930232558139537,1.2674418604651163,5.244186046511628,6.511627906976744,1.197674418604651,1.0348837209302326,0.9534883720930233,1.5348837209302326,2.511627906976744,16.24418604651163,5.658227848101266,534.0,1026.0,78.0,229.0,251.0,309.0,109.0,451.0,560.0,103.0,89.0,82.0,132.0,216.0,1397.0,447.0,86,1768.1511627906978,152061.0
1610612755,203485,Lorenzo Brown,1.0,3.3076923076923075,0.11538461538461539,1.1538461538461537,0.34615384615384615,0.5,0.3076923076923077,0.7692307692307693,1.0769230769230769,1.5769230769230769,0.5,0.11538461538461539,0.6153846153846154,0.7307692307692307,2.4615384615384617,0.07692307692307693,26.0,86.0,3.0,30.0,9.0,13.0,8.0,20.0,28.0,41.0,13.0,3.0,16.0,19.0,64.0,2.0,26,516.3076923076923,13424.0
