TEAM_ID,PLAYER_ID,PLAYER_NAME,avg(FGM),avg(FGA),avg(FG3M),avg(FG3A),avg(FTM),avg(FTA),avg(OREB),avg(DREB),avg(REB),avg(AST),avg(STL),avg(BLK),avg(TO),avg(PF),avg(PTS),avg(PLUS_MINUS),sum(FGM),sum(FGA),sum(FG3M),sum(FG3A),sum(FTM),sum(FTA),sum(OREB),sum(DREB),sum(REB),sum(AST),sum(STL),sum(BLK),sum(TO),sum(PF),sum(PTS),sum(PLUS_MINUS),sum(ifminute),avg(seconds),sum(seconds)
1610612760,965,Derek Fisher,1.7294117647058824,4.4941176470588236,1.0470588235294118,2.7529411764705882,0.7294117647058823,0.9176470588235294,0.1411764705882353,1.388235294117647,1.5294117647058822,1.4823529411764707,0.8470588235294118,0.03529411764705882,0.611764705882353,1.964705882352941,5.235294117647059,2.925925925925926,147.0,382.0,89.0,234.0,62.0,78.0,12.0,118.0,130.0,126.0,72.0,3.0,52.0,167.0,445.0,237.0,85,1008.8941176470588,85756.0
1610612763,2408,Melvin Ely,0.3333333333333333,1.0,0.0,0.0,0.6666666666666666,1.3333333333333333,0.0,0.6666666666666666,0.6666666666666666,0.0,0.0,0.3333333333333333,0.3333333333333333,0.3333333333333333,1.3333333333333333,"",1.0,3.0,0.0,0.0,2.0,4.0,0.0,2.0,2.0,0.0,0.0,1.0,1.0,1.0,4.0,"",3,6.0,18.0
