TEAM_ID,PLAYER_ID,PLAYER_NAME,avg(FGM),avg(FGA),avg(FG3M),avg(FG3A),avg(FTM),avg(FTA),avg(OREB),avg(DREB),avg(REB),avg(AST),avg(STL),avg(BLK),avg(TO),avg(PF),avg(PTS),avg(PLUS_MINUS),sum(FGM),sum(FGA),sum(FG3M),sum(FG3A),sum(FTM),sum(FTA),sum(OREB),sum(DREB),sum(REB),sum(AST),sum(STL),sum(BLK),sum(TO),sum(PF),sum(PTS),sum(PLUS_MINUS),sum(ifminute),avg(seconds),sum(seconds)
1610612747,203527,Ryan Kelly,2.596774193548387,6.17741935483871,0.8064516129032258,2.3870967741935485,1.8548387096774193,2.2580645161290325,0.6935483870967742,2.9516129032258065,3.6451612903225805,1.5483870967741935,0.5161290322580645,0.7419354838709677,0.7903225806451613,2.435483870967742,7.854838709677419,-1.4576271186440677,161.0,383.0,50.0,148.0,115.0,140.0,43.0,183.0,226.0,96.0,32.0,46.0,49.0,151.0,487.0,-86.0,62,1270.0806451612902,78745.0
1610612761,101236,Chuck Hayes,0.9333333333333333,2.1777777777777776,0.0,0.022222222222222223,0.3333333333333333,0.4,1.0888888888888888,2.533333333333333,3.6222222222222222,0.6444444444444445,0.5111111111111111,0.2222222222222222,0.5777777777777777,1.711111111111111,2.2,1.2666666666666666,42.0,98.0,0.0,1.0,15.0,18.0,49.0,114.0,163.0,29.0,23.0,10.0,26.0,77.0,99.0,57.0,45,766.0,34470.0
1610612765,203491,Peyton Siva,0.9,2.7666666666666666,0.3333333333333333,1.0666666666666667,0.8666666666666667,1.1,0.1,0.6333333333333333,0.7333333333333333,2.1333333333333333,0.5333333333333333,0.03333333333333333,1.3,1.4666666666666666,3.0,-1.3333333333333333,27.0,83.0,10.0,32.0,26.0,33.0,3.0,19.0,22.0,64.0,16.0,1.0,39.0,44.0,90.0,-32.0,30,453.73333333333335,13612.0
1610612754,201351,Ron Howard,0.0,0.0,0.0,0.0,0.0,0.0,0.0,1.0,1.0,2.0,0.0,0.0,0.0,1.0,0.0,"",0.0,0.0,0.0,0.0,0.0,0.0,0.0,1.0,1.0,2.0,0.0,0.0,0.0,1.0,0.0,"",1,3.0,3.0
