TEAM_ID,PLAYER_ID,PLAYER_NAME,avg(FGM),avg(FGA),avg(FG3M),avg(FG3A),avg(FTM),avg(FTA),avg(OREB),avg(DREB),avg(REB),avg(AST),avg(STL),avg(BLK),avg(TO),avg(PF),avg(PTS),avg(PLUS_MINUS),sum(FGM),sum(FGA),sum(FG3M),sum(FG3A),sum(FTM),sum(FTA),sum(OREB),sum(DREB),sum(REB),sum(AST),sum(STL),sum(BLK),sum(TO),sum(PF),sum(PTS),sum(PLUS_MINUS),sum(ifminute),avg(seconds),sum(seconds)
1610612757,203468,CJ McCollum,1.9473684210526316,4.684210526315789,0.7894736842105263,2.1052631578947367,0.6052631578947368,0.8947368421052632,0.18421052631578946,1.0789473684210527,1.263157894736842,0.7105263157894737,0.3684210526315789,0.05263157894736842,0.9210526315789473,1.394736842105263,5.2894736842105265,-0.5263157894736842,74.0,178.0,30.0,80.0,23.0,34.0,7.0,41.0,48.0,27.0,14.0,2.0,35.0,53.0,201.0,-20.0,38,751.1842105263158,28545.0
1610612757,203086,Meyers Leonard,1.1304347826086956,2.391304347826087,0.0,0.17391304347826086,0.4782608695652174,0.6086956521739131,0.6521739130434783,2.1739130434782608,2.8260869565217392,0.5434782608695652,0.15217391304347827,0.10869565217391304,0.45652173913043476,1.9782608695652173,2.739130434782609,-2.175,52.0,110.0,0.0,8.0,22.0,28.0,30.0,100.0,130.0,25.0,7.0,5.0,21.0,91.0,126.0,-87.0,46,465.17391304347825,21398.0
1610612762,202324,Derrick Favors,5.172839506172839,10.08641975308642,0.0,0.012345679012345678,2.5555555555555554,3.7901234567901234,2.7160493827160495,6.222222222222222,8.938271604938272,1.2592592592592593,0.9506172839506173,1.4691358024691359,1.7530864197530864,3.2222222222222223,12.901234567901234,-4.63013698630137,419.0,817.0,0.0,1.0,207.0,307.0,220.0,504.0,724.0,102.0,77.0,119.0,142.0,261.0,1045.0,-338.0,81,1633.111111111111,132282.0
1610612766,202687,Bismack Biyombo,1.2117647058823529,2.1294117647058823,0.0,0.0,0.7529411764705882,1.4,1.5647058823529412,3.7411764705882353,5.305882352941176,0.10588235294117647,0.10588235294117647,1.2,0.6,1.6352941176470588,3.176470588235294,-0.5194805194805194,103.0,181.0,0.0,0.0,64.0,119.0,133.0,318.0,451.0,9.0,9.0,102.0,51.0,139.0,270.0,-40.0,85,759.7294117647059,64577.0
1610612737,203263,James Nunnally,1.5,4.5,0.75,2.5,0.75,1.0,0.25,1.75,2.0,0.5,0.25,0.25,1.0,0.5,4.5,-3.25,6.0,18.0,3.0,10.0,3.0,4.0,1.0,7.0,8.0,2.0,1.0,1.0,4.0,2.0,18.0,-13.0,4,813.0,3252.0
