TEAM_ID,PLAYER_ID,PLAYER_NAME,avg(FGM),avg(FGA),avg(FG3M),avg(FG3A),avg(FTM),avg(FTA),avg(OREB),avg(DREB),avg(REB),avg(AST),avg(STL),avg(BLK),avg(TO),avg(PF),avg(PTS),avg(PLUS_MINUS),sum(FGM),sum(FGA),sum(FG3M),sum(FG3A),sum(FTM),sum(FTA),sum(OREB),sum(DREB),sum(REB),sum(AST),sum(STL),sum(BLK),sum(TO),sum(PF),sum(PTS),sum(PLUS_MINUS),sum(ifminute),avg(seconds),sum(seconds)
1610612759,203382,Aron Baynes,1.5932203389830508,3.4745762711864407,0.0,0.0,0.4067796610169492,0.4576271186440678,1.0677966101694916,1.8983050847457628,2.9661016949152543,0.6271186440677966,0.05084745762711865,0.15254237288135594,0.7288135593220338,1.5423728813559323,3.593220338983051,0.5094339622641509,94.0,205.0,0.0,0.0,24.0,27.0,63.0,112.0,175.0,37.0,3.0,9.0,43.0,91.0,212.0,27.0,59,500.6949152542373,29541.0
1610612751,1905,Andrei Kirilenko,1.851063829787234,3.574468085106383,0.0425531914893617,0.1276595744680851,1.3829787234042554,2.702127659574468,1.1702127659574468,2.0851063829787235,3.25531914893617,1.6595744680851063,1.0,0.48936170212765956,1.2127659574468086,1.5106382978723405,5.127659574468085,-1.1111111111111112,87.0,168.0,2.0,6.0,65.0,127.0,55.0,98.0,153.0,78.0,47.0,23.0,57.0,71.0,241.0,-50.0,47,1095.3617021276596,51482.0
1610612742,1890,Shawn Marion,4.506024096385542,9.337349397590362,0.7108433734939759,2.0481927710843375,0.6265060240963856,0.8192771084337349,1.6987951807228916,4.867469879518072,6.566265060240964,1.5542168674698795,1.180722891566265,0.4819277108433735,1.2409638554216869,1.5783132530120483,10.349397590361447,-1.75,374.0,775.0,59.0,170.0,52.0,68.0,141.0,404.0,545.0,129.0,98.0,40.0,103.0,131.0,859.0,-133.0,83,1743.313253012048,144695.0
1610612754,203111,Orlando Johnson,0.9777777777777777,2.6,0.26666666666666666,1.1111111111111112,0.5333333333333333,0.7777777777777778,0.2,1.3111111111111111,1.511111111111111,0.4222222222222222,0.15555555555555556,0.022222222222222223,0.4444444444444444,0.6666666666666666,2.7555555555555555,-0.13157894736842105,44.0,117.0,12.0,50.0,24.0,35.0,9.0,59.0,68.0,19.0,7.0,1.0,20.0,30.0,124.0,-5.0,45,458.24444444444447,20621.0
