TEAM_ID,PLAYER_ID,PLAYER_NAME,avg(FGM),avg(FGA),avg(FG3M),avg(FG3A),avg(FTM),avg(FTA),avg(OREB),avg(DREB),avg(REB),avg(AST),avg(STL),avg(BLK),avg(TO),avg(PF),avg(PTS),avg(PLUS_MINUS),sum(FGM),sum(FGA),sum(FG3M),sum(FG3A),sum(FTM),sum(FTA),sum(OREB),sum(DREB),sum(REB),sum(AST),sum(STL),sum(BLK),sum(TO),sum(PF),sum(PTS),sum(PLUS_MINUS),sum(ifminute),avg(seconds),sum(seconds)
1610612739,201947,Earl Clark,2.1346153846153846,5.653846153846154,0.8076923076923077,2.4038461538461537,0.3269230769230769,0.5384615384615384,0.40384615384615385,2.4038461538461537,2.8076923076923075,0.4230769230769231,0.36538461538461536,0.40384615384615385,0.75,1.5,5.403846153846154,-3.2,111.0,294.0,42.0,125.0,17.0,28.0,21.0,125.0,146.0,22.0,19.0,21.0,39.0,78.0,281.0,-144.0,52,808.75,42055.0
1610612737,203519,Adonis Thomas,1.0,6.0,0.0,1.0,0.0,0.0,1.0,0.0,1.0,0.0,0.0,0.0,0.0,0.0,2.0,"",1.0,6.0,0.0,1.0,0.0,0.0,1.0,0.0,1.0,0.0,0.0,0.0,0.0,0.0,2.0,"",1,11.0,11.0
1610612747,2429,Dan Gadzuric,0.0,0.0,0.0,0.0,2.0,4.0,1.0,2.0,3.0,1.0,0.0,0.0,0.0,0.0,2.0,"",0.0,0.0,0.0,0.0,2.0,4.0,1.0,2.0,3.0,1.0,0.0,0.0,0.0,0.0,2.0,"",1,6.0,6.0
