TEAM_ID,PLAYER_ID,PLAYER_NAME,avg(FGM),avg(FGA),avg(FG3M),avg(FG3A),avg(FTM),avg(FTA),avg(OREB),avg(DREB),avg(REB),avg(AST),avg(STL),avg(BLK),avg(TO),avg(PF),avg(PTS),avg(PLUS_MINUS),sum(FGM),sum(FGA),sum(FG3M),sum(FG3A),sum(FTM),sum(FTA),sum(OREB),sum(DREB),sum(REB),sum(AST),sum(STL),sum(BLK),sum(TO),sum(PF),sum(PTS),sum(PLUS_MINUS),sum(ifminute),avg(seconds),sum(seconds)
1610612743,201568,Danilo Gallinari,"","","","","","","","","","","","","","","","","","","","","","","","","","","","","","","","",0,"",""
1610612755,203487,Michael Carter-Williams,5.894736842105263,14.68421052631579,0.8289473684210527,3.0526315789473686,3.526315789473684,5.026315789473684,1.4342105263157894,4.7105263157894735,6.144736842105263,6.131578947368421,1.868421052631579,0.5789473684210527,3.3815789473684212,3.039473684210526,16.144736842105264,-6.428571428571429,448.0,1116.0,63.0,232.0,268.0,382.0,109.0,358.0,467.0,466.0,142.0,44.0,257.0,231.0,1227.0,-450.0,76,1908.0263157894738,145010.0
1610612748,951,Ray Allen,3.2051282051282053,7.358974358974359,1.5769230769230769,4.141025641025641,1.4487179487179487,1.6025641025641026,0.34615384615384615,2.4871794871794872,2.8333333333333335,1.9487179487179487,0.717948717948718,0.10256410256410256,1.1538461538461537,1.564102564102564,9.435897435897436,2.219178082191781,250.0,574.0,123.0,323.0,113.0,125.0,27.0,194.0,221.0,152.0,56.0,8.0,90.0,122.0,736.0,162.0,78,1490.551282051282,116263.0
1610612760,201934,Hasheem Thabeet,0.5555555555555556,1.0,0.0,0.0,0.1111111111111111,0.25925925925925924,0.5925925925925926,1.4814814814814814,2.074074074074074,0.037037037037037035,0.14814814814814814,0.4074074074074074,0.6296296296296297,2.111111111111111,1.2222222222222223,-0.08695652173913043,15.0,27.0,0.0,0.0,3.0,7.0,16.0,40.0,56.0,1.0,4.0,11.0,17.0,57.0,33.0,-2.0,27,429.85185185185185,11606.0
1610612755,201953,Eric Maynor,1.375,3.625,0.5,1.5,0.5,1.0,0.25,1.625,1.875,1.5,0.5,0.25,1.5,0.5,3.75,-6.5,11.0,29.0,4.0,12.0,4.0,8.0,2.0,13.0,15.0,12.0,4.0,2.0,12.0,4.0,30.0,-52.0,8,841.0,6728.0
