TEAM_ID,PLAYER_ID,PLAYER_NAME,avg(FGM),avg(FGA),avg(FG3M),avg(FG3A),avg(FTM),avg(FTA),avg(OREB),avg(DREB),avg(REB),avg(AST),avg(STL),avg(BLK),avg(TO),avg(PF),avg(PTS),avg(PLUS_MINUS),sum(FGM),sum(FGA),sum(FG3M),sum(FG3A),sum(FTM),sum(FTA),sum(OREB),sum(DREB),sum(REB),sum(AST),sum(STL),sum(BLK),sum(TO),sum(PF),sum(PTS),sum(PLUS_MINUS),sum(ifminute),avg(seconds),sum(seconds)
1610612747,201975,Jodie Meeks,5.117647058823529,11.176470588235293,2.0352941176470587,5.117647058823529,2.7058823529411766,3.152941176470588,0.36470588235294116,2.011764705882353,2.376470588235294,1.7058823529411764,1.4,0.047058823529411764,1.3647058823529412,1.5647058823529412,14.976470588235294,-6.636363636363637,435.0,950.0,173.0,435.0,230.0,268.0,31.0,171.0,202.0,145.0,119.0,4.0,116.0,133.0,1273.0,-511.0,85,1806.4235294117648,153546.0
1610612759,201965,Jeff Ayres,1.4050632911392404,2.5316455696202533,0.0,0.0,0.6455696202531646,0.8734177215189873,1.2025316455696202,2.2911392405063293,3.4936708860759493,0.9113924050632911,0.189873417721519,0.34177215189873417,0.8860759493670886,2.037974683544304,3.4556962025316458,1.63013698630137,111.0,200.0,0.0,0.0,51.0,69.0,95.0,181.0,276.0,72.0,15.0,27.0,70.0,161.0,273.0,119.0,79,724.746835443038,57255.0
1610612748,2365,Chris Andersen,2.4025974025974026,3.727272727272727,0.03896103896103896,0.18181818181818182,1.6883116883116882,2.4025974025974026,1.7272727272727273,3.3506493506493507,5.077922077922078,0.2597402597402597,0.45454545454545453,1.2857142857142858,0.7402597402597403,2.1818181818181817,6.532467532467533,2.25,185.0,287.0,3.0,14.0,130.0,185.0,133.0,258.0,391.0,20.0,35.0,99.0,57.0,168.0,503.0,162.0,77,1088.6363636363637,83825.0
1610612737,203544,Pero Antic,2.381818181818182,5.927272727272728,1.0909090909090908,3.4909090909090907,0.9454545454545454,1.2363636363636363,1.1454545454545455,3.036363636363636,4.181818181818182,1.1636363636363636,0.43636363636363634,0.2545454545454545,1.1090909090909091,2.4727272727272727,6.8,2.62,131.0,326.0,60.0,192.0,52.0,68.0,63.0,167.0,230.0,64.0,24.0,14.0,61.0,136.0,374.0,131.0,55,1010.8545454545455,55597.0
