TEAM_ID,PLAYER_ID,PLAYER_NAME,avg(FGM),avg(FGA),avg(FG3M),avg(FG3A),avg(FTM),avg(FTA),avg(OREB),avg(DREB),avg(REB),avg(AST),avg(STL),avg(BLK),avg(TO),avg(PF),avg(PTS),avg(PLUS_MINUS),sum(FGM),sum(FGA),sum(FG3M),sum(FG3A),sum(FTM),sum(FTA),sum(OREB),sum(DREB),sum(REB),sum(AST),sum(STL),sum(BLK),sum(TO),sum(PF),sum(PTS),sum(PLUS_MINUS),sum(ifminute),avg(seconds),sum(seconds)
1610612741,202690,Jimmer Fredette,1.625,3.625,0.5,1.375,0.25,0.25,0.125,0.75,0.875,0.375,0.0,0.0,0.5,0.875,4.0,4.375,13.0,29.0,4.0,11.0,2.0,2.0,1.0,6.0,7.0,3.0,0.0,0.0,4.0,7.0,32.0,35.0,8,416.5,3332.0
1610612758,101236,Chuck Hayes,1.0,2.090909090909091,0.0,0.0,0.3181818181818182,0.45454545454545453,1.2727272727272727,2.4545454545454546,3.727272727272727,0.5,0.5454545454545454,0.09090909090909091,0.4090909090909091,1.0,2.3181818181818183,0.25,22.0,46.0,0.0,0.0,7.0,10.0,28.0,54.0,82.0,11.0,12.0,2.0,9.0,22.0,51.0,4.0,22,492.6363636363636,10838.0
