TEAM_ID,PLAYER_ID,PLAYER_NAME,avg(FGM),avg(FGA),avg(FG3M),avg(FG3A),avg(FTM),avg(FTA),avg(OREB),avg(DREB),avg(REB),avg(AST),avg(STL),avg(BLK),avg(TO),avg(PF),avg(PTS),avg(PLUS_MINUS),sum(FGM),sum(FGA),sum(FG3M),sum(FG3A),sum(FTM),sum(FTA),sum(OREB),sum(DREB),sum(REB),sum(AST),sum(STL),sum(BLK),sum(TO),sum(PF),sum(PTS),sum(PLUS_MINUS),sum(ifminute),avg(seconds),sum(seconds)
1610612743,1628420,Monte Morris,4.109090909090909,8.381818181818181,1.0909090909090908,2.909090909090909,1.2545454545454546,1.5818181818181818,0.23636363636363636,1.7636363636363637,2.0,3.327272727272727,0.7272727272727273,0.3090909090909091,0.6909090909090909,1.0545454545454545,10.563636363636364,3.272727272727273,226.0,461.0,60.0,160.0,69.0,87.0,13.0,97.0,110.0,183.0,40.0,17.0,38.0,58.0,581.0,180.0,55,1518.418181818182,83513.0
1610612753,1629021,Moritz Wagner,3.4545454545454546,8.454545454545455,1.4545454545454546,3.909090909090909,2.6363636363636362,3.0,1.0,3.909090909090909,4.909090909090909,1.0909090909090908,0.36363636363636365,0.8181818181818182,1.1818181818181819,3.272727272727273,11.0,-12.0,38.0,93.0,16.0,43.0,29.0,33.0,11.0,43.0,54.0,12.0,4.0,9.0,13.0,36.0,121.0,-132.0,11,1557.7272727272727,17135.0
1610612764,1628395,Jordan Bell,1.4,4.0,0.0,0.4,0.0,0.0,1.2,2.6,3.8,1.0,0.6,0.6,0.6,1.0,2.8,-5.8,7.0,20.0,0.0,2.0,0.0,0.0,6.0,13.0,19.0,5.0,3.0,3.0,3.0,5.0,14.0,-29.0,5,806.4,4032.0
1610612765,1628372,Dennis Smith Jr.,2.8,6.75,0.95,2.7,0.7,1.0,0.6,2.05,2.65,3.7,1.0,0.7,1.25,1.65,7.25,-0.65,56.0,135.0,19.0,54.0,14.0,20.0,12.0,41.0,53.0,74.0,20.0,14.0,25.0,33.0,145.0,-13.0,20,1176.85,23537.0
1610612738,1628464,Daniel Theis,3.688888888888889,6.777777777777778,0.7777777777777778,2.3333333333333335,1.0444444444444445,1.5333333333333334,1.2666666666666666,4.0,5.266666666666667,1.6666666666666667,0.6,0.9555555555555556,0.9777777777777777,2.8444444444444446,9.2,1.3777777777777778,166.0,305.0,35.0,105.0,47.0,69.0,57.0,180.0,237.0,75.0,27.0,43.0,44.0,128.0,414.0,62.0,45,1462.9555555555555,65833.0
1610612753,1630257,Jon Teske,0.0,0.0,0.0,0.0,0.0,0.0,2.0,2.0,4.0,0.0,0.0,0.0,0.0,1.0,0.0,2.0,0.0,0.0,0.0,0.0,0.0,0.0,2.0,2.0,4.0,0.0,0.0,0.0,0.0,1.0,0.0,2.0,1,284.0,284.0
