TEAM_ID,PLAYER_ID,PLAYER_NAME,avg(FGM),avg(FGA),avg(FG3M),avg(FG3A),avg(FTM),avg(FTA),avg(OREB),avg(DREB),avg(REB),avg(AST),avg(STL),avg(BLK),avg(TO),avg(PF),avg(PTS),avg(PLUS_MINUS),sum(FGM),sum(FGA),sum(FG3M),sum(FG3A),sum(FTM),sum(FTA),sum(OREB),sum(DREB),sum(REB),sum(AST),sum(STL),sum(BLK),sum(TO),sum(PF),sum(PTS),sum(PLUS_MINUS),sum(ifminute),avg(seconds),sum(seconds)
1610612738,1629057,Robert Williams III,3.5789473684210527,4.964912280701754,0.0,0.03508771929824561,0.8421052631578947,1.3859649122807018,2.543859649122807,4.245614035087719,6.7894736842105265,1.719298245614035,0.8070175438596491,1.8421052631578947,1.0175438596491229,2.1403508771929824,8.0,0.07017543859649122,204.0,283.0,0.0,2.0,48.0,79.0,145.0,242.0,387.0,98.0,46.0,105.0,58.0,122.0,456.0,4.0,57,1133.0701754385964,64585.0
1610612753,1628976,Wendell Carter Jr.,4.590909090909091,9.318181818181818,0.3181818181818182,1.3181818181818181,2.227272727272727,3.090909090909091,2.8181818181818183,5.954545454545454,8.772727272727273,1.5909090909090908,0.7727272727272727,0.8181818181818182,1.3181818181818181,2.272727272727273,11.727272727272727,-6.454545454545454,101.0,205.0,7.0,29.0,49.0,68.0,62.0,131.0,193.0,35.0,17.0,18.0,29.0,50.0,258.0,-142.0,22,1591.3181818181818,35009.0
1610612740,201949,James Johnson,3.590909090909091,8.272727272727273,0.7272727272727273,2.727272727272727,1.2727272727272727,2.1363636363636362,0.8181818181818182,3.3181818181818183,4.136363636363637,2.1818181818181817,0.8181818181818182,0.8636363636363636,1.2727272727272727,2.772727272727273,9.181818181818182,-3.8181818181818183,79.0,182.0,16.0,60.0,28.0,47.0,18.0,73.0,91.0,48.0,18.0,19.0,28.0,61.0,202.0,-84.0,22,1469.9545454545455,32339.0
1610612748,1629735,Chris Silva,0.75,1.0833333333333333,0.08333333333333333,0.08333333333333333,0.9166666666666666,1.25,0.5833333333333334,1.5,2.0833333333333335,0.5833333333333334,0.08333333333333333,0.4166666666666667,0.8333333333333334,1.75,2.5,-0.75,9.0,13.0,1.0,1.0,11.0,15.0,7.0,18.0,25.0,7.0,1.0,5.0,10.0,21.0,30.0,-9.0,12,451.4166666666667,5417.0
