TEAM_ID,PLAYER_ID,PLAYER_NAME,avg(FGM),avg(FGA),avg(FG3M),avg(FG3A),avg(FTM),avg(FTA),avg(OREB),avg(DREB),avg(REB),avg(AST),avg(STL),avg(BLK),avg(TO),avg(PF),avg(PTS),avg(PLUS_MINUS),sum(FGM),sum(FGA),sum(FG3M),sum(FG3A),sum(FTM),sum(FTA),sum(OREB),sum(DREB),sum(REB),sum(AST),sum(STL),sum(BLK),sum(TO),sum(PF),sum(PTS),sum(PLUS_MINUS),sum(ifminute),avg(seconds),sum(seconds)
1610612739,201580,JaVale McGee,3.142857142857143,6.857142857142857,0.5714285714285714,1.1428571428571428,1.4285714285714286,2.4285714285714284,1.7142857142857142,4.857142857142857,6.571428571428571,1.0,0.42857142857142855,1.1428571428571428,1.7142857142857142,2.7142857142857144,8.285714285714286,-4.714285714285714,22.0,48.0,4.0,8.0,10.0,17.0,12.0,34.0,46.0,7.0,3.0,8.0,12.0,19.0,58.0,-33.0,7,931.2857142857143,6519.0
1610612764,1629060,Rui Hachimura,4.964285714285714,11.071428571428571,0.7857142857142857,1.7857142857142858,3.142857142857143,3.9285714285714284,1.7142857142857142,4.714285714285714,6.428571428571429,2.0,0.7857142857142857,0.17857142857142858,1.3571428571428572,2.0714285714285716,13.857142857142858,-1.3571428571428572,139.0,310.0,22.0,50.0,88.0,110.0,48.0,132.0,180.0,56.0,22.0,5.0,38.0,58.0,388.0,-38.0,28,1810.4285714285713,50692.0
1610612760,1629650,Moses Brown,1.6666666666666667,2.6666666666666665,0.0,0.0,0.6666666666666666,2.3333333333333335,0.3333333333333333,1.3333333333333333,1.6666666666666667,0.0,0.3333333333333333,0.6666666666666666,0.0,1.3333333333333333,4.0,-2.3333333333333335,5.0,8.0,0.0,0.0,2.0,7.0,1.0,4.0,5.0,0.0,1.0,2.0,0.0,4.0,12.0,-7.0,3,317.6666666666667,953.0
1610612766,1628970,Miles Bridges,5.027027027027027,11.756756756756756,1.6216216216216217,4.891891891891892,1.7837837837837838,2.108108108108108,1.4594594594594594,4.783783783783784,6.243243243243243,1.7567567567567568,0.6216216216216216,0.8378378378378378,1.4324324324324325,1.864864864864865,13.45945945945946,-0.9459459459459459,186.0,435.0,60.0,181.0,66.0,78.0,54.0,177.0,231.0,65.0,23.0,31.0,53.0,69.0,498.0,-35.0,37,1758.6486486486488,65070.0
1610612765,1629686,Deividas Sirvydis,"","","","","","","","","","","","","","","","","","","","","","","","","","","","","","","","",0,"",""
