TEAM_ID,PLAYER_ID,PLAYER_NAME,avg(FGM),avg(FGA),avg(FG3M),avg(FG3A),avg(FTM),avg(FTA),avg(OREB),avg(DREB),avg(REB),avg(AST),avg(STL),avg(BLK),avg(TO),avg(PF),avg(PTS),avg(PLUS_MINUS),sum(FGM),sum(FGA),sum(FG3M),sum(FG3A),sum(FTM),sum(FTA),sum(OREB),sum(DREB),sum(REB),sum(AST),sum(STL),sum(BLK),sum(TO),sum(PF),sum(PTS),sum(PLUS_MINUS),sum(ifminute),avg(seconds),sum(seconds)
1610612761,200768,Kyle Lowry,5.472727272727273,13.090909090909092,2.6,7.345454545454546,4.527272727272727,5.4,0.6363636363636364,4.509090909090909,5.1454545454545455,7.0181818181818185,1.5636363636363637,0.4727272727272727,2.8727272727272726,3.5454545454545454,18.072727272727274,5.454545454545454,301.0,720.0,143.0,404.0,249.0,297.0,35.0,248.0,283.0,386.0,86.0,26.0,158.0,195.0,994.0,300.0,55,2087.2909090909093,114801.0
1610612756,1630234,Ty-Shon Alexander,0.6,2.2,0.2,1.0,0.0,0.0,0.0,0.2,0.2,0.6,0.4,0.0,0.2,0.2,1.4,-1.8,3.0,11.0,1.0,5.0,0.0,0.0,0.0,1.0,1.0,3.0,2.0,0.0,1.0,1.0,7.0,-9.0,5,344.0,1720.0
1610612765,1629635,Sekou Doumbouya,2.7,6.725,0.8,2.675,1.05,1.55,0.675,2.9,3.575,0.5,0.575,0.25,1.0,2.175,7.25,-4.525,108.0,269.0,32.0,107.0,42.0,62.0,27.0,116.0,143.0,20.0,23.0,10.0,40.0,87.0,290.0,-181.0,40,1264.25,50570.0
