TEAM_ID,PLAYER_ID,PLAYER_NAME,avg(FGM),avg(FGA),avg(FG3M),avg(FG3A),avg(FTM),avg(FTA),avg(OREB),avg(DREB),avg(REB),avg(AST),avg(STL),avg(BLK),avg(TO),avg(PF),avg(PTS),avg(PLUS_MINUS),sum(FGM),sum(FGA),sum(FG3M),sum(FG3A),sum(FTM),sum(FTA),sum(OREB),sum(DREB),sum(REB),sum(AST),sum(STL),sum(BLK),sum(TO),sum(PF),sum(PTS),sum(PLUS_MINUS),sum(ifminute),avg(seconds),sum(seconds)
1610612753,1629643,Chuma Okeke,1.3636363636363635,3.8181818181818183,0.6363636363636364,2.1818181818181817,0.5454545454545454,1.0909090909090908,0.9090909090909091,1.7272727272727273,2.6363636363636362,1.5454545454545454,1.0,0.36363636363636365,1.0,0.6363636363636364,3.909090909090909,-3.4545454545454546,15.0,42.0,7.0,24.0,6.0,12.0,10.0,19.0,29.0,17.0,11.0,4.0,11.0,7.0,43.0,-38.0,11,1108.3636363636363,12192.0
1610612758,203992,Bogdan Bogdanovic,5.685714285714286,12.657142857142857,2.7142857142857144,7.571428571428571,1.4285714285714286,1.7142857142857142,0.4857142857142857,3.1714285714285713,3.657142857142857,3.1714285714285713,1.0,0.2,1.3428571428571427,2.4,15.514285714285714,-0.42857142857142855,199.0,443.0,95.0,265.0,50.0,60.0,17.0,111.0,128.0,111.0,35.0,7.0,47.0,84.0,543.0,-15.0,35,1757.3428571428572,61507.0
1610612752,202694,Marcus Morris Sr.,7.923076923076923,17.0,2.923076923076923,7.230769230769231,3.769230769230769,5.076923076923077,1.2307692307692308,3.769230769230769,5.0,1.1538461538461537,0.6923076923076923,0.3076923076923077,1.6923076923076923,2.6153846153846154,22.53846153846154,0.8461538461538461,103.0,221.0,38.0,94.0,49.0,66.0,16.0,49.0,65.0,15.0,9.0,4.0,22.0,34.0,293.0,11.0,13,2047.076923076923,26612.0
