TEAM_ID,PLAYER_ID,PLAYER_NAME,avg(FGM),avg(FGA),avg(FG3M),avg(FG3A),avg(FTM),avg(FTA),avg(OREB),avg(DREB),avg(REB),avg(AST),avg(STL),avg(BLK),avg(TO),avg(PF),avg(PTS),avg(PLUS_MINUS),sum(FGM),sum(FGA),sum(FG3M),sum(FG3A),sum(FTM),sum(FTA),sum(OREB),sum(DREB),sum(REB),sum(AST),sum(STL),sum(BLK),sum(TO),sum(PF),sum(PTS),sum(PLUS_MINUS),sum(ifminute),avg(seconds),sum(seconds)
1610612747,1629659,Talen Horton-Tucker,3.527027027027027,7.675675675675675,0.6486486486486487,2.0945945945945947,1.6216216216216217,2.054054054054054,0.36486486486486486,2.324324324324324,2.689189189189189,2.6621621621621623,1.0405405405405406,0.33783783783783783,1.5810810810810811,1.9054054054054055,9.324324324324325,1.0135135135135136,261.0,568.0,48.0,155.0,120.0,152.0,27.0,172.0,199.0,197.0,77.0,25.0,117.0,141.0,690.0,75.0,74,1203.8108108108108,89082.0
1610612743,1630267,Facundo Campazzo,1.8714285714285714,4.885714285714286,1.1714285714285715,3.3,1.1857142857142857,1.3571428571428572,0.35714285714285715,1.6714285714285715,2.0285714285714285,3.557142857142857,1.2428571428571429,0.24285714285714285,1.1714285714285715,2.0714285714285716,6.1,1.3142857142857143,131.0,342.0,82.0,231.0,83.0,95.0,25.0,117.0,142.0,249.0,87.0,17.0,82.0,145.0,427.0,92.0,70,1315.8857142857144,92112.0
