TEAM_ID,PLAYER_ID,PLAYER_NAME,avg(FGM),avg(FGA),avg(FG3M),avg(FG3A),avg(FTM),avg(FTA),avg(OREB),avg(DREB),avg(REB),avg(AST),avg(STL),avg(BLK),avg(TO),avg(PF),avg(PTS),avg(PLUS_MINUS),sum(FGM),sum(FGA),sum(FG3M),sum(FG3A),sum(FTM),sum(FTA),sum(OREB),sum(DREB),sum(REB),sum(AST),sum(STL),sum(BLK),sum(TO),sum(PF),sum(PTS),sum(PLUS_MINUS),sum(ifminute),avg(seconds),sum(seconds)
1610612762,1629714,Jarrell Brantley,0.8387096774193549,1.8709677419354838,0.3870967741935484,1.032258064516129,0.0967741935483871,0.12903225806451613,0.3225806451612903,0.6774193548387096,1.0,0.6129032258064516,0.22580645161290322,0.06451612903225806,0.3225806451612903,0.5806451612903226,2.161290322580645,-0.6129032258064516,26.0,58.0,12.0,32.0,3.0,4.0,10.0,21.0,31.0,19.0,7.0,2.0,10.0,18.0,67.0,-19.0,31,315.0,9765.0
1610612766,1629602,Javin DeLaurier,1.0,1.0,1.0,1.0,0.0,0.0,1.0,1.0,2.0,0.0,0.0,0.0,0.0,1.0,3.0,1.0,1.0,1.0,1.0,1.0,0.0,0.0,1.0,1.0,2.0,0.0,0.0,0.0,0.0,1.0,3.0,1.0,1,198.0,198.0
1610612763,1630261,Jahlil Tripp,0.5,0.5,0.0,0.0,2.0,2.0,0.5,0.5,1.0,0.0,0.5,0.0,0.5,0.5,3.0,-1.5,1.0,1.0,0.0,0.0,4.0,4.0,1.0,1.0,2.0,0.0,1.0,0.0,1.0,1.0,6.0,-3.0,2,214.5,429.0
