TEAM_ID,PLAYER_ID,PLAYER_NAME,avg(FGM),avg(FGA),avg(FG3M),avg(FG3A),avg(FTM),avg(FTA),avg(OREB),avg(DREB),avg(REB),avg(AST),avg(STL),avg(BLK),avg(TO),avg(PF),avg(PTS),avg(PLUS_MINUS),sum(FGM),sum(FGA),sum(FG3M),sum(FG3A),sum(FTM),sum(FTA),sum(OREB),sum(DREB),sum(REB),sum(AST),sum(STL),sum(BLK),sum(TO),sum(PF),sum(PTS),sum(PLUS_MINUS),sum(ifminute),avg(seconds),sum(seconds)
1610612748,203473,Dewayne Dedmon,3.0555555555555554,4.333333333333333,0.1111111111111111,0.3888888888888889,1.2222222222222223,1.6666666666666667,1.8333333333333333,3.5555555555555554,5.388888888888889,0.7777777777777778,0.5,0.3333333333333333,0.8333333333333334,2.3333333333333335,7.444444444444445,2.5555555555555554,55.0,78.0,2.0,7.0,22.0,30.0,33.0,64.0,97.0,14.0,9.0,6.0,15.0,42.0,134.0,46.0,18,812.3888888888889,14623.0
1610612754,1627734,Domantas Sabonis,7.753623188405797,14.565217391304348,0.8260869565217391,2.608695652173913,3.753623188405797,5.188405797101449,2.463768115942029,9.53623188405797,12.0,6.550724637681159,1.2173913043478262,0.5217391304347826,3.4057971014492754,3.246376811594203,20.08695652173913,-1.0144927536231885,535.0,1005.0,57.0,180.0,259.0,358.0,170.0,658.0,828.0,452.0,84.0,36.0,235.0,224.0,1386.0,-70.0,69,2132.231884057971,147124.0
1610612759,1630170,Devin Vassell,2.08955223880597,5.044776119402985,0.8656716417910447,2.417910447761194,0.7313432835820896,0.8955223880597015,0.3880597014925373,2.4925373134328357,2.8805970149253732,0.9253731343283582,0.8059701492537313,0.2835820895522388,0.34328358208955223,1.4477611940298507,5.776119402985074,-1.2835820895522387,140.0,338.0,58.0,162.0,49.0,60.0,26.0,167.0,193.0,62.0,54.0,19.0,23.0,97.0,387.0,-86.0,67,1040.2985074626865,69700.0
1610612765,1630240,Saben Lee,1.9411764705882353,4.137254901960785,0.1568627450980392,0.45098039215686275,1.2549019607843137,1.9019607843137254,0.39215686274509803,1.5294117647058822,1.9215686274509804,3.4705882352941178,0.6274509803921569,0.2549019607843137,1.1372549019607843,1.5294117647058822,5.294117647058823,-1.6862745098039216,99.0,211.0,8.0,23.0,64.0,97.0,20.0,78.0,98.0,177.0,32.0,13.0,58.0,78.0,270.0,-86.0,51,941.4705882352941,48015.0
1610612765,1629686,Deividas Sirvydis,0.7,2.0,0.5,1.4,0.15,0.3,0.0,1.45,1.45,0.25,0.1,0.0,0.25,0.45,2.05,-1.15,14.0,40.0,10.0,28.0,3.0,6.0,0.0,29.0,29.0,5.0,2.0,0.0,5.0,9.0,41.0,-23.0,20,399.3,7986.0
1610612740,1628959,Rawle Alkins,"","","","","","","","","","","","","","","","","","","","","","","","","","","","","","","","",0,"",""
