TEAM_ID,PLAYER_ID,PLAYER_NAME,avg(FGM),avg(FGA),avg(FG3M),avg(FG3A),avg(FTM),avg(FTA),avg(OREB),avg(DREB),avg(REB),avg(AST),avg(STL),avg(BLK),avg(TO),avg(PF),avg(PTS),avg(PLUS_MINUS),sum(FGM),sum(FGA),sum(FG3M),sum(FG3A),sum(FTM),sum(FTA),sum(OREB),sum(DREB),sum(REB),sum(AST),sum(STL),sum(BLK),sum(TO),sum(PF),sum(PTS),sum(PLUS_MINUS),sum(ifminute),avg(seconds),sum(seconds)
1610612762,1628430,Nigel Williams-Goss,1.8333333333333333,3.1666666666666665,0.6666666666666666,1.3333333333333333,1.6666666666666667,1.6666666666666667,0.16666666666666666,1.0,1.1666666666666667,1.0,0.6666666666666666,0.0,0.6666666666666666,1.3333333333333333,6.0,-0.3333333333333333,11.0,19.0,4.0,8.0,10.0,10.0,1.0,6.0,7.0,6.0,4.0,0.0,4.0,8.0,36.0,-2.0,6,583.1666666666666,3499.0
1610612761,1629608,Dewan Hernandez,0.8,2.0,0.2,0.2,0.2,0.6,0.8,1.0,1.8,0.8,0.0,0.0,0.4,0.0,2.0,2.6,4.0,10.0,1.0,1.0,1.0,3.0,4.0,5.0,9.0,4.0,0.0,0.0,2.0,0.0,10.0,13.0,5,305.4,1527.0
1610612760,1628987,Kevin Hervey,0.9,3.0,0.5,2.3,0.2,0.2,0.2,1.2,1.4,0.5,0.1,0.1,0.1,0.5,2.5,-4.3,9.0,30.0,5.0,23.0,2.0,2.0,2.0,12.0,14.0,5.0,1.0,1.0,1.0,5.0,25.0,-43.0,10,344.6,3446.0
