TEAM_ID,PLAYER_ID,PLAYER_NAME,avg(FGM),avg(FGA),avg(FG3M),avg(FG3A),avg(FTM),avg(FTA),avg(OREB),avg(DREB),avg(REB),avg(AST),avg(STL),avg(BLK),avg(TO),avg(PF),avg(PTS),avg(PLUS_MINUS),sum(FGM),sum(FGA),sum(FG3M),sum(FG3A),sum(FTM),sum(FTA),sum(OREB),sum(DREB),sum(REB),sum(AST),sum(STL),sum(BLK),sum(TO),sum(PF),sum(PTS),sum(PLUS_MINUS),sum(ifminute),avg(seconds),sum(seconds)
1610612739,203083,Andre Drummond,6.764705882352941,13.764705882352942,0.35294117647058826,1.4705882352941178,3.176470588235294,5.588235294117647,3.0,9.294117647058824,12.294117647058824,2.4705882352941178,1.8823529411764706,1.7647058823529411,3.3529411764705883,2.7058823529411766,17.058823529411764,-1.2352941176470589,115.0,234.0,6.0,25.0,54.0,95.0,51.0,158.0,209.0,42.0,32.0,30.0,57.0,46.0,290.0,-21.0,17,1699.8823529411766,28898.0
1610612751,1629617,Reggie Perry,0.8,1.8,0.0,0.6,0.2,1.0,0.6,2.0,2.6,0.8,0.0,0.2,0.4,0.8,1.8,-2.2,4.0,9.0,0.0,3.0,1.0,5.0,3.0,10.0,13.0,4.0,0.0,1.0,2.0,4.0,9.0,-11.0,5,493.8,2469.0
