TEAM_ID,PLAYER_ID,PLAYER_NAME,avg(FGM),avg(FGA),avg(FG3M),avg(FG3A),avg(FTM),avg(FTA),avg(OREB),avg(DREB),avg(REB),avg(AST),avg(STL),avg(BLK),avg(TO),avg(PF),avg(PTS),avg(PLUS_MINUS),sum(FGM),sum(FGA),sum(FG3M),sum(FG3A),sum(FTM),sum(FTA),sum(OREB),sum(DREB),sum(REB),sum(AST),sum(STL),sum(BLK),sum(TO),sum(PF),sum(PTS),sum(PLUS_MINUS),sum(ifminute),avg(seconds),sum(seconds)
1610612764,1628972,Troy Brown Jr.,3.8823529411764706,9.03921568627451,1.1176470588235294,3.0,1.588235294117647,1.9803921568627452,0.9411764705882353,4.352941176470588,5.294117647058823,2.627450980392157,1.0784313725490196,0.058823529411764705,1.2549019607843137,2.0392156862745097,10.470588235294118,-4.8431372549019605,198.0,461.0,57.0,153.0,81.0,101.0,48.0,222.0,270.0,134.0,55.0,3.0,64.0,104.0,534.0,-247.0,51,1536.2156862745098,78347.0
1610612753,1628964,Mo Bamba,1.9444444444444444,4.0,0.5277777777777778,1.5,0.5555555555555556,0.8611111111111112,1.75,2.861111111111111,4.611111111111111,0.6944444444444444,0.4166666666666667,1.3333333333333333,0.4444444444444444,1.8333333333333333,4.972222222222222,0.16666666666666666,70.0,144.0,19.0,54.0,20.0,31.0,63.0,103.0,166.0,25.0,15.0,48.0,16.0,66.0,179.0,6.0,36,759.0833333333334,27327.0
1610612749,201950,Jrue Holiday,5.5,11.25,1.625,4.5,1.375,1.375,1.125,3.125,4.25,5.125,1.375,0.625,2.0,2.5,14.0,3.5,44.0,90.0,13.0,36.0,11.0,11.0,9.0,25.0,34.0,41.0,11.0,5.0,16.0,20.0,112.0,28.0,8,1715.875,13727.0
1610612749,1626171,Bobby Portis,3.9,8.2,0.4,1.7,1.6,2.1,1.7,4.9,6.6,1.1,0.5,0.4,1.2,2.2,9.8,2.1,39.0,82.0,4.0,17.0,16.0,21.0,17.0,49.0,66.0,11.0,5.0,4.0,12.0,22.0,98.0,21.0,10,1297.5,12975.0
