TEAM_ID,PLAYER_ID,PLAYER_NAME,avg(FGM),avg(FGA),avg(FG3M),avg(FG3A),avg(FTM),avg(FTA),avg(OREB),avg(DREB),avg(REB),avg(AST),avg(STL),avg(BLK),avg(TO),avg(PF),avg(PTS),avg(PLUS_MINUS),sum(FGM),sum(FGA),sum(FG3M),sum(FG3A),sum(FTM),sum(FTA),sum(OREB),sum(DREB),sum(REB),sum(AST),sum(STL),sum(BLK),sum(TO),sum(PF),sum(PTS),sum(PLUS_MINUS),sum(ifminute),avg(seconds),sum(seconds)
1610612764,1630166,Deni Avdija,3.125,6.0,1.5,3.375,0.625,1.25,0.5,4.875,5.375,2.5,1.25,0.125,1.0,2.375,8.375,3.125,25.0,48.0,12.0,27.0,5.0,10.0,4.0,39.0,43.0,20.0,10.0,1.0,8.0,19.0,67.0,25.0,8,1634.375,13075.0
1610612758,1630186,Jahmi'us Ramsey,0.8,2.6,0.2,1.4,0.2,0.4,0.0,0.4,0.4,0.2,0.0,0.0,0.2,0.4,2.0,-0.2,4.0,13.0,1.0,7.0,1.0,2.0,0.0,2.0,2.0,1.0,0.0,0.0,1.0,2.0,10.0,-1.0,5,327.0,1635.0
1610612750,1629020,Jarred Vanderbilt,0.7142857142857143,1.7142857142857142,0.0,0.14285714285714285,0.8571428571428571,1.5714285714285714,1.2857142857142858,1.8571428571428572,3.142857142857143,1.2857142857142858,0.7142857142857143,0.42857142857142855,0.5714285714285714,0.2857142857142857,2.2857142857142856,-0.42857142857142855,5.0,12.0,0.0,1.0,6.0,11.0,9.0,13.0,22.0,9.0,5.0,3.0,4.0,2.0,16.0,-3.0,7,513.7142857142857,3596.0
1610612743,1630267,Facundo Campazzo,0.7142857142857143,2.5714285714285716,0.42857142857142855,1.7142857142857142,0.8571428571428571,1.1428571428571428,0.0,0.8571428571428571,0.8571428571428571,1.5714285714285714,0.7142857142857143,0.14285714285714285,1.4285714285714286,2.142857142857143,2.7142857142857144,-2.142857142857143,5.0,18.0,3.0,12.0,6.0,8.0,0.0,6.0,6.0,11.0,5.0,1.0,10.0,15.0,19.0,-15.0,7,666.4285714285714,4665.0
1610612748,1630220,Paul Eboua,"","","","","","","","","","","","","","","","","","","","","","","","","","","","","","","","",0,"",""
1610612764,1629678,Admiral Schofield,1.0,3.1176470588235294,0.5294117647058824,2.0588235294117645,0.17647058823529413,0.4117647058823529,0.5294117647058824,1.2941176470588236,1.8235294117647058,0.23529411764705882,0.11764705882352941,0.058823529411764705,0.17647058823529413,1.588235294117647,2.7058823529411766,-4.294117647058823,17.0,53.0,9.0,35.0,3.0,7.0,9.0,22.0,31.0,4.0,2.0,1.0,3.0,27.0,46.0,-73.0,17,670.1764705882352,11393.0
