TEAM_ID,PLAYER_ID,PLAYER_NAME,avg(FGM),avg(FGA),avg(FG3M),avg(FG3A),avg(FTM),avg(FTA),avg(OREB),avg(DREB),avg(REB),avg(AST),avg(STL),avg(BLK),avg(TO),avg(PF),avg(PTS),avg(PLUS_MINUS),sum(FGM),sum(FGA),sum(FG3M),sum(FG3A),sum(FTM),sum(FTA),sum(OREB),sum(DREB),sum(REB),sum(AST),sum(STL),sum(BLK),sum(TO),sum(PF),sum(PTS),sum(PLUS_MINUS),sum(ifminute),avg(seconds),sum(seconds)
1610612755,203118,Mike Scott,1.8958333333333333,4.6875,1.0,2.7708333333333335,0.6458333333333334,0.75,1.0625,2.6666666666666665,3.7291666666666665,0.7916666666666666,0.3125,0.10416666666666667,0.3958333333333333,1.3958333333333333,5.4375,0.3125,91.0,225.0,48.0,133.0,31.0,36.0,51.0,128.0,179.0,38.0,15.0,5.0,19.0,67.0,261.0,15.0,48,928.0833333333334,44548.0
1610612750,1627823,Juancho Hernangomez,3.272727272727273,8.090909090909092,1.5,4.2272727272727275,1.5454545454545454,2.5454545454545454,1.2272727272727273,4.909090909090909,6.136363636363637,1.0,0.7272727272727273,0.3181818181818182,0.7272727272727273,2.0,9.590909090909092,-5.363636363636363,72.0,178.0,33.0,93.0,34.0,56.0,27.0,108.0,135.0,22.0,16.0,7.0,16.0,44.0,211.0,-118.0,22,1434.1818181818182,31552.0
1610612746,1626149,Montrezl Harrell,6.166666666666667,10.428571428571429,0.023809523809523808,0.2619047619047619,3.738095238095238,5.857142857142857,1.7380952380952381,3.7857142857142856,5.523809523809524,1.1666666666666667,0.4523809523809524,0.9761904761904762,1.3095238095238095,2.2857142857142856,16.095238095238095,-0.2857142857142857,259.0,438.0,1.0,11.0,157.0,246.0,73.0,159.0,232.0,49.0,19.0,41.0,55.0,96.0,676.0,-12.0,42,1434.6190476190477,60254.0
