TEAM_ID,PLAYER_ID,PLAYER_NAME,avg(FGM),avg(FGA),avg(FG3M),avg(FG3A),avg(FTM),avg(FTA),avg(OREB),avg(DREB),avg(REB),avg(AST),avg(STL),avg(BLK),avg(TO),avg(PF),avg(PTS),avg(PLUS_MINUS),sum(FGM),sum(FGA),sum(FG3M),sum(FG3A),sum(FTM),sum(FTA),sum(OREB),sum(DREB),sum(REB),sum(AST),sum(STL),sum(BLK),sum(TO),sum(PF),sum(PTS),sum(PLUS_MINUS),sum(ifminute),avg(seconds),sum(seconds)
1610612746,202335,Patrick Patterson,1.875,4.35,1.075,2.975,0.325,0.425,0.475,1.525,2.0,0.725,0.35,0.2,0.375,1.15,5.15,0.2,75.0,174.0,43.0,119.0,13.0,17.0,19.0,61.0,80.0,29.0,14.0,8.0,15.0,46.0,206.0,8.0,40,929.925,37197.0
1610612759,201942,DeMar DeRozan,7.257575757575758,14.909090909090908,0.3181818181818182,1.1818181818181819,6.4393939393939394,7.2727272727272725,0.6818181818181818,3.515151515151515,4.196969696969697,6.7272727272727275,0.8787878787878788,0.24242424242424243,1.9242424242424243,2.090909090909091,21.272727272727273,-2.212121212121212,479.0,984.0,21.0,78.0,425.0,480.0,45.0,232.0,277.0,444.0,58.0,16.0,127.0,138.0,1404.0,-146.0,66,2004.2878787878788,132283.0
1610612759,200752,Rudy Gay,4.25,10.058823529411764,1.6764705882352942,4.426470588235294,1.3235294117647058,1.6911764705882353,0.6911764705882353,4.161764705882353,4.852941176470588,1.411764705882353,0.7205882352941176,0.6029411764705882,1.0735294117647058,1.7941176470588236,11.5,1.8235294117647058,289.0,684.0,114.0,301.0,90.0,115.0,47.0,283.0,330.0,96.0,49.0,41.0,73.0,122.0,782.0,124.0,68,1312.3970588235295,89243.0
1610612760,1629026,Kenrich Williams,3.1714285714285713,6.071428571428571,0.7714285714285715,1.7571428571428571,0.5857142857142857,0.9857142857142858,1.2571428571428571,2.8142857142857145,4.071428571428571,2.3142857142857145,0.8428571428571429,0.2571428571428571,1.2,2.157142857142857,7.7,-3.0285714285714285,222.0,425.0,54.0,123.0,41.0,69.0,88.0,197.0,285.0,162.0,59.0,18.0,84.0,151.0,539.0,-212.0,70,1279.4,89558.0
1610612740,1628387,Ike Anigbogu,"","","","","","","","","","","","","","","","","","","","","","","","","","","","","","","","",0,"",""
