TEAM_ID,PLAYER_ID,PLAYER_NAME,avg(FGM),avg(FGA),avg(FG3M),avg(FG3A),avg(FTM),avg(FTA),avg(OREB),avg(DREB),avg(REB),avg(AST),avg(STL),avg(BLK),avg(TO),avg(PF),avg(PTS),avg(PLUS_MINUS),sum(FGM),sum(FGA),sum(FG3M),sum(FG3A),sum(FTM),sum(FTA),sum(OREB),sum(DREB),sum(REB),sum(AST),sum(STL),sum(BLK),sum(TO),sum(PF),sum(PTS),sum(PLUS_MINUS),sum(ifminute),avg(seconds),sum(seconds)
1610612737,203991,Clint Capela,6.304347826086956,10.666666666666666,0.0,0.0,1.9710144927536233,3.4927536231884058,4.579710144927536,9.478260869565217,14.057971014492754,0.7681159420289855,0.6666666666666666,2.0,1.144927536231884,2.2753623188405796,14.579710144927537,3.2753623188405796,435.0,736.0,0.0,0.0,136.0,241.0,316.0,654.0,970.0,53.0,46.0,138.0,79.0,157.0,1006.0,226.0,69,1788.7536231884058,123424.0
