TEAM_ID,PLAYER_ID,PLAYER_NAME,avg(FGM),avg(FGA),avg(FG3M),avg(FG3A),avg(FTM),avg(FTA),avg(OREB),avg(DREB),avg(REB),avg(AST),avg(STL),avg(BLK),avg(TO),avg(PF),avg(PTS),avg(PLUS_MINUS),sum(FGM),sum(FGA),sum(FG3M),sum(FG3A),sum(FTM),sum(FTA),sum(OREB),sum(DREB),sum(REB),sum(AST),sum(STL),sum(BLK),sum(TO),sum(PF),sum(PTS),sum(PLUS_MINUS),sum(ifminute),avg(seconds),sum(seconds)
1610612760,1629718,Charlie Brown Jr.,1.4444444444444444,4.777777777777778,0.5555555555555556,2.3333333333333335,1.0,1.1111111111111112,0.3333333333333333,1.5555555555555556,1.8888888888888888,1.0,0.4444444444444444,0.2222222222222222,0.6666666666666666,2.111111111111111,4.444444444444445,-4.777777777777778,13.0,43.0,5.0,21.0,9.0,10.0,3.0,14.0,17.0,9.0,4.0,2.0,6.0,19.0,40.0,-43.0,9,1012.2222222222222,9110.0
