TEAM_ID,PLAYER_ID,PLAYER_NAME,avg(FGM),avg(FGA),avg(FG3M),avg(FG3A),avg(FTM),avg(FTA),avg(OREB),avg(DREB),avg(REB),avg(AST),avg(STL),avg(BLK),avg(TO),avg(PF),avg(PTS),avg(PLUS_MINUS),sum(FGM),sum(FGA),sum(FG3M),sum(FG3A),sum(FTM),sum(FTA),sum(OREB),sum(DREB),sum(REB),sum(AST),sum(STL),sum(BLK),sum(TO),sum(PF),sum(PTS),sum(PLUS_MINUS),sum(ifminute),avg(seconds),sum(seconds)
1610612752,203658,Norvel Pelle,0.5555555555555556,0.7777777777777778,0.0,0.0,0.1111111111111111,0.2222222222222222,0.2222222222222222,1.0,1.2222222222222223,0.1111111111111111,0.1111111111111111,0.6666666666666666,0.0,0.4444444444444444,1.2222222222222223,3.2222222222222223,5.0,7.0,0.0,0.0,1.0,2.0,2.0,9.0,11.0,1.0,1.0,6.0,0.0,4.0,11.0,29.0,9,345.22222222222223,3107.0
1610612747,1628035,Alfonzo McKinnie,1.2,2.325,0.4,0.975,0.25,0.45,0.55,0.825,1.375,0.15,0.175,0.0,0.125,0.675,3.05,0.125,48.0,93.0,16.0,39.0,10.0,18.0,22.0,33.0,55.0,6.0,7.0,0.0,5.0,27.0,122.0,5.0,40,394.425,15777.0
1610612743,1630192,Zeke Nnaji,1.2173913043478262,2.5217391304347827,0.5869565217391305,1.4130434782608696,0.32608695652173914,0.41304347826086957,0.30434782608695654,1.173913043478261,1.4782608695652173,0.2391304347826087,0.1956521739130435,0.13043478260869565,0.15217391304347827,0.6956521739130435,3.347826086956522,-1.4782608695652173,56.0,116.0,27.0,65.0,15.0,19.0,14.0,54.0,68.0,11.0,9.0,6.0,7.0,32.0,154.0,-68.0,46,562.2391304347826,25863.0
1610612761,203918,Rodney Hood,1.2352941176470589,3.4705882352941178,0.5294117647058824,1.7058823529411764,0.8823529411764706,0.9411764705882353,0.29411764705882354,1.4705882352941178,1.7647058823529411,0.35294117647058826,0.23529411764705882,0.17647058823529413,0.29411764705882354,0.8823529411764706,3.8823529411764706,-2.3529411764705883,21.0,59.0,9.0,29.0,15.0,16.0,5.0,25.0,30.0,6.0,4.0,3.0,5.0,15.0,66.0,-40.0,17,763.4705882352941,12979.0
