TEAM_ID,PLAYER_ID,PLAYER_NAME,avg(FGM),avg(FGA),avg(FG3M),avg(FG3A),avg(FTM),avg(FTA),avg(OREB),avg(DREB),avg(REB),avg(AST),avg(STL),avg(BLK),avg(TO),avg(PF),avg(PTS),avg(PLUS_MINUS),sum(FGM),sum(FGA),sum(FG3M),sum(FG3A),sum(FTM),sum(FTA),sum(OREB),sum(DREB),sum(REB),sum(AST),sum(STL),sum(BLK),sum(TO),sum(PF),sum(PTS),sum(PLUS_MINUS),sum(ifminute),avg(seconds),sum(seconds)
1610612766,1629023,P.J. Washington,4.54054054054054,11.0,1.2162162162162162,4.0,1.3783783783783783,2.3783783783783785,1.4324324324324325,4.45945945945946,5.891891891891892,2.7027027027027026,0.8918918918918919,0.7567567567567568,1.972972972972973,2.891891891891892,11.675675675675675,-4.081081081081081,168.0,407.0,45.0,148.0,51.0,88.0,53.0,165.0,218.0,100.0,33.0,28.0,73.0,107.0,432.0,-151.0,37,1778.7567567567567,65814.0
1610612747,202693,Markieff Morris,1.9782608695652173,4.739130434782608,1.0869565217391304,2.9130434782608696,0.43478260869565216,0.5652173913043478,0.8043478260869565,2.5869565217391304,3.391304347826087,0.8695652173913043,0.30434782608695654,0.2608695652173913,0.6086956521739131,2.1956521739130435,5.478260869565218,0.9565217391304348,91.0,218.0,50.0,134.0,20.0,26.0,37.0,119.0,156.0,40.0,14.0,12.0,28.0,101.0,252.0,44.0,46,995.6521739130435,45800.0
1610612765,201961,Wayne Ellington,1.5,4.75,1.0,4.0,1.5,1.5,0.25,0.75,1.0,0.25,0.25,0.0,0.75,1.25,5.5,-2.75,6.0,19.0,4.0,16.0,6.0,6.0,1.0,3.0,4.0,1.0,1.0,0.0,3.0,5.0,22.0,-11.0,4,930.5,3722.0
1610612738,1628518,Amile Jefferson,0.0,0.0,0.0,0.0,0.0,0.0,0.0,1.0,1.0,0.0,0.0,0.0,1.0,1.0,0.0,4.0,0.0,0.0,0.0,0.0,0.0,0.0,0.0,1.0,1.0,0.0,0.0,0.0,1.0,1.0,0.0,4.0,1,220.0,220.0
