TEAM_ID,PLAYER_ID,PLAYER_NAME,avg(FGM),avg(FGA),avg(FG3M),avg(FG3A),avg(FTM),avg(FTA),avg(OREB),avg(DREB),avg(REB),avg(AST),avg(STL),avg(BLK),avg(TO),avg(PF),avg(PTS),avg(PLUS_MINUS),sum(FGM),sum(FGA),sum(FG3M),sum(FG3A),sum(FTM),sum(FTA),sum(OREB),sum(DREB),sum(REB),sum(AST),sum(STL),sum(BLK),sum(TO),sum(PF),sum(PTS),sum(PLUS_MINUS),sum(ifminute),avg(seconds),sum(seconds)
1610612757,203081,Damian Lillard,8.84,19.46,4.0,10.02,6.82,7.56,0.48,3.68,4.16,7.54,1.04,0.26,2.96,1.4,28.5,-1.64,442.0,973.0,200.0,501.0,341.0,378.0,24.0,184.0,208.0,377.0,52.0,13.0,148.0,70.0,1425.0,-82.0,50,2175.14,108757.0
1610612765,1626153,Delon Wright,2.888888888888889,5.555555555555555,1.1111111111111112,2.111111111111111,2.0,2.3333333333333335,0.5555555555555556,2.4444444444444446,3.0,2.888888888888889,0.8888888888888888,0.3333333333333333,0.7777777777777778,0.6666666666666666,8.88888888888889,-4.0,26.0,50.0,10.0,19.0,18.0,21.0,5.0,22.0,27.0,26.0,8.0,3.0,7.0,6.0,80.0,-36.0,9,1319.6666666666667,11877.0
1610612759,1628401,Derrick White,4.0,8.951219512195122,1.3658536585365855,3.926829268292683,3.2439024390243905,3.707317073170732,0.5609756097560976,3.073170731707317,3.6341463414634148,3.8780487804878048,0.8048780487804879,1.146341463414634,1.4390243902439024,2.317073170731707,12.609756097560975,1.5121951219512195,164.0,367.0,56.0,161.0,133.0,152.0,23.0,126.0,149.0,159.0,33.0,47.0,59.0,95.0,517.0,62.0,41,1524.5121951219512,62505.0
1610612755,202692,Alec Burks,4.28,9.84,1.56,4.24,1.76,2.2,0.76,2.6,3.36,2.2,0.6,0.16,0.84,1.4,11.88,-0.08,107.0,246.0,39.0,106.0,44.0,55.0,19.0,65.0,84.0,55.0,15.0,4.0,21.0,35.0,297.0,-2.0,25,1248.0,31200.0
