TEAM_ID,PLAYER_ID,PLAYER_NAME,avg(FGM),avg(FGA),avg(FG3M),avg(FG3A),avg(FTM),avg(FTA),avg(OREB),avg(DREB),avg(REB),avg(AST),avg(STL),avg(BLK),avg(TO),avg(PF),avg(PTS),avg(PLUS_MINUS),sum(FGM),sum(FGA),sum(FG3M),sum(FG3A),sum(FTM),sum(FTA),sum(OREB),sum(DREB),sum(REB),sum(AST),sum(STL),sum(BLK),sum(TO),sum(PF),sum(PTS),sum(PLUS_MINUS),sum(ifminute),avg(seconds),sum(seconds)
1610612763,1630217,Desmond Bane,3.3846153846153846,7.32051282051282,1.6794871794871795,3.9743589743589745,0.6282051282051282,0.782051282051282,0.47435897435897434,2.7051282051282053,3.1794871794871793,1.7307692307692308,0.6153846153846154,0.23076923076923078,0.9102564102564102,1.8461538461538463,9.076923076923077,0.08974358974358974,264.0,571.0,131.0,310.0,49.0,61.0,37.0,211.0,248.0,135.0,48.0,18.0,71.0,144.0,708.0,7.0,78,1346.5384615384614,105030.0
1610612766,1630203,Grant Riller,1.0,1.7777777777777777,0.2222222222222222,0.5555555555555556,0.4444444444444444,0.6666666666666666,0.0,0.1111111111111111,0.1111111111111111,0.5555555555555556,0.2222222222222222,0.0,0.1111111111111111,0.0,2.6666666666666665,0.8888888888888888,9.0,16.0,2.0,5.0,4.0,6.0,0.0,1.0,1.0,5.0,2.0,0.0,1.0,0.0,24.0,8.0,9,284.22222222222223,2558.0
1610612745,1626174,Christian Wood,8.071428571428571,15.666666666666666,1.880952380952381,5.0476190476190474,3.0952380952380953,4.833333333333333,1.8095238095238095,7.833333333333333,9.642857142857142,1.7380952380952381,0.8333333333333334,1.1666666666666667,1.9047619047619047,2.119047619047619,21.11904761904762,-1.8333333333333333,339.0,658.0,79.0,212.0,130.0,203.0,76.0,329.0,405.0,73.0,35.0,49.0,80.0,89.0,887.0,-77.0,42,1928.3095238095239,80989.0
