TEAM_ID,PLAYER_ID,PLAYER_NAME,avg(FGM),avg(FGA),avg(FG3M),avg(FG3A),avg(FTM),avg(FTA),avg(OREB),avg(DREB),avg(REB),avg(AST),avg(STL),avg(BLK),avg(TO),avg(PF),avg(PTS),avg(PLUS_MINUS),sum(FGM),sum(FGA),sum(FG3M),sum(FG3A),sum(FTM),sum(FTA),sum(OREB),sum(DREB),sum(REB),sum(AST),sum(STL),sum(BLK),sum(TO),sum(PF),sum(PTS),sum(PLUS_MINUS),sum(ifminute),avg(seconds),sum(seconds)
1610612760,1629026,Kenrich Williams,0.75,3.0,0.375,1.25,0.875,1.0,0.875,1.375,2.25,1.625,0.625,0.25,1.25,1.75,2.75,-6.375,6.0,24.0,3.0,10.0,7.0,8.0,7.0,11.0,18.0,13.0,5.0,2.0,10.0,14.0,22.0,-51.0,8,833.625,6669.0
1610612750,1629006,Josh Okogie,2.973684210526316,6.2368421052631575,0.6578947368421053,2.3684210526315788,2.263157894736842,2.8157894736842106,1.394736842105263,2.6578947368421053,4.052631578947368,1.763157894736842,1.131578947368421,0.42105263157894735,1.2894736842105263,2.236842105263158,8.868421052631579,-3.8684210526315788,113.0,237.0,25.0,90.0,86.0,107.0,53.0,101.0,154.0,67.0,43.0,16.0,49.0,85.0,337.0,-147.0,38,1507.2631578947369,57276.0
1610612752,1628372,Dennis Smith Jr.,2.2941176470588234,6.352941176470588,0.4117647058823529,1.411764705882353,0.8235294117647058,1.4705882352941178,0.47058823529411764,1.7647058823529411,2.235294117647059,3.0588235294117645,1.5294117647058822,0.17647058823529413,2.1176470588235294,1.7647058823529411,5.823529411764706,-4.823529411764706,39.0,108.0,7.0,24.0,14.0,25.0,8.0,30.0,38.0,52.0,26.0,3.0,36.0,30.0,99.0,-82.0,17,951.3529411764706,16173.0
