TEAM_ID,PLAYER_ID,PLAYER_NAME,avg(FGM),avg(FGA),avg(FG3M),avg(FG3A),avg(FTM),avg(FTA),avg(OREB),avg(DREB),avg(REB),avg(AST),avg(STL),avg(BLK),avg(TO),avg(PF),avg(PTS),avg(PLUS_MINUS),sum(FGM),sum(FGA),sum(FG3M),sum(FG3A),sum(FTM),sum(FTA),sum(OREB),sum(DREB),sum(REB),sum(AST),sum(STL),sum(BLK),sum(TO),sum(PF),sum(PTS),sum(PLUS_MINUS),sum(ifminute),avg(seconds),sum(seconds)
1610612739,1628035,Alfonzo McKinnie,2.789473684210526,6.105263157894737,0.3157894736842105,2.1052631578947367,0.7894736842105263,1.0526315789473684,1.368421052631579,2.5789473684210527,3.9473684210526314,0.5789473684210527,0.8421052631578947,0.2631578947368421,0.8947368421052632,2.6315789473684212,6.684210526315789,-3.3157894736842106,53.0,116.0,6.0,40.0,15.0,20.0,26.0,49.0,75.0,11.0,16.0,5.0,17.0,50.0,127.0,-63.0,19,1234.842105263158,23462.0
