TEAM_ID,PLAYER_ID,PLAYER_NAME,avg(FGM),avg(FGA),avg(FG3M),avg(FG3A),avg(FTM),avg(FTA),avg(OREB),avg(DREB),avg(REB),avg(AST),avg(STL),avg(BLK),avg(TO),avg(PF),avg(PTS),avg(PLUS_MINUS),sum(FGM),sum(FGA),sum(FG3M),sum(FG3A),sum(FTM),sum(FTA),sum(OREB),sum(DREB),sum(REB),sum(AST),sum(STL),sum(BLK),sum(TO),sum(PF),sum(PTS),sum(PLUS_MINUS),sum(ifminute),avg(seconds),sum(seconds)
1610612744,201939,Stephen Curry,10.32394366197183,21.633802816901408,5.253521126760563,12.605633802816902,5.661971830985915,6.154929577464789,0.4647887323943662,4.901408450704225,5.366197183098592,5.661971830985915,1.2816901408450705,0.15492957746478872,3.408450704225352,1.8591549295774648,31.56338028169014,3.0985915492957745,733.0,1536.0,373.0,895.0,402.0,437.0,33.0,348.0,381.0,402.0,91.0,11.0,242.0,132.0,2241.0,220.0,71,2043.5492957746478,145092.0
1610612737,1629164,Brandon Goodwin,1.7307692307692308,4.788461538461538,0.6730769230769231,2.1923076923076925,0.6153846153846154,0.9038461538461539,0.17307692307692307,1.3076923076923077,1.4807692307692308,2.1538461538461537,0.38461538461538464,0.0,0.7884615384615384,0.8846153846153846,4.75,-1.1346153846153846,90.0,249.0,35.0,114.0,32.0,47.0,9.0,68.0,77.0,112.0,20.0,0.0,41.0,46.0,247.0,-59.0,52,789.3461538461538,41046.0
1610612746,1629730,Rayjon Tucker,1.0,3.6666666666666665,0.0,1.3333333333333333,1.0,2.0,0.3333333333333333,2.0,2.3333333333333335,1.3333333333333333,0.0,0.0,0.6666666666666666,0.3333333333333333,3.0,-4.666666666666667,3.0,11.0,0.0,4.0,3.0,6.0,1.0,6.0,7.0,4.0,0.0,0.0,2.0,1.0,9.0,-14.0,3,594.6666666666666,1784.0
