TEAM_ID,PLAYER_ID,PLAYER_NAME,avg(FGM),avg(FGA),avg(FG3M),avg(FG3A),avg(FTM),avg(FTA),avg(OREB),avg(DREB),avg(REB),avg(AST),avg(STL),avg(BLK),avg(TO),avg(PF),avg(PTS),avg(PLUS_MINUS),sum(FGM),sum(FGA),sum(FG3M),sum(FG3A),sum(FTM),sum(FTA),sum(OREB),sum(DREB),sum(REB),sum(AST),sum(STL),sum(BLK),sum(TO),sum(PF),sum(PTS),sum(PLUS_MINUS),sum(ifminute),avg(seconds),sum(seconds)
1610612745,200782,P.J. Tucker,2.0689655172413794,5.586206896551724,1.5344827586206897,4.258620689655173,0.3103448275862069,0.3793103448275862,1.5172413793103448,4.5344827586206895,6.051724137931035,1.6379310344827587,1.0172413793103448,0.4827586206896552,1.0172413793103448,3.293103448275862,5.982758620689655,2.0172413793103448,120.0,324.0,89.0,247.0,18.0,22.0,88.0,263.0,351.0,95.0,59.0,28.0,59.0,191.0,347.0,117.0,58,1943.0,112694.0
1610612760,1628977,Hamidou Diallo,2.6956521739130435,6.282608695652174,0.34782608695652173,1.2173913043478262,0.9347826086956522,1.5869565217391304,1.0217391304347827,2.8260869565217392,3.847826086956522,0.8478260869565217,0.6304347826086957,0.21739130434782608,1.1304347826086956,1.891304347826087,6.673913043478261,-0.2608695652173913,124.0,289.0,16.0,56.0,43.0,73.0,47.0,130.0,177.0,39.0,29.0,10.0,52.0,87.0,307.0,-12.0,46,1100.8478260869565,50639.0
1610612760,101108,Chris Paul,6.673913043478261,13.369565217391305,1.6304347826086956,4.586956521739131,3.3043478260869565,3.6739130434782608,0.391304347826087,4.891304347826087,5.282608695652174,6.543478260869565,1.5217391304347827,0.1956521739130435,2.717391304347826,2.260869565217391,18.282608695652176,4.413043478260869,307.0,615.0,75.0,211.0,152.0,169.0,18.0,225.0,243.0,301.0,70.0,9.0,125.0,104.0,841.0,203.0,46,1902.0652173913043,87495.0
