TEAM_ID,PLAYER_ID,PLAYER_NAME,avg(FGM),avg(FGA),avg(FG3M),avg(FG3A),avg(FTM),avg(FTA),avg(OREB),avg(DREB),avg(REB),avg(AST),avg(STL),avg(BLK),avg(TO),avg(PF),avg(PTS),avg(PLUS_MINUS),sum(FGM),sum(FGA),sum(FG3M),sum(FG3A),sum(FTM),sum(FTA),sum(OREB),sum(DREB),sum(REB),sum(AST),sum(STL),sum(BLK),sum(TO),sum(PF),sum(PTS),sum(PLUS_MINUS),sum(ifminute),avg(seconds),sum(seconds)
1610612762,1629752,Juwan Morgan,0.5625,1.1875,0.21875,0.5625,0.09375,0.21875,0.34375,0.8125,1.15625,0.28125,0.125,0.03125,0.1875,0.78125,1.4375,-2.8125,18.0,38.0,7.0,18.0,3.0,7.0,11.0,26.0,37.0,9.0,4.0,1.0,6.0,25.0,46.0,-90.0,32,348.625,11156.0
1610612738,203953,Jabari Parker,2.5,4.666666666666667,0.25,1.0,1.0,1.25,0.75,2.75,3.5,0.9166666666666666,0.08333333333333333,0.4166666666666667,0.8333333333333334,0.9166666666666666,6.25,0.9166666666666666,30.0,56.0,3.0,12.0,12.0,15.0,9.0,33.0,42.0,11.0,1.0,5.0,10.0,11.0,75.0,11.0,12,831.0,9972.0
1610612766,1628970,Miles Bridges,4.816901408450704,9.422535211267606,1.7183098591549295,4.309859154929577,1.408450704225352,1.6338028169014085,1.2253521126760563,4.915492957746479,6.140845070422535,2.2535211267605635,0.647887323943662,0.7887323943661971,1.619718309859155,2.112676056338028,12.76056338028169,-0.352112676056338,342.0,669.0,122.0,306.0,100.0,116.0,87.0,349.0,436.0,160.0,46.0,56.0,115.0,150.0,906.0,-25.0,71,1733.5915492957747,123085.0
