TEAM_ID,PLAYER_ID,PLAYER_NAME,avg(FGM),avg(FGA),avg(FG3M),avg(FG3A),avg(FTM),avg(FTA),avg(OREB),avg(DREB),avg(REB),avg(AST),avg(STL),avg(BLK),avg(TO),avg(PF),avg(PTS),avg(PLUS_MINUS),sum(FGM),sum(FGA),sum(FG3M),sum(FG3A),sum(FTM),sum(FTA),sum(OREB),sum(DREB),sum(REB),sum(AST),sum(STL),sum(BLK),sum(TO),sum(PF),sum(PTS),sum(PLUS_MINUS),sum(ifminute),avg(seconds),sum(seconds)
1610612757,2546,Carmelo Anthony,4.671052631578948,11.144736842105264,1.894736842105263,4.592105263157895,2.013157894736842,2.263157894736842,0.4605263157894737,2.6052631578947367,3.0657894736842106,1.4210526315789473,0.6578947368421053,0.5263157894736842,0.9342105263157895,2.1052631578947367,13.25,-0.881578947368421,355.0,847.0,144.0,349.0,153.0,172.0,35.0,198.0,233.0,108.0,50.0,40.0,71.0,160.0,1007.0,-67.0,76,1442.0263157894738,109594.0
1610612757,1629604,CJ Elleby,0.8611111111111112,2.611111111111111,0.19444444444444445,1.3055555555555556,0.4166666666666667,0.5555555555555556,0.3055555555555556,0.8611111111111112,1.1666666666666667,0.3888888888888889,0.2222222222222222,0.1111111111111111,0.2777777777777778,1.0555555555555556,2.3333333333333335,-1.1388888888888888,31.0,94.0,7.0,47.0,15.0,20.0,11.0,31.0,42.0,14.0,8.0,4.0,10.0,38.0,84.0,-41.0,36,489.9166666666667,17637.0
1610612758,1629002,Chimezie Metu,2.5,4.875,0.35,1.0,0.9,1.275,0.8,2.225,3.025,0.75,0.35,0.525,0.775,1.625,6.25,-1.275,100.0,195.0,14.0,40.0,36.0,51.0,32.0,89.0,121.0,30.0,14.0,21.0,31.0,65.0,250.0,-51.0,40,776.225,31049.0
1610612745,201569,Eric Gordon,5.806451612903226,13.161290322580646,2.5806451612903225,7.645161290322581,3.2580645161290325,3.967741935483871,0.2903225806451613,1.7419354838709677,2.032258064516129,2.6774193548387095,0.45161290322580644,0.41935483870967744,1.8064516129032258,1.4838709677419355,17.451612903225808,0.12903225806451613,180.0,408.0,80.0,237.0,101.0,123.0,9.0,54.0,63.0,83.0,14.0,13.0,56.0,46.0,541.0,4.0,31,1692.3225806451612,52462.0
