TEAM_ID,PLAYER_ID,PLAYER_NAME,avg(FGM),avg(FGA),avg(FG3M),avg(FG3A),avg(FTM),avg(FTA),avg(OREB),avg(DREB),avg(REB),avg(AST),avg(STL),avg(BLK),avg(TO),avg(PF),avg(PTS),avg(PLUS_MINUS),sum(FGM),sum(FGA),sum(FG3M),sum(FG3A),sum(FTM),sum(FTA),sum(OREB),sum(DREB),sum(REB),sum(AST),sum(STL),sum(BLK),sum(TO),sum(PF),sum(PTS),sum(PLUS_MINUS),sum(ifminute),avg(seconds),sum(seconds)
1610612740,1629637,Jaxson Hayes,2.2093023255813953,3.2790697674418605,0.0,0.0,1.8837209302325582,2.9302325581395348,1.2325581395348837,2.4651162790697674,3.697674418604651,0.8604651162790697,0.27906976744186046,0.6976744186046512,0.813953488372093,1.9069767441860466,6.3023255813953485,-0.8837209302325582,95.0,141.0,0.0,0.0,81.0,126.0,53.0,106.0,159.0,37.0,12.0,30.0,35.0,82.0,271.0,-38.0,43,856.6511627906976,36836.0
1610612756,1629607,Jared Harper,0.5,1.5,0.0,0.5,0.0,0.0,0.0,0.0,0.0,0.0,0.0,0.0,0.0,0.0,1.0,-5.0,1.0,3.0,0.0,1.0,0.0,0.0,0.0,0.0,0.0,0.0,0.0,0.0,0.0,0.0,2.0,-10.0,2,177.0,354.0
