TEAM_ID,PLAYER_ID,PLAYER_NAME,avg(FGM),avg(FGA),avg(FG3M),avg(FG3A),avg(FTM),avg(FTA),avg(OREB),avg(DREB),avg(REB),avg(AST),avg(STL),avg(BLK),avg(TO),avg(PF),avg(PTS),avg(PLUS_MINUS),sum(FGM),sum(FGA),sum(FG3M),sum(FG3A),sum(FTM),sum(FTA),sum(OREB),sum(DREB),sum(REB),sum(AST),sum(STL),sum(BLK),sum(TO),sum(PF),sum(PTS),sum(PLUS_MINUS),sum(ifminute),avg(seconds),sum(seconds)
1610612754,1627763,Malcolm Brogdon,7.790322580645161,17.258064516129032,2.661290322580645,6.709677419354839,2.6129032258064515,3.0161290322580645,1.0,3.9838709677419355,4.983870967741935,5.806451612903226,0.8870967741935484,0.25806451612903225,2.0,2.0483870967741935,20.85483870967742,-0.46774193548387094,483.0,1070.0,165.0,416.0,162.0,187.0,62.0,247.0,309.0,360.0,55.0,16.0,124.0,127.0,1293.0,-29.0,62,2026.9193548387098,125669.0
1610612745,1630237,Anthony Lamb,1.9166666666666667,4.916666666666667,0.9583333333333334,2.9583333333333335,0.75,0.875,1.125,1.7916666666666667,2.9166666666666665,0.9583333333333334,0.25,0.20833333333333334,0.7916666666666666,1.4166666666666667,5.541666666666667,-3.7083333333333335,46.0,118.0,23.0,71.0,18.0,21.0,27.0,43.0,70.0,23.0,6.0,5.0,19.0,34.0,133.0,-89.0,24,1038.0416666666667,24913.0
1610612753,203932,Aaron Gordon,5.068965517241379,11.689655172413794,1.6206896551724137,4.275862068965517,2.793103448275862,4.241379310344827,1.6896551724137931,4.9655172413793105,6.655172413793103,4.0,0.6896551724137931,0.7241379310344828,2.413793103448276,1.9310344827586208,14.551724137931034,-0.6206896551724138,147.0,339.0,47.0,124.0,81.0,123.0,49.0,144.0,193.0,116.0,20.0,21.0,70.0,56.0,422.0,-18.0,29,1688.7931034482758,48975.0
