TEAM_ID,PLAYER_ID,PLAYER_NAME,avg(FGM),avg(FGA),avg(FG3M),avg(FG3A),avg(FTM),avg(FTA),avg(OREB),avg(DREB),avg(REB),avg(AST),avg(STL),avg(BLK),avg(TO),avg(PF),avg(PTS),avg(PLUS_MINUS),sum(FGM),sum(FGA),sum(FG3M),sum(FG3A),sum(FTM),sum(FTA),sum(OREB),sum(DREB),sum(REB),sum(AST),sum(STL),sum(BLK),sum(TO),sum(PF),sum(PTS),sum(PLUS_MINUS),sum(ifminute),avg(seconds),sum(seconds)
1610612762,1626220,Royce O'Neale,2.466666666666667,5.56,1.5333333333333334,3.933333333333333,0.52,0.6133333333333333,1.2266666666666666,5.52,6.746666666666667,2.5866666666666664,0.7733333333333333,0.4266666666666667,1.1333333333333333,2.6,6.986666666666666,6.386666666666667,185.0,417.0,115.0,295.0,39.0,46.0,92.0,414.0,506.0,194.0,58.0,32.0,85.0,195.0,524.0,479.0,75,1892.6933333333334,141952.0
1610612757,203994,Jusuf Nurkic,4.441860465116279,8.837209302325581,0.3023255813953488,0.9069767441860465,1.8372093023255813,3.0,2.372093023255814,6.604651162790698,8.976744186046512,3.372093023255814,0.9767441860465116,1.0,2.0,2.9069767441860463,11.023255813953488,2.7674418604651163,191.0,380.0,13.0,39.0,79.0,129.0,102.0,284.0,386.0,145.0,42.0,43.0,86.0,125.0,474.0,119.0,43,1432.2325581395348,61586.0
1610612740,1627742,Brandon Ingram,8.261538461538462,17.8,2.3384615384615386,6.123076923076923,4.6923076923076925,5.338461538461538,0.5538461538461539,4.323076923076923,4.876923076923077,4.769230769230769,0.6923076923076923,0.5846153846153846,2.5076923076923077,2.0307692307692307,23.553846153846155,0.9076923076923077,537.0,1157.0,152.0,398.0,305.0,347.0,36.0,281.0,317.0,310.0,45.0,38.0,163.0,132.0,1531.0,59.0,65,2041.076923076923,132670.0
