TEAM_ID,PLAYER_ID,PLAYER_NAME,avg(FGM),avg(FGA),avg(FG3M),avg(FG3A),avg(FTM),avg(FTA),avg(OREB),avg(DREB),avg(REB),avg(AST),avg(STL),avg(BLK),avg(TO),avg(PF),avg(PTS),avg(PLUS_MINUS),sum(FGM),sum(FGA),sum(FG3M),sum(FG3A),sum(FTM),sum(FTA),sum(OREB),sum(DREB),sum(REB),sum(AST),sum(STL),sum(BLK),sum(TO),sum(PF),sum(PTS),sum(PLUS_MINUS),sum(ifminute),avg(seconds),sum(seconds)
1610612759,1627749,Dejounte Murray,6.472972972972973,14.432432432432432,0.9054054054054054,2.9864864864864864,1.5675675675675675,1.9594594594594594,0.9864864864864865,6.1891891891891895,7.175675675675675,5.554054054054054,1.5135135135135136,0.10810810810810811,1.9189189189189189,2.081081081081081,15.41891891891892,0.8513513513513513,479.0,1068.0,67.0,221.0,116.0,145.0,73.0,458.0,531.0,411.0,112.0,8.0,142.0,154.0,1141.0,63.0,74,1903.0135135135135,140823.0
1610612741,201152,Thaddeus Young,5.4411764705882355,9.735294117647058,0.17647058823529413,0.6617647058823529,1.0441176470588236,1.661764705882353,2.4705882352941178,3.75,6.220588235294118,4.279411764705882,1.088235294117647,0.5882352941176471,2.014705882352941,2.235294117647059,12.102941176470589,2.1470588235294117,370.0,662.0,12.0,45.0,71.0,113.0,168.0,255.0,423.0,291.0,74.0,40.0,137.0,152.0,823.0,146.0,68,1457.8382352941176,99133.0
1610612758,1627741,Buddy Hield,5.64935064935065,14.025974025974026,3.961038961038961,10.155844155844155,1.2337662337662338,1.4545454545454546,0.37662337662337664,4.142857142857143,4.51948051948052,3.5844155844155843,0.8831168831168831,0.42857142857142855,1.7792207792207793,2.4285714285714284,16.493506493506494,-1.3376623376623376,435.0,1080.0,305.0,782.0,95.0,112.0,29.0,319.0,348.0,276.0,68.0,33.0,137.0,187.0,1270.0,-103.0,77,2031.051948051948,156391.0
1610612761,1628384,OG Anunoby,5.586956521739131,11.652173913043478,2.3260869565217392,5.869565217391305,1.7826086956521738,2.260869565217391,1.2173913043478262,4.086956521739131,5.304347826086956,2.0869565217391304,1.5217391304347827,0.6956521739130435,1.6956521739130435,2.608695652173913,15.282608695652174,2.0,257.0,536.0,107.0,270.0,82.0,104.0,56.0,188.0,244.0,96.0,70.0,32.0,78.0,120.0,703.0,92.0,46,1948.8260869565217,89646.0
1610612761,203458,Alex Len,0.8,1.4,0.3,0.7,0.6,1.3,0.3,1.6,1.9,0.3,0.4,0.7,1.0,1.7,2.5,0.1,8.0,14.0,3.0,7.0,6.0,13.0,3.0,16.0,19.0,3.0,4.0,7.0,10.0,17.0,25.0,1.0,10,631.6,6316.0
