TEAM_ID,PLAYER_ID,PLAYER_NAME,avg(FGM),avg(FGA),avg(FG3M),avg(FG3A),avg(FTM),avg(FTA),avg(OREB),avg(DREB),avg(REB),avg(AST),avg(STL),avg(BLK),avg(TO),avg(PF),avg(PTS),avg(PLUS_MINUS),sum(FGM),sum(FGA),sum(FG3M),sum(FG3A),sum(FTM),sum(FTA),sum(OREB),sum(DREB),sum(REB),sum(AST),sum(STL),sum(BLK),sum(TO),sum(PF),sum(PTS),sum(PLUS_MINUS),sum(ifminute),avg(seconds),sum(seconds)
1610612753,203932,Aaron Gordon,5.5,11.954545454545455,1.1363636363636365,3.590909090909091,2.7045454545454546,4.0,1.5909090909090908,5.954545454545454,7.545454545454546,3.772727272727273,0.9772727272727273,0.5681818181818182,1.5227272727272727,1.9545454545454546,14.840909090909092,0.3181818181818182,242.0,526.0,50.0,158.0,119.0,176.0,70.0,262.0,332.0,166.0,43.0,25.0,67.0,86.0,653.0,14.0,44,1851.1136363636363,81449.0
1610612740,1629026,Kenrich Williams,0.4,1.6,0.0,0.5,0.0,0.2,0.5,2.5,3.0,1.3,0.5,0.0,0.2,2.0,0.8,4.2,4.0,16.0,0.0,5.0,0.0,2.0,5.0,25.0,30.0,13.0,5.0,0.0,2.0,20.0,8.0,42.0,10,763.9,7639.0
1610612748,201949,James Johnson,2.5833333333333335,5.75,1.1666666666666667,3.0,0.5,0.8333333333333334,0.5,2.9166666666666665,3.4166666666666665,1.4166666666666667,0.25,0.9166666666666666,0.9166666666666666,2.4166666666666665,6.833333333333333,0.6666666666666666,31.0,69.0,14.0,36.0,6.0,10.0,6.0,35.0,41.0,17.0,3.0,11.0,11.0,29.0,82.0,8.0,12,1067.0833333333333,12805.0
1610612743,1629020,Jarred Vanderbilt,0.8,1.2,0.0,0.0,0.0,0.0,0.6,0.6,1.2,0.2,0.6,0.2,1.0,1.0,1.6,-2.2,4.0,6.0,0.0,0.0,0.0,0.0,3.0,3.0,6.0,1.0,3.0,1.0,5.0,5.0,8.0,-11.0,5,341.6,1708.0
