TEAM_ID,PLAYER_ID,PLAYER_NAME,avg(FGM),avg(FGA),avg(FG3M),avg(FG3A),avg(FTM),avg(FTA),avg(OREB),avg(DREB),avg(REB),avg(AST),avg(STL),avg(BLK),avg(TO),avg(PF),avg(PTS),avg(PLUS_MINUS),sum(FGM),sum(FGA),sum(FG3M),sum(FG3A),sum(FTM),sum(FTA),sum(OREB),sum(DREB),sum(REB),sum(AST),sum(STL),sum(BLK),sum(TO),sum(PF),sum(PTS),sum(PLUS_MINUS),sum(ifminute),avg(seconds),sum(seconds)
1610612755,202699,Tobias Harris,7.32,16.0,1.86,4.92,2.3,2.82,1.48,6.02,7.5,3.22,0.66,0.5,1.38,2.12,18.8,1.72,366.0,800.0,93.0,246.0,115.0,141.0,74.0,301.0,375.0,161.0,33.0,25.0,69.0,106.0,940.0,86.0,50,2005.0,100250.0
1610612757,1629604,CJ Elleby,1.1428571428571428,4.714285714285714,0.0,2.2857142857142856,0.5714285714285714,0.8571428571428571,0.14285714285714285,1.5714285714285714,1.7142857142857142,0.7142857142857143,0.2857142857142857,0.14285714285714285,0.7142857142857143,2.0,2.857142857142857,-3.142857142857143,8.0,33.0,0.0,16.0,4.0,6.0,1.0,11.0,12.0,5.0,2.0,1.0,5.0,14.0,20.0,-22.0,7,947.1428571428571,6630.0
1610612740,1629597,Zylan Cheatham,2.5,3.0,0.0,0.25,1.25,2.0,1.25,2.75,4.0,0.5,0.25,0.25,1.25,2.5,6.25,1.25,10.0,12.0,0.0,1.0,5.0,8.0,5.0,11.0,16.0,2.0,1.0,1.0,5.0,10.0,25.0,5.0,4,817.0,3268.0
