TEAM_ID,PLAYER_ID,PLAYER_NAME,avg(FGM),avg(FGA),avg(FG3M),avg(FG3A),avg(FTM),avg(FTA),avg(OREB),avg(DREB),avg(REB),avg(AST),avg(STL),avg(BLK),avg(TO),avg(PF),avg(PTS),avg(PLUS_MINUS),sum(FGM),sum(FGA),sum(FG3M),sum(FG3A),sum(FTM),sum(FTA),sum(OREB),sum(DREB),sum(REB),sum(AST),sum(STL),sum(BLK),sum(TO),sum(PF),sum(PTS),sum(PLUS_MINUS),sum(ifminute),avg(seconds),sum(seconds)
1610612764,203458,Alex Len,2.901639344262295,4.737704918032787,0.08196721311475409,0.3114754098360656,1.2295081967213115,1.9508196721311475,1.3770491803278688,3.0163934426229506,4.39344262295082,0.7868852459016393,0.3442622950819672,0.9672131147540983,0.819672131147541,2.0655737704918034,7.114754098360656,-1.721311475409836,177.0,289.0,5.0,19.0,75.0,119.0,84.0,184.0,268.0,48.0,21.0,59.0,50.0,126.0,434.0,-105.0,61,940.5081967213115,57371.0
1610612764,201566,Russell Westbrook,8.128571428571428,18.65714285714286,1.2285714285714286,4.085714285714285,4.185714285714286,6.314285714285714,1.7142857142857142,9.571428571428571,11.285714285714286,11.585714285714285,1.3285714285714285,0.37142857142857144,4.714285714285714,2.8857142857142857,21.67142857142857,-1.3,569.0,1306.0,86.0,286.0,293.0,442.0,120.0,670.0,790.0,811.0,93.0,26.0,330.0,202.0,1517.0,-91.0,70,2166.8142857142857,151677.0
1610612739,1630271,Brodric Thomas,1.3214285714285714,3.607142857142857,0.5357142857142857,1.8928571428571428,0.9285714285714286,1.3928571428571428,0.25,1.5,1.75,0.9285714285714286,0.5,0.32142857142857145,0.6428571428571429,1.25,4.107142857142857,-2.0714285714285716,37.0,101.0,15.0,53.0,26.0,39.0,7.0,42.0,49.0,26.0,14.0,9.0,18.0,35.0,115.0,-58.0,28,803.8214285714286,22507.0
1610612758,1629053,Vincent Edwards,"","","","","","","","","","","","","","","","","","","","","","","","","","","","","","","","",0,"",""
