TEAM_ID,PLAYER_ID,PLAYER_NAME,avg(FGM),avg(FGA),avg(FG3M),avg(FG3A),avg(FTM),avg(FTA),avg(OREB),avg(DREB),avg(REB),avg(AST),avg(STL),avg(BLK),avg(TO),avg(PF),avg(PTS),avg(PLUS_MINUS),sum(FGM),sum(FGA),sum(FG3M),sum(FG3A),sum(FTM),sum(FTA),sum(OREB),sum(DREB),sum(REB),sum(AST),sum(STL),sum(BLK),sum(TO),sum(PF),sum(PTS),sum(PLUS_MINUS),sum(ifminute),avg(seconds),sum(seconds)
1610612749,1629603,Mamadi Diakite,1.0,2.5294117647058822,0.058823529411764705,0.5294117647058824,0.6470588235294118,0.8235294117647058,0.5882352941176471,1.6470588235294117,2.235294117647059,0.47058823529411764,0.35294117647058826,0.35294117647058826,0.17647058823529413,1.1764705882352942,2.7058823529411766,0.5882352941176471,17.0,43.0,1.0,9.0,11.0,14.0,10.0,28.0,38.0,8.0,6.0,6.0,3.0,20.0,46.0,10.0,17,545.2941176470588,9270.0
1610612757,203468,CJ McCollum,8.425925925925926,18.333333333333332,3.5555555555555554,8.574074074074074,2.259259259259259,2.7777777777777777,0.5740740740740741,3.3333333333333335,3.9074074074074074,4.481481481481482,0.9259259259259259,0.46296296296296297,1.4814814814814814,1.9259259259259258,22.666666666666668,2.759259259259259,455.0,990.0,192.0,463.0,122.0,150.0,31.0,180.0,211.0,242.0,50.0,25.0,80.0,104.0,1224.0,149.0,54,1995.7777777777778,107772.0
1610612753,1628414,Sindarius Thornwell,1.1428571428571428,3.5714285714285716,0.5714285714285714,2.0,0.5714285714285714,0.8571428571428571,0.2857142857142857,1.5714285714285714,1.8571428571428572,2.4285714285714284,1.1428571428571428,0.14285714285714285,0.42857142857142855,1.7142857142857142,3.4285714285714284,-3.0,8.0,25.0,4.0,14.0,4.0,6.0,2.0,11.0,13.0,17.0,8.0,1.0,3.0,12.0,24.0,-21.0,7,1230.142857142857,8611.0
1610612745,1629034,Ray Spalding,1.0,2.0,0.0,0.5,0.0,1.0,1.0,1.0,2.0,0.0,0.0,1.0,1.5,1.5,2.0,-3.5,2.0,4.0,0.0,1.0,0.0,2.0,2.0,2.0,4.0,0.0,0.0,2.0,3.0,3.0,4.0,-7.0,2,562.0,1124.0
