TEAM_ID,PLAYER_ID,PLAYER_NAME,avg(FGM),avg(FGA),avg(FG3M),avg(FG3A),avg(FTM),avg(FTA),avg(OREB),avg(DREB),avg(REB),avg(AST),avg(STL),avg(BLK),avg(TO),avg(PF),avg(PTS),avg(PLUS_MINUS),sum(FGM),sum(FGA),sum(FG3M),sum(FG3A),sum(FTM),sum(FTA),sum(OREB),sum(DREB),sum(REB),sum(AST),sum(STL),sum(BLK),sum(TO),sum(PF),sum(PTS),sum(PLUS_MINUS),sum(ifminute),avg(seconds),sum(seconds)
1610612752,1629033,Theo Pinson,0.2,1.4,0.0,0.8,0.4,0.4,0.0,0.6,0.6,0.6,0.6,0.2,0.2,0.6,0.8,-1.0,1.0,7.0,0.0,4.0,2.0,2.0,0.0,3.0,3.0,3.0,3.0,1.0,1.0,3.0,4.0,-5.0,5,328.0,1640.0
1610612763,202685,Jonas Valanciunas,6.018867924528302,10.641509433962264,0.4528301886792453,1.4528301886792452,2.9056603773584904,4.0,3.0377358490566038,9.226415094339623,12.264150943396226,2.0,0.5283018867924528,1.2264150943396226,1.830188679245283,2.7547169811320753,15.39622641509434,2.4150943396226414,319.0,564.0,24.0,77.0,154.0,212.0,161.0,489.0,650.0,106.0,28.0,65.0,97.0,146.0,816.0,128.0,53,1651.1509433962265,87511.0
1610612737,1629164,Brandon Goodwin,2.1142857142857143,5.628571428571429,0.7428571428571429,2.5714285714285716,0.8571428571428571,0.9714285714285714,0.34285714285714286,1.7142857142857142,2.057142857142857,1.7142857142857142,0.3142857142857143,0.05714285714285714,0.8857142857142857,1.3428571428571427,5.828571428571428,-4.571428571428571,74.0,197.0,26.0,90.0,30.0,34.0,12.0,60.0,72.0,60.0,11.0,2.0,31.0,47.0,204.0,-160.0,35,772.6571428571428,27043.0
1610612757,203994,Jusuf Nurkic,5.08,10.76,0.4,1.76,2.88,3.92,2.52,7.08,9.6,3.68,1.16,1.16,2.52,3.96,13.44,-4.6,127.0,269.0,10.0,44.0,72.0,98.0,63.0,177.0,240.0,92.0,29.0,29.0,63.0,99.0,336.0,-115.0,25,1710.24,42756.0
1610612762,1629714,Jarrell Brantley,0.8666666666666667,2.8666666666666667,0.2,1.4,0.3333333333333333,0.5333333333333333,0.4,1.5333333333333334,1.9333333333333333,1.1333333333333333,0.3333333333333333,0.4,0.6666666666666666,0.8666666666666667,2.2666666666666666,-3.2666666666666666,13.0,43.0,3.0,21.0,5.0,8.0,6.0,23.0,29.0,17.0,5.0,6.0,10.0,13.0,34.0,-49.0,15,571.9333333333333,8579.0
1610612746,1629065,Ky Bowman,2.0,4.5,1.0,3.0,0.5,0.5,0.5,1.0,1.5,1.5,0.0,0.5,0.0,1.0,5.5,1.0,4.0,9.0,2.0,6.0,1.0,1.0,1.0,2.0,3.0,3.0,0.0,1.0,0.0,2.0,11.0,2.0,2,648.5,1297.0
