TEAM_ID,PLAYER_ID,PLAYER_NAME,avg(FGM),avg(FGA),avg(FG3M),avg(FG3A),avg(FTM),avg(FTA),avg(OREB),avg(DREB),avg(REB),avg(AST),avg(STL),avg(BLK),avg(TO),avg(PF),avg(PTS),avg(PLUS_MINUS),sum(FGM),sum(FGA),sum(FG3M),sum(FG3A),sum(FTM),sum(FTA),sum(OREB),sum(DREB),sum(REB),sum(AST),sum(STL),sum(BLK),sum(TO),sum(PF),sum(PTS),sum(PLUS_MINUS),sum(ifminute),avg(seconds),sum(seconds)
1610612752,1630167,Obi Toppin,1.75,3.6029411764705883,0.4264705882352941,1.4705882352941178,0.4117647058823529,0.5735294117647058,0.4264705882352941,2.014705882352941,2.4411764705882355,0.5294117647058824,0.27941176470588236,0.25,0.45588235294117646,0.9705882352941176,4.338235294117647,0.6029411764705882,119.0,245.0,29.0,100.0,28.0,39.0,29.0,137.0,166.0,36.0,19.0,17.0,31.0,66.0,295.0,41.0,68,713.0441176470588,48487.0
1610612751,202681,Kyrie Irving,10.0,19.689655172413794,2.7586206896551726,6.862068965517241,3.6206896551724137,3.9482758620689653,0.9827586206896551,3.793103448275862,4.775862068965517,5.862068965517241,1.3620689655172413,0.7068965517241379,2.396551724137931,2.5689655172413794,26.379310344827587,5.189655172413793,580.0,1142.0,160.0,398.0,210.0,229.0,57.0,220.0,277.0,340.0,79.0,41.0,139.0,149.0,1530.0,301.0,58,2065.7758620689656,119815.0
1610612747,203484,Kentavious Caldwell-Pope,3.2162162162162162,7.445945945945946,1.7702702702702702,4.405405405405405,1.5,1.7297297297297298,0.3918918918918919,2.2567567567567566,2.6486486486486487,1.864864864864865,1.0,0.40540540540540543,0.9594594594594594,1.7567567567567568,9.702702702702704,2.1486486486486487,238.0,551.0,131.0,326.0,111.0,128.0,29.0,167.0,196.0,138.0,74.0,30.0,71.0,130.0,718.0,159.0,74,1699.1486486486488,125737.0
1610612750,1626178,Rondae Hollis-Jefferson,2.6666666666666665,3.0,0.0,0.0,2.3333333333333335,2.6666666666666665,0.6666666666666666,1.3333333333333333,2.0,0.6666666666666666,1.0,0.6666666666666666,1.3333333333333333,2.3333333333333335,7.666666666666667,0.6666666666666666,8.0,9.0,0.0,0.0,7.0,8.0,2.0,4.0,6.0,2.0,3.0,2.0,4.0,7.0,23.0,2.0,3,700.6666666666666,2102.0
1610612745,1630243,Trevelin Queen,0.5,4.0,0.5,1.5,1.0,1.0,2.5,0.0,2.5,0.5,0.0,1.0,0.0,2.5,2.5,-3.5,1.0,8.0,1.0,3.0,2.0,2.0,5.0,0.0,5.0,1.0,0.0,2.0,0.0,5.0,5.0,-7.0,2,346.0,692.0
