TEAM_ID,PLAYER_ID,PLAYER_NAME,avg(FGM),avg(FGA),avg(FG3M),avg(FG3A),avg(FTM),avg(FTA),avg(OREB),avg(DREB),avg(REB),avg(AST),avg(STL),avg(BLK),avg(TO),avg(PF),avg(PTS),avg(PLUS_MINUS),sum(FGM),sum(FGA),sum(FG3M),sum(FG3A),sum(FTM),sum(FTA),sum(OREB),sum(DREB),sum(REB),sum(AST),sum(STL),sum(BLK),sum(TO),sum(PF),sum(PTS),sum(PLUS_MINUS),sum(ifminute),avg(seconds),sum(seconds)
1610612765,1630165,Killian Hayes,2.4444444444444446,8.444444444444445,1.0,4.111111111111111,0.8888888888888888,1.1111111111111112,0.3333333333333333,1.8888888888888888,2.2222222222222223,3.5555555555555554,1.1111111111111112,0.0,2.6666666666666665,2.111111111111111,6.777777777777778,-1.5555555555555556,22.0,76.0,9.0,37.0,8.0,10.0,3.0,17.0,20.0,32.0,10.0,0.0,24.0,19.0,61.0,-14.0,9,1354.5555555555557,12191.0
1610612765,1628476,Derrick Walton Jr.,0.3333333333333333,1.0,0.3333333333333333,1.0,0.0,0.0,0.0,0.3333333333333333,0.3333333333333333,1.6666666666666667,1.0,0.0,0.3333333333333333,0.6666666666666666,1.0,-4.0,1.0,3.0,1.0,3.0,0.0,0.0,0.0,1.0,1.0,5.0,3.0,0.0,1.0,2.0,3.0,-12.0,3,528.0,1584.0
