TEAM_ID,PLAYER_ID,PLAYER_NAME,avg(FGM),avg(FGA),avg(FG3M),avg(FG3A),avg(FTM),avg(FTA),avg(OREB),avg(DREB),avg(REB),avg(AST),avg(STL),avg(BLK),avg(TO),avg(PF),avg(PTS),avg(PLUS_MINUS),sum(FGM),sum(FGA),sum(FG3M),sum(FG3A),sum(FTM),sum(FTA),sum(OREB),sum(DREB),sum(REB),sum(AST),sum(STL),sum(BLK),sum(TO),sum(PF),sum(PTS),sum(PLUS_MINUS),sum(ifminute),avg(seconds),sum(seconds)
1610612764,1629655,Daniel Gafford,4.2592592592592595,6.037037037037037,0.0,0.0,1.962962962962963,2.962962962962963,2.185185185185185,3.6666666666666665,5.851851851851852,0.5925925925925926,0.6296296296296297,1.8518518518518519,0.8518518518518519,2.074074074074074,10.481481481481481,3.074074074074074,115.0,163.0,0.0,0.0,53.0,80.0,59.0,99.0,158.0,16.0,17.0,50.0,23.0,56.0,283.0,83.0,27,1090.7777777777778,29451.0
1610612740,1629627,Zion Williamson,10.359375,16.953125,0.15625,0.578125,6.0625,8.703125,2.71875,4.515625,7.234375,3.59375,0.921875,0.625,2.734375,2.171875,26.9375,1.3125,663.0,1085.0,10.0,37.0,388.0,557.0,174.0,289.0,463.0,230.0,59.0,40.0,175.0,139.0,1724.0,84.0,64,1989.125,127304.0
1610612766,202330,Gordon Hayward,6.956521739130435,14.652173913043478,1.9130434782608696,4.565217391304348,3.4782608695652173,4.108695652173913,0.8043478260869565,4.978260869565218,5.782608695652174,4.108695652173913,1.1304347826086956,0.30434782608695654,2.0869565217391304,1.6521739130434783,19.304347826086957,0.41304347826086957,320.0,674.0,88.0,210.0,160.0,189.0,37.0,229.0,266.0,189.0,52.0,14.0,96.0,76.0,888.0,19.0,46,2008.0652173913043,92371.0
1610612759,1626168,Trey Lyles,1.8461538461538463,4.423076923076923,0.5769230769230769,2.0,0.5769230769230769,0.8846153846153846,0.46153846153846156,3.4615384615384617,3.923076923076923,0.7692307692307693,0.3076923076923077,0.07692307692307693,0.34615384615384615,0.7307692307692307,4.846153846153846,-5.3076923076923075,48.0,115.0,15.0,52.0,15.0,23.0,12.0,90.0,102.0,20.0,8.0,2.0,9.0,19.0,126.0,-138.0,26,984.8076923076923,25605.0
1610612758,1626163,Frank Kaminsky,2.0,5.0,0.5,2.0,0.75,1.25,1.5,1.5,3.0,0.5,0.0,0.0,0.0,0.25,5.25,0.5,8.0,20.0,2.0,8.0,3.0,5.0,6.0,6.0,12.0,2.0,0.0,0.0,0.0,1.0,21.0,2.0,4,456.75,1827.0
