TEAM_ID,PLAYER_ID,PLAYER_NAME,avg(FGM),avg(FGA),avg(FG3M),avg(FG3A),avg(FTM),avg(FTA),avg(OREB),avg(DREB),avg(REB),avg(AST),avg(STL),avg(BLK),avg(TO),avg(PF),avg(PTS),avg(PLUS_MINUS),sum(FGM),sum(FGA),sum(FG3M),sum(FG3A),sum(FTM),sum(FTA),sum(OREB),sum(DREB),sum(REB),sum(AST),sum(STL),sum(BLK),sum(TO),sum(PF),sum(PTS),sum(PLUS_MINUS),sum(ifminute),avg(seconds),sum(seconds)
1610612739,1629012,Collin Sexton,8.81578947368421,17.789473684210527,2.0789473684210527,4.552631578947368,3.6842105263157894,4.315789473684211,0.7368421052631579,2.1842105263157894,2.9210526315789473,3.6315789473684212,1.0263157894736843,0.15789473684210525,2.736842105263158,2.4210526315789473,23.394736842105264,-4.815789473684211,335.0,676.0,79.0,173.0,140.0,164.0,28.0,83.0,111.0,138.0,39.0,6.0,104.0,92.0,889.0,-183.0,38,2119.2631578947367,80532.0
1610612752,203493,Reggie Bullock,3.1578947368421053,7.921052631578948,1.394736842105263,4.2631578947368425,0.5789473684210527,0.7631578947368421,0.39473684210526316,2.236842105263158,2.6315789473684212,1.368421052631579,0.8157894736842105,0.15789473684210525,0.7105263157894737,2.1052631578947367,8.289473684210526,-3.263157894736842,120.0,301.0,53.0,162.0,22.0,29.0,15.0,85.0,100.0,52.0,31.0,6.0,27.0,80.0,315.0,-124.0,38,1434.1315789473683,54497.0
1610612742,1630189,Tyler Bey,0.6666666666666666,2.6666666666666665,0.0,0.6666666666666666,1.3333333333333333,1.3333333333333333,0.3333333333333333,1.3333333333333333,1.6666666666666667,0.0,0.3333333333333333,0.6666666666666666,0.6666666666666666,0.6666666666666666,2.6666666666666665,-2.3333333333333335,2.0,8.0,0.0,2.0,4.0,4.0,1.0,4.0,5.0,0.0,1.0,2.0,2.0,2.0,8.0,-7.0,3,657.0,1971.0
1610612747,2730,Dwight Howard,2.6964285714285716,3.9107142857142856,0.05357142857142857,0.07142857142857142,1.7857142857142858,3.2857142857142856,2.4107142857142856,4.339285714285714,6.75,0.5892857142857143,0.5,0.7678571428571429,1.1785714285714286,3.0714285714285716,7.232142857142857,1.1964285714285714,151.0,219.0,3.0,4.0,100.0,184.0,135.0,243.0,378.0,33.0,28.0,43.0,66.0,172.0,405.0,67.0,56,1045.5714285714287,58552.0
1610612758,203458,Alex Len,2.3333333333333335,3.933333333333333,0.13333333333333333,0.2,1.1333333333333333,1.6,2.066666666666667,4.0,6.066666666666666,0.5333333333333333,0.2,1.0,1.0666666666666667,2.2666666666666666,5.933333333333334,1.4,35.0,59.0,2.0,3.0,17.0,24.0,31.0,60.0,91.0,8.0,3.0,15.0,16.0,34.0,89.0,21.0,15,901.6666666666666,13525.0
