TEAM_ID,PLAYER_ID,PLAYER_NAME,avg(FGM),avg(FGA),avg(FG3M),avg(FG3A),avg(FTM),avg(FTA),avg(OREB),avg(DREB),avg(REB),avg(AST),avg(STL),avg(BLK),avg(TO),avg(PF),avg(PTS),avg(PLUS_MINUS),sum(FGM),sum(FGA),sum(FG3M),sum(FG3A),sum(FTM),sum(FTA),sum(OREB),sum(DREB),sum(REB),sum(AST),sum(STL),sum(BLK),sum(TO),sum(PF),sum(PTS),sum(PLUS_MINUS),sum(ifminute),avg(seconds),sum(seconds)
1610612756,203967,Dario Saric,2.980769230769231,6.673076923076923,0.9038461538461539,2.6153846153846154,1.6538461538461537,1.9423076923076923,0.9423076923076923,2.7884615384615383,3.730769230769231,1.2692307692307692,0.5961538461538461,0.09615384615384616,1.1730769230769231,1.9230769230769231,8.51923076923077,4.0,155.0,347.0,47.0,136.0,86.0,101.0,49.0,145.0,194.0,66.0,31.0,5.0,61.0,100.0,443.0,208.0,52,1034.9807692307693,53819.0
1610612746,201586,Serge Ibaka,4.326086956521739,8.543478260869565,0.9130434782608695,2.8043478260869565,1.108695652173913,1.326086956521739,1.6521739130434783,4.6521739130434785,6.304347826086956,1.7173913043478262,0.21739130434782608,1.173913043478261,1.0434782608695652,1.7826086956521738,10.673913043478262,3.608695652173913,199.0,393.0,42.0,129.0,51.0,61.0,76.0,214.0,290.0,79.0,10.0,54.0,48.0,82.0,491.0,166.0,46,1349.6304347826087,62083.0
