TEAM_ID,PLAYER_ID,PLAYER_NAME,avg(FGM),avg(FGA),avg(FG3M),avg(FG3A),avg(FTM),avg(FTA),avg(OREB),avg(DREB),avg(REB),avg(AST),avg(STL),avg(BLK),avg(TO),avg(PF),avg(PTS),avg(PLUS_MINUS),sum(FGM),sum(FGA),sum(FG3M),sum(FG3A),sum(FTM),sum(FTA),sum(OREB),sum(DREB),sum(REB),sum(AST),sum(STL),sum(BLK),sum(TO),sum(PF),sum(PTS),sum(PLUS_MINUS),sum(ifminute),avg(seconds),sum(seconds)
1610612737,203992,Bogdan Bogdanovic,5.884615384615385,12.826923076923077,3.1346153846153846,7.519230769230769,0.9423076923076923,1.0769230769230769,0.5,3.230769230769231,3.730769230769231,3.230769230769231,1.0384615384615385,0.3076923076923077,1.1923076923076923,2.2115384615384617,15.846153846153847,3.423076923076923,306.0,667.0,163.0,391.0,49.0,56.0,26.0,168.0,194.0,168.0,54.0,16.0,62.0,115.0,824.0,178.0,52,1764.576923076923,91758.0
1610612745,203463,Ben McLemore,2.638888888888889,7.111111111111111,1.7222222222222223,5.194444444444445,0.7777777777777778,1.0555555555555556,0.3888888888888889,1.6388888888888888,2.0277777777777777,0.8333333333333334,0.6111111111111112,0.08333333333333333,0.8611111111111112,1.4722222222222223,7.777777777777778,-2.3333333333333335,95.0,256.0,62.0,187.0,28.0,38.0,14.0,59.0,73.0,30.0,22.0,3.0,31.0,53.0,280.0,-84.0,36,1034.888888888889,37256.0
1610612741,203490,Otto Porter Jr.,3.4838709677419355,8.193548387096774,1.3548387096774193,3.6774193548387095,1.3225806451612903,1.5161290322580645,1.1290322580645162,4.580645161290323,5.709677419354839,2.032258064516129,0.45161290322580644,0.12903225806451613,1.032258064516129,1.4516129032258065,9.64516129032258,-3.193548387096774,108.0,254.0,42.0,114.0,41.0,47.0,35.0,142.0,177.0,63.0,14.0,4.0,32.0,45.0,299.0,-99.0,31,1291.8064516129032,40046.0
1610612755,1628396,Tony Bradley,2.5,3.590909090909091,0.0,0.045454545454545456,0.4090909090909091,0.7272727272727273,1.9090909090909092,3.1818181818181817,5.090909090909091,0.8636363636363636,0.2727272727272727,0.6363636363636364,0.3181818181818182,1.4090909090909092,5.409090909090909,4.7272727272727275,55.0,79.0,0.0,1.0,9.0,16.0,42.0,70.0,112.0,19.0,6.0,14.0,7.0,31.0,119.0,104.0,22,863.0909090909091,18988.0
1610612763,1629741,Marko Guduric,"","","","","","","","","","","","","","","","","","","","","","","","","","","","","","","","",0,"",""
