TEAM_ID,PLAYER_ID,PLAYER_NAME,avg(FGM),avg(FGA),avg(FG3M),avg(FG3A),avg(FTM),avg(FTA),avg(OREB),avg(DREB),avg(REB),avg(AST),avg(STL),avg(BLK),avg(TO),avg(PF),avg(PTS),avg(PLUS_MINUS),sum(FGM),sum(FGA),sum(FG3M),sum(FG3A),sum(FTM),sum(FTA),sum(OREB),sum(DREB),sum(REB),sum(AST),sum(STL),sum(BLK),sum(TO),sum(PF),sum(PTS),sum(PLUS_MINUS),sum(ifminute),avg(seconds),sum(seconds)
1610612756,1629028,Deandre Ayton,7.340425531914893,13.404255319148936,0.1276595744680851,0.3829787234042553,1.7234042553191489,2.297872340425532,3.4893617021276597,7.48936170212766,10.97872340425532,1.8936170212765957,0.7446808510638298,1.297872340425532,2.021276595744681,3.0638297872340425,16.53191489361702,2.5106382978723403,345.0,630.0,6.0,18.0,81.0,108.0,164.0,352.0,516.0,89.0,35.0,61.0,95.0,144.0,777.0,118.0,47,1867.2340425531916,87760.0
1610612748,203090,Maurice Harkless,0.6666666666666666,2.5,0.3333333333333333,1.8333333333333333,0.16666666666666666,0.3333333333333333,0.16666666666666666,1.3333333333333333,1.5,0.5,0.3333333333333333,0.16666666666666666,0.5,2.3333333333333335,1.8333333333333333,-4.833333333333333,4.0,15.0,2.0,11.0,1.0,2.0,1.0,8.0,9.0,3.0,2.0,1.0,3.0,14.0,11.0,-29.0,6,673.3333333333334,4040.0
1610612765,203585,Rodney McGruder,0.3333333333333333,1.3333333333333333,0.0,0.0,0.3333333333333333,0.3333333333333333,0.3333333333333333,0.6666666666666666,1.0,0.0,0.3333333333333333,0.0,0.6666666666666666,1.0,1.0,0.6666666666666666,1.0,4.0,0.0,0.0,1.0,1.0,1.0,2.0,3.0,0.0,1.0,0.0,2.0,3.0,3.0,2.0,3,346.3333333333333,1039.0
1610612744,1627737,Marquese Chriss,4.580645161290323,8.193548387096774,0.2903225806451613,1.1290322580645162,1.8064516129032258,2.5161290322580645,2.032258064516129,5.225806451612903,7.258064516129032,1.935483870967742,0.6451612903225806,1.096774193548387,1.064516129032258,2.193548387096774,11.258064516129032,-4.129032258064516,142.0,254.0,9.0,35.0,56.0,78.0,63.0,162.0,225.0,60.0,20.0,34.0,33.0,68.0,349.0,-128.0,31,1332.5806451612902,41310.0
1610612744,1629346,Alen Smailagic,1.25,2.8333333333333335,0.16666666666666666,0.9166666666666666,1.25,1.5,0.75,1.0,1.75,0.9166666666666666,0.3333333333333333,0.25,0.9166666666666666,0.9166666666666666,3.9166666666666665,0.08333333333333333,15.0,34.0,2.0,11.0,15.0,18.0,9.0,12.0,21.0,11.0,4.0,3.0,11.0,11.0,47.0,1.0,12,578.0,6936.0
