TEAM_ID,PLAYER_ID,PLAYER_NAME,avg(FGM),avg(FGA),avg(FG3M),avg(FG3A),avg(FTM),avg(FTA),avg(OREB),avg(DREB),avg(REB),avg(AST),avg(STL),avg(BLK),avg(TO),avg(PF),avg(PTS),avg(PLUS_MINUS),sum(FGM),sum(FGA),sum(FG3M),sum(FG3A),sum(FTM),sum(FTA),sum(OREB),sum(DREB),sum(REB),sum(AST),sum(STL),sum(BLK),sum(TO),sum(PF),sum(PTS),sum(PLUS_MINUS),sum(ifminute),avg(seconds),sum(seconds)
1610612745,202326,DeMarcus Cousins,3.5,6.75,1.75,3.75,1.0,1.5,1.0,4.75,5.75,1.75,1.5,1.25,1.75,2.5,9.75,4.5,14.0,27.0,7.0,15.0,4.0,6.0,4.0,19.0,23.0,7.0,6.0,5.0,7.0,10.0,39.0,18.0,4,1005.75,4023.0
1610612750,203459,Allen Crabbe,1.2222222222222223,3.7777777777777777,0.6666666666666666,2.888888888888889,0.1111111111111111,0.2222222222222222,0.1111111111111111,1.2222222222222223,1.3333333333333333,0.5555555555555556,0.0,0.0,0.5555555555555556,1.2222222222222223,3.2222222222222223,-6.222222222222222,11.0,34.0,6.0,26.0,1.0,2.0,1.0,11.0,12.0,5.0,0.0,0.0,5.0,11.0,29.0,-56.0,9,874.2222222222222,7868.0
