TEAM_ID,PLAYER_ID,PLAYER_NAME,avg(FGM),avg(FGA),avg(FG3M),avg(FG3A),avg(FTM),avg(FTA),avg(OREB),avg(DREB),avg(REB),avg(AST),avg(STL),avg(BLK),avg(TO),avg(PF),avg(PTS),avg(PLUS_MINUS),sum(FGM),sum(FGA),sum(FG3M),sum(FG3A),sum(FTM),sum(FTA),sum(OREB),sum(DREB),sum(REB),sum(AST),sum(STL),sum(BLK),sum(TO),sum(PF),sum(PTS),sum(PLUS_MINUS),sum(ifminute),avg(seconds),sum(seconds)
1610612747,203471,Dennis Schroder,5.397058823529412,12.352941176470589,1.1764705882352942,3.4411764705882355,3.323529411764706,4.014705882352941,0.5,3.0294117647058822,3.5294117647058822,5.588235294117647,1.1176470588235294,0.22058823529411764,2.676470588235294,2.6176470588235294,15.294117647058824,0.9117647058823529,367.0,840.0,80.0,234.0,226.0,273.0,34.0,206.0,240.0,380.0,76.0,15.0,182.0,178.0,1040.0,62.0,68,1901.8235294117646,129324.0
1610612749,201572,Brook Lopez,4.4605263157894735,9.013157894736842,1.3157894736842106,3.986842105263158,1.75,2.0657894736842106,1.5394736842105263,3.3815789473684212,4.921052631578948,0.7105263157894737,0.5657894736842105,1.4078947368421053,0.9210526315789473,2.1973684210526314,11.986842105263158,4.078947368421052,339.0,685.0,100.0,303.0,133.0,157.0,117.0,257.0,374.0,54.0,43.0,107.0,70.0,167.0,911.0,310.0,76,1616.7631578947369,122874.0
1610612739,1629636,Darius Garland,6.576271186440678,14.711864406779661,1.9152542372881356,4.915254237288136,2.0508474576271185,2.4237288135593222,0.4406779661016949,1.9661016949152543,2.406779661016949,5.830508474576271,1.2372881355932204,0.1016949152542373,3.0338983050847457,2.0508474576271185,17.11864406779661,-4.711864406779661,388.0,868.0,113.0,290.0,121.0,143.0,26.0,116.0,142.0,344.0,73.0,6.0,179.0,121.0,1010.0,-278.0,59,1950.135593220339,115058.0
1610612762,1630286,Trevon Scott,"","","","","","","","","","","","","","","","","","","","","","","","","","","","","","","","",0,"",""
