TEAM_ID,PLAYER_ID,PLAYER_NAME,avg(FGM),avg(FGA),avg(FG3M),avg(FG3A),avg(FTM),avg(FTA),avg(OREB),avg(DREB),avg(REB),avg(AST),avg(STL),avg(BLK),avg(TO),avg(PF),avg(PTS),avg(PLUS_MINUS),sum(FGM),sum(FGA),sum(FG3M),sum(FG3A),sum(FTM),sum(FTA),sum(OREB),sum(DREB),sum(REB),sum(AST),sum(STL),sum(BLK),sum(TO),sum(PF),sum(PTS),sum(PLUS_MINUS),sum(ifminute),avg(seconds),sum(seconds)
1610612738,1627759,Jaylen Brown,7.678571428571429,16.392857142857142,2.3392857142857144,6.410714285714286,3.107142857142857,4.160714285714286,1.2142857142857142,4.875,6.089285714285714,2.0714285714285716,1.3214285714285714,0.4107142857142857,2.3214285714285716,2.7857142857142856,20.803571428571427,2.5535714285714284,430.0,918.0,131.0,359.0,174.0,233.0,68.0,273.0,341.0,116.0,74.0,23.0,130.0,156.0,1165.0,143.0,56,2096.9285714285716,117428.0
1610612738,1630202,Payton Pritchard,3.5714285714285716,6.714285714285714,1.1428571428571428,3.0,0.5714285714285714,1.0,0.0,2.142857142857143,2.142857142857143,1.8571428571428572,1.1428571428571428,0.14285714285714285,1.8571428571428572,2.0,8.857142857142858,-0.5714285714285714,25.0,47.0,8.0,21.0,4.0,7.0,0.0,15.0,15.0,13.0,8.0,1.0,13.0,14.0,62.0,-4.0,7,1291.0,9037.0
1610612745,1630231,Kenyon Martin Jr.,1.3333333333333333,3.0,0.0,1.0,0.3333333333333333,0.3333333333333333,0.6666666666666666,2.3333333333333335,3.0,0.6666666666666666,0.3333333333333333,0.0,1.6666666666666667,1.3333333333333333,3.0,-7.666666666666667,4.0,9.0,0.0,3.0,1.0,1.0,2.0,7.0,9.0,2.0,1.0,0.0,5.0,4.0,9.0,-23.0,3,513.0,1539.0
1610612762,1630255,Jake Toolson,0.0,1.0,0.0,0.5,0.0,0.0,0.0,0.0,0.0,0.0,0.0,0.0,0.0,1.0,0.0,0.5,0.0,2.0,0.0,1.0,0.0,0.0,0.0,0.0,0.0,0.0,0.0,0.0,0.0,2.0,0.0,1.0,2,252.5,505.0
