TEAM_ID,PLAYER_ID,PLAYER_NAME,avg(FGM),avg(FGA),avg(FG3M),avg(FG3A),avg(FTM),avg(FTA),avg(OREB),avg(DREB),avg(REB),avg(AST),avg(STL),avg(BLK),avg(TO),avg(PF),avg(PTS),avg(PLUS_MINUS),sum(FGM),sum(FGA),sum(FG3M),sum(FG3A),sum(FTM),sum(FTA),sum(OREB),sum(DREB),sum(REB),sum(AST),sum(STL),sum(BLK),sum(TO),sum(PF),sum(PTS),sum(PLUS_MINUS),sum(ifminute),avg(seconds),sum(seconds)
1610612759,201988,Patty Mills,3.364705882352941,7.576470588235294,1.8352941176470587,4.329411764705882,0.7764705882352941,0.9411764705882353,0.29411764705882354,1.4823529411764707,1.776470588235294,3.364705882352941,0.7764705882352941,0.047058823529411764,1.2470588235294118,1.3529411764705883,9.341176470588236,4.882352941176471,286.0,644.0,156.0,368.0,66.0,80.0,25.0,126.0,151.0,286.0,66.0,4.0,106.0,115.0,794.0,415.0,85,1290.2,109667.0
1610612742,1627773,AJ Hammons,1.1724137931034482,2.6206896551724137,0.1724137931034483,0.41379310344827586,0.3103448275862069,0.6896551724137931,0.4827586206896552,1.5862068965517242,2.0689655172413794,0.2413793103448276,0.034482758620689655,0.5517241379310345,0.4827586206896552,1.1724137931034482,2.8275862068965516,0.06896551724137931,34.0,76.0,5.0,12.0,9.0,20.0,14.0,46.0,60.0,7.0,1.0,16.0,14.0,34.0,82.0,2.0,29,508.58620689655174,14749.0
1610612756,203462,Archie Goodwin,2.25,6.0,0.5,1.25,2.25,3.0,0.5,1.25,1.75,0.0,1.0,0.0,0.75,1.5,7.25,0.0,9.0,24.0,2.0,5.0,9.0,12.0,2.0,5.0,7.0,0.0,4.0,0.0,3.0,6.0,29.0,0.0,4,791.25,3165.0
1610612763,203474,DJ Stephens,3.2,7.2,0.6,2.4,2.0,4.0,2.2,2.2,4.4,0.8,1.4,0.8,1.6,1.6,9.0,0.8,16.0,36.0,3.0,12.0,10.0,20.0,11.0,11.0,22.0,4.0,7.0,4.0,8.0,8.0,45.0,4.0,5,1411.6,7058.0
