TEAM_ID,PLAYER_ID,PLAYER_NAME,avg(FGM),avg(FGA),avg(FG3M),avg(FG3A),avg(FTM),avg(FTA),avg(OREB),avg(DREB),avg(REB),avg(AST),avg(STL),avg(BLK),avg(TO),avg(PF),avg(PTS),avg(PLUS_MINUS),sum(FGM),sum(FGA),sum(FG3M),sum(FG3A),sum(FTM),sum(FTA),sum(OREB),sum(DREB),sum(REB),sum(AST),sum(STL),sum(BLK),sum(TO),sum(PF),sum(PTS),sum(PLUS_MINUS),sum(ifminute),avg(seconds),sum(seconds)
1610612739,202682,Derrick Williams,2.16,4.28,0.84,2.08,1.08,1.56,0.12,2.16,2.28,0.56,0.2,0.08,0.56,1.08,6.24,-1.0,54.0,107.0,21.0,52.0,27.0,39.0,3.0,54.0,57.0,14.0,5.0,2.0,14.0,27.0,156.0,-25.0,25,1025.4,25635.0
1610612747,1626204,Larry Nance Jr.,3.0140845070422535,5.788732394366197,0.16901408450704225,0.5915492957746479,0.9577464788732394,1.3661971830985915,1.7746478873239437,3.8732394366197185,5.647887323943662,1.4647887323943662,1.323943661971831,0.6197183098591549,0.9014084507042254,2.3661971830985915,7.154929577464789,-1.408450704225352,214.0,411.0,12.0,42.0,68.0,97.0,126.0,275.0,401.0,104.0,94.0,44.0,64.0,168.0,508.0,-100.0,71,1340.5633802816901,95180.0
1610612748,202682,Derrick Williams,2.4545454545454546,6.121212121212121,0.6060606060606061,2.3636363636363638,1.2727272727272727,1.9696969696969697,0.5454545454545454,2.787878787878788,3.3333333333333335,0.8181818181818182,0.42424242424242425,0.2727272727272727,0.5757575757575758,1.3333333333333333,6.787878787878788,-0.21212121212121213,81.0,202.0,20.0,78.0,42.0,65.0,18.0,92.0,110.0,27.0,14.0,9.0,19.0,44.0,224.0,-7.0,33,1043.090909090909,34422.0
