TEAM_ID,PLAYER_ID,PLAYER_NAME,avg(FGM),avg(FGA),avg(FG3M),avg(FG3A),avg(FTM),avg(FTA),avg(OREB),avg(DREB),avg(REB),avg(AST),avg(STL),avg(BLK),avg(TO),avg(PF),avg(PTS),avg(PLUS_MINUS),sum(FGM),sum(FGA),sum(FG3M),sum(FG3A),sum(FTM),sum(FTA),sum(OREB),sum(DREB),sum(REB),sum(AST),sum(STL),sum(BLK),sum(TO),sum(PF),sum(PTS),sum(PLUS_MINUS),sum(ifminute),avg(seconds),sum(seconds)
1610612744,201580,JaVale McGee,2.6626506024096384,4.108433734939759,0.0,0.03614457831325301,0.7349397590361446,1.4819277108433735,1.2891566265060241,1.891566265060241,3.180722891566265,0.24096385542168675,0.24096385542168675,0.891566265060241,0.5542168674698795,1.4337349397590362,6.0602409638554215,3.4698795180722892,221.0,341.0,0.0,3.0,61.0,123.0,107.0,157.0,264.0,20.0,20.0,74.0,46.0,119.0,503.0,288.0,83,577.5903614457832,47940.0
1610612747,204037,Travis Wear,0.5,2.0,0.5,2.0,0.0,0.0,0.5,0.5,1.0,0.0,0.0,0.0,0.5,1.0,1.5,-3.0,1.0,4.0,1.0,4.0,0.0,0.0,1.0,1.0,2.0,0.0,0.0,0.0,1.0,2.0,3.0,-6.0,2,329.0,658.0
