TEAM_ID,PLAYER_ID,PLAYER_NAME,avg(FGM),avg(FGA),avg(FG3M),avg(FG3A),avg(FTM),avg(FTA),avg(OREB),avg(DREB),avg(REB),avg(AST),avg(STL),avg(BLK),avg(TO),avg(PF),avg(PTS),avg(PLUS_MINUS),sum(FGM),sum(FGA),sum(FG3M),sum(FG3A),sum(FTM),sum(FTA),sum(OREB),sum(DREB),sum(REB),sum(AST),sum(STL),sum(BLK),sum(TO),sum(PF),sum(PTS),sum(PLUS_MINUS),sum(ifminute),avg(seconds),sum(seconds)
1610612745,101150,Lou Williams,4.434782608695652,11.478260869565217,1.7826086956521738,5.608695652173913,4.260869565217392,4.913043478260869,0.5217391304347826,2.5217391304347827,3.0434782608695654,2.4347826086956523,0.6521739130434783,0.391304347826087,1.7391304347826086,1.0869565217391304,14.91304347826087,0.9130434782608695,102.0,264.0,41.0,129.0,98.0,113.0,12.0,58.0,70.0,56.0,15.0,9.0,40.0,25.0,343.0,21.0,23,1540.7826086956522,35438.0
1610612748,201961,Wayne Ellington,3.681159420289855,8.956521739130435,2.420289855072464,6.3478260869565215,0.5797101449275363,0.6666666666666666,0.30434782608695654,1.8405797101449275,2.1449275362318843,1.1159420289855073,0.5797101449275363,0.07246376811594203,0.5072463768115942,1.1594202898550725,10.36231884057971,2.072463768115942,254.0,618.0,167.0,438.0,40.0,46.0,21.0,127.0,148.0,77.0,40.0,5.0,35.0,80.0,715.0,143.0,69,1447.0434782608695,99846.0
1610612752,201943,Brandon Jennings,2.75,7.421875,1.140625,3.46875,1.75,2.328125,0.375,2.359375,2.734375,4.859375,0.984375,0.078125,1.84375,1.421875,8.390625,-1.359375,176.0,475.0,73.0,222.0,112.0,149.0,24.0,151.0,175.0,311.0,63.0,5.0,118.0,91.0,537.0,-87.0,64,1457.9375,93308.0
1610612739,204066,John Holland,4.0,7.0,1.3333333333333333,2.6666666666666665,1.3333333333333333,1.3333333333333333,0.0,1.0,1.0,1.0,1.3333333333333333,0.3333333333333333,1.6666666666666667,1.6666666666666667,10.666666666666666,-11.666666666666666,12.0,21.0,4.0,8.0,4.0,4.0,0.0,3.0,3.0,3.0,4.0,1.0,5.0,5.0,32.0,-35.0,3,1127.0,3381.0
