TEAM_ID,PLAYER_ID,PLAYER_NAME,avg(FGM),avg(FGA),avg(FG3M),avg(FG3A),avg(FTM),avg(FTA),avg(OREB),avg(DREB),avg(REB),avg(AST),avg(STL),avg(BLK),avg(TO),avg(PF),avg(PTS),avg(PLUS_MINUS),sum(FGM),sum(FGA),sum(FG3M),sum(FG3A),sum(FTM),sum(FTA),sum(OREB),sum(DREB),sum(REB),sum(AST),sum(STL),sum(BLK),sum(TO),sum(PF),sum(PTS),sum(PLUS_MINUS),sum(ifminute),avg(seconds),sum(seconds)
1610612737,203488,Mike Muscala,2.473684210526316,4.855263157894737,0.6447368421052632,1.5263157894736843,0.6973684210526315,0.8947368421052632,1.0921052631578947,2.4078947368421053,3.5,1.4605263157894737,0.4342105263157895,0.5657894736842105,0.7763157894736842,1.368421052631579,6.2894736842105265,-0.6710526315789473,188.0,369.0,49.0,116.0,53.0,68.0,83.0,183.0,266.0,111.0,33.0,43.0,59.0,104.0,478.0,-51.0,76,1063.75,80845.0
1610612752,2546,Carmelo Anthony,8.0,18.430379746835442,2.037974683544304,5.569620253164557,3.9873417721518987,4.784810126582278,0.8227848101265823,4.924050632911392,5.746835443037975,2.7974683544303796,0.810126582278481,0.45569620253164556,2.0632911392405062,2.6455696202531644,22.025316455696203,-3.151898734177215,632.0,1456.0,161.0,440.0,315.0,378.0,65.0,389.0,454.0,221.0,64.0,36.0,163.0,209.0,1740.0,-249.0,79,2017.7215189873418,159400.0
