TEAM_ID,PLAYER_ID,PLAYER_NAME,avg(FGM),avg(FGA),avg(FG3M),avg(FG3A),avg(FTM),avg(FTA),avg(OREB),avg(DREB),avg(REB),avg(AST),avg(STL),avg(BLK),avg(TO),avg(PF),avg(PTS),avg(PLUS_MINUS),sum(FGM),sum(FGA),sum(FG3M),sum(FG3A),sum(FTM),sum(FTA),sum(OREB),sum(DREB),sum(REB),sum(AST),sum(STL),sum(BLK),sum(TO),sum(PF),sum(PTS),sum(PLUS_MINUS),sum(ifminute),avg(seconds),sum(seconds)
1610612763,1627738,Deyonta Davis,0.7368421052631579,1.4473684210526316,0.0,0.0,0.3157894736842105,0.5789473684210527,0.6052631578947368,1.2105263157894737,1.8157894736842106,0.05263157894736842,0.07894736842105263,0.5,0.2631578947368421,1.131578947368421,1.7894736842105263,-1.5526315789473684,28.0,55.0,0.0,0.0,12.0,22.0,23.0,46.0,69.0,2.0,3.0,19.0,10.0,43.0,68.0,-59.0,38,406.86842105263156,15461.0
1610612754,1626167,Myles Turner,5.465116279069767,10.744186046511627,0.47674418604651164,1.3837209302325582,2.9186046511627906,3.63953488372093,1.744186046511628,5.511627906976744,7.255813953488372,1.302325581395349,0.9186046511627907,2.116279069767442,1.244186046511628,3.2093023255813953,14.325581395348838,1.8837209302325582,470.0,924.0,41.0,119.0,251.0,313.0,150.0,474.0,624.0,112.0,79.0,182.0,107.0,276.0,1232.0,162.0,86,1863.6279069767443,160272.0
1610612748,201609,Goran Dragic,7.1645569620253164,14.962025316455696,1.5443037974683544,3.8354430379746836,3.9240506329113924,4.949367088607595,0.8227848101265823,2.949367088607595,3.7721518987341773,5.848101265822785,1.1898734177215189,0.21518987341772153,2.8607594936708862,2.6962025316455698,19.79746835443038,1.6708860759493671,566.0,1182.0,122.0,303.0,310.0,391.0,65.0,233.0,298.0,462.0,94.0,17.0,226.0,213.0,1564.0,132.0,79,1984.5822784810127,156782.0
1610612766,1626203,Treveon Graham,0.8,1.6666666666666667,0.3333333333333333,0.6333333333333333,0.43333333333333335,0.6,0.2,0.6333333333333333,0.8333333333333334,0.2,0.4,0.03333333333333333,0.2,0.6333333333333333,2.3666666666666667,-1.5,24.0,50.0,10.0,19.0,13.0,18.0,6.0,19.0,25.0,6.0,12.0,1.0,6.0,19.0,71.0,-45.0,30,445.5,13365.0
1610612742,1626147,Justin Anderson,2.293103448275862,5.655172413793103,0.7758620689655172,2.4827586206896552,1.3793103448275863,1.7241379310344827,0.8103448275862069,2.2241379310344827,3.0344827586206895,0.7241379310344828,0.5344827586206896,0.3275862068965517,0.7758620689655172,1.1724137931034482,6.741379310344827,-2.2241379310344827,133.0,328.0,45.0,144.0,80.0,100.0,47.0,129.0,176.0,42.0,31.0,19.0,45.0,68.0,391.0,-129.0,58,860.6724137931035,49919.0
