TEAM_ID,PLAYER_ID,PLAYER_NAME,avg(FGM),avg(FGA),avg(FG3M),avg(FG3A),avg(FTM),avg(FTA),avg(OREB),avg(DREB),avg(REB),avg(AST),avg(STL),avg(BLK),avg(TO),avg(PF),avg(PTS),avg(PLUS_MINUS),sum(FGM),sum(FGA),sum(FG3M),sum(FG3A),sum(FTM),sum(FTA),sum(OREB),sum(DREB),sum(REB),sum(AST),sum(STL),sum(BLK),sum(TO),sum(PF),sum(PTS),sum(PLUS_MINUS),sum(ifminute),avg(seconds),sum(seconds)
1610612739,2594,Kyle Korver,3.6666666666666665,7.5,2.6944444444444446,5.555555555555555,0.3888888888888889,0.4166666666666667,0.2222222222222222,2.5277777777777777,2.75,0.9722222222222222,0.3333333333333333,0.2222222222222222,0.8055555555555556,1.6666666666666667,10.416666666666666,-1.6944444444444444,132.0,270.0,97.0,200.0,14.0,15.0,8.0,91.0,99.0,35.0,12.0,8.0,29.0,60.0,375.0,-61.0,36,1455.75,52407.0
1610612737,101181,Jose Calderon,1.3529411764705883,3.3529411764705883,0.47058823529411764,1.7647058823529411,0.4117647058823529,0.47058823529411764,0.4117647058823529,1.4705882352941178,1.8823529411764706,2.176470588235294,0.23529411764705882,0.0,0.8823529411764706,0.8235294117647058,3.588235294117647,1.6470588235294117,23.0,57.0,8.0,30.0,7.0,8.0,7.0,25.0,32.0,37.0,4.0,0.0,15.0,14.0,61.0,28.0,17,871.4117647058823,14814.0
1610612741,201577,Robin Lopez,4.636363636363637,9.352272727272727,0.0,0.022727272727272728,0.9431818181818182,1.2727272727272727,3.022727272727273,3.3181818181818183,6.340909090909091,0.9659090909090909,0.22727272727272727,1.5113636363636365,1.1477272727272727,1.8522727272727273,10.215909090909092,0.7159090909090909,408.0,823.0,0.0,2.0,83.0,112.0,266.0,292.0,558.0,85.0,20.0,133.0,101.0,163.0,899.0,63.0,88,1648.159090909091,145038.0
1610612740,201956,Omri Casspi,5.0,9.0,2.0,4.0,0.0,0.0,1.0,1.0,2.0,0.0,0.0,0.0,2.0,3.0,12.0,-12.0,5.0,9.0,2.0,4.0,0.0,0.0,1.0,1.0,2.0,0.0,0.0,0.0,2.0,3.0,12.0,-12.0,1,1423.0,1423.0
