TEAM_ID,PLAYER_ID,PLAYER_NAME,avg(FGM),avg(FGA),avg(FG3M),avg(FG3A),avg(FTM),avg(FTA),avg(OREB),avg(DREB),avg(REB),avg(AST),avg(STL),avg(BLK),avg(TO),avg(PF),avg(PTS),avg(PLUS_MINUS),sum(FGM),sum(FGA),sum(FG3M),sum(FG3A),sum(FTM),sum(FTA),sum(OREB),sum(DREB),sum(REB),sum(AST),sum(STL),sum(BLK),sum(TO),sum(PF),sum(PTS),sum(PLUS_MINUS),sum(ifminute),avg(seconds),sum(seconds)
1610612749,203141,Mirza Teletovic,2.220779220779221,6.0519480519480515,1.4805194805194806,4.35064935064935,0.5454545454545454,0.7012987012987013,0.18181818181818182,2.090909090909091,2.272727272727273,0.6753246753246753,0.2077922077922078,0.19480519480519481,0.5584415584415584,1.5714285714285714,6.467532467532467,0.2597402597402597,171.0,466.0,114.0,335.0,42.0,54.0,14.0,161.0,175.0,52.0,16.0,15.0,43.0,121.0,498.0,20.0,77,983.5844155844156,75736.0
1610612752,1626184,Chasson Randle,1.7142857142857142,4.285714285714286,0.7142857142857143,1.9523809523809523,1.4761904761904763,1.6666666666666667,0.2857142857142857,1.2380952380952381,1.5238095238095237,1.4761904761904763,0.47619047619047616,0.047619047619047616,1.0,1.8095238095238095,5.619047619047619,-0.6190476190476191,36.0,90.0,15.0,41.0,31.0,35.0,6.0,26.0,32.0,31.0,10.0,1.0,21.0,38.0,118.0,-13.0,21,778.0,16338.0
1610612756,202407,Elijah Millsap,0.5,3.5,0.0,1.0,0.5,1.0,1.5,1.5,3.0,0.5,0.0,0.0,1.0,1.0,1.5,-3.0,1.0,7.0,0.0,2.0,1.0,2.0,3.0,3.0,6.0,1.0,0.0,0.0,2.0,2.0,3.0,-6.0,2,694.0,1388.0
