TEAM_ID,PLAYER_ID,PLAYER_NAME,avg(FGM),avg(FGA),avg(FG3M),avg(FG3A),avg(FTM),avg(FTA),avg(OREB),avg(DREB),avg(REB),avg(AST),avg(STL),avg(BLK),avg(TO),avg(PF),avg(PTS),avg(PLUS_MINUS),sum(FGM),sum(FGA),sum(FG3M),sum(FG3A),sum(FTM),sum(FTA),sum(OREB),sum(DREB),sum(REB),sum(AST),sum(STL),sum(BLK),sum(TO),sum(PF),sum(PTS),sum(PLUS_MINUS),sum(ifminute),avg(seconds),sum(seconds)
1610612750,201941,Jordan Hill,1.0,2.0833333333333335,0.0,0.0,0.16666666666666666,0.16666666666666666,1.0833333333333333,1.1666666666666667,2.25,0.16666666666666666,0.08333333333333333,0.08333333333333333,0.6666666666666666,1.1666666666666667,2.1666666666666665,-2.25,12.0,25.0,0.0,0.0,2.0,2.0,13.0,14.0,27.0,2.0,1.0,1.0,8.0,14.0,26.0,-27.0,12,469.4166666666667,5633.0
1610612765,1627740,Henry Ellenson,1.375,3.5833333333333335,0.6666666666666666,1.9583333333333333,0.20833333333333334,0.4166666666666667,0.375,1.875,2.25,0.3333333333333333,0.08333333333333333,0.08333333333333333,0.7083333333333334,0.2916666666666667,3.625,0.9166666666666666,33.0,86.0,16.0,47.0,5.0,10.0,9.0,45.0,54.0,8.0,2.0,2.0,17.0,7.0,87.0,22.0,24,548.9166666666666,13174.0
