TEAM_ID,PLAYER_ID,PLAYER_NAME,avg(FGM),avg(FGA),avg(FG3M),avg(FG3A),avg(FTM),avg(FTA),avg(OREB),avg(DREB),avg(REB),avg(AST),avg(STL),avg(BLK),avg(TO),avg(PF),avg(PTS),avg(PLUS_MINUS),sum(FGM),sum(FGA),sum(FG3M),sum(FG3A),sum(FTM),sum(FTA),sum(OREB),sum(DREB),sum(REB),sum(AST),sum(STL),sum(BLK),sum(TO),sum(PF),sum(PTS),sum(PLUS_MINUS),sum(ifminute),avg(seconds),sum(seconds)
1610612740,204025,Tim Frazier,2.5211267605633805,6.154929577464789,0.6197183098591549,1.9295774647887325,1.5070422535211268,2.0140845070422535,0.5211267605633803,2.380281690140845,2.9014084507042255,5.309859154929577,0.8450704225352113,0.08450704225352113,1.5774647887323943,2.056338028169014,7.169014084507042,-0.971830985915493,179.0,437.0,44.0,137.0,107.0,143.0,37.0,169.0,206.0,377.0,60.0,6.0,112.0,146.0,509.0,-69.0,71,1425.0845070422536,101181.0
1610612740,202326,DeMarcus Cousins,8.352941176470589,18.470588235294116,2.1176470588235294,5.647058823529412,5.529411764705882,7.117647058823529,2.176470588235294,10.235294117647058,12.411764705882353,3.8823529411764706,1.4705882352941178,1.1176470588235294,3.6470588235294117,4.411764705882353,24.352941176470587,0.23529411764705882,142.0,314.0,36.0,96.0,94.0,121.0,37.0,174.0,211.0,66.0,25.0,19.0,62.0,75.0,414.0,4.0,17,2026.6470588235295,34453.0
1610612752,1626160,JP Tokoto,1.0,2.6666666666666665,0.0,0.6666666666666666,0.6666666666666666,2.0,0.6666666666666666,1.6666666666666667,2.3333333333333335,2.3333333333333335,2.0,0.0,0.0,0.6666666666666666,2.6666666666666665,6.333333333333333,3.0,8.0,0.0,2.0,2.0,6.0,2.0,5.0,7.0,7.0,6.0,0.0,0.0,2.0,8.0,19.0,3,728.0,2184.0
