TEAM_ID,PLAYER_ID,PLAYER_NAME,avg(FGM),avg(FGA),avg(FG3M),avg(FG3A),avg(FTM),avg(FTA),avg(OREB),avg(DREB),avg(REB),avg(AST),avg(STL),avg(BLK),avg(TO),avg(PF),avg(PTS),avg(PLUS_MINUS),sum(FGM),sum(FGA),sum(FG3M),sum(FG3A),sum(FTM),sum(FTA),sum(OREB),sum(DREB),sum(REB),sum(AST),sum(STL),sum(BLK),sum(TO),sum(PF),sum(PTS),sum(PLUS_MINUS),sum(ifminute),avg(seconds),sum(seconds)
1610612746,201933,Blake Griffin,7.746268656716418,15.64179104477612,0.6417910447761194,1.8656716417910448,5.104477611940299,6.7164179104477615,1.7761194029850746,6.164179104477612,7.940298507462686,4.7164179104477615,0.9552238805970149,0.34328358208955223,2.3582089552238807,2.5671641791044775,21.238805970149254,6.402985074626866,519.0,1048.0,43.0,125.0,342.0,450.0,119.0,413.0,532.0,316.0,64.0,23.0,158.0,172.0,1423.0,429.0,67,2001.1194029850747,134075.0
1610612747,201146,Yi Jianlian,1.1666666666666667,3.3333333333333335,0.16666666666666666,1.0,0.5,1.0,0.16666666666666666,2.3333333333333335,2.5,0.5,0.0,0.16666666666666666,0.5,0.8333333333333334,3.0,-4.5,7.0,20.0,1.0,6.0,3.0,6.0,1.0,14.0,15.0,3.0,0.0,1.0,3.0,5.0,18.0,-27.0,6,639.1666666666666,3835.0
1610612750,2446,Rasual Butler,0.4,2.2,0.0,1.2,0.0,0.0,0.2,0.6,0.8,0.2,0.2,0.2,0.2,0.8,0.8,-8.0,2.0,11.0,0.0,6.0,0.0,0.0,1.0,3.0,4.0,1.0,1.0,1.0,1.0,4.0,4.0,-40.0,5,522.0,2610.0
