TEAM_ID,PLAYER_ID,PLAYER_NAME,avg(FGM),avg(FGA),avg(FG3M),avg(FG3A),avg(FTM),avg(FTA),avg(OREB),avg(DREB),avg(REB),avg(AST),avg(STL),avg(BLK),avg(TO),avg(PF),avg(PTS),avg(PLUS_MINUS),sum(FGM),sum(FGA),sum(FG3M),sum(FG3A),sum(FTM),sum(FTA),sum(OREB),sum(DREB),sum(REB),sum(AST),sum(STL),sum(BLK),sum(TO),sum(PF),sum(PTS),sum(PLUS_MINUS),sum(ifminute),avg(seconds),sum(seconds)
1610612743,201589,Darrell Arthur,2.317073170731707,5.2439024390243905,1.2926829268292683,2.8536585365853657,0.4634146341463415,0.5365853658536586,0.6097560975609756,2.1219512195121952,2.731707317073171,1.024390243902439,0.4634146341463415,0.5121951219512195,0.8780487804878049,1.853658536585366,6.390243902439025,-0.5609756097560976,95.0,215.0,53.0,117.0,19.0,22.0,25.0,87.0,112.0,42.0,19.0,21.0,36.0,76.0,262.0,-23.0,41,934.4878048780488,38314.0
1610612742,1627827,Dorian Finney-Smith,1.4886363636363635,4.079545454545454,0.7045454545454546,2.340909090909091,0.5568181818181818,0.7840909090909091,0.75,2.0113636363636362,2.7613636363636362,0.8181818181818182,0.6136363636363636,0.32954545454545453,0.5340909090909091,1.5,4.238636363636363,-1.4431818181818181,131.0,359.0,62.0,206.0,49.0,69.0,66.0,177.0,243.0,72.0,54.0,29.0,47.0,132.0,373.0,-127.0,88,1191.1136363636363,104818.0
1610612743,201568,Danilo Gallinari,5.220588235294118,11.529411764705882,2.0,4.985294117647059,5.661764705882353,6.294117647058823,0.6029411764705882,4.4411764705882355,5.044117647058823,2.1470588235294117,0.6176470588235294,0.23529411764705882,1.338235294117647,1.4558823529411764,18.102941176470587,2.735294117647059,355.0,784.0,136.0,339.0,385.0,428.0,41.0,302.0,343.0,146.0,42.0,16.0,91.0,99.0,1231.0,186.0,68,1987.9558823529412,135181.0
1610612753,203912,C.J. Wilcox,0.6785714285714286,2.142857142857143,0.32142857142857145,1.1428571428571428,0.21428571428571427,0.25,0.21428571428571427,0.5714285714285714,0.7857142857142857,0.5,0.2857142857142857,0.03571428571428571,0.42857142857142855,0.6428571428571429,1.8928571428571428,-1.1428571428571428,19.0,60.0,9.0,32.0,6.0,7.0,6.0,16.0,22.0,14.0,8.0,1.0,12.0,18.0,53.0,-32.0,28,467.07142857142856,13078.0
