TEAM_ID,PLAYER_ID,PLAYER_NAME,avg(FGM),avg(FGA),avg(FG3M),avg(FG3A),avg(FTM),avg(FTA),avg(OREB),avg(DREB),avg(REB),avg(AST),avg(STL),avg(BLK),avg(TO),avg(PF),avg(PTS),avg(PLUS_MINUS),sum(FGM),sum(FGA),sum(FG3M),sum(FG3A),sum(FTM),sum(FTA),sum(OREB),sum(DREB),sum(REB),sum(AST),sum(STL),sum(BLK),sum(TO),sum(PF),sum(PTS),sum(PLUS_MINUS),sum(ifminute),avg(seconds),sum(seconds)
1610612747,203080,Thomas Robinson,2.0925925925925926,3.8518518518518516,0.0,0.018518518518518517,0.6851851851851852,1.5,1.7592592592592593,2.7777777777777777,4.537037037037037,0.5740740740740741,0.5185185185185185,0.18518518518518517,0.8703703703703703,1.5555555555555556,4.87037037037037,-1.2222222222222223,113.0,208.0,0.0,1.0,37.0,81.0,95.0,150.0,245.0,31.0,28.0,10.0,47.0,84.0,263.0,-66.0,54,673.0925925925926,36347.0
1610612753,201571,D.J. Augustin,2.4523809523809526,6.523809523809524,1.1785714285714286,3.4166666666666665,1.6904761904761905,2.0714285714285716,0.17857142857142858,1.2857142857142858,1.4642857142857142,2.630952380952381,0.47619047619047616,0.023809523809523808,1.2380952380952381,1.25,7.773809523809524,-5.559523809523809,206.0,548.0,99.0,287.0,142.0,174.0,15.0,108.0,123.0,221.0,40.0,2.0,104.0,105.0,653.0,-467.0,84,1173.4285714285713,98568.0
1610612765,202704,Reggie Jackson,5.461538461538462,13.01923076923077,1.2692307692307692,3.5384615384615383,2.269230769230769,2.6153846153846154,0.40384615384615385,1.7884615384615385,2.1923076923076925,5.1923076923076925,0.6730769230769231,0.09615384615384616,2.1923076923076925,2.480769230769231,14.461538461538462,-4.3076923076923075,284.0,677.0,66.0,184.0,118.0,136.0,21.0,93.0,114.0,270.0,35.0,5.0,114.0,129.0,752.0,-224.0,52,1643.5576923076924,85465.0
1610612757,203511,Grant Jerrett,0.3333333333333333,2.0,0.3333333333333333,1.0,0.6666666666666666,1.3333333333333333,0.3333333333333333,1.3333333333333333,1.6666666666666667,0.0,0.0,0.3333333333333333,0.3333333333333333,1.0,1.6666666666666667,5.666666666666667,1.0,6.0,1.0,3.0,2.0,4.0,1.0,4.0,5.0,0.0,0.0,1.0,1.0,3.0,5.0,17.0,3,431.3333333333333,1294.0
1610612743,202810,D.J. Kennedy,2.0,3.0,0.0,0.0,0.0,0.0,1.0,1.0,2.0,3.0,3.0,0.0,1.0,1.0,4.0,0.0,2.0,3.0,0.0,0.0,0.0,0.0,1.0,1.0,2.0,3.0,3.0,0.0,1.0,1.0,4.0,0.0,1,720.0,720.0
