TEAM_ID,PLAYER_ID,PLAYER_NAME,avg(FGM),avg(FGA),avg(FG3M),avg(FG3A),avg(FTM),avg(FTA),avg(OREB),avg(DREB),avg(REB),avg(AST),avg(STL),avg(BLK),avg(TO),avg(PF),avg(PTS),avg(PLUS_MINUS),sum(FGM),sum(FGA),sum(FG3M),sum(FG3A),sum(FTM),sum(FTA),sum(OREB),sum(DREB),sum(REB),sum(AST),sum(STL),sum(BLK),sum(TO),sum(PF),sum(PTS),sum(PLUS_MINUS),sum(ifminute),avg(seconds),sum(seconds)
1610612759,2225,Tony Parker,4.25,9.014705882352942,0.36764705882352944,1.0441176470588236,1.3235294117647058,1.7941176470588236,0.14705882352941177,1.6911764705882353,1.838235294117647,4.411764705882353,0.5588235294117647,0.029411764705882353,1.4264705882352942,1.4411764705882353,10.191176470588236,2.838235294117647,289.0,613.0,25.0,71.0,90.0,122.0,10.0,115.0,125.0,300.0,38.0,2.0,97.0,98.0,693.0,193.0,68,1490.3235294117646,101342.0
1610612759,1938,Manu Ginobili,2.4054054054054053,6.283783783783784,1.2567567567567568,3.22972972972973,1.2432432432432432,1.5405405405405406,0.40540540540540543,1.9054054054054055,2.310810810810811,2.5945945945945947,1.1756756756756757,0.22972972972972974,1.3783783783783783,1.7162162162162162,7.3108108108108105,3.8513513513513513,178.0,465.0,93.0,239.0,92.0,114.0,30.0,141.0,171.0,192.0,87.0,17.0,102.0,127.0,541.0,285.0,74,1105.162162162162,81782.0
1610612751,203268,Jorge Gutierrez,1.6666666666666667,3.6666666666666665,0.3333333333333333,0.6666666666666666,0.0,0.0,0.0,1.0,1.0,2.0,1.0,0.0,0.6666666666666666,1.0,3.6666666666666665,-10.0,5.0,11.0,1.0,2.0,0.0,0.0,0.0,3.0,3.0,6.0,3.0,0.0,2.0,3.0,11.0,-30.0,3,558.3333333333334,1675.0
