TEAM_ID,PLAYER_ID,PLAYER_NAME,avg(FGM),avg(FGA),avg(FG3M),avg(FG3A),avg(FTM),avg(FTA),avg(OREB),avg(DREB),avg(REB),avg(AST),avg(STL),avg(BLK),avg(TO),avg(PF),avg(PTS),avg(PLUS_MINUS),sum(FGM),sum(FGA),sum(FG3M),sum(FG3A),sum(FTM),sum(FTA),sum(OREB),sum(DREB),sum(REB),sum(AST),sum(STL),sum(BLK),sum(TO),sum(PF),sum(PTS),sum(PLUS_MINUS),sum(ifminute),avg(seconds),sum(seconds)
1610612753,201583,Ryan Anderson,5.412698412698413,12.396825396825397,2.7142857142857144,6.920634920634921,2.4603174603174605,2.8253968253968256,3.6031746031746033,4.111111111111111,7.714285714285714,0.8571428571428571,0.8095238095238095,0.4126984126984127,0.9682539682539683,2.4603174603174605,16.0,4.475409836065574,341.0,781.0,171.0,436.0,155.0,178.0,227.0,259.0,486.0,54.0,51.0,26.0,61.0,155.0,1008.0,273.0,63,1871.015873015873,117874.0
1610612761,200745,Andrea Bargnani,6.666666666666667,15.606060606060606,1.0909090909090908,3.696969696969697,4.9393939393939394,5.696969696969697,0.8787878787878788,4.7272727272727275,5.606060606060606,1.9393939393939394,0.5454545454545454,0.5151515151515151,2.272727272727273,1.6666666666666667,19.363636363636363,-1.4193548387096775,220.0,515.0,36.0,122.0,163.0,188.0,29.0,156.0,185.0,64.0,18.0,17.0,75.0,55.0,639.0,-44.0,33,1877.7575757575758,61966.0
1610612751,202536,Jerry Smith,0.5,2.3333333333333335,0.16666666666666666,1.0,0.16666666666666666,0.3333333333333333,0.3333333333333333,0.8333333333333334,1.1666666666666667,0.6666666666666666,0.8333333333333334,0.0,0.0,0.8333333333333334,1.3333333333333333,-2.4,3.0,14.0,1.0,6.0,1.0,2.0,2.0,5.0,7.0,4.0,5.0,0.0,0.0,5.0,8.0,-12.0,6,460.0,2760.0
1610612754,202820,Jarrid Famous,0.0,0.5,0.0,0.0,0.0,0.0,0.0,0.0,0.0,0.0,0.0,0.0,0.0,0.0,0.0,"",0.0,1.0,0.0,0.0,0.0,0.0,0.0,0.0,0.0,0.0,0.0,0.0,0.0,0.0,0.0,"",2,1.5,3.0
1610612766,200894,Isma'il Muhammad,0.0,0.0,0.0,0.0,0.0,0.0,0.0,1.0,1.0,1.0,0.0,0.0,1.0,3.0,0.0,"",0.0,0.0,0.0,0.0,0.0,0.0,0.0,1.0,1.0,1.0,0.0,0.0,1.0,3.0,0.0,"",1,12.0,12.0
