TEAM_ID,PLAYER_ID,PLAYER_NAME,avg(FGM),avg(FGA),avg(FG3M),avg(FG3A),avg(FTM),avg(FTA),avg(OREB),avg(DREB),avg(REB),avg(AST),avg(STL),avg(BLK),avg(TO),avg(PF),avg(PTS),avg(PLUS_MINUS),sum(FGM),sum(FGA),sum(FG3M),sum(FG3A),sum(FTM),sum(FTA),sum(OREB),sum(DREB),sum(REB),sum(AST),sum(STL),sum(BLK),sum(TO),sum(PF),sum(PTS),sum(PLUS_MINUS),sum(ifminute),avg(seconds),sum(seconds)
1610612754,2561,David West,5.268656716417911,10.805970149253731,0.029850746268656716,0.13432835820895522,2.1194029850746268,2.626865671641791,1.791044776119403,4.731343283582089,6.522388059701493,2.1044776119402986,0.7910447761194029,0.6865671641791045,1.4029850746268657,2.4328358208955225,12.686567164179104,3.3181818181818183,353.0,724.0,2.0,9.0,142.0,176.0,120.0,317.0,437.0,141.0,53.0,46.0,94.0,163.0,850.0,219.0,67,1723.7611940298507,115492.0
