TEAM_ID,PLAYER_ID,PLAYER_NAME,avg(FGM),avg(FGA),avg(FG3M),avg(FG3A),avg(FTM),avg(FTA),avg(OREB),avg(DREB),avg(REB),avg(AST),avg(STL),avg(BLK),avg(TO),avg(PF),avg(PTS),avg(PLUS_MINUS),sum(FGM),sum(FGA),sum(FG3M),sum(FG3A),sum(FTM),sum(FTA),sum(OREB),sum(DREB),sum(REB),sum(AST),sum(STL),sum(BLK),sum(TO),sum(PF),sum(PTS),sum(PLUS_MINUS),sum(ifminute),avg(seconds),sum(seconds)
1610612753,201947,Earl Clark,1.065217391304348,2.891304347826087,0.0,0.0,0.41304347826086957,0.5869565217391305,0.7391304347826086,1.8043478260869565,2.5434782608695654,0.3695652173913043,0.2391304347826087,0.6086956521739131,0.5217391304347826,1.5217391304347827,2.5434782608695654,-3.340909090909091,49.0,133.0,0.0,0.0,19.0,27.0,34.0,83.0,117.0,17.0,11.0,28.0,24.0,70.0,117.0,-147.0,46,680.2826086956521,31293.0
1610612739,200789,Daniel Gibson,2.4722222222222223,7.138888888888889,1.5555555555555556,3.9722222222222223,0.9444444444444444,1.2222222222222223,0.3055555555555556,2.611111111111111,2.9166666666666665,2.2222222222222223,0.75,0.4444444444444444,1.3333333333333333,2.0,7.444444444444445,-1.6857142857142857,89.0,257.0,56.0,143.0,34.0,44.0,11.0,94.0,105.0,80.0,27.0,16.0,48.0,72.0,268.0,-59.0,36,1526.638888888889,54959.0
1610612754,202418,Matt Rogers,0.0,0.0,0.0,0.0,0.0,0.0,0.0,2.0,2.0,0.0,0.0,1.0,0.0,0.0,0.0,"",0.0,0.0,0.0,0.0,0.0,0.0,0.0,2.0,2.0,0.0,0.0,1.0,0.0,0.0,0.0,"",1,3.0,3.0
