TEAM_ID,PLAYER_ID,PLAYER_NAME,avg(FGM),avg(FGA),avg(FG3M),avg(FG3A),avg(FTM),avg(FTA),avg(OREB),avg(DREB),avg(REB),avg(AST),avg(STL),avg(BLK),avg(TO),avg(PF),avg(PTS),avg(PLUS_MINUS),sum(FGM),sum(FGA),sum(FG3M),sum(FG3A),sum(FTM),sum(FTA),sum(OREB),sum(DREB),sum(REB),sum(AST),sum(STL),sum(BLK),sum(TO),sum(PF),sum(PTS),sum(PLUS_MINUS),sum(ifminute),avg(seconds),sum(seconds)
1610612759,2225,Tony Parker,7.098360655737705,14.737704918032787,0.2459016393442623,1.0163934426229508,3.7540983606557377,4.688524590163935,0.36065573770491804,2.459016393442623,2.819672131147541,7.672131147540983,0.9508196721311475,0.08196721311475409,2.557377049180328,1.2459016393442623,18.19672131147541,7.0,433.0,899.0,15.0,62.0,229.0,286.0,22.0,150.0,172.0,468.0,58.0,5.0,156.0,76.0,1110.0,420.0,61,1891.9180327868853,115407.0
