TEAM_ID,PLAYER_ID,PLAYER_NAME,avg(FGM),avg(FGA),avg(FG3M),avg(FG3A),avg(FTM),avg(FTA),avg(OREB),avg(DREB),avg(REB),avg(AST),avg(STL),avg(BLK),avg(TO),avg(PF),avg(PTS),avg(PLUS_MINUS),sum(FGM),sum(FGA),sum(FG3M),sum(FG3A),sum(FTM),sum(FTA),sum(OREB),sum(DREB),sum(REB),sum(AST),sum(STL),sum(BLK),sum(TO),sum(PF),sum(PTS),sum(PLUS_MINUS),sum(ifminute),avg(seconds),sum(seconds)
1610612766,201945,Gerald Henderson,5.875,12.839285714285714,0.19642857142857142,0.8214285714285714,2.6785714285714284,3.5,1.125,2.8035714285714284,3.9285714285714284,2.1785714285714284,0.8928571428571429,0.35714285714285715,1.8035714285714286,2.392857142857143,14.625,-8.74074074074074,329.0,719.0,11.0,46.0,150.0,196.0,63.0,157.0,220.0,122.0,50.0,20.0,101.0,134.0,819.0,-472.0,56,1923.2142857142858,107700.0
