TEAM_ID,PLAYER_ID,PLAYER_NAME,avg(FGM),avg(FGA),avg(FG3M),avg(FG3A),avg(FTM),avg(FTA),avg(OREB),avg(DREB),avg(REB),avg(AST),avg(STL),avg(BLK),avg(TO),avg(PF),avg(PTS),avg(PLUS_MINUS),sum(FGM),sum(FGA),sum(FG3M),sum(FG3A),sum(FTM),sum(FTA),sum(OREB),sum(DREB),sum(REB),sum(AST),sum(STL),sum(BLK),sum(TO),sum(PF),sum(PTS),sum(PLUS_MINUS),sum(ifminute),avg(seconds),sum(seconds)
1610612766,2564,Boris Diaw,3.1538461538461537,7.641025641025641,0.6410256410256411,2.3846153846153846,0.4358974358974359,0.6923076923076923,1.2307692307692308,3.871794871794872,5.102564102564102,4.17948717948718,0.6410256410256411,0.48717948717948717,2.2564102564102564,1.8974358974358974,7.384615384615385,-8.297297297297296,123.0,298.0,25.0,93.0,17.0,27.0,48.0,151.0,199.0,163.0,25.0,19.0,88.0,74.0,288.0,-307.0,39,1568.076923076923,61155.0
1610612752,200764,Renaldo Balkman,1.5625,3.0,0.1875,0.8125,0.9375,1.1875,0.8125,1.5625,2.375,0.4375,0.375,0.3125,0.5625,1.125,4.25,0.0,25.0,48.0,3.0,13.0,15.0,19.0,13.0,25.0,38.0,7.0,6.0,5.0,9.0,18.0,68.0,0.0,16,435.1875,6963.0
