TEAM_ID,PLAYER_ID,PLAYER_NAME,avg(FGM),avg(FGA),avg(FG3M),avg(FG3A),avg(FTM),avg(FTA),avg(OREB),avg(DREB),avg(REB),avg(AST),avg(STL),avg(BLK),avg(TO),avg(PF),avg(PTS),avg(PLUS_MINUS),sum(FGM),sum(FGA),sum(FG3M),sum(FG3A),sum(FTM),sum(FTA),sum(OREB),sum(DREB),sum(REB),sum(AST),sum(STL),sum(BLK),sum(TO),sum(PF),sum(PTS),sum(PLUS_MINUS),sum(ifminute),avg(seconds),sum(seconds)
1610612755,202696,Nikola Vucevic,2.480769230769231,5.576923076923077,0.07692307692307693,0.17307692307692307,0.3269230769230769,0.6153846153846154,1.5961538461538463,2.980769230769231,4.576923076923077,0.6923076923076923,0.36538461538461536,0.6730769230769231,0.6730769230769231,2.230769230769231,5.365384615384615,0.84,129.0,290.0,4.0,9.0,17.0,32.0,83.0,155.0,238.0,36.0,19.0,35.0,35.0,116.0,279.0,42.0,52,906.5384615384615,47140.0
1610612759,202695,Kawhi Leonard,3.0454545454545454,6.257575757575758,0.6212121212121212,1.696969696969697,1.0606060606060606,1.393939393939394,1.5909090909090908,3.5,5.090909090909091,1.0757575757575757,1.303030303030303,0.3787878787878788,0.6666666666666666,1.3333333333333333,7.7727272727272725,2.046875,201.0,413.0,41.0,112.0,70.0,92.0,105.0,231.0,336.0,71.0,86.0,25.0,44.0,88.0,513.0,131.0,66,1395.6060606060605,92110.0
1610612742,202346,Dominique Jones,1.0,2.4411764705882355,0.058823529411764705,0.3235294117647059,1.1470588235294117,1.411764705882353,0.29411764705882354,1.0,1.2941176470588236,1.5,0.4411764705882353,0.14705882352941177,1.0,1.0588235294117647,3.2058823529411766,-2.4375,34.0,83.0,2.0,11.0,39.0,48.0,10.0,34.0,44.0,51.0,15.0,5.0,34.0,36.0,109.0,-78.0,34,447.3529411764706,15210.0
