TEAM_ID,PLAYER_ID,PLAYER_NAME,avg(FGM),avg(FGA),avg(FG3M),avg(FG3A),avg(FTM),avg(FTA),avg(OREB),avg(DREB),avg(REB),avg(AST),avg(STL),avg(BLK),avg(TO),avg(PF),avg(PTS),avg(PLUS_MINUS),sum(FGM),sum(FGA),sum(FG3M),sum(FG3A),sum(FTM),sum(FTA),sum(OREB),sum(DREB),sum(REB),sum(AST),sum(STL),sum(BLK),sum(TO),sum(PF),sum(PTS),sum(PLUS_MINUS),sum(ifminute),avg(seconds),sum(seconds)
1610612753,2768,Chris Duhon,1.3125,3.140625,0.78125,1.828125,0.28125,0.359375,0.21875,1.359375,1.578125,2.359375,0.53125,0.140625,1.28125,1.140625,3.6875,-0.0967741935483871,84.0,201.0,50.0,117.0,18.0,23.0,14.0,87.0,101.0,151.0,34.0,9.0,82.0,73.0,236.0,-6.0,64,1124.5,71968.0
1610612758,201590,Donte Greene,2.0754716981132075,5.018867924528302,0.5283018867924528,2.0377358490566038,0.8113207547169812,1.0188679245283019,0.3584905660377358,2.2264150943396226,2.5849056603773586,0.6415094339622641,0.33962264150943394,0.5660377358490566,0.6037735849056604,1.3396226415094339,5.490566037735849,-2.2115384615384617,110.0,266.0,28.0,108.0,43.0,54.0,19.0,118.0,137.0,34.0,18.0,30.0,32.0,71.0,291.0,-115.0,53,866.433962264151,45921.0
1610612762,202330,Gordon Hayward,4.014925373134329,8.835820895522389,0.8208955223880597,2.3582089552238807,2.925373134328358,3.5223880597014925,0.8955223880597015,2.6417910447761193,3.537313432835821,3.1492537313432836,0.8208955223880597,0.6119402985074627,1.7313432835820894,1.6865671641791045,11.776119402985074,0.7076923076923077,269.0,592.0,55.0,158.0,196.0,236.0,60.0,177.0,237.0,211.0,55.0,41.0,116.0,113.0,789.0,46.0,67,1798.4925373134329,120499.0
1610612745,201934,Hasheem Thabeet,0.8571428571428571,1.0,0.0,0.0,0.14285714285714285,0.42857142857142855,0.7142857142857143,1.1428571428571428,1.8571428571428572,0.2857142857142857,0.14285714285714285,0.7142857142857143,0.2857142857142857,1.4285714285714286,1.8571428571428572,-4.0,6.0,7.0,0.0,0.0,1.0,3.0,5.0,8.0,13.0,2.0,1.0,5.0,2.0,10.0,13.0,-20.0,7,199.0,1393.0
1610612737,201143,Al Horford,5.0,9.153846153846153,0.0,0.07692307692307693,1.7692307692307692,2.4615384615384617,2.230769230769231,4.230769230769231,6.461538461538462,2.076923076923077,0.8461538461538461,1.3076923076923077,1.5384615384615385,1.9230769230769231,11.76923076923077,4.7272727272727275,65.0,119.0,0.0,1.0,23.0,32.0,29.0,55.0,84.0,27.0,11.0,17.0,20.0,25.0,153.0,52.0,13,1609.2307692307693,20920.0
