TEAM_ID,PLAYER_ID,PLAYER_NAME,avg(FGM),avg(FGA),avg(FG3M),avg(FG3A),avg(FTM),avg(FTA),avg(OREB),avg(DREB),avg(REB),avg(AST),avg(STL),avg(BLK),avg(TO),avg(PF),avg(PTS),avg(PLUS_MINUS),sum(FGM),sum(FGA),sum(FG3M),sum(FG3A),sum(FTM),sum(FTA),sum(OREB),sum(DREB),sum(REB),sum(AST),sum(STL),sum(BLK),sum(TO),sum(PF),sum(PTS),sum(PLUS_MINUS),sum(ifminute),avg(seconds),sum(seconds)
1610612766,201591,DJ White,2.9491525423728815,5.983050847457627,0.01694915254237288,0.01694915254237288,0.7627118644067796,1.0847457627118644,0.8813559322033898,2.6779661016949152,3.559322033898305,0.8135593220338984,0.288135593220339,0.4576271186440678,0.7288135593220338,1.6271186440677967,6.677966101694915,-5.614035087719298,174.0,353.0,1.0,1.0,45.0,64.0,52.0,158.0,210.0,48.0,17.0,27.0,43.0,96.0,394.0,-320.0,59,1088.8813559322034,64244.0
1610612752,202366,Jerome Jordan,0.55,1.1,0.0,0.0,0.35,0.4,0.6,0.55,1.15,0.2,0.05,0.25,0.1,0.65,1.45,0.95,11.0,22.0,0.0,0.0,7.0,8.0,12.0,11.0,23.0,4.0,1.0,5.0,2.0,13.0,29.0,19.0,20,250.7,5014.0
1610612763,202333,Xavier Henry,"","","","","","","","","","","","","","","","","","","","","","","","","","","","","","","","",0,"",""
