TEAM_ID,PLAYER_ID,PLAYER_NAME,avg(FGM),avg(FGA),avg(FG3M),avg(FG3A),avg(FTM),avg(FTA),avg(OREB),avg(DREB),avg(REB),avg(AST),avg(STL),avg(BLK),avg(TO),avg(PF),avg(PTS),avg(PLUS_MINUS),sum(FGM),sum(FGA),sum(FG3M),sum(FG3A),sum(FTM),sum(FTA),sum(OREB),sum(DREB),sum(REB),sum(AST),sum(STL),sum(BLK),sum(TO),sum(PF),sum(PTS),sum(PLUS_MINUS),sum(ifminute),avg(seconds),sum(seconds)
1610612743,201147,Corey Brewer,3.433333333333333,7.916666666666667,0.5666666666666667,2.2,1.5166666666666666,2.1666666666666665,0.7833333333333333,1.85,2.6333333333333333,1.45,1.2333333333333334,0.2833333333333333,0.95,1.9166666666666667,8.95,0.0,206.0,475.0,34.0,132.0,91.0,130.0,47.0,111.0,158.0,87.0,74.0,17.0,57.0,115.0,537.0,0.0,60,1260.3666666666666,75622.0
1610612739,202087,Alonzo Gee,3.515625,8.59375,0.6875,2.1875,2.59375,3.296875,1.625,3.484375,5.109375,1.765625,1.328125,0.265625,1.8125,2.421875,10.3125,-3.2903225806451615,225.0,550.0,44.0,140.0,166.0,211.0,104.0,223.0,327.0,113.0,85.0,17.0,116.0,155.0,660.0,-204.0,64,1689.5,108128.0
1610612737,956,Erick Dampier,0.07142857142857142,0.5714285714285714,0.0,0.0,0.0,0.0,0.6428571428571429,0.8571428571428571,1.5,0.2857142857142857,0.07142857142857142,0.2857142857142857,0.21428571428571427,0.5714285714285714,0.14285714285714285,0.7857142857142857,1.0,8.0,0.0,0.0,0.0,0.0,9.0,12.0,21.0,4.0,1.0,4.0,3.0,8.0,2.0,11.0,14,333.7142857142857,4672.0
1610612745,2223,Samuel Dalembert,3.078125,6.078125,0.0,0.015625,1.328125,1.671875,2.375,4.578125,6.953125,0.515625,0.578125,1.734375,1.28125,2.46875,7.484375,0.78125,197.0,389.0,0.0,1.0,85.0,107.0,152.0,293.0,445.0,33.0,37.0,111.0,82.0,158.0,479.0,50.0,64,1338.84375,85686.0
