TEAM_ID,PLAYER_ID,PLAYER_NAME,avg(FGM),avg(FGA),avg(FG3M),avg(FG3A),avg(FTM),avg(FTA),avg(OREB),avg(DREB),avg(REB),avg(AST),avg(STL),avg(BLK),avg(TO),avg(PF),avg(PTS),avg(PLUS_MINUS),sum(FGM),sum(FGA),sum(FG3M),sum(FG3A),sum(FTM),sum(FTA),sum(OREB),sum(DREB),sum(REB),sum(AST),sum(STL),sum(BLK),sum(TO),sum(PF),sum(PTS),sum(PLUS_MINUS),sum(ifminute),avg(seconds),sum(seconds)
1610612741,201149,Joakim Noah,3.8461538461538463,7.584615384615384,0.0,0.015384615384615385,2.3692307692307693,3.1846153846153844,3.707692307692308,6.030769230769231,9.738461538461538,2.4923076923076923,0.6307692307692307,1.4923076923076923,1.4461538461538461,2.6,10.061538461538461,4.2063492063492065,250.0,493.0,0.0,1.0,154.0,207.0,241.0,392.0,633.0,162.0,41.0,97.0,94.0,169.0,654.0,265.0,65,1767.7230769230769,114902.0
1610612740,202329,Al-Farouq Aminu,2.242424242424242,5.409090909090909,0.16666666666666666,0.6818181818181818,1.3181818181818181,1.7424242424242424,1.4696969696969697,3.106060606060606,4.575757575757576,0.9848484848484849,0.9090909090909091,0.5303030303030303,1.393939393939394,2.090909090909091,5.96969696969697,-0.3076923076923077,148.0,357.0,11.0,45.0,87.0,115.0,97.0,205.0,302.0,65.0,60.0,35.0,92.0,138.0,394.0,-20.0,66,1303.5,86031.0
1610612742,1717,Dirk Nowitzki,7.548387096774194,16.64516129032258,1.2419354838709677,3.4516129032258065,5.048387096774194,5.645161290322581,0.7580645161290323,6.016129032258065,6.774193548387097,2.2096774193548385,0.6935483870967742,0.4838709677419355,1.8387096774193548,2.096774193548387,21.387096774193548,4.39344262295082,468.0,1032.0,77.0,214.0,313.0,350.0,47.0,373.0,420.0,137.0,43.0,30.0,114.0,130.0,1326.0,268.0,62,1987.1129032258063,123201.0
