TEAM_ID,PLAYER_ID,PLAYER_NAME,avg(FGM),avg(FGA),avg(FG3M),avg(FG3A),avg(FTM),avg(FTA),avg(OREB),avg(DREB),avg(REB),avg(AST),avg(STL),avg(BLK),avg(TO),avg(PF),avg(PTS),avg(PLUS_MINUS),sum(FGM),sum(FGA),sum(FG3M),sum(FG3A),sum(FTM),sum(FTA),sum(OREB),sum(DREB),sum(REB),sum(AST),sum(STL),sum(BLK),sum(TO),sum(PF),sum(PTS),sum(PLUS_MINUS),sum(ifminute),avg(seconds),sum(seconds)
1610612743,201951,Ty Lawson,6.114754098360656,12.59016393442623,1.2131147540983607,3.2950819672131146,3.0327868852459017,3.6721311475409837,0.8852459016393442,2.8852459016393444,3.7704918032786887,6.540983606557377,1.360655737704918,0.09836065573770492,2.4754098360655736,1.540983606557377,16.475409836065573,1.8333333333333333,373.0,768.0,74.0,201.0,185.0,224.0,54.0,176.0,230.0,399.0,83.0,6.0,151.0,94.0,1005.0,110.0,61,2064.5409836065573,125937.0
1610612739,201623,Semih Erden,1.3928571428571428,2.642857142857143,0.0,0.0,0.75,1.4642857142857142,0.7142857142857143,1.8571428571428572,2.5714285714285716,0.32142857142857145,0.35714285714285715,0.17857142857142858,0.5714285714285714,2.142857142857143,3.5357142857142856,-2.857142857142857,39.0,74.0,0.0,0.0,21.0,41.0,20.0,52.0,72.0,9.0,10.0,5.0,16.0,60.0,99.0,-80.0,28,712.7142857142857,19956.0
