TEAM_ID,PLAYER_ID,PLAYER_NAME,avg(FGM),avg(FGA),avg(FG3M),avg(FG3A),avg(FTM),avg(FTA),avg(OREB),avg(DREB),avg(REB),avg(AST),avg(STL),avg(BLK),avg(TO),avg(PF),avg(PTS),avg(PLUS_MINUS),sum(FGM),sum(FGA),sum(FG3M),sum(FG3A),sum(FTM),sum(FTA),sum(OREB),sum(DREB),sum(REB),sum(AST),sum(STL),sum(BLK),sum(TO),sum(PF),sum(PTS),sum(PLUS_MINUS),sum(ifminute),avg(seconds),sum(seconds)
1610612761,201949,James Johnson,3.6666666666666665,8.253968253968255,0.30158730158730157,0.9523809523809523,1.3174603174603174,1.8571428571428572,1.1904761904761905,3.5555555555555554,4.746031746031746,1.9523809523809523,1.2063492063492063,1.4285714285714286,1.6666666666666667,2.9206349206349205,8.952380952380953,-2.7540983606557377,231.0,520.0,19.0,60.0,83.0,117.0,75.0,224.0,299.0,123.0,76.0,90.0,105.0,184.0,564.0,-168.0,63,1468.857142857143,92538.0
1610612759,202952,Malcolm Thomas,0.0,1.0,0.0,0.0,0.3333333333333333,0.6666666666666666,0.3333333333333333,0.6666666666666666,1.0,0.3333333333333333,0.3333333333333333,0.3333333333333333,0.0,0.0,0.3333333333333333,-1.3333333333333333,0.0,3.0,0.0,0.0,1.0,2.0,1.0,2.0,3.0,1.0,1.0,1.0,0.0,0.0,1.0,-4.0,3,301.6666666666667,905.0
1610612747,101123,Gerald Green,0.0,1.0,0.0,1.0,0.0,0.0,0.0,0.0,0.0,0.0,0.0,0.0,1.0,2.0,0.0,"",0.0,1.0,0.0,1.0,0.0,0.0,0.0,0.0,0.0,0.0,0.0,0.0,1.0,2.0,0.0,"",1,8.0,8.0
