TEAM_ID,PLAYER_ID,PLAYER_NAME,avg(FGM),avg(FGA),avg(FG3M),avg(FG3A),avg(FTM),avg(FTA),avg(OREB),avg(DREB),avg(REB),avg(AST),avg(STL),avg(BLK),avg(TO),avg(PF),avg(PTS),avg(PLUS_MINUS),sum(FGM),sum(FGA),sum(FG3M),sum(FG3A),sum(FTM),sum(FTA),sum(OREB),sum(DREB),sum(REB),sum(AST),sum(STL),sum(BLK),sum(TO),sum(PF),sum(PTS),sum(PLUS_MINUS),sum(ifminute),avg(seconds),sum(seconds)
1610612756,959,Steve Nash,4.71875,8.921875,0.875,2.265625,2.0,2.234375,0.421875,2.578125,3.0,10.578125,0.59375,0.125,3.65625,0.875,12.3125,2.8548387096774195,302.0,571.0,56.0,145.0,128.0,143.0,27.0,165.0,192.0,677.0,38.0,8.0,234.0,56.0,788.0,177.0,64,1839.359375,117719.0
1610612754,201579,Roy Hibbert,5.059701492537314,10.253731343283581,0.0,0.029850746268656716,2.611940298507463,3.7313432835820897,3.283582089552239,5.477611940298507,8.761194029850746,1.6567164179104477,0.47761194029850745,1.9253731343283582,1.9104477611940298,3.029850746268657,12.73134328358209,3.292307692307692,339.0,687.0,0.0,2.0,175.0,250.0,220.0,367.0,587.0,111.0,32.0,129.0,128.0,203.0,853.0,214.0,67,1735.44776119403,116275.0
1610612757,202343,Elliot Williams,1.6153846153846154,3.1538461538461537,0.4230769230769231,1.1923076923076923,0.23076923076923078,0.6923076923076923,0.2692307692307692,0.46153846153846156,0.7307692307692307,0.23076923076923078,0.23076923076923078,0.15384615384615385,0.19230769230769232,0.7692307692307693,3.8846153846153846,-0.9166666666666666,42.0,82.0,11.0,31.0,6.0,18.0,7.0,12.0,19.0,6.0,6.0,4.0,5.0,20.0,101.0,-22.0,26,345.3076923076923,8978.0
