TEAM_ID,PLAYER_ID,PLAYER_NAME,avg(FGM),avg(FGA),avg(FG3M),avg(FG3A),avg(FTM),avg(FTA),avg(OREB),avg(DREB),avg(REB),avg(AST),avg(STL),avg(BLK),avg(TO),avg(PF),avg(PTS),avg(PLUS_MINUS),sum(FGM),sum(FGA),sum(FG3M),sum(FG3A),sum(FTM),sum(FTA),sum(OREB),sum(DREB),sum(REB),sum(AST),sum(STL),sum(BLK),sum(TO),sum(PF),sum(PTS),sum(PLUS_MINUS),sum(ifminute),avg(seconds),sum(seconds)
1610612764,202348,Jordan Crawford,5.424242424242424,13.681818181818182,1.2121212121212122,4.2727272727272725,2.515151515151515,3.1515151515151514,0.7121212121212122,1.9545454545454546,2.6666666666666665,2.9242424242424243,0.9090909090909091,0.07575757575757576,2.1818181818181817,1.696969696969697,14.575757575757576,-4.546875,358.0,903.0,80.0,282.0,166.0,208.0,47.0,129.0,176.0,193.0,60.0,5.0,144.0,112.0,962.0,-291.0,66,1594.3030303030303,105224.0
1610612765,1112,Ben Wallace,0.5161290322580645,1.3064516129032258,0.016129032258064516,0.03225806451612903,0.24193548387096775,0.7580645161290323,1.2580645161290323,2.9516129032258065,4.209677419354839,0.6612903225806451,0.7419354838709677,0.8387096774193549,0.5161290322580645,1.0,1.2903225806451613,-1.6885245901639345,32.0,81.0,1.0,2.0,15.0,47.0,78.0,183.0,261.0,41.0,46.0,52.0,32.0,62.0,80.0,-103.0,62,926.741935483871,57458.0
1610612750,2557,Luke Ridnour,4.545454545454546,10.309090909090909,0.9272727272727272,2.8363636363636364,1.9636363636363636,2.2,0.34545454545454546,2.2363636363636363,2.581818181818182,4.709090909090909,1.0545454545454545,0.2909090909090909,1.8181818181818181,2.5272727272727273,11.981818181818182,-1.3018867924528301,250.0,567.0,51.0,156.0,108.0,121.0,19.0,123.0,142.0,259.0,58.0,16.0,100.0,139.0,659.0,-69.0,55,1909.7272727272727,105035.0
