TEAM_ID,PLAYER_ID,PLAYER_NAME,avg(FGM),avg(FGA),avg(FG3M),avg(FG3A),avg(FTM),avg(FTA),avg(OREB),avg(DREB),avg(REB),avg(AST),avg(STL),avg(BLK),avg(TO),avg(PF),avg(PTS),avg(PLUS_MINUS),sum(FGM),sum(FGA),sum(FG3M),sum(FG3A),sum(FTM),sum(FTA),sum(OREB),sum(DREB),sum(REB),sum(AST),sum(STL),sum(BLK),sum(TO),sum(PF),sum(PTS),sum(PLUS_MINUS),sum(ifminute),avg(seconds),sum(seconds)
1610612753,200755,JJ Redick,3.8208955223880596,8.985074626865671,1.7313432835820894,4.104477611940299,2.283582089552239,2.4925373134328357,0.26865671641791045,2.044776119402985,2.3134328358208953,2.5074626865671643,0.417910447761194,0.08955223880597014,1.0746268656716418,1.4179104477611941,11.656716417910447,0.4,256.0,602.0,116.0,275.0,153.0,167.0,18.0,137.0,155.0,168.0,28.0,6.0,72.0,95.0,781.0,26.0,67,1580.9253731343283,105922.0
1610612737,2550,Kirk Hinrich,2.4893617021276597,6.042553191489362,0.9574468085106383,2.765957446808511,0.5319148936170213,0.6808510638297872,0.23404255319148937,1.8085106382978724,2.0425531914893615,2.74468085106383,0.7659574468085106,0.23404255319148937,1.2127659574468086,2.106382978723404,6.468085106382978,0.723404255319149,117.0,284.0,45.0,130.0,25.0,32.0,11.0,85.0,96.0,129.0,36.0,11.0,57.0,99.0,304.0,34.0,47,1532.2978723404256,72018.0
1610612751,2052,DeShawn Stevenson,0.98,3.36,0.82,2.84,0.18,0.32,0.14,1.86,2.0,0.8,0.36,0.08,0.36,1.18,2.96,-2.64,49.0,168.0,41.0,142.0,9.0,16.0,7.0,93.0,100.0,40.0,18.0,4.0,18.0,59.0,148.0,-132.0,50,1127.94,56397.0
