TEAM_ID,PLAYER_ID,PLAYER_NAME,avg(FGM),avg(FGA),avg(FG3M),avg(FG3A),avg(FTM),avg(FTA),avg(OREB),avg(DREB),avg(REB),avg(AST),avg(STL),avg(BLK),avg(TO),avg(PF),avg(PTS),avg(PLUS_MINUS),sum(FGM),sum(FGA),sum(FG3M),sum(FG3A),sum(FTM),sum(FTA),sum(OREB),sum(DREB),sum(REB),sum(AST),sum(STL),sum(BLK),sum(TO),sum(PF),sum(PTS),sum(PLUS_MINUS),sum(ifminute),avg(seconds),sum(seconds)
1610612746,2030,Kenyon Martin,2.3095238095238093,5.238095238095238,0.07142857142857142,0.30952380952380953,0.47619047619047616,1.2857142857142858,1.1666666666666667,3.142857142857143,4.309523809523809,0.42857142857142855,1.0476190476190477,1.0238095238095237,0.7619047619047619,2.4523809523809526,5.166666666666667,0.5952380952380952,97.0,220.0,3.0,13.0,20.0,54.0,49.0,132.0,181.0,18.0,44.0,43.0,32.0,103.0,217.0,25.0,42,1342.6904761904761,56393.0
1610612743,201163,Wilson Chandler,3.875,9.875,0.375,1.5,1.25,1.5,0.75,4.375,5.125,2.125,0.75,0.75,2.25,2.25,9.375,-2.375,31.0,79.0,3.0,12.0,10.0,12.0,6.0,35.0,41.0,17.0,6.0,6.0,18.0,18.0,75.0,-19.0,8,1609.5,12876.0
