TEAM_ID,PLAYER_ID,PLAYER_NAME,avg(FGM),avg(FGA),avg(FG3M),avg(FG3A),avg(FTM),avg(FTA),avg(OREB),avg(DREB),avg(REB),avg(AST),avg(STL),avg(BLK),avg(TO),avg(PF),avg(PTS),avg(PLUS_MINUS),sum(FGM),sum(FGA),sum(FG3M),sum(FG3A),sum(FTM),sum(FTA),sum(OREB),sum(DREB),sum(REB),sum(AST),sum(STL),sum(BLK),sum(TO),sum(PF),sum(PTS),sum(PLUS_MINUS),sum(ifminute),avg(seconds),sum(seconds)
1610612737,101107,Marvin Williams,3.5689655172413794,8.172413793103448,1.0,2.5689655172413794,2.0,2.5344827586206895,1.3620689655172413,3.810344827586207,5.172413793103448,1.206896551724138,0.8103448275862069,0.3275862068965517,0.6551724137931034,1.5,10.137931034482758,1.0178571428571428,207.0,474.0,58.0,149.0,116.0,147.0,79.0,221.0,300.0,70.0,47.0,19.0,38.0,87.0,588.0,57.0,58,1528.3620689655172,88645.0
