TEAM_ID,PLAYER_ID,PLAYER_NAME,avg(FGM),avg(FGA),avg(FG3M),avg(FG3A),avg(FTM),avg(FTA),avg(OREB),avg(DREB),avg(REB),avg(AST),avg(STL),avg(BLK),avg(TO),avg(PF),avg(PTS),avg(PLUS_MINUS),sum(FGM),sum(FGA),sum(FG3M),sum(FG3A),sum(FTM),sum(FTA),sum(OREB),sum(DREB),sum(REB),sum(AST),sum(STL),sum(BLK),sum(TO),sum(PF),sum(PTS),sum(PLUS_MINUS),sum(ifminute),avg(seconds),sum(seconds)
1610612753,2202,Jason Richardson,4.535714285714286,11.071428571428571,1.8928571428571428,5.178571428571429,0.7321428571428571,1.2678571428571428,0.6428571428571429,2.857142857142857,3.5,1.9642857142857142,1.0,0.4107142857142857,1.1071428571428572,1.7321428571428572,11.696428571428571,1.7592592592592593,254.0,620.0,106.0,290.0,41.0,71.0,36.0,160.0,196.0,110.0,56.0,23.0,62.0,97.0,655.0,95.0,56,1705.6785714285713,95518.0
1610612739,1515,Anthony Parker,2.7884615384615383,6.384615384615385,1.0576923076923077,2.7884615384615383,0.7115384615384616,1.1153846153846154,0.19230769230769232,2.5384615384615383,2.730769230769231,2.3653846153846154,0.7115384615384616,0.15384615384615385,1.0192307692307692,1.3653846153846154,7.346153846153846,-4.66,145.0,332.0,55.0,145.0,37.0,58.0,10.0,132.0,142.0,123.0,37.0,8.0,53.0,71.0,382.0,-233.0,52,1455.2307692307693,75672.0
1610612761,202386,Ben Uzoh,1.8,5.0,0.0,0.06666666666666667,0.7333333333333333,1.2666666666666666,0.8666666666666667,2.6,3.466666666666667,3.1333333333333333,0.8,0.13333333333333333,1.1333333333333333,1.8,4.333333333333333,-1.6,27.0,75.0,0.0,1.0,11.0,19.0,13.0,39.0,52.0,47.0,12.0,2.0,17.0,27.0,65.0,-24.0,15,1243.2,18648.0
1610612746,2567,Brian Cook,0.9444444444444444,3.5555555555555554,0.4444444444444444,1.8333333333333333,0.2222222222222222,0.2222222222222222,0.5,1.2777777777777777,1.7777777777777777,0.16666666666666666,0.1111111111111111,0.2222222222222222,0.2777777777777778,1.9444444444444444,2.5555555555555554,-2.1875,17.0,64.0,8.0,33.0,4.0,4.0,9.0,23.0,32.0,3.0,2.0,4.0,5.0,35.0,46.0,-35.0,18,405.6111111111111,7301.0
