TEAM_ID,PLAYER_ID,PLAYER_NAME,avg(FGM),avg(FGA),avg(FG3M),avg(FG3A),avg(FTM),avg(FTA),avg(OREB),avg(DREB),avg(REB),avg(AST),avg(STL),avg(BLK),avg(TO),avg(PF),avg(PTS),avg(PLUS_MINUS),sum(FGM),sum(FGA),sum(FG3M),sum(FG3A),sum(FTM),sum(FTA),sum(OREB),sum(DREB),sum(REB),sum(AST),sum(STL),sum(BLK),sum(TO),sum(PF),sum(PTS),sum(PLUS_MINUS),sum(ifminute),avg(seconds),sum(seconds)
1610612764,2567,Brian Cook,1.2,3.066666666666667,0.3333333333333333,1.4666666666666666,0.3333333333333333,0.4,0.3333333333333333,2.2666666666666666,2.6,0.5333333333333333,0.26666666666666666,0.06666666666666667,0.4666666666666667,1.4,3.066666666666667,1.5333333333333334,18.0,46.0,5.0,22.0,5.0,6.0,5.0,34.0,39.0,8.0,4.0,1.0,7.0,21.0,46.0,23.0,15,592.2,8883.0
1610612748,202354,Dexter Pittman,1.3055555555555556,2.6944444444444446,0.0,0.0,0.5,0.7777777777777778,0.7777777777777778,1.2777777777777777,2.0555555555555554,0.25,0.25,0.2222222222222222,0.5,2.111111111111111,3.111111111111111,0.2857142857142857,47.0,97.0,0.0,0.0,18.0,28.0,28.0,46.0,74.0,9.0,9.0,8.0,18.0,76.0,112.0,10.0,36,501.94444444444446,18070.0
1610612757,2037,Jamal Crawford,4.67741935483871,12.290322580645162,1.2903225806451613,4.32258064516129,3.1774193548387095,3.4516129032258065,0.27419354838709675,1.7096774193548387,1.9838709677419355,3.274193548387097,0.9354838709677419,0.24193548387096775,1.8709677419354838,1.2741935483870968,13.82258064516129,-0.23333333333333334,290.0,762.0,80.0,268.0,197.0,214.0,17.0,106.0,123.0,203.0,58.0,15.0,116.0,79.0,857.0,-14.0,62,1561.5483870967741,96816.0
1610612741,2243,Brian Scalabrine,0.4642857142857143,1.0357142857142858,0.03571428571428571,0.25,0.10714285714285714,0.21428571428571427,0.2857142857142857,0.4642857142857143,0.75,0.5357142857142857,0.17857142857142858,0.21428571428571427,0.32142857142857145,0.32142857142857145,1.0714285714285714,0.48148148148148145,13.0,29.0,1.0,7.0,3.0,6.0,8.0,13.0,21.0,15.0,5.0,6.0,9.0,9.0,30.0,13.0,28,255.32142857142858,7149.0
1610612739,201963,Christian Eyenga,0.5714285714285714,3.142857142857143,0.14285714285714285,0.42857142857142855,0.2857142857142857,0.8571428571428571,0.5714285714285714,1.8571428571428572,2.4285714285714284,1.0,0.7142857142857143,0.7142857142857143,1.1428571428571428,1.2857142857142858,1.5714285714285714,-6.666666666666667,4.0,22.0,1.0,3.0,2.0,6.0,4.0,13.0,17.0,7.0,5.0,5.0,8.0,9.0,11.0,-40.0,7,717.2857142857143,5021.0
