TEAM_ID,PLAYER_ID,PLAYER_NAME,avg(FGM),avg(FGA),avg(FG3M),avg(FG3A),avg(FTM),avg(FTA),avg(OREB),avg(DREB),avg(REB),avg(AST),avg(STL),avg(BLK),avg(TO),avg(PF),avg(PTS),avg(PLUS_MINUS),sum(FGM),sum(FGA),sum(FG3M),sum(FG3A),sum(FTM),sum(FTA),sum(OREB),sum(DREB),sum(REB),sum(AST),sum(STL),sum(BLK),sum(TO),sum(PF),sum(PTS),sum(PLUS_MINUS),sum(ifminute),avg(seconds),sum(seconds)
1610612763,202347,Quincy Pondexter,1.6984126984126984,3.746031746031746,0.3492063492063492,1.1428571428571428,0.5238095238095238,0.8412698412698413,0.873015873015873,1.126984126984127,2.0,0.42857142857142855,0.42857142857142855,0.07936507936507936,0.47619047619047616,1.4285714285714286,4.26984126984127,0.5873015873015873,107.0,236.0,22.0,72.0,33.0,53.0,55.0,71.0,126.0,27.0,27.0,5.0,30.0,90.0,269.0,37.0,63,945.1111111111111,59542.0
1610612747,202721,Darius Morris,1.0,2.1578947368421053,0.21052631578947367,0.3684210526315789,0.3157894736842105,0.47368421052631576,0.15789473684210525,0.6842105263157895,0.8421052631578947,1.0,0.10526315789473684,0.0,1.0,0.8947368421052632,2.526315789473684,-3.1666666666666665,19.0,41.0,4.0,7.0,6.0,9.0,3.0,13.0,16.0,19.0,2.0,0.0,19.0,17.0,48.0,-57.0,19,468.8421052631579,8908.0
