TEAM_ID,PLAYER_ID,PLAYER_NAME,avg(FGM),avg(FGA),avg(FG3M),avg(FG3A),avg(FTM),avg(FTA),avg(OREB),avg(DREB),avg(REB),avg(AST),avg(STL),avg(BLK),avg(TO),avg(PF),avg(PTS),avg(PLUS_MINUS),sum(FGM),sum(FGA),sum(FG3M),sum(FG3A),sum(FTM),sum(FTA),sum(OREB),sum(DREB),sum(REB),sum(AST),sum(STL),sum(BLK),sum(TO),sum(PF),sum(PTS),sum(PLUS_MINUS),sum(ifminute),avg(seconds),sum(seconds)
1610612741,1888,Richard Hamilton,4.290909090909091,9.927272727272728,0.32727272727272727,1.0545454545454545,1.5272727272727273,1.8,0.41818181818181815,1.490909090909091,1.9090909090909092,2.4,0.6,0.10909090909090909,1.709090909090909,2.0,10.436363636363636,-0.6122448979591837,236.0,546.0,18.0,58.0,84.0,99.0,23.0,82.0,105.0,132.0,33.0,6.0,94.0,110.0,574.0,-30.0,55,1177.3818181818183,64756.0
1610612757,202343,Elliot Williams,"","","","","","","","","","","","","","","","","","","","","","","","","","","","","","","","",0,"",""
1610612747,201941,Jordan Hill,2.8125,5.6875,0.0,0.0625,1.40625,2.09375,2.78125,3.03125,5.8125,0.65625,0.25,0.6875,1.0,2.03125,7.03125,-1.103448275862069,90.0,182.0,0.0,2.0,45.0,67.0,89.0,97.0,186.0,21.0,8.0,22.0,32.0,65.0,225.0,-32.0,32,860.90625,27549.0
