TEAM_ID,PLAYER_ID,PLAYER_NAME,avg(FGM),avg(FGA),avg(FG3M),avg(FG3A),avg(FTM),avg(FTA),avg(OREB),avg(DREB),avg(REB),avg(AST),avg(STL),avg(BLK),avg(TO),avg(PF),avg(PTS),avg(PLUS_MINUS),sum(FGM),sum(FGA),sum(FG3M),sum(FG3A),sum(FTM),sum(FTA),sum(OREB),sum(DREB),sum(REB),sum(AST),sum(STL),sum(BLK),sum(TO),sum(PF),sum(PTS),sum(PLUS_MINUS),sum(ifminute),avg(seconds),sum(seconds)
1610612753,200755,JJ Redick,5.232142857142857,11.410714285714286,2.2857142857142856,5.732142857142857,2.2142857142857144,2.482142857142857,0.17857142857142858,2.142857142857143,2.3214285714285716,4.464285714285714,0.5357142857142857,0.125,2.0892857142857144,1.375,14.964285714285714,-1.94,293.0,639.0,128.0,321.0,124.0,139.0,10.0,120.0,130.0,250.0,30.0,7.0,117.0,77.0,838.0,-97.0,56,1690.875,94689.0
1610612759,202341,James Anderson,1.1,2.5,0.5,1.1,0.7,0.9,0.3,1.1,1.4,0.9,0.3,0.2,0.7,0.7,3.4,4.1,11.0,25.0,5.0,11.0,7.0,9.0,3.0,11.0,14.0,9.0,3.0,2.0,7.0,7.0,34.0,41.0,10,564.2,5642.0
