TEAM_ID,PLAYER_ID,PLAYER_NAME,avg(FGM),avg(FGA),avg(FG3M),avg(FG3A),avg(FTM),avg(FTA),avg(OREB),avg(DREB),avg(REB),avg(AST),avg(STL),avg(BLK),avg(TO),avg(PF),avg(PTS),avg(PLUS_MINUS),sum(FGM),sum(FGA),sum(FG3M),sum(FG3A),sum(FTM),sum(FTA),sum(OREB),sum(DREB),sum(REB),sum(AST),sum(STL),sum(BLK),sum(TO),sum(PF),sum(PTS),sum(PLUS_MINUS),sum(ifminute),avg(seconds),sum(seconds)
1610612746,1885,Lamar Odom,1.75,4.464285714285714,0.21428571428571427,1.1071428571428572,0.2619047619047619,0.5238095238095238,1.4166666666666667,4.357142857142857,5.773809523809524,1.7023809523809523,0.8214285714285714,0.6785714285714286,1.0952380952380953,2.619047619047619,3.9761904761904763,3.580246913580247,147.0,375.0,18.0,93.0,22.0,44.0,119.0,366.0,485.0,143.0,69.0,57.0,92.0,220.0,334.0,290.0,84,1142.4285714285713,95964.0
1610612749,101145,Monta Ellis,7.168539325842697,17.426966292134832,1.1348314606741574,3.8876404494382024,3.4157303370786516,4.47191011235955,0.5280898876404494,3.247191011235955,3.7752808988764044,5.910112359550562,2.0224719101123596,0.42696629213483145,3.0898876404494384,1.9662921348314606,18.8876404494382,-0.48148148148148145,638.0,1551.0,101.0,346.0,304.0,398.0,47.0,289.0,336.0,526.0,180.0,38.0,275.0,175.0,1681.0,-39.0,89,2069.0,184141.0
1610612766,201957,Byron Mullens,4.237288135593221,10.847457627118644,1.3898305084745763,4.186440677966102,1.2203389830508475,1.847457627118644,1.3898305084745763,5.11864406779661,6.508474576271187,1.4915254237288136,0.711864406779661,0.6271186440677966,1.3898305084745763,2.1016949152542375,11.084745762711865,-7.90566037735849,250.0,640.0,82.0,247.0,72.0,109.0,82.0,302.0,384.0,88.0,42.0,37.0,82.0,124.0,654.0,-419.0,59,1454.864406779661,85837.0
1610612749,2038,Joel Przybilla,0.2777777777777778,0.5,0.0,0.05555555555555555,0.05555555555555555,0.16666666666666666,0.5,1.4444444444444444,1.9444444444444444,0.5,0.05555555555555555,0.16666666666666666,0.4444444444444444,0.8888888888888888,0.6111111111111112,-3.8333333333333335,5.0,9.0,0.0,1.0,1.0,3.0,9.0,26.0,35.0,9.0,1.0,3.0,8.0,16.0,11.0,-46.0,18,229.5,4131.0
1610612751,2735,Josh Childress,0.7,1.9,0.15,0.3,0.1,0.15,0.5,1.0,1.5,0.35,0.35,0.2,0.1,0.8,1.65,-2.5,14.0,38.0,3.0,6.0,2.0,3.0,10.0,20.0,30.0,7.0,7.0,4.0,2.0,16.0,33.0,-35.0,20,305.25,6105.0
