TEAM_ID,PLAYER_ID,PLAYER_NAME,avg(FGM),avg(FGA),avg(FG3M),avg(FG3A),avg(FTM),avg(FTA),avg(OREB),avg(DREB),avg(REB),avg(AST),avg(STL),avg(BLK),avg(TO),avg(PF),avg(PTS),avg(PLUS_MINUS),sum(FGM),sum(FGA),sum(FG3M),sum(FG3A),sum(FTM),sum(FTA),sum(OREB),sum(DREB),sum(REB),sum(AST),sum(STL),sum(BLK),sum(TO),sum(PF),sum(PTS),sum(PLUS_MINUS),sum(ifminute),avg(seconds),sum(seconds)
1610612746,201599,DeAndre Jordan,3.932584269662921,6.067415730337078,0.0,0.011235955056179775,1.2808988764044944,3.348314606741573,2.6292134831460676,4.707865168539326,7.337078651685394,0.38202247191011235,0.5842696629213483,1.404494382022472,1.2359550561797752,2.4269662921348316,9.146067415730338,3.45679012345679,350.0,540.0,0.0,1.0,114.0,298.0,234.0,419.0,653.0,34.0,52.0,125.0,110.0,216.0,814.0,280.0,89,1337.4606741573034,119034.0
1610612748,2617,Udonis Haslem,1.6842105263157894,3.3421052631578947,0.0,0.0,0.4342105263157895,0.618421052631579,1.3026315789473684,4.092105263157895,5.394736842105263,0.5,0.3815789473684211,0.18421052631578946,0.5789473684210527,2.3421052631578947,3.8026315789473686,3.7027027027027026,128.0,254.0,0.0,0.0,33.0,47.0,99.0,311.0,410.0,38.0,29.0,14.0,44.0,178.0,289.0,274.0,76,1098.6315789473683,83496.0
1610612760,202351,Lazar Hayward,1.6666666666666667,6.0,0.0,1.0,2.3333333333333335,2.3333333333333335,1.0,3.0,4.0,1.6666666666666667,1.3333333333333333,0.0,1.6666666666666667,2.3333333333333335,5.666666666666667,"",5.0,18.0,0.0,3.0,7.0,7.0,3.0,9.0,12.0,5.0,4.0,0.0,5.0,7.0,17.0,"",3,18.666666666666668,56.0
