TEAM_ID,PLAYER_ID,PLAYER_NAME,avg(FGM),avg(FGA),avg(FG3M),avg(FG3A),avg(FTM),avg(FTA),avg(OREB),avg(DREB),avg(REB),avg(AST),avg(STL),avg(BLK),avg(TO),avg(PF),avg(PTS),avg(PLUS_MINUS),sum(FGM),sum(FGA),sum(FG3M),sum(FG3A),sum(FTM),sum(FTA),sum(OREB),sum(DREB),sum(REB),sum(AST),sum(STL),sum(BLK),sum(TO),sum(PF),sum(PTS),sum(PLUS_MINUS),sum(ifminute),avg(seconds),sum(seconds)
1610612745,201600,Omer Asik,3.9545454545454546,7.386363636363637,0.0,0.011363636363636364,2.0681818181818183,3.625,3.375,8.272727272727273,11.647727272727273,1.0113636363636365,0.5795454545454546,1.0340909090909092,2.125,2.6704545454545454,9.977272727272727,3.6296296296296298,348.0,650.0,0.0,1.0,182.0,319.0,297.0,728.0,1025.0,89.0,51.0,91.0,187.0,235.0,878.0,294.0,88,1652.5568181818182,145425.0
1610612762,2248,Earl Watson,0.7708333333333334,2.5,0.10416666666666667,0.5833333333333334,0.3541666666666667,0.5208333333333334,0.4791666666666667,1.3333333333333333,1.8125,3.9583333333333335,0.8333333333333334,0.16666666666666666,1.4375,1.9583333333333333,2.0,-1.0625,37.0,120.0,5.0,28.0,17.0,25.0,23.0,64.0,87.0,190.0,40.0,8.0,69.0,94.0,96.0,-51.0,48,1036.3333333333333,49744.0
1610612764,202322,John Wall,6.583333333333333,14.875,0.22916666666666666,0.8958333333333334,5.0,6.208333333333333,0.7083333333333334,3.3125,4.020833333333333,7.6875,1.3541666666666667,0.7708333333333334,3.25,2.375,18.395833333333332,1.2708333333333333,316.0,714.0,11.0,43.0,240.0,298.0,34.0,159.0,193.0,369.0,65.0,37.0,156.0,114.0,883.0,61.0,48,1954.9583333333333,93838.0
1610612763,2436,Flip Murray,2.3333333333333335,6.333333333333333,0.0,1.6666666666666667,1.0,1.6666666666666667,0.3333333333333333,1.0,1.3333333333333333,2.3333333333333335,1.3333333333333333,0.0,1.0,1.3333333333333333,5.666666666666667,"",7.0,19.0,0.0,5.0,3.0,5.0,1.0,3.0,4.0,7.0,4.0,0.0,3.0,4.0,17.0,"",3,15.0,45.0
