TEAM_ID,PLAYER_ID,PLAYER_NAME,avg(FGM),avg(FGA),avg(FG3M),avg(FG3A),avg(FTM),avg(FTA),avg(OREB),avg(DREB),avg(REB),avg(AST),avg(STL),avg(BLK),avg(TO),avg(PF),avg(PTS),avg(PLUS_MINUS),sum(FGM),sum(FGA),sum(FG3M),sum(FG3A),sum(FTM),sum(FTA),sum(OREB),sum(DREB),sum(REB),sum(AST),sum(STL),sum(BLK),sum(TO),sum(PF),sum(PTS),sum(PLUS_MINUS),sum(ifminute),avg(seconds),sum(seconds)
1610612757,202337,Luke Babbitt,1.4558823529411764,3.823529411764706,1.0294117647058822,2.8823529411764706,0.16176470588235295,0.20588235294117646,0.2647058823529412,2.0,2.264705882352941,0.45588235294117646,0.25,0.08823529411764706,0.38235294117647056,1.2794117647058822,4.102941176470588,-0.03225806451612903,99.0,260.0,70.0,196.0,11.0,14.0,18.0,136.0,154.0,31.0,17.0,6.0,26.0,87.0,279.0,-2.0,68,645.5588235294117,43898.0
