TEAM_ID,PLAYER_ID,PLAYER_NAME,avg(FGM),avg(FGA),avg(FG3M),avg(FG3A),avg(FTM),avg(FTA),avg(OREB),avg(DREB),avg(REB),avg(AST),avg(STL),avg(BLK),avg(TO),avg(PF),avg(PTS),avg(PLUS_MINUS),sum(FGM),sum(FGA),sum(FG3M),sum(FG3A),sum(FTM),sum(FTA),sum(OREB),sum(DREB),sum(REB),sum(AST),sum(STL),sum(BLK),sum(TO),sum(PF),sum(PTS),sum(PLUS_MINUS),sum(ifminute),avg(seconds),sum(seconds)
1610612756,201162,Jared Dudley,3.988235294117647,8.411764705882353,1.3411764705882352,3.4,1.576470588235294,1.9529411764705882,0.9411764705882353,2.070588235294118,3.011764705882353,2.5058823529411764,0.9176470588235294,0.11764705882352941,1.2,1.5647058823529412,10.894117647058824,-1.5256410256410255,339.0,715.0,114.0,289.0,134.0,166.0,80.0,176.0,256.0,213.0,78.0,10.0,102.0,133.0,926.0,-119.0,85,1519.4352941176471,129152.0
1610612748,436,Juwan Howard,0.6666666666666666,1.6666666666666667,0.0,0.0,0.16666666666666666,0.16666666666666666,0.0,0.8333333333333334,0.8333333333333334,1.0,0.0,0.0,0.5,0.8333333333333334,1.5,-2.6666666666666665,4.0,10.0,0.0,0.0,1.0,1.0,0.0,5.0,5.0,6.0,0.0,0.0,3.0,5.0,9.0,-16.0,6,334.6666666666667,2008.0
1610612739,2575,Luke Walton,1.4423076923076923,3.5961538461538463,0.38461538461538464,1.3076923076923077,0.19230769230769232,0.38461538461538464,0.7307692307692307,2.0961538461538463,2.826923076923077,3.230769230769231,0.8076923076923077,0.25,1.1730769230769231,1.8846153846153846,3.4615384615384617,-1.1,75.0,187.0,20.0,68.0,10.0,20.0,38.0,109.0,147.0,168.0,42.0,13.0,61.0,98.0,180.0,-55.0,52,989.4038461538462,51449.0
1610612754,201571,D.J. Augustin,1.475609756097561,4.024390243902439,0.8902439024390244,2.451219512195122,1.0365853658536586,1.2560975609756098,0.24390243902439024,0.9390243902439024,1.1829268292682926,2.4634146341463414,0.43902439024390244,0.036585365853658534,0.9878048780487805,0.9146341463414634,4.878048780487805,-0.36,121.0,330.0,73.0,201.0,85.0,103.0,20.0,77.0,97.0,202.0,36.0,3.0,81.0,75.0,400.0,-27.0,82,881.9634146341464,72321.0
1610612753,2047,Quentin Richardson,1.0,3.6666666666666665,0.3333333333333333,1.0,0.0,0.0,0.0,1.3333333333333333,1.3333333333333333,0.3333333333333333,0.3333333333333333,0.0,0.3333333333333333,1.0,2.3333333333333335,"",3.0,11.0,1.0,3.0,0.0,0.0,0.0,4.0,4.0,1.0,1.0,0.0,1.0,3.0,7.0,"",3,8.666666666666666,26.0
