TEAM_ID,PLAYER_ID,PLAYER_NAME,avg(FGM),avg(FGA),avg(FG3M),avg(FG3A),avg(FTM),avg(FTA),avg(OREB),avg(DREB),avg(REB),avg(AST),avg(STL),avg(BLK),avg(TO),avg(PF),avg(PTS),avg(PLUS_MINUS),sum(FGM),sum(FGA),sum(FG3M),sum(FG3A),sum(FTM),sum(FTA),sum(OREB),sum(DREB),sum(REB),sum(AST),sum(STL),sum(BLK),sum(TO),sum(PF),sum(PTS),sum(PLUS_MINUS),sum(ifminute),avg(seconds),sum(seconds)
1610612755,2748,Dorell Wright,3.0602409638554215,7.590361445783133,1.7228915662650603,4.554216867469879,1.5301204819277108,1.8674698795180722,0.5542168674698795,3.3855421686746987,3.9397590361445785,1.8795180722891567,0.8192771084337349,0.43373493975903615,0.8433734939759037,1.2048192771084338,9.373493975903614,-2.358974358974359,254.0,630.0,143.0,378.0,127.0,155.0,46.0,281.0,327.0,156.0,68.0,36.0,70.0,100.0,778.0,-184.0,83,1264.2771084337348,104935.0
1610612747,203135,Robert Sacre,0.9,2.075,0.0,0.0,0.55,0.925,0.475,1.325,1.8,0.3,0.075,0.475,0.725,1.725,2.35,-1.625,36.0,83.0,0.0,0.0,22.0,37.0,19.0,53.0,72.0,12.0,3.0,19.0,29.0,69.0,94.0,-52.0,40,310.15,12406.0
1610612753,202356,Armon Johnson,1.6,4.2,0.0,0.4,0.0,0.0,0.6,1.0,1.6,1.2,0.6,0.2,1.6,1.6,3.2,"",8.0,21.0,0.0,2.0,0.0,0.0,3.0,5.0,8.0,6.0,3.0,1.0,8.0,8.0,16.0,"",5,13.0,65.0
