TEAM_ID,PLAYER_ID,PLAYER_NAME,avg(FGM),avg(FGA),avg(FG3M),avg(FG3A),avg(FTM),avg(FTA),avg(OREB),avg(DREB),avg(REB),avg(AST),avg(STL),avg(BLK),avg(TO),avg(PF),avg(PTS),avg(PLUS_MINUS),sum(FGM),sum(FGA),sum(FG3M),sum(FG3A),sum(FTM),sum(FTA),sum(OREB),sum(DREB),sum(REB),sum(AST),sum(STL),sum(BLK),sum(TO),sum(PF),sum(PTS),sum(PLUS_MINUS),sum(ifminute),avg(seconds),sum(seconds)
1610612753,2749,Jameer Nelson,5.253968253968254,13.317460317460318,2.0317460317460316,6.015873015873016,1.5396825396825398,1.7936507936507937,0.42857142857142855,3.1587301587301586,3.5873015873015874,7.095238095238095,1.2380952380952381,0.1111111111111111,2.634920634920635,2.6984126984126986,14.079365079365079,-2.982142857142857,331.0,839.0,128.0,379.0,97.0,113.0,27.0,199.0,226.0,447.0,78.0,7.0,166.0,170.0,887.0,-167.0,63,1885.7142857142858,118800.0
1610612754,201588,George Hill,5.078947368421052,11.460526315789474,1.7105263157894737,4.644736842105263,2.289473684210526,2.8026315789473686,0.618421052631579,3.1184210526315788,3.736842105263158,4.671052631578948,1.0657894736842106,0.34210526315789475,1.5263157894736843,1.763157894736842,14.157894736842104,5.5,386.0,871.0,130.0,353.0,174.0,213.0,47.0,237.0,284.0,355.0,81.0,26.0,116.0,134.0,1076.0,418.0,76,2068.1052631578946,157176.0
1610612763,201961,Wayne Ellington,2.2127659574468086,5.361702127659575,1.0212765957446808,2.5319148936170213,0.46808510638297873,0.5106382978723404,0.14893617021276595,1.1702127659574468,1.3191489361702127,1.0638297872340425,0.425531914893617,0.02127659574468085,0.6595744680851063,1.0425531914893618,5.914893617021277,1.8,104.0,252.0,48.0,119.0,22.0,24.0,7.0,55.0,62.0,50.0,20.0,1.0,31.0,49.0,278.0,72.0,47,866.3617021276596,40719.0
1610612762,202221,Brian Butch,0.0,3.0,0.0,0.5,0.0,0.0,1.0,2.5,3.5,0.0,0.0,0.0,0.5,1.5,0.0,"",0.0,6.0,0.0,1.0,0.0,0.0,2.0,5.0,7.0,0.0,0.0,0.0,1.0,3.0,0.0,"",2,7.5,15.0
