TEAM_ID,PLAYER_ID,PLAYER_NAME,avg(FGM),avg(FGA),avg(FG3M),avg(FG3A),avg(FTM),avg(FTA),avg(OREB),avg(DREB),avg(REB),avg(AST),avg(STL),avg(BLK),avg(TO),avg(PF),avg(PTS),avg(PLUS_MINUS),sum(FGM),sum(FGA),sum(FG3M),sum(FG3A),sum(FTM),sum(FTA),sum(OREB),sum(DREB),sum(REB),sum(AST),sum(STL),sum(BLK),sum(TO),sum(PF),sum(PTS),sum(PLUS_MINUS),sum(ifminute),avg(seconds),sum(seconds)
1610612759,202695,Kawhi Leonard,4.338709677419355,9.048387096774194,1.0806451612903225,3.0161290322580645,1.8387096774193548,2.225806451612903,1.1774193548387097,4.806451612903226,5.983870967741935,1.6612903225806452,1.6129032258064515,0.5967741935483871,1.0483870967741935,1.6612903225806452,11.596774193548388,6.350877192982456,269.0,561.0,67.0,187.0,114.0,138.0,73.0,298.0,371.0,103.0,100.0,37.0,65.0,103.0,719.0,362.0,62,1728.032258064516,107138.0
1610612750,201593,Nikola Pekovic,6.119402985074627,11.73134328358209,0.0,0.0,3.8507462686567164,5.2835820895522385,3.656716417910448,5.08955223880597,8.746268656716419,0.835820895522388,0.6865671641791045,0.746268656716418,1.671641791044776,2.298507462686567,16.08955223880597,-0.3225806451612903,410.0,786.0,0.0,0.0,258.0,354.0,245.0,341.0,586.0,56.0,46.0,50.0,112.0,154.0,1078.0,-20.0,67,1756.7014925373135,117699.0
1610612745,203176,Kyle Fogg,1.0,2.0,1.0,2.0,0.0,0.0,0.0,2.0,2.0,0.0,0.0,0.0,0.0,0.0,3.0,"",1.0,2.0,1.0,2.0,0.0,0.0,0.0,2.0,2.0,0.0,0.0,0.0,0.0,0.0,3.0,"",1,4.0,4.0
