TEAM_ID,PLAYER_ID,PLAYER_NAME,avg(FGM),avg(FGA),avg(FG3M),avg(FG3A),avg(FTM),avg(FTA),avg(OREB),avg(DREB),avg(REB),avg(AST),avg(STL),avg(BLK),avg(TO),avg(PF),avg(PTS),avg(PLUS_MINUS),sum(FGM),sum(FGA),sum(FG3M),sum(FG3A),sum(FTM),sum(FTA),sum(OREB),sum(DREB),sum(REB),sum(AST),sum(STL),sum(BLK),sum(TO),sum(PF),sum(PTS),sum(PLUS_MINUS),sum(ifminute),avg(seconds),sum(seconds)
1610612737,201274,Ivan Johnson,2.6486486486486487,5.297297297297297,0.02702702702702703,0.21621621621621623,1.2297297297297298,1.9324324324324325,1.135135135135135,2.635135135135135,3.77027027027027,0.6216216216216216,0.7432432432432432,0.1891891891891892,1.0,2.0405405405405403,6.554054054054054,-0.25,196.0,392.0,2.0,16.0,91.0,143.0,84.0,195.0,279.0,46.0,55.0,14.0,74.0,151.0,485.0,-17.0,74,823.9459459459459,60972.0
