TEAM_ID,PLAYER_ID,PLAYER_NAME,avg(FGM),avg(FGA),avg(FG3M),avg(FG3A),avg(FTM),avg(FTA),avg(OREB),avg(DREB),avg(REB),avg(AST),avg(STL),avg(BLK),avg(TO),avg(PF),avg(PTS),avg(PLUS_MINUS),sum(FGM),sum(FGA),sum(FG3M),sum(FG3A),sum(FTM),sum(FTA),sum(OREB),sum(DREB),sum(REB),sum(AST),sum(STL),sum(BLK),sum(TO),sum(PF),sum(PTS),sum(PLUS_MINUS),sum(ifminute),avg(seconds),sum(seconds)
1610612746,202339,Eric Bledsoe,3.5180722891566263,7.9156626506024095,0.42168674698795183,1.108433734939759,1.5301204819277108,1.9397590361445782,1.036144578313253,2.108433734939759,3.144578313253012,3.1686746987951806,1.5783132530120483,0.7108433734939759,1.9397590361445782,1.5060240963855422,8.987951807228916,1.5733333333333333,292.0,657.0,35.0,92.0,127.0,161.0,86.0,175.0,261.0,263.0,131.0,59.0,161.0,125.0,746.0,118.0,83,1116.4096385542168,92662.0
1610612750,202682,Derrick Williams,4.289156626506024,10.048192771084338,0.8072289156626506,2.4939759036144578,2.4698795180722892,3.5180722891566263,1.2409638554216869,4.180722891566265,5.421686746987952,0.5542168674698795,0.5783132530120482,0.4819277108433735,1.3614457831325302,1.6987951807228916,11.855421686746988,-2.779220779220779,356.0,834.0,67.0,207.0,205.0,292.0,103.0,347.0,450.0,46.0,48.0,40.0,113.0,141.0,984.0,-214.0,83,1362.855421686747,113117.0
1610612751,2207,Joe Johnson,6.157894736842105,14.513157894736842,2.039473684210526,5.447368421052632,1.75,2.1315789473684212,0.7105263157894737,2.263157894736842,2.973684210526316,3.486842105263158,0.7236842105263158,0.19736842105263158,1.7236842105263157,1.4210526315789473,16.105263157894736,3.816901408450704,468.0,1103.0,155.0,414.0,133.0,162.0,54.0,172.0,226.0,265.0,55.0,15.0,131.0,108.0,1224.0,271.0,76,2071.5263157894738,157436.0
1610612760,201041,Walker Russell,1.0,1.0,0.0,0.0,3.0,3.0,0.0,0.0,0.0,1.0,0.0,0.0,0.0,0.0,5.0,"",1.0,1.0,0.0,0.0,3.0,3.0,0.0,0.0,0.0,1.0,0.0,0.0,0.0,0.0,5.0,"",1,6.0,6.0
