TEAM_ID,PLAYER_ID,PLAYER_NAME,avg(FGM),avg(FGA),avg(FG3M),avg(FG3A),avg(FTM),avg(FTA),avg(OREB),avg(DREB),avg(REB),avg(AST),avg(STL),avg(BLK),avg(TO),avg(PF),avg(PTS),avg(PLUS_MINUS),sum(FGM),sum(FGA),sum(FG3M),sum(FG3A),sum(FTM),sum(FTA),sum(OREB),sum(DREB),sum(REB),sum(AST),sum(STL),sum(BLK),sum(TO),sum(PF),sum(PTS),sum(PLUS_MINUS),sum(ifminute),avg(seconds),sum(seconds)
1610612758,202332,Cole Aldrich,1.4285714285714286,2.5,0.0,0.0,0.5714285714285714,0.7857142857142857,1.2857142857142858,3.0714285714285716,4.357142857142857,0.21428571428571427,0.14285714285714285,1.0,0.6428571428571429,1.3571428571428572,3.4285714285714284,3.357142857142857,20.0,35.0,0.0,0.0,8.0,11.0,18.0,43.0,61.0,3.0,2.0,14.0,9.0,19.0,48.0,47.0,14,733.5714285714286,10270.0
1610612756,202545,Luke Zeller,0.8,2.5,0.15,0.5,0.1,0.1,0.2,0.7,0.9,0.3,0.0,0.0,0.1,0.65,1.85,-2.625,16.0,50.0,3.0,10.0,2.0,2.0,4.0,14.0,18.0,6.0,0.0,0.0,2.0,13.0,37.0,-42.0,20,178.05,3561.0
1610612766,2679,Matt Carroll,0.16666666666666666,1.3333333333333333,0.0,1.0,0.5,0.5,0.0,1.3333333333333333,1.3333333333333333,0.6666666666666666,0.16666666666666666,0.0,0.5,0.8333333333333334,0.8333333333333334,-2.0,1.0,8.0,0.0,6.0,3.0,3.0,0.0,8.0,8.0,4.0,1.0,0.0,3.0,5.0,5.0,-2.0,6,63.166666666666664,379.0
1610612764,101183,Shavlik Randolph,0.8,3.6,0.0,0.0,0.6,0.8,1.4,1.6,3.0,0.8,0.4,0.6,0.0,2.0,2.2,"",4.0,18.0,0.0,0.0,3.0,4.0,7.0,8.0,15.0,4.0,2.0,3.0,0.0,10.0,11.0,"",5,9.8,49.0
