TEAM_ID,PLAYER_ID,PLAYER_NAME,avg(FGM),avg(FGA),avg(FG3M),avg(FG3A),avg(FTM),avg(FTA),avg(OREB),avg(DREB),avg(REB),avg(AST),avg(STL),avg(BLK),avg(TO),avg(PF),avg(PTS),avg(PLUS_MINUS),sum(FGM),sum(FGA),sum(FG3M),sum(FG3A),sum(FTM),sum(FTA),sum(OREB),sum(DREB),sum(REB),sum(AST),sum(STL),sum(BLK),sum(TO),sum(PF),sum(PTS),sum(PLUS_MINUS),sum(ifminute),avg(seconds),sum(seconds)
1610612746,101108,Chris Paul,5.662162162162162,11.81081081081081,1.0810810810810811,3.2162162162162162,3.9324324324324325,4.445945945945946,0.7162162162162162,2.972972972972973,3.689189189189189,9.608108108108109,2.3783783783783785,0.16216216216216217,2.22972972972973,1.9864864864864864,16.33783783783784,6.27536231884058,419.0,874.0,80.0,238.0,291.0,329.0,53.0,220.0,273.0,711.0,176.0,12.0,165.0,147.0,1209.0,433.0,74,1866.3918918918919,138113.0
