TEAM_ID,PLAYER_ID,PLAYER_NAME,avg(FGM),avg(FGA),avg(FG3M),avg(FG3A),avg(FTM),avg(FTA),avg(OREB),avg(DREB),avg(REB),avg(AST),avg(STL),avg(BLK),avg(TO),avg(PF),avg(PTS),avg(PLUS_MINUS),sum(FGM),sum(FGA),sum(FG3M),sum(FG3A),sum(FTM),sum(FTA),sum(OREB),sum(DREB),sum(REB),sum(AST),sum(STL),sum(BLK),sum(TO),sum(PF),sum(PTS),sum(PLUS_MINUS),sum(ifminute),avg(seconds),sum(seconds)
1610612762,2590,Mo Williams,4.86,11.28,1.32,3.26,1.8,1.98,0.5,1.86,2.36,6.24,1.0,0.18,2.74,2.32,12.84,-1.1333333333333333,243.0,564.0,66.0,163.0,90.0,99.0,25.0,93.0,118.0,312.0,50.0,9.0,137.0,116.0,642.0,-51.0,50,1664.12,83206.0
1610612753,203094,Andrew Nicholson,3.4814814814814814,6.7407407407407405,0.0,0.0,1.0493827160493827,1.3703703703703705,0.9876543209876543,2.6049382716049383,3.5925925925925926,0.5679012345679012,0.32098765432098764,0.4691358024691358,1.0617283950617284,1.9506172839506173,8.012345679012345,-1.9864864864864864,282.0,546.0,0.0,0.0,85.0,111.0,80.0,211.0,291.0,46.0,26.0,38.0,86.0,158.0,649.0,-147.0,81,919.2222222222222,74457.0
1610612738,202363,Jarvis Varnado,0.4,0.8,0.0,0.0,0.4,0.8,0.2,0.4,0.6,0.2,0.2,0.0,0.2,0.2,1.2,-0.2,2.0,4.0,0.0,0.0,2.0,4.0,1.0,2.0,3.0,1.0,1.0,0.0,1.0,1.0,6.0,-1.0,5,216.8,1084.0
