TEAM_ID,PLAYER_ID,PLAYER_NAME,avg(FGM),avg(FGA),avg(FG3M),avg(FG3A),avg(FTM),avg(FTA),avg(OREB),avg(DREB),avg(REB),avg(AST),avg(STL),avg(BLK),avg(TO),avg(PF),avg(PTS),avg(PLUS_MINUS),sum(FGM),sum(FGA),sum(FG3M),sum(FG3A),sum(FTM),sum(FTA),sum(OREB),sum(DREB),sum(REB),sum(AST),sum(STL),sum(BLK),sum(TO),sum(PF),sum(PTS),sum(PLUS_MINUS),sum(ifminute),avg(seconds),sum(seconds)
1610612763,2754,Tony Allen,3.524390243902439,7.817073170731708,0.06097560975609756,0.32926829268292684,1.7439024390243902,2.4146341463414633,1.4634146341463414,3.024390243902439,4.487804878048781,1.170731707317073,1.4634146341463414,0.5609756097560976,1.1829268292682926,2.6463414634146343,8.853658536585366,2.7051282051282053,289.0,641.0,5.0,27.0,143.0,198.0,120.0,248.0,368.0,96.0,120.0,46.0,97.0,217.0,726.0,211.0,82,1529.7073170731708,125436.0
1610612741,202952,Malcolm Thomas,0.7142857142857143,1.2857142857142858,0.0,0.0,0.2857142857142857,0.5714285714285714,0.7142857142857143,0.8571428571428571,1.5714285714285714,0.2857142857142857,0.2857142857142857,0.14285714285714285,0.2857142857142857,1.0,1.7142857142857142,0.2857142857142857,5.0,9.0,0.0,0.0,2.0,4.0,5.0,6.0,11.0,2.0,2.0,1.0,2.0,7.0,12.0,2.0,7,306.7142857142857,2147.0
1610612753,1733,Al Harrington,2.0,5.7,0.8,3.0,0.3,0.4,0.6,2.1,2.7,1.0,0.4,0.1,0.7,1.8,5.1,-3.5,20.0,57.0,8.0,30.0,3.0,4.0,6.0,21.0,27.0,10.0,4.0,1.0,7.0,18.0,51.0,-35.0,10,713.2,7132.0
1610612738,202340,Avery Bradley,3.836734693877551,9.551020408163266,0.7959183673469388,2.5510204081632653,0.7142857142857143,0.9591836734693877,0.6122448979591837,1.5918367346938775,2.204081632653061,2.061224489795918,1.2857142857142858,0.3877551020408163,1.4081632653061225,2.6122448979591835,9.183673469387756,-0.5714285714285714,188.0,468.0,39.0,125.0,35.0,47.0,30.0,78.0,108.0,101.0,63.0,19.0,69.0,128.0,450.0,-28.0,49,1726.7551020408164,84611.0
1610612742,203203,Chris Wright,0.3333333333333333,0.6666666666666666,0.0,0.0,0.0,0.0,0.0,0.0,0.0,0.0,0.0,0.0,0.3333333333333333,0.0,0.6666666666666666,-2.6666666666666665,1.0,2.0,0.0,0.0,0.0,0.0,0.0,0.0,0.0,0.0,0.0,0.0,1.0,0.0,2.0,-8.0,3,87.33333333333333,262.0
1610612757,200747,Adam Morrison,1.2,3.6,0.4,1.4,0.4,0.4,0.2,1.2,1.4,0.6,0.0,0.0,0.8,0.6,3.2,"",6.0,18.0,2.0,7.0,2.0,2.0,1.0,6.0,7.0,3.0,0.0,0.0,4.0,3.0,16.0,"",5,11.4,57.0
