TEAM_ID,PLAYER_ID,PLAYER_NAME,avg(FGM),avg(FGA),avg(FG3M),avg(FG3A),avg(FTM),avg(FTA),avg(OREB),avg(DREB),avg(REB),avg(AST),avg(STL),avg(BLK),avg(TO),avg(PF),avg(PTS),avg(PLUS_MINUS),sum(FGM),sum(FGA),sum(FG3M),sum(FG3A),sum(FTM),sum(FTA),sum(OREB),sum(DREB),sum(REB),sum(AST),sum(STL),sum(BLK),sum(TO),sum(PF),sum(PTS),sum(PLUS_MINUS),sum(ifminute),avg(seconds),sum(seconds)
1610612757,203081,Damian Lillard,6.655172413793103,15.482758620689655,2.2413793103448274,6.103448275862069,3.2758620689655173,3.8505747126436782,0.4942528735632184,2.6206896551724137,3.1149425287356323,6.471264367816092,0.8735632183908046,0.21839080459770116,3.0344827586206895,2.0919540229885056,18.82758620689655,-0.6666666666666666,579.0,1347.0,195.0,531.0,285.0,335.0,43.0,228.0,271.0,563.0,76.0,19.0,264.0,182.0,1638.0,-54.0,87,2160.310344827586,187947.0
1610612742,1713,Vince Carter,4.576470588235294,10.51764705882353,2.011764705882353,4.952941176470588,2.2823529411764705,2.8,0.7411764705882353,3.4352941176470586,4.176470588235294,2.3176470588235296,0.9176470588235294,0.5176470588235295,1.3647058823529412,2.7294117647058824,13.447058823529412,2.7875,389.0,894.0,171.0,421.0,194.0,238.0,63.0,292.0,355.0,197.0,78.0,44.0,116.0,232.0,1143.0,223.0,85,1459.6470588235295,124070.0
1610612744,101127,Jarrett Jack,4.776470588235294,10.6,1.0,2.5294117647058822,2.0,2.376470588235294,0.2823529411764706,2.776470588235294,3.0588235294117645,5.6117647058823525,0.7764705882352941,0.1411764705882353,1.964705882352941,1.6470588235294117,12.552941176470588,0.8846153846153846,406.0,901.0,85.0,215.0,170.0,202.0,24.0,236.0,260.0,477.0,66.0,12.0,167.0,140.0,1067.0,69.0,85,1635.6117647058823,139027.0
1610612737,2457,Jannero Pargo,1.8571428571428572,5.428571428571429,1.0,2.857142857142857,0.2857142857142857,0.2857142857142857,0.14285714285714285,0.8571428571428571,1.0,2.7142857142857144,0.42857142857142855,0.0,0.7142857142857143,1.1428571428571428,5.0,-1.0,13.0,38.0,7.0,20.0,2.0,2.0,1.0,6.0,7.0,19.0,3.0,0.0,5.0,8.0,35.0,-7.0,7,969.4285714285714,6786.0
