TEAM_ID,PLAYER_ID,PLAYER_NAME,avg(FGM),avg(FGA),avg(FG3M),avg(FG3A),avg(FTM),avg(FTA),avg(OREB),avg(DREB),avg(REB),avg(AST),avg(STL),avg(BLK),avg(TO),avg(PF),avg(PTS),avg(PLUS_MINUS),sum(FGM),sum(FGA),sum(FG3M),sum(FG3A),sum(FTM),sum(FTA),sum(OREB),sum(DREB),sum(REB),sum(AST),sum(STL),sum(BLK),sum(TO),sum(PF),sum(PTS),sum(PLUS_MINUS),sum(ifminute),avg(seconds),sum(seconds)
1610612757,2562,Sasha Pavlovic,1.0681818181818181,3.0,0.45454545454545453,1.5909090909090908,0.022727272727272728,0.13636363636363635,0.20454545454545456,1.3863636363636365,1.5909090909090908,0.9090909090909091,0.7272727272727273,0.13636363636363635,0.4090909090909091,1.5227272727272727,2.6136363636363638,-0.7105263157894737,47.0,132.0,20.0,70.0,1.0,6.0,9.0,61.0,70.0,40.0,32.0,6.0,18.0,67.0,115.0,-27.0,44,702.75,30921.0
1610612763,2039,Keyon Dooling,1.3333333333333333,3.0,0.8333333333333334,1.8333333333333333,0.6666666666666666,0.8333333333333334,0.0,0.16666666666666666,0.16666666666666666,1.0,0.16666666666666666,0.0,0.6666666666666666,1.1666666666666667,4.166666666666667,-3.0,8.0,18.0,5.0,11.0,4.0,5.0,0.0,1.0,1.0,6.0,1.0,0.0,4.0,7.0,25.0,-18.0,6,653.0,3918.0
1610612747,202365,Devin Ebanks,1.8888888888888888,4.851851851851852,0.4444444444444444,1.4444444444444444,1.1111111111111112,1.3703703703703705,0.7037037037037037,1.7037037037037037,2.4074074074074074,0.6296296296296297,0.14814814814814814,0.037037037037037035,0.7777777777777778,1.2962962962962963,5.333333333333333,-1.1578947368421053,51.0,131.0,12.0,39.0,30.0,37.0,19.0,46.0,65.0,17.0,4.0,1.0,21.0,35.0,144.0,-22.0,27,442.2962962962963,11942.0
1610612761,202334,Ed Davis,4.0,7.3061224489795915,0.0,0.0,1.4489795918367347,2.204081632653061,2.061224489795918,4.591836734693878,6.653061224489796,1.163265306122449,0.5306122448979592,0.8163265306122449,1.0408163265306123,2.3877551020408165,9.448979591836734,-2.311111111111111,196.0,358.0,0.0,0.0,71.0,108.0,101.0,225.0,326.0,57.0,26.0,40.0,51.0,117.0,463.0,-104.0,49,1332.8775510204082,65311.0
1610612757,203200,Justin Holiday,0.0,0.5,0.0,0.0,0.5,1.0,0.5,0.5,1.0,0.5,0.0,0.0,0.5,1.0,0.5,"",0.0,1.0,0.0,0.0,1.0,2.0,1.0,1.0,2.0,1.0,0.0,0.0,1.0,2.0,1.0,"",2,3.0,6.0
