TEAM_ID,PLAYER_ID,PLAYER_NAME,avg(FGM),avg(FGA),avg(FG3M),avg(FG3A),avg(FTM),avg(FTA),avg(OREB),avg(DREB),avg(REB),avg(AST),avg(STL),avg(BLK),avg(TO),avg(PF),avg(PTS),avg(PLUS_MINUS),sum(FGM),sum(FGA),sum(FG3M),sum(FG3A),sum(FTM),sum(FTA),sum(OREB),sum(DREB),sum(REB),sum(AST),sum(STL),sum(BLK),sum(TO),sum(PF),sum(PTS),sum(PLUS_MINUS),sum(ifminute),avg(seconds),sum(seconds)
1610612751,203129,Tornike Shengelia,0.7272727272727273,1.7727272727272727,0.09090909090909091,0.3181818181818182,0.45454545454545453,0.9545454545454546,0.5909090909090909,0.7727272727272727,1.3636363636363635,0.3181818181818182,0.2727272727272727,0.09090909090909091,0.5909090909090909,0.6363636363636364,2.0,0.5263157894736842,16.0,39.0,2.0,7.0,10.0,21.0,13.0,17.0,30.0,7.0,6.0,2.0,13.0,14.0,44.0,10.0,22,255.0,5610.0
1610612748,951,Ray Allen,3.7093023255813953,8.337209302325581,1.7325581395348837,4.209302325581396,1.7674418604651163,1.9767441860465116,0.5232558139534884,2.255813953488372,2.7790697674418605,1.7325581395348837,0.8953488372093024,0.18604651162790697,1.3604651162790697,1.5813953488372092,10.918604651162791,2.0128205128205128,319.0,717.0,149.0,362.0,152.0,170.0,45.0,194.0,239.0,149.0,77.0,16.0,117.0,136.0,939.0,157.0,86,1404.5813953488373,120794.0
1610612738,203096,Jared Sullinger,2.607843137254902,5.176470588235294,0.0392156862745098,0.1568627450980392,1.2549019607843137,1.6470588235294117,2.0392156862745097,3.9411764705882355,5.980392156862745,0.7647058823529411,0.47058823529411764,0.45098039215686275,0.7450980392156863,3.5098039215686274,6.509803921568627,0.9333333333333333,133.0,264.0,2.0,8.0,64.0,84.0,104.0,201.0,305.0,39.0,24.0,23.0,38.0,179.0,332.0,42.0,51,1052.1176470588234,53658.0
1610612742,2753,Delonte West,1.6,4.0,0.2,1.0,1.2,1.8,0.2,1.0,1.2,2.6,0.8,0.4,2.2,2.0,4.6,"",8.0,20.0,1.0,5.0,6.0,9.0,1.0,5.0,6.0,13.0,4.0,2.0,11.0,10.0,23.0,"",5,17.6,88.0
