TEAM_ID,PLAYER_ID,PLAYER_NAME,avg(FGM),avg(FGA),avg(FG3M),avg(FG3A),avg(FTM),avg(FTA),avg(OREB),avg(DREB),avg(REB),avg(AST),avg(STL),avg(BLK),avg(TO),avg(PF),avg(PTS),avg(PLUS_MINUS),sum(FGM),sum(FGA),sum(FG3M),sum(FG3A),sum(FTM),sum(FTA),sum(OREB),sum(DREB),sum(REB),sum(AST),sum(STL),sum(BLK),sum(TO),sum(PF),sum(PTS),sum(PLUS_MINUS),sum(ifminute),avg(seconds),sum(seconds)
1610612760,201566,Russell Westbrook,8.093023255813954,18.41860465116279,1.2325581395348837,3.6744186046511627,5.441860465116279,6.8023255813953485,1.313953488372093,3.802325581395349,5.116279069767442,7.4186046511627906,1.7325581395348837,0.313953488372093,3.3488372093023258,2.2906976744186047,22.86046511627907,7.654320987654321,696.0,1584.0,106.0,316.0,468.0,585.0,113.0,327.0,440.0,638.0,149.0,27.0,288.0,197.0,1966.0,620.0,86,1992.4186046511627,171348.0
1610612752,101109,Raymond Felton,5.45945945945946,12.783783783783784,1.364864864864865,3.77027027027027,1.445945945945946,1.8513513513513513,0.7162162162162162,2.0945945945945947,2.810810810810811,5.5,1.2972972972972974,0.20270270270270271,2.27027027027027,1.9324324324324325,13.72972972972973,4.117647058823529,404.0,946.0,101.0,279.0,107.0,137.0,53.0,155.0,208.0,407.0,96.0,15.0,168.0,143.0,1016.0,280.0,74,1877.2567567567567,138917.0
