TEAM_ID,PLAYER_ID,PLAYER_NAME,avg(FGM),avg(FGA),avg(FG3M),avg(FG3A),avg(FTM),avg(FTA),avg(OREB),avg(DREB),avg(REB),avg(AST),avg(STL),avg(BLK),avg(TO),avg(PF),avg(PTS),avg(PLUS_MINUS),sum(FGM),sum(FGA),sum(FG3M),sum(FG3A),sum(FTM),sum(FTA),sum(OREB),sum(DREB),sum(REB),sum(AST),sum(STL),sum(BLK),sum(TO),sum(PF),sum(PTS),sum(PLUS_MINUS),sum(ifminute),avg(seconds),sum(seconds)
1610612749,203117,Doron Lamb,1.76,4.56,0.16,0.8,0.4,0.76,0.12,0.6,0.72,0.88,0.28,0.0,0.68,1.32,4.08,0.13043478260869565,44.0,114.0,4.0,20.0,10.0,19.0,3.0,15.0,18.0,22.0,7.0,0.0,17.0,33.0,102.0,3.0,25,674.64,16866.0
1610612740,101124,Hakim Warrick,1.6666666666666667,3.6666666666666665,0.0,0.0,1.3333333333333333,2.6666666666666665,1.6666666666666667,1.3333333333333333,3.0,0.0,0.3333333333333333,0.0,0.3333333333333333,0.6666666666666666,4.666666666666667,-5.0,5.0,11.0,0.0,0.0,4.0,8.0,5.0,4.0,9.0,0.0,1.0,0.0,1.0,2.0,14.0,-5.0,3,152.66666666666666,458.0
1610612738,201633,Rob Kurz,0.8,1.6,0.2,0.4,0.2,0.4,0.4,1.8,2.2,0.0,0.2,0.2,0.4,1.0,2.0,"",4.0,8.0,1.0,2.0,1.0,2.0,2.0,9.0,11.0,0.0,1.0,1.0,2.0,5.0,10.0,"",5,9.0,45.0
