TEAM_ID,PLAYER_ID,PLAYER_NAME,avg(FGM),avg(FGA),avg(FG3M),avg(FG3A),avg(FTM),avg(FTA),avg(OREB),avg(DREB),avg(REB),avg(AST),avg(STL),avg(BLK),avg(TO),avg(PF),avg(PTS),avg(PLUS_MINUS),sum(FGM),sum(FGA),sum(FG3M),sum(FG3A),sum(FTM),sum(FTA),sum(OREB),sum(DREB),sum(REB),sum(AST),sum(STL),sum(BLK),sum(TO),sum(PF),sum(PTS),sum(PLUS_MINUS),sum(ifminute),avg(seconds),sum(seconds)
1610612750,200826,J.J. Barea,4.050632911392405,9.848101265822784,1.2278481012658229,3.607594936708861,1.4556962025316456,1.8354430379746836,0.43037974683544306,2.278481012658228,2.7088607594936707,3.9240506329113924,0.46835443037974683,0.0,1.9873417721518987,1.759493670886076,10.784810126582279,-0.8767123287671232,320.0,778.0,97.0,285.0,115.0,145.0,34.0,180.0,214.0,310.0,37.0,0.0,157.0,139.0,852.0,-64.0,79,1282.9240506329113,101351.0
1610612751,711,Jerry Stackhouse,1.7837837837837838,4.702702702702703,0.7567567567567568,2.3783783783783785,0.5405405405405406,0.6216216216216216,0.13513513513513514,0.7837837837837838,0.918918918918919,0.918918918918919,0.1891891891891892,0.10810810810810811,0.5945945945945946,0.7837837837837838,4.864864864864865,0.7777777777777778,66.0,174.0,28.0,88.0,20.0,23.0,5.0,29.0,34.0,34.0,7.0,4.0,22.0,29.0,180.0,28.0,37,859.1621621621622,31789.0
