TEAM_ID,PLAYER_ID,PLAYER_NAME,avg(FGM),avg(FGA),avg(FG3M),avg(FG3A),avg(FTM),avg(FTA),avg(OREB),avg(DREB),avg(REB),avg(AST),avg(STL),avg(BLK),avg(TO),avg(PF),avg(PTS),avg(PLUS_MINUS),sum(FGM),sum(FGA),sum(FG3M),sum(FG3A),sum(FTM),sum(FTA),sum(OREB),sum(DREB),sum(REB),sum(AST),sum(STL),sum(BLK),sum(TO),sum(PF),sum(PTS),sum(PLUS_MINUS),sum(ifminute),avg(seconds),sum(seconds)
1610612757,203115,Will Barton,1.5263157894736843,3.986842105263158,0.10526315789473684,0.8552631578947368,0.6710526315789473,0.8947368421052632,0.4868421052631579,1.4342105263157894,1.9210526315789473,0.75,0.4605263157894737,0.13157894736842105,0.8026315789473685,0.75,3.8289473684210527,-2.6944444444444446,116.0,303.0,8.0,65.0,51.0,68.0,37.0,109.0,146.0,57.0,35.0,10.0,61.0,57.0,291.0,-194.0,76,668.421052631579,50800.0
1610612748,2034,Mike Miller,1.6612903225806452,3.903225806451613,1.2258064516129032,2.9193548387096775,0.11290322580645161,0.16129032258064516,0.3225806451612903,2.5,2.8225806451612905,1.6290322580645162,0.3387096774193548,0.08064516129032258,0.6129032258064516,1.0806451612903225,4.661290322580645,0.9482758620689655,103.0,242.0,76.0,181.0,7.0,10.0,20.0,155.0,175.0,101.0,21.0,5.0,38.0,67.0,289.0,55.0,62,841.8225806451613,52193.0
1610612766,201969,DaJuan Summers,0.8333333333333334,2.6666666666666665,0.5,1.1666666666666667,0.16666666666666666,0.3333333333333333,0.6666666666666666,1.1666666666666667,1.8333333333333333,0.3333333333333333,0.0,0.16666666666666666,0.6666666666666666,0.16666666666666666,2.3333333333333335,"",5.0,16.0,3.0,7.0,1.0,2.0,4.0,7.0,11.0,2.0,0.0,1.0,4.0,1.0,14.0,"",6,7.5,45.0
1610612759,203174,Tyler Wilkerson,1.0,2.0,0.0,0.0,0.0,0.0,0.0,1.0,1.0,0.0,0.0,0.0,0.0,2.0,2.0,"",1.0,2.0,0.0,0.0,0.0,0.0,0.0,1.0,1.0,0.0,0.0,0.0,0.0,2.0,2.0,"",1,4.0,4.0
