TEAM_ID,PLAYER_ID,PLAYER_NAME,avg(FGM),avg(FGA),avg(FG3M),avg(FG3A),avg(FTM),avg(FTA),avg(OREB),avg(DREB),avg(REB),avg(AST),avg(STL),avg(BLK),avg(TO),avg(PF),avg(PTS),avg(PLUS_MINUS),sum(FGM),sum(FGA),sum(FG3M),sum(FG3A),sum(FTM),sum(FTA),sum(OREB),sum(DREB),sum(REB),sum(AST),sum(STL),sum(BLK),sum(TO),sum(PF),sum(PTS),sum(PLUS_MINUS),sum(ifminute),avg(seconds),sum(seconds)
1610612756,201563,Michael Beasley,4.222222222222222,10.246913580246913,0.6419753086419753,1.9382716049382716,1.2222222222222223,1.6296296296296295,0.6790123456790124,3.0864197530864197,3.765432098765432,1.5802469135802468,0.4567901234567901,0.4444444444444444,1.9506172839506173,1.4691358024691359,10.308641975308642,-4.486486486486487,342.0,830.0,52.0,157.0,99.0,132.0,55.0,250.0,305.0,128.0,37.0,36.0,158.0,119.0,835.0,-332.0,81,1135.5061728395062,91976.0
1610612743,202706,Jordan Hamilton,2.1818181818181817,5.386363636363637,0.7954545454545454,2.1136363636363638,0.6136363636363636,1.0,0.8409090909090909,1.6363636363636365,2.477272727272727,0.5227272727272727,0.4090909090909091,0.22727272727272727,0.5681818181818182,0.75,5.7727272727272725,-0.6410256410256411,96.0,237.0,35.0,93.0,27.0,44.0,37.0,72.0,109.0,23.0,18.0,10.0,25.0,33.0,254.0,-25.0,44,527.6590909090909,23217.0
1610612744,202952,Malcolm Thomas,0.0,0.2,0.0,0.0,0.6,0.8,0.0,1.0,1.0,0.4,0.0,0.2,0.2,0.2,0.6,7.0,0.0,1.0,0.0,0.0,3.0,4.0,0.0,5.0,5.0,2.0,0.0,1.0,1.0,1.0,3.0,35.0,5,252.0,1260.0
