TEAM_ID,PLAYER_ID,PLAYER_NAME,avg(FGM),avg(FGA),avg(FG3M),avg(FG3A),avg(FTM),avg(FTA),avg(OREB),avg(DREB),avg(REB),avg(AST),avg(STL),avg(BLK),avg(TO),avg(PF),avg(PTS),avg(PLUS_MINUS),sum(FGM),sum(FGA),sum(FG3M),sum(FG3A),sum(FTM),sum(FTA),sum(OREB),sum(DREB),sum(REB),sum(AST),sum(STL),sum(BLK),sum(TO),sum(PF),sum(PTS),sum(PLUS_MINUS),sum(ifminute),avg(seconds),sum(seconds)
1610612758,201977,Marcus Thornton,4.576923076923077,10.602564102564102,1.8717948717948718,5.089743589743589,1.6923076923076923,1.9230769230769231,0.6923076923076923,1.8846153846153846,2.576923076923077,1.2307692307692308,0.9230769230769231,0.07692307692307693,0.9487179487179487,1.4743589743589745,12.717948717948717,-4.056338028169014,357.0,827.0,146.0,397.0,132.0,150.0,54.0,147.0,201.0,96.0,72.0,6.0,74.0,115.0,992.0,-288.0,78,1301.871794871795,101546.0
1610612740,203148,Brian Roberts,2.7529411764705882,6.6117647058823525,0.7764705882352941,2.023529411764706,0.9529411764705882,1.0705882352941176,0.24705882352941178,1.1058823529411765,1.3529411764705883,2.8588235294117648,0.49411764705882355,0.03529411764705882,0.9411764705882353,1.4470588235294117,7.235294117647059,-2.090909090909091,234.0,562.0,66.0,172.0,81.0,91.0,21.0,94.0,115.0,243.0,42.0,3.0,80.0,123.0,615.0,-161.0,85,906.9764705882353,77093.0
