TEAM_ID,PLAYER_ID,PLAYER_NAME,avg(FGM),avg(FGA),avg(FG3M),avg(FG3A),avg(FTM),avg(FTA),avg(OREB),avg(DREB),avg(REB),avg(AST),avg(STL),avg(BLK),avg(TO),avg(PF),avg(PTS),avg(PLUS_MINUS),sum(FGM),sum(FGA),sum(FG3M),sum(FG3A),sum(FTM),sum(FTA),sum(OREB),sum(DREB),sum(REB),sum(AST),sum(STL),sum(BLK),sum(TO),sum(PF),sum(PTS),sum(PLUS_MINUS),sum(ifminute),avg(seconds),sum(seconds)
1610612760,202732,DeAndre Liggins,0.6976744186046512,1.441860465116279,0.18604651162790697,0.46511627906976744,0.2558139534883721,0.4883720930232558,0.5116279069767442,1.1627906976744187,1.6744186046511629,0.5116279069767442,0.5581395348837209,0.11627906976744186,0.4418604651162791,1.0232558139534884,1.8372093023255813,-0.3157894736842105,30.0,62.0,8.0,20.0,11.0,21.0,22.0,50.0,72.0,22.0,24.0,5.0,19.0,44.0,79.0,-12.0,43,382.9767441860465,16468.0
