TEAM_ID,PLAYER_ID,PLAYER_NAME,avg(FGM),avg(FGA),avg(FG3M),avg(FG3A),avg(FTM),avg(FTA),avg(OREB),avg(DREB),avg(REB),avg(AST),avg(STL),avg(BLK),avg(TO),avg(PF),avg(PTS),avg(PLUS_MINUS),sum(FGM),sum(FGA),sum(FG3M),sum(FG3A),sum(FTM),sum(FTA),sum(OREB),sum(DREB),sum(REB),sum(AST),sum(STL),sum(BLK),sum(TO),sum(PF),sum(PTS),sum(PLUS_MINUS),sum(ifminute),avg(seconds),sum(seconds)
1610612745,101128,Francisco Garcia,2.3529411764705883,5.411764705882353,1.588235294117647,4.0,0.23529411764705882,0.23529411764705882,0.058823529411764705,1.2941176470588236,1.3529411764705883,1.1764705882352942,0.8235294117647058,0.4117647058823529,0.7058823529411765,1.2352941176470589,6.529411764705882,2.4705882352941178,40.0,92.0,27.0,68.0,4.0,4.0,1.0,22.0,23.0,20.0,14.0,7.0,12.0,21.0,111.0,42.0,17,1095.5294117647059,18624.0
1610612760,2555,Nick Collison,2.160919540229885,3.7126436781609193,0.011494252873563218,0.05747126436781609,0.7586206896551724,0.9655172413793104,1.471264367816092,2.5402298850574714,4.011494252873563,1.5172413793103448,0.5977011494252874,0.367816091954023,0.8505747126436781,2.367816091954023,5.091954022988506,4.54320987654321,188.0,323.0,1.0,5.0,66.0,84.0,128.0,221.0,349.0,132.0,52.0,32.0,74.0,206.0,443.0,368.0,87,1092.9080459770114,95083.0
1610612742,203099,Jared Cunningham,0.8571428571428571,2.7142857142857144,0.14285714285714285,0.7142857142857143,0.7142857142857143,0.7142857142857143,0.2857142857142857,0.2857142857142857,0.5714285714285714,0.42857142857142855,0.5,0.07142857142857142,0.6428571428571429,0.9285714285714286,2.5714285714285716,-1.125,12.0,38.0,2.0,10.0,10.0,10.0,4.0,4.0,8.0,6.0,7.0,1.0,9.0,13.0,36.0,-9.0,14,114.92857142857143,1609.0
