PLAYER_ID,PLAYER_NAME,avg(FGM),avg(FGA),avg(FG3M),avg(FG3A),avg(FTM),avg(FTA),avg(OREB),avg(DREB),avg(REB),avg(AST),avg(STL),avg(BLK),avg(TO),avg(PF),avg(PTS),avg(PLUS_MINUS),sum(FGM),sum(FGA),sum(FG3M),sum(FG3A),sum(FTM),sum(FTA),sum(OREB),sum(DREB),sum(REB),sum(AST),sum(STL),sum(BLK),sum(TO),sum(PF),sum(PTS),sum(PLUS_MINUS),sum(ifminute),avg(seconds),sum(seconds)
1737,Nazr Mohammed,1.2054794520547945,2.6164383561643834,0.0,0.0136986301369863,0.2054794520547945,0.3698630136986301,0.9315068493150684,1.7397260273972603,2.671232876712329,0.2054794520547945,0.273972602739726,0.5616438356164384,0.4383561643835616,1.6849315068493151,2.6164383561643834,0.7746478873239436,88.0,191.0,0.0,1.0,15.0,27.0,68.0,127.0,195.0,15.0,20.0,41.0,32.0,123.0,191.0,55.0,73,637.2054794520548,46516.0
2773,Tim Pickett,0.0,0.0,0.0,0.0,2.0,2.0,1.0,0.0,1.0,0.0,0.0,0.0,0.0,0.0,2.0,"",0.0,0.0,0.0,0.0,2.0,2.0,1.0,0.0,1.0,0.0,0.0,0.0,0.0,0.0,2.0,"",1,1.0,1.0
