PLAYER_ID,PLAYER_NAME,avg(FGM),avg(FGA),avg(FG3M),avg(FG3A),avg(FTM),avg(FTA),avg(OREB),avg(DREB),avg(REB),avg(AST),avg(STL),avg(BLK),avg(TO),avg(PF),avg(PTS),avg(PLUS_MINUS),sum(FGM),sum(FGA),sum(FG3M),sum(FG3A),sum(FTM),sum(FTA),sum(OREB),sum(DREB),sum(REB),sum(AST),sum(STL),sum(BLK),sum(TO),sum(PF),sum(PTS),sum(PLUS_MINUS),sum(ifminute),avg(seconds),sum(seconds)
202684,Tristan Thompson,3.2295081967213113,7.360655737704918,0.0,0.03278688524590164,1.7704918032786885,3.2131147540983607,3.098360655737705,3.360655737704918,6.459016393442623,0.4426229508196721,0.45901639344262296,1.0163934426229508,1.3770491803278688,2.2459016393442623,8.229508196721312,-5.166666666666667,197.0,449.0,0.0,2.0,108.0,196.0,189.0,205.0,394.0,27.0,28.0,62.0,84.0,137.0,502.0,-310.0,61,1400.7540983606557,85446.0
