PLAYER_ID,PLAYER_NAME,avg(FGM),avg(FGA),avg(FG3M),avg(FG3A),avg(FTM),avg(FTA),avg(OREB),avg(DREB),avg(REB),avg(AST),avg(STL),avg(BLK),avg(TO),avg(PF),avg(PTS),avg(PLUS_MINUS),sum(FGM),sum(FGA),sum(FG3M),sum(FG3A),sum(FTM),sum(FTA),sum(OREB),sum(DREB),sum(REB),sum(AST),sum(STL),sum(BLK),sum(TO),sum(PF),sum(PTS),sum(PLUS_MINUS),sum(ifminute),avg(seconds),sum(seconds)
2405,Amar'e Stoudemire,6.490566037735849,13.49056603773585,0.09433962264150944,0.4339622641509434,4.0754716981132075,5.339622641509434,2.207547169811321,5.377358490566038,7.584905660377358,1.0943396226415094,0.8301886792452831,0.9056603773584906,2.4150943396226414,3.018867924528302,17.150943396226417,-1.4901960784313726,344.0,715.0,5.0,23.0,216.0,283.0,117.0,285.0,402.0,58.0,44.0,48.0,128.0,160.0,909.0,-76.0,53,1905.3396226415093,100983.0
202701,Nolan Smith,1.5,4.065217391304348,0.2826086956521739,1.0,0.43478260869565216,0.6086956521739131,0.391304347826087,0.9347826086956522,1.326086956521739,1.391304347826087,0.391304347826087,0.06521739130434782,0.9347826086956522,1.2391304347826086,3.717391304347826,-3.340909090909091,69.0,187.0,13.0,46.0,20.0,28.0,18.0,43.0,61.0,64.0,18.0,3.0,43.0,57.0,171.0,-147.0,46,706.1521739130435,32483.0
201647,Marcus Hubbard,1.0,1.0,0.0,0.0,1.0,2.0,0.0,3.0,3.0,0.0,1.0,0.0,2.0,3.0,3.0,"",1.0,1.0,0.0,0.0,1.0,2.0,0.0,3.0,3.0,0.0,1.0,0.0,2.0,3.0,3.0,"",1,12.0,12.0
