PLAYER_ID,PLAYER_NAME,avg(FGM),avg(FGA),avg(FG3M),avg(FG3A),avg(FTM),avg(FTA),avg(OREB),avg(DREB),avg(REB),avg(AST),avg(STL),avg(BLK),avg(TO),avg(PF),avg(PTS),avg(PLUS_MINUS),sum(FGM),sum(FGA),sum(FG3M),sum(FG3A),sum(FTM),sum(FTA),sum(OREB),sum(DREB),sum(REB),sum(AST),sum(STL),sum(BLK),sum(TO),sum(PF),sum(PTS),sum(PLUS_MINUS),sum(ifminute),avg(seconds),sum(seconds)
2229,Mike James,1.8181818181818181,4.454545454545454,0.5454545454545454,0.9090909090909091,0.6363636363636364,0.7272727272727273,0.18181818181818182,0.7272727272727273,0.9090909090909091,2.6363636363636362,0.36363636363636365,0.18181818181818182,1.2727272727272727,1.8181818181818181,4.818181818181818,5.818181818181818,20.0,49.0,6.0,10.0,7.0,8.0,2.0,8.0,10.0,29.0,4.0,2.0,14.0,20.0,53.0,64.0,11,655.8181818181819,7214.0
202716,Jordan Williams,1.7906976744186047,3.5348837209302326,0.0,0.0,1.0,1.5348837209302326,1.5348837209302326,2.0930232558139537,3.627906976744186,0.2558139534883721,0.4883720930232558,0.3488372093023256,0.5348837209302325,1.4186046511627908,4.5813953488372094,0.4186046511627907,77.0,152.0,0.0,0.0,43.0,66.0,66.0,90.0,156.0,11.0,21.0,15.0,23.0,61.0,197.0,18.0,43,885.7906976744187,38089.0
2743,Kris Humphries,5.126984126984127,10.666666666666666,0.0,0.0,3.3174603174603177,4.412698412698413,3.6984126984126986,7.111111111111111,10.80952380952381,1.4444444444444444,0.8095238095238095,1.1746031746031746,1.8888888888888888,2.746031746031746,13.571428571428571,-2.8548387096774195,323.0,672.0,0.0,0.0,209.0,278.0,233.0,448.0,681.0,91.0,51.0,74.0,119.0,173.0,855.0,-177.0,63,2058.968253968254,129715.0
