PLAYER_ID,PLAYER_NAME,avg(FGM),avg(FGA),avg(FG3M),avg(FG3A),avg(FTM),avg(FTA),avg(OREB),avg(DREB),avg(REB),avg(AST),avg(STL),avg(BLK),avg(TO),avg(PF),avg(PTS),avg(PLUS_MINUS),sum(FGM),sum(FGA),sum(FG3M),sum(FG3A),sum(FTM),sum(FTA),sum(OREB),sum(DREB),sum(REB),sum(AST),sum(STL),sum(BLK),sum(TO),sum(PF),sum(PTS),sum(PLUS_MINUS),sum(ifminute),avg(seconds),sum(seconds)
2223,Samuel Dalembert,3.9473684210526314,7.964912280701754,0.0,0.017543859649122806,1.631578947368421,2.1578947368421053,2.6842105263157894,5.859649122807017,8.543859649122806,0.8070175438596491,0.5789473684210527,1.3333333333333333,1.6842105263157894,2.824561403508772,9.526315789473685,-3.3508771929824563,225.0,454.0,0.0,1.0,93.0,123.0,153.0,334.0,487.0,46.0,33.0,76.0,96.0,161.0,543.0,-191.0,57,1523.859649122807,86860.0
202681,Kyrie Irving,4.8,13.2,0.2,2.8,4.6,5.6,0.6,3.4,4.0,4.8,1.6,0.2,2.4,1.8,14.4,-5.333333333333333,24.0,66.0,1.0,14.0,23.0,28.0,3.0,17.0,20.0,24.0,8.0,1.0,12.0,9.0,72.0,-16.0,5,964.4,4822.0
202959,Tommy Mitchell,0.0,1.0,0.0,1.0,0.0,0.0,0.0,0.0,0.0,2.0,0.0,0.0,1.0,2.0,0.0,"",0.0,1.0,0.0,1.0,0.0,0.0,0.0,0.0,0.0,2.0,0.0,0.0,1.0,2.0,0.0,"",1,5.0,5.0
