PLAYER_ID,PLAYER_NAME,avg(FGM),avg(FGA),avg(FG3M),avg(FG3A),avg(FTM),avg(FTA),avg(OREB),avg(DREB),avg(REB),avg(AST),avg(STL),avg(BLK),avg(TO),avg(PF),avg(PTS),avg(PLUS_MINUS),sum(FGM),sum(FGA),sum(FG3M),sum(FG3A),sum(FTM),sum(FTA),sum(OREB),sum(DREB),sum(REB),sum(AST),sum(STL),sum(BLK),sum(TO),sum(PF),sum(PTS),sum(PLUS_MINUS),sum(ifminute),avg(seconds),sum(seconds)
2746,Josh Smith,6.35,13.816666666666666,0.5,2.0166666666666666,3.1166666666666667,4.5,1.6,6.733333333333333,8.333333333333334,2.933333333333333,1.1333333333333333,1.3833333333333333,2.3833333333333333,2.8,16.316666666666666,0.08620689655172414,381.0,829.0,30.0,121.0,187.0,270.0,96.0,404.0,500.0,176.0,68.0,83.0,143.0,168.0,979.0,5.0,60,2012.0333333333333,120722.0
202083,Wesley Matthews,5.216666666666667,11.666666666666666,1.9666666666666666,4.55,3.216666666666667,3.816666666666667,0.5833333333333334,2.4,2.9833333333333334,2.0833333333333335,1.1666666666666667,0.08333333333333333,1.55,2.35,15.616666666666667,2.586206896551724,313.0,700.0,118.0,273.0,193.0,229.0,35.0,144.0,179.0,125.0,70.0,5.0,93.0,141.0,937.0,150.0,60,2039.7166666666667,122383.0
