PLAYER_ID,PLAYER_NAME,avg(FGM),avg(FGA),avg(FG3M),avg(FG3A),avg(FTM),avg(FTA),avg(OREB),avg(DREB),avg(REB),avg(AST),avg(STL),avg(BLK),avg(TO),avg(PF),avg(PTS),avg(PLUS_MINUS),sum(FGM),sum(FGA),sum(FG3M),sum(FG3A),sum(FTM),sum(FTA),sum(OREB),sum(DREB),sum(REB),sum(AST),sum(STL),sum(BLK),sum(TO),sum(PF),sum(PTS),sum(PLUS_MINUS),sum(ifminute),avg(seconds),sum(seconds)
2734,Devin Harris,4.173913043478261,10.478260869565217,0.9130434782608695,2.739130434782609,4.130434782608695,4.934782608695652,0.2608695652173913,1.826086956521739,2.0869565217391304,6.760869565217392,1.0217391304347827,0.15217391304347827,2.869565217391304,2.0434782608695654,13.391304347826088,-3.840909090909091,192.0,482.0,42.0,126.0,190.0,227.0,12.0,84.0,96.0,311.0,47.0,7.0,132.0,94.0,616.0,-169.0,46,1786.7608695652175,82191.0
