PLAYER_ID,PLAYER_NAME,avg(FGM),avg(FGA),avg(FG3M),avg(FG3A),avg(FTM),avg(FTA),avg(OREB),avg(DREB),avg(REB),avg(AST),avg(STL),avg(BLK),avg(TO),avg(PF),avg(PTS),avg(PLUS_MINUS),sum(FGM),sum(FGA),sum(FG3M),sum(FG3A),sum(FTM),sum(FTA),sum(OREB),sum(DREB),sum(REB),sum(AST),sum(STL),sum(BLK),sum(TO),sum(PF),sum(PTS),sum(PLUS_MINUS),sum(ifminute),avg(seconds),sum(seconds)
201970,Sam Young,1.263157894736842,3.710526315789474,0.13157894736842105,0.5526315789473685,0.5263157894736842,0.7368421052631579,0.631578947368421,1.2105263157894737,1.8421052631578947,0.39473684210526316,0.4473684210526316,0.15789473684210525,0.5,0.6578947368421053,3.1842105263157894,-1.8918918918918919,48.0,141.0,5.0,21.0,20.0,28.0,24.0,46.0,70.0,15.0,17.0,6.0,19.0,25.0,121.0,-70.0,38,598.3684210526316,22738.0
201158,Marco Belinelli,4.264705882352941,10.308823529411764,1.5735294117647058,4.205882352941177,1.5588235294117647,1.9852941176470589,0.27941176470588236,2.3088235294117645,2.588235294117647,1.5147058823529411,0.7205882352941176,0.07352941176470588,1.0294117647058822,1.7205882352941178,11.661764705882353,-3.727272727272727,290.0,701.0,107.0,286.0,106.0,135.0,19.0,157.0,176.0,103.0,49.0,5.0,70.0,117.0,793.0,-246.0,68,1735.1323529411766,117989.0
200783,Craig Smith,1.2653061224489797,2.4693877551020407,0.0,0.02040816326530612,0.7755102040816326,1.0816326530612246,0.7142857142857143,1.5918367346938775,2.306122448979592,0.4489795918367347,0.32653061224489793,0.10204081632653061,0.5102040816326531,1.2040816326530612,3.306122448979592,-1.4680851063829787,62.0,121.0,0.0,1.0,38.0,53.0,35.0,78.0,113.0,22.0,16.0,5.0,25.0,59.0,162.0,-69.0,49,568.4897959183673,27856.0
201973,Jonas Jerebko,3.287878787878788,7.136363636363637,0.5,1.6515151515151516,1.5757575757575757,1.9696969696969697,1.5,3.303030303030303,4.803030303030303,0.696969696969697,0.6515151515151515,0.3181818181818182,1.0,2.6363636363636362,8.651515151515152,-2.203125,217.0,471.0,33.0,109.0,104.0,130.0,99.0,218.0,317.0,46.0,43.0,21.0,66.0,174.0,571.0,-141.0,66,1335.3484848484848,88133.0
