PLAYER_ID,PLAYER_NAME,avg(FGM),avg(FGA),avg(FG3M),avg(FG3A),avg(FTM),avg(FTA),avg(OREB),avg(DREB),avg(REB),avg(AST),avg(STL),avg(BLK),avg(TO),avg(PF),avg(PTS),avg(PLUS_MINUS),sum(FGM),sum(FGA),sum(FG3M),sum(FG3A),sum(FTM),sum(FTA),sum(OREB),sum(DREB),sum(REB),sum(AST),sum(STL),sum(BLK),sum(TO),sum(PF),sum(PTS),sum(PLUS_MINUS),sum(ifminute),avg(seconds),sum(seconds)
1890,Shawn Marion,5.526315789473684,10.868421052631579,0.013157894736842105,0.2631578947368421,1.618421052631579,2.0921052631578947,2.223684210526316,4.7368421052631575,6.9605263157894735,1.763157894736842,0.9078947368421053,0.6842105263157895,1.6842105263157894,2.026315789473684,12.68421052631579,0.8243243243243243,420.0,826.0,1.0,20.0,123.0,159.0,169.0,360.0,529.0,134.0,69.0,52.0,128.0,154.0,964.0,61.0,76,1756.8684210526317,133522.0
201145,Jeff Green,4.2105263157894735,9.087719298245615,0.7192982456140351,2.0701754385964914,1.9298245614035088,2.473684210526316,0.7192982456140351,3.280701754385965,4.0,0.9298245614035088,0.5964912280701754,0.5789473684210527,1.280701754385965,2.754385964912281,11.070175438596491,-0.7719298245614035,240.0,518.0,41.0,118.0,110.0,141.0,41.0,187.0,228.0,53.0,34.0,33.0,73.0,157.0,631.0,-44.0,57,1653.2105263157894,94233.0
