PLAYER_ID,PLAYER_NAME,avg(FGM),avg(FGA),avg(FG3M),avg(FG3A),avg(FTM),avg(FTA),avg(OREB),avg(DREB),avg(REB),avg(AST),avg(STL),avg(BLK),avg(TO),avg(PF),avg(PTS),avg(PLUS_MINUS),sum(FGM),sum(FGA),sum(FG3M),sum(FG3A),sum(FTM),sum(FTA),sum(OREB),sum(DREB),sum(REB),sum(AST),sum(STL),sum(BLK),sum(TO),sum(PF),sum(PTS),sum(PLUS_MINUS),sum(ifminute),avg(seconds),sum(seconds)
201950,Jrue Holiday,5.45,12.016666666666667,1.1333333333333333,2.85,1.9833333333333334,2.3333333333333335,0.8,3.316666666666667,4.116666666666666,6.116666666666666,1.5666666666666667,0.35,2.6333333333333333,2.2666666666666666,14.016666666666667,2.689655172413793,327.0,721.0,68.0,171.0,119.0,140.0,48.0,199.0,247.0,367.0,94.0,21.0,158.0,136.0,841.0,156.0,60,2088.3,125298.0
201946,Tyler Hansbrough,5.084745762711864,11.322033898305085,0.0,0.03389830508474576,3.5084745762711864,4.423728813559322,2.4745762711864407,4.0,6.47457627118644,0.6440677966101694,0.7796610169491526,0.22033898305084745,1.2881355932203389,2.542372881355932,13.677966101694915,-3.0350877192982457,300.0,668.0,0.0,2.0,207.0,261.0,146.0,236.0,382.0,38.0,46.0,13.0,76.0,150.0,807.0,-173.0,59,1554.4915254237287,91715.0
2668,Josh Davis,0.6666666666666666,2.6666666666666665,0.3333333333333333,1.0,0.3333333333333333,0.3333333333333333,1.0,1.0,2.0,0.3333333333333333,0.0,0.3333333333333333,0.6666666666666666,1.6666666666666667,2.0,-3.5,2.0,8.0,1.0,3.0,1.0,1.0,3.0,3.0,6.0,1.0,0.0,1.0,2.0,5.0,6.0,-7.0,3,128.0,384.0
