PLAYER_ID,PLAYER_NAME,avg(FGM),avg(FGA),avg(FG3M),avg(FG3A),avg(FTM),avg(FTA),avg(OREB),avg(DREB),avg(REB),avg(AST),avg(STL),avg(BLK),avg(TO),avg(PF),avg(PTS),avg(PLUS_MINUS),sum(FGM),sum(FGA),sum(FG3M),sum(FG3A),sum(FTM),sum(FTA),sum(OREB),sum(DREB),sum(REB),sum(AST),sum(STL),sum(BLK),sum(TO),sum(PF),sum(PTS),sum(PLUS_MINUS),sum(ifminute),avg(seconds),sum(seconds)
2547,Chris Bosh,6.465753424657534,13.342465753424657,0.2328767123287671,0.684931506849315,3.8493150684931505,4.726027397260274,1.7808219178082192,6.068493150684931,7.8493150684931505,1.5890410958904109,0.8356164383561644,0.8356164383561644,1.9315068493150684,2.1095890410958904,17.013698630136986,6.605633802816901,472.0,974.0,17.0,50.0,281.0,345.0,130.0,443.0,573.0,116.0,61.0,61.0,141.0,154.0,1242.0,469.0,73,2011.150684931507,146814.0
201157,Sean Williams,1.0769230769230769,1.6923076923076923,0.0,0.0,0.9230769230769231,1.0,1.0,1.0,2.0,0.38461538461538464,0.3076923076923077,0.6153846153846154,0.8461538461538461,1.4615384615384615,3.076923076923077,2.230769230769231,14.0,22.0,0.0,0.0,12.0,13.0,13.0,13.0,26.0,5.0,4.0,8.0,11.0,19.0,40.0,29.0,13,522.6923076923077,6795.0
101114,Deron Williams,7.052631578947368,17.385964912280702,2.0350877192982457,6.12280701754386,4.631578947368421,5.491228070175438,0.42105263157894735,2.9298245614035086,3.3508771929824563,8.666666666666666,1.1929824561403508,0.3508771929824561,4.0,2.1578947368421053,20.771929824561404,-3.2545454545454544,402.0,991.0,116.0,349.0,264.0,313.0,24.0,167.0,191.0,494.0,68.0,20.0,228.0,123.0,1184.0,-179.0,57,2105.0877192982457,119990.0
