PLAYER_ID,PLAYER_NAME,avg(FGM),avg(FGA),avg(FG3M),avg(FG3A),avg(FTM),avg(FTA),avg(OREB),avg(DREB),avg(REB),avg(AST),avg(STL),avg(BLK),avg(TO),avg(PF),avg(PTS),avg(PLUS_MINUS),sum(FGM),sum(FGA),sum(FG3M),sum(FG3A),sum(FTM),sum(FTA),sum(OREB),sum(DREB),sum(REB),sum(AST),sum(STL),sum(BLK),sum(TO),sum(PF),sum(PTS),sum(PLUS_MINUS),sum(ifminute),avg(seconds),sum(seconds)
202332,Cole Aldrich,0.7333333333333333,1.3333333333333333,0.0,0.0,0.13333333333333333,0.26666666666666666,0.8,1.5333333333333334,2.3333333333333335,0.2,0.3333333333333333,0.7333333333333333,0.4666666666666667,1.7333333333333334,1.6,0.38461538461538464,11.0,20.0,0.0,0.0,2.0,4.0,12.0,23.0,35.0,3.0,5.0,11.0,7.0,26.0,24.0,5.0,15,403.93333333333334,6059.0
201177,Josh McRoberts,2.9454545454545453,5.236363636363636,0.10909090909090909,0.23636363636363636,1.3272727272727274,1.8,1.5454545454545454,3.4727272727272727,5.0181818181818185,1.8181818181818181,0.5818181818181818,0.6909090909090909,1.1818181818181819,2.109090909090909,7.327272727272727,0.8301886792452831,162.0,288.0,6.0,13.0,73.0,99.0,85.0,191.0,276.0,100.0,32.0,38.0,65.0,116.0,403.0,44.0,55,1260.6,69333.0
