PLAYER_ID,PLAYER_NAME,avg(FGM),avg(FGA),avg(FG3M),avg(FG3A),avg(FTM),avg(FTA),avg(OREB),avg(DREB),avg(REB),avg(AST),avg(STL),avg(BLK),avg(TO),avg(PF),avg(PTS),avg(PLUS_MINUS),sum(FGM),sum(FGA),sum(FG3M),sum(FG3A),sum(FTM),sum(FTA),sum(OREB),sum(DREB),sum(REB),sum(AST),sum(STL),sum(BLK),sum(TO),sum(PF),sum(PTS),sum(PLUS_MINUS),sum(ifminute),avg(seconds),sum(seconds)
2748,Dorell Wright,3.619047619047619,8.65079365079365,1.7142857142857142,4.7936507936507935,1.3333333333333333,1.619047619047619,0.9841269841269841,3.5714285714285716,4.555555555555555,1.507936507936508,0.9841269841269841,0.4126984126984127,0.8571428571428571,1.5873015873015872,10.285714285714286,-2.918032786885246,228.0,545.0,108.0,302.0,84.0,102.0,62.0,225.0,287.0,95.0,62.0,26.0,54.0,100.0,648.0,-178.0,63,1572.2539682539682,99052.0
