PLAYER_ID,PLAYER_NAME,avg(FGM),avg(FGA),avg(FG3M),avg(FG3A),avg(FTM),avg(FTA),avg(OREB),avg(DREB),avg(REB),avg(AST),avg(STL),avg(BLK),avg(TO),avg(PF),avg(PTS),avg(PLUS_MINUS),sum(FGM),sum(FGA),sum(FG3M),sum(FG3A),sum(FTM),sum(FTA),sum(OREB),sum(DREB),sum(REB),sum(AST),sum(STL),sum(BLK),sum(TO),sum(PF),sum(PTS),sum(PLUS_MINUS),sum(ifminute),avg(seconds),sum(seconds)
2407,Jared Jeffries,1.3333333333333333,3.3777777777777778,0.06666666666666667,0.35555555555555557,1.1111111111111112,1.6444444444444444,1.6666666666666667,2.022222222222222,3.688888888888889,0.6,0.6666666666666666,0.5555555555555556,0.6666666666666666,2.1333333333333333,3.8444444444444446,0.045454545454545456,60.0,152.0,3.0,16.0,50.0,74.0,75.0,91.0,166.0,27.0,30.0,25.0,30.0,96.0,173.0,2.0,45,1017.1777777777778,45773.0
201981,Taylor Griffin,0.5,2.0,0.0,1.0,1.0,1.0,1.5,0.5,2.0,0.5,0.0,0.0,0.0,1.5,2.0,"",1.0,4.0,0.0,2.0,2.0,2.0,3.0,1.0,4.0,1.0,0.0,0.0,0.0,3.0,4.0,"",2,10.5,21.0
