PLAYER_ID,PLAYER_NAME,avg(FGM),avg(FGA),avg(FG3M),avg(FG3A),avg(FTM),avg(FTA),avg(OREB),avg(DREB),avg(REB),avg(AST),avg(STL),avg(BLK),avg(TO),avg(PF),avg(PTS),avg(PLUS_MINUS),sum(FGM),sum(FGA),sum(FG3M),sum(FG3A),sum(FTM),sum(FTA),sum(OREB),sum(DREB),sum(REB),sum(AST),sum(STL),sum(BLK),sum(TO),sum(PF),sum(PTS),sum(PLUS_MINUS),sum(ifminute),avg(seconds),sum(seconds)
201596,Mario Chalmers,2.5072463768115942,5.898550724637682,1.289855072463768,3.5217391304347827,0.8985507246376812,1.144927536231884,0.18840579710144928,1.8985507246376812,2.0869565217391304,2.6666666666666665,1.318840579710145,0.08695652173913043,1.5072463768115942,2.420289855072464,7.202898550724638,3.985074626865672,173.0,407.0,89.0,243.0,62.0,79.0,13.0,131.0,144.0,184.0,91.0,6.0,104.0,167.0,497.0,267.0,69,1433.0289855072465,98879.0
2567,Brian Cook,1.5,3.730769230769231,0.6923076923076923,1.6923076923076923,0.34615384615384615,0.5384615384615384,0.5769230769230769,1.5769230769230769,2.1538461538461537,0.23076923076923078,0.2692307692307692,0.15384615384615385,0.4230769230769231,1.8846153846153846,4.038461538461538,-1.7083333333333333,39.0,97.0,18.0,44.0,9.0,14.0,15.0,41.0,56.0,6.0,7.0,4.0,11.0,49.0,105.0,-41.0,26,535.6923076923077,13928.0
2073,Brian Cardinal,0.6481481481481481,1.462962962962963,0.6296296296296297,1.3148148148148149,0.3333333333333333,0.37037037037037035,0.14814814814814814,0.7777777777777778,0.9259259259259259,0.7777777777777778,0.42592592592592593,0.12962962962962962,0.35185185185185186,1.4259259259259258,2.259259259259259,0.5,35.0,79.0,34.0,71.0,18.0,20.0,8.0,42.0,50.0,42.0,23.0,7.0,19.0,77.0,122.0,26.0,54,572.7777777777778,30930.0
202720,Jon Leuer,3.0,5.2,0.0,0.2,2.0,2.2,1.4,3.0,4.4,0.6,0.8,0.6,0.2,1.4,8.0,3.6666666666666665,15.0,26.0,0.0,1.0,10.0,11.0,7.0,15.0,22.0,3.0,4.0,3.0,1.0,7.0,40.0,11.0,5,523.2,2616.0
