PLAYER_ID,PLAYER_NAME,avg(FGM),avg(FGA),avg(FG3M),avg(FG3A),avg(FTM),avg(FTA),avg(OREB),avg(DREB),avg(REB),avg(AST),avg(STL),avg(BLK),avg(TO),avg(PF),avg(PTS),avg(PLUS_MINUS),sum(FGM),sum(FGA),sum(FG3M),sum(FG3A),sum(FTM),sum(FTA),sum(OREB),sum(DREB),sum(REB),sum(AST),sum(STL),sum(BLK),sum(TO),sum(PF),sum(PTS),sum(PLUS_MINUS),sum(ifminute),avg(seconds),sum(seconds)
201978,Chase Budinger,3.8181818181818183,8.545454545454545,1.2181818181818183,3.4909090909090907,1.6727272727272726,1.9090909090909092,0.6363636363636364,2.981818181818182,3.618181818181818,1.5636363636363637,0.509090909090909,0.21818181818181817,0.9090909090909091,1.4363636363636363,10.527272727272727,3.2452830188679247,210.0,470.0,67.0,192.0,92.0,105.0,35.0,164.0,199.0,86.0,28.0,12.0,50.0,79.0,579.0,172.0,55,1381.0545454545454,75958.0
