PLAYER_ID,PLAYER_NAME,avg(FGM),avg(FGA),avg(FG3M),avg(FG3A),avg(FTM),avg(FTA),avg(OREB),avg(DREB),avg(REB),avg(AST),avg(STL),avg(BLK),avg(TO),avg(PF),avg(PTS),avg(PLUS_MINUS),sum(FGM),sum(FGA),sum(FG3M),sum(FG3A),sum(FTM),sum(FTA),sum(OREB),sum(DREB),sum(REB),sum(AST),sum(STL),sum(BLK),sum(TO),sum(PF),sum(PTS),sum(PLUS_MINUS),sum(ifminute),avg(seconds),sum(seconds)
2617,Udonis Haslem,2.227272727272727,5.215909090909091,0.0,0.0,1.3295454545454546,1.6590909090909092,1.75,5.3522727272727275,7.1022727272727275,0.6704545454545454,0.4659090909090909,0.3522727272727273,0.9545454545454546,2.375,5.784090909090909,1.5813953488372092,196.0,459.0,0.0,0.0,117.0,146.0,154.0,471.0,625.0,59.0,41.0,31.0,84.0,209.0,509.0,136.0,88,1392.1477272727273,122509.0
202904,Gilbert Brown,0.0,2.5,0.0,0.5,1.0,1.0,0.0,0.5,0.5,0.0,0.0,0.0,1.0,0.5,1.0,"",0.0,5.0,0.0,1.0,2.0,2.0,0.0,1.0,1.0,0.0,0.0,0.0,2.0,1.0,2.0,"",2,11.5,23.0
