PLAYER_ID,PLAYER_NAME,avg(FGM),avg(FGA),avg(FG3M),avg(FG3A),avg(FTM),avg(FTA),avg(OREB),avg(DREB),avg(REB),avg(AST),avg(STL),avg(BLK),avg(TO),avg(PF),avg(PTS),avg(PLUS_MINUS),sum(FGM),sum(FGA),sum(FG3M),sum(FG3A),sum(FTM),sum(FTA),sum(OREB),sum(DREB),sum(REB),sum(AST),sum(STL),sum(BLK),sum(TO),sum(PF),sum(PTS),sum(PLUS_MINUS),sum(ifminute),avg(seconds),sum(seconds)
202349,Greivis Vasquez,3.3529411764705883,7.8088235294117645,0.6323529411764706,2.0294117647058822,1.4558823529411764,1.7941176470588236,0.3382352941176471,2.25,2.588235294117647,5.411764705882353,0.8970588235294118,0.11764705882352941,2.2058823529411766,1.8970588235294117,8.794117647058824,-0.10606060606060606,228.0,531.0,43.0,138.0,99.0,122.0,23.0,153.0,176.0,368.0,61.0,8.0,150.0,129.0,598.0,-7.0,68,1505.2794117647059,102359.0
201953,Eric Maynor,1.9090909090909092,4.818181818181818,0.7272727272727273,2.090909090909091,0.36363636363636365,0.36363636363636365,0.36363636363636365,1.3636363636363635,1.7272727272727273,2.6363636363636362,0.5454545454545454,0.0,1.7272727272727273,1.2727272727272727,4.909090909090909,1.4444444444444444,21.0,53.0,8.0,23.0,4.0,4.0,4.0,15.0,19.0,29.0,6.0,0.0,19.0,14.0,54.0,13.0,11,749.0,8239.0
