PLAYER_ID,PLAYER_NAME,avg(FGM),avg(FGA),avg(FG3M),avg(FG3A),avg(FTM),avg(FTA),avg(OREB),avg(DREB),avg(REB),avg(AST),avg(STL),avg(BLK),avg(TO),avg(PF),avg(PTS),avg(PLUS_MINUS),sum(FGM),sum(FGA),sum(FG3M),sum(FG3A),sum(FTM),sum(FTA),sum(OREB),sum(DREB),sum(REB),sum(AST),sum(STL),sum(BLK),sum(TO),sum(PF),sum(PTS),sum(PLUS_MINUS),sum(ifminute),avg(seconds),sum(seconds)
200768,Kyle Lowry,5.0,11.60377358490566,1.8867924528301887,5.245283018867925,2.9056603773584904,3.5283018867924527,1.150943396226415,3.0754716981132075,4.226415094339623,6.735849056603773,1.1320754716981132,0.2830188679245283,1.9056603773584906,2.6792452830188678,14.79245283018868,4.411764705882353,265.0,615.0,100.0,278.0,154.0,187.0,61.0,163.0,224.0,357.0,60.0,15.0,101.0,142.0,784.0,225.0,53,2004.754716981132,106252.0
2561,David West,7.093023255813954,14.651162790697674,0.0,0.20930232558139536,3.813953488372093,4.534883720930233,2.255813953488372,5.837209302325581,8.093023255813954,2.4651162790697674,0.8837209302325582,0.9302325581395349,2.0697674418604652,2.7209302325581395,18.0,1.5714285714285714,305.0,630.0,0.0,9.0,164.0,195.0,97.0,251.0,348.0,106.0,38.0,40.0,89.0,117.0,774.0,66.0,43,2078.093023255814,89358.0
2732,Ben Gordon,4.074074074074074,9.5,1.3333333333333333,3.3703703703703702,1.6666666666666667,1.9814814814814814,0.5185185185185185,1.6666666666666667,2.185185185185185,2.0555555555555554,0.46296296296296297,0.2222222222222222,1.5740740740740742,1.962962962962963,11.148148148148149,-2.6792452830188678,220.0,513.0,72.0,182.0,90.0,107.0,28.0,90.0,118.0,111.0,25.0,12.0,85.0,106.0,602.0,-142.0,54,1494.6851851851852,80713.0
