PLAYER_ID,PLAYER_NAME,avg(FGM),avg(FGA),avg(FG3M),avg(FG3A),avg(FTM),avg(FTA),avg(OREB),avg(DREB),avg(REB),avg(AST),avg(STL),avg(BLK),avg(TO),avg(PF),avg(PTS),avg(PLUS_MINUS),sum(FGM),sum(FGA),sum(FG3M),sum(FG3A),sum(FTM),sum(FTA),sum(OREB),sum(DREB),sum(REB),sum(AST),sum(STL),sum(BLK),sum(TO),sum(PF),sum(PTS),sum(PLUS_MINUS),sum(ifminute),avg(seconds),sum(seconds)
202340,Avery Bradley,0.8,2.68,0.04,0.24,0.36,0.4,0.04,0.48,0.52,0.32,0.32,0.0,0.44,0.52,2.0,-2.739130434782609,20.0,67.0,1.0,6.0,9.0,10.0,1.0,12.0,13.0,8.0,8.0,0.0,11.0,13.0,50.0,-63.0,25,296.28,7407.0
2767,Royal Ivey,0.625,1.3125,0.25,0.5625,0.125,0.125,0.125,0.3125,0.4375,0.25,0.125,0.0625,0.1875,0.4375,1.625,-2.4285714285714284,10.0,21.0,4.0,9.0,2.0,2.0,2.0,5.0,7.0,4.0,2.0,1.0,3.0,7.0,26.0,-34.0,16,253.3125,4053.0
201153,Julian Wright,1.71875,3.21875,0.0,0.03125,0.375,0.84375,1.0625,1.5,2.5625,1.09375,0.84375,0.375,0.875,0.90625,3.8125,-1.5625,55.0,103.0,0.0,1.0,12.0,27.0,34.0,48.0,82.0,35.0,27.0,12.0,28.0,29.0,122.0,-50.0,32,973.40625,31149.0
101158,Orien Greene,0.3333333333333333,0.6666666666666666,0.0,0.0,0.3333333333333333,0.6666666666666666,0.0,0.0,0.0,0.3333333333333333,0.3333333333333333,0.0,0.0,0.0,1.0,1.6666666666666667,1.0,2.0,0.0,0.0,1.0,2.0,0.0,0.0,0.0,1.0,1.0,0.0,0.0,0.0,3.0,5.0,3,106.0,318.0
