PLAYER_ID,PLAYER_NAME,avg(FGM),avg(FGA),avg(FG3M),avg(FG3A),avg(FTM),avg(FTA),avg(OREB),avg(DREB),avg(REB),avg(AST),avg(STL),avg(BLK),avg(TO),avg(PF),avg(PTS),avg(PLUS_MINUS),sum(FGM),sum(FGA),sum(FG3M),sum(FG3A),sum(FTM),sum(FTA),sum(OREB),sum(DREB),sum(REB),sum(AST),sum(STL),sum(BLK),sum(TO),sum(PF),sum(PTS),sum(PLUS_MINUS),sum(ifminute),avg(seconds),sum(seconds)
2588,Matt Bonner,2.4901960784313726,5.470588235294118,1.392156862745098,3.3333333333333335,0.6470588235294118,0.7647058823529411,0.9215686274509803,2.450980392156863,3.372549019607843,0.9019607843137255,0.39215686274509803,0.27450980392156865,0.39215686274509803,1.9411764705882353,7.019607843137255,2.74,127.0,279.0,71.0,170.0,33.0,39.0,47.0,125.0,172.0,46.0,20.0,14.0,20.0,99.0,358.0,137.0,51,1227.764705882353,62616.0
202362,Lance Stephenson,0.8823529411764706,3.0588235294117645,0.0,0.35294117647058826,0.8823529411764706,1.0588235294117647,0.11764705882352941,1.2941176470588236,1.411764705882353,1.588235294117647,0.4117647058823529,0.0,1.1176470588235294,1.0588235294117647,2.6470588235294117,-0.4,15.0,52.0,0.0,6.0,15.0,18.0,2.0,22.0,24.0,27.0,7.0,0.0,19.0,18.0,45.0,-6.0,17,486.7647058823529,8275.0
101131,Jason Maxiell,1.3888888888888888,2.9444444444444446,0.0,0.0,0.8055555555555556,1.3333333333333333,1.1388888888888888,2.0555555555555554,3.1944444444444446,0.25,0.4166666666666667,0.2222222222222222,0.9166666666666666,1.5555555555555556,3.5833333333333335,-3.4705882352941178,50.0,106.0,0.0,0.0,29.0,48.0,41.0,74.0,115.0,9.0,15.0,8.0,33.0,56.0,129.0,-118.0,36,814.6111111111111,29326.0
201158,Marco Belinelli,3.6724137931034484,8.431034482758621,1.5862068965517242,3.8448275862068964,0.896551724137931,1.1206896551724137,0.25862068965517243,1.6551724137931034,1.9137931034482758,0.9655172413793104,0.5344827586206896,0.06896551724137931,0.896551724137931,1.793103448275862,9.827586206896552,0.26785714285714285,213.0,489.0,92.0,223.0,52.0,65.0,15.0,96.0,111.0,56.0,31.0,4.0,52.0,104.0,570.0,15.0,58,1336.7758620689656,77533.0
