PLAYER_ID,PLAYER_NAME,avg(FGM),avg(FGA),avg(FG3M),avg(FG3A),avg(FTM),avg(FTA),avg(OREB),avg(DREB),avg(REB),avg(AST),avg(STL),avg(BLK),avg(TO),avg(PF),avg(PTS),avg(PLUS_MINUS),sum(FGM),sum(FGA),sum(FG3M),sum(FG3A),sum(FTM),sum(FTA),sum(OREB),sum(DREB),sum(REB),sum(AST),sum(STL),sum(BLK),sum(TO),sum(PF),sum(PTS),sum(PLUS_MINUS),sum(ifminute),avg(seconds),sum(seconds)
2566,Travis Outlaw,2.8518518518518516,7.777777777777778,0.7592592592592593,2.6666666666666665,1.3333333333333333,1.7592592592592593,0.6851851851851852,2.8703703703703702,3.5555555555555554,0.9444444444444444,0.4444444444444444,0.48148148148148145,0.7777777777777778,1.4814814814814814,7.796296296296297,-3.7169811320754715,154.0,420.0,41.0,144.0,72.0,95.0,37.0,155.0,192.0,51.0,24.0,26.0,42.0,80.0,421.0,-197.0,54,1508.2592592592594,81446.0
