PLAYER_ID,PLAYER_NAME,avg(FGM),avg(FGA),avg(FG3M),avg(FG3A),avg(FTM),avg(FTA),avg(OREB),avg(DREB),avg(REB),avg(AST),avg(STL),avg(BLK),avg(TO),avg(PF),avg(PTS),avg(PLUS_MINUS),sum(FGM),sum(FGA),sum(FG3M),sum(FG3A),sum(FTM),sum(FTA),sum(OREB),sum(DREB),sum(REB),sum(AST),sum(STL),sum(BLK),sum(TO),sum(PF),sum(PTS),sum(PLUS_MINUS),sum(ifminute),avg(seconds),sum(seconds)
2403,Nene,5.327586206896552,8.96551724137931,0.0,0.05172413793103448,3.4827586206896552,5.362068965517241,2.0172413793103448,5.810344827586207,7.827586206896552,1.7758620689655173,1.293103448275862,1.0172413793103448,1.8448275862068966,3.086206896551724,14.137931034482758,3.7719298245614037,309.0,520.0,0.0,3.0,202.0,311.0,117.0,337.0,454.0,103.0,75.0,59.0,107.0,179.0,820.0,215.0,58,1777.6724137931035,103105.0
202380,Hamady Ndiaye,0.3333333333333333,0.4166666666666667,0.0,0.0,0.25,0.6666666666666666,0.16666666666666666,0.4166666666666667,0.5833333333333334,0.0,0.16666666666666666,0.4166666666666667,0.16666666666666666,1.0833333333333333,0.9166666666666666,-2.3333333333333335,4.0,5.0,0.0,0.0,3.0,8.0,2.0,5.0,7.0,0.0,2.0,5.0,2.0,13.0,11.0,-28.0,12,342.5833333333333,4111.0
200839,Mike Harris,0.75,1.5,0.0,0.0,0.5,1.0,0.5,0.75,1.25,0.25,0.0,0.25,0.25,0.5,2.0,4.5,3.0,6.0,0.0,0.0,2.0,4.0,2.0,3.0,5.0,1.0,0.0,1.0,1.0,2.0,8.0,18.0,4,235.25,941.0
