PLAYER_ID,PLAYER_NAME,avg(FGM),avg(FGA),avg(FG3M),avg(FG3A),avg(FTM),avg(FTA),avg(OREB),avg(DREB),avg(REB),avg(AST),avg(STL),avg(BLK),avg(TO),avg(PF),avg(PTS),avg(PLUS_MINUS),sum(FGM),sum(FGA),sum(FG3M),sum(FG3A),sum(FTM),sum(FTA),sum(OREB),sum(DREB),sum(REB),sum(AST),sum(STL),sum(BLK),sum(TO),sum(PF),sum(PTS),sum(PLUS_MINUS),sum(ifminute),avg(seconds),sum(seconds)
202227,Terrel Harris,1.25,3.392857142857143,0.42857142857142855,1.6785714285714286,0.6785714285714286,0.9642857142857143,0.6785714285714286,1.5357142857142858,2.2142857142857144,1.0,0.39285714285714285,0.07142857142857142,1.0,1.4642857142857142,3.607142857142857,-2.1538461538461537,35.0,95.0,12.0,47.0,19.0,27.0,19.0,43.0,62.0,28.0,11.0,2.0,28.0,41.0,101.0,-56.0,28,704.5357142857143,19727.0
202696,Nikola Vucevic,2.462962962962963,5.574074074074074,0.07407407407407407,0.16666666666666666,0.35185185185185186,0.6666666666666666,1.6666666666666667,2.9814814814814814,4.648148148148148,0.6666666666666666,0.3888888888888889,0.6481481481481481,0.6481481481481481,2.185185185185185,5.351851851851852,0.5769230769230769,133.0,301.0,4.0,9.0,19.0,36.0,90.0,161.0,251.0,36.0,21.0,35.0,35.0,118.0,289.0,30.0,54,905.574074074074,48901.0
201579,Roy Hibbert,5.012820512820513,10.14102564102564,0.01282051282051282,0.038461538461538464,2.551282051282051,3.6666666666666665,3.3974358974358974,5.705128205128205,9.102564102564102,1.5769230769230769,0.46153846153846156,2.08974358974359,1.9230769230769231,3.08974358974359,12.58974358974359,3.486842105263158,391.0,791.0,1.0,3.0,199.0,286.0,265.0,445.0,710.0,123.0,36.0,163.0,150.0,241.0,982.0,265.0,78,1752.5,136695.0
202324,Derrick Favors,3.507042253521127,7.028169014084507,0.0,0.0,2.1267605633802815,3.3098591549295775,2.5492957746478875,4.225352112676056,6.774647887323944,0.676056338028169,0.647887323943662,1.0140845070422535,1.591549295774648,2.267605633802817,9.140845070422536,-0.3188405797101449,249.0,499.0,0.0,0.0,151.0,235.0,181.0,300.0,481.0,48.0,46.0,72.0,113.0,161.0,649.0,-22.0,71,1261.661971830986,89578.0
