PLAYER_ID,PLAYER_NAME,avg(FGM),avg(FGA),avg(FG3M),avg(FG3A),avg(FTM),avg(FTA),avg(OREB),avg(DREB),avg(REB),avg(AST),avg(STL),avg(BLK),avg(TO),avg(PF),avg(PTS),avg(PLUS_MINUS),sum(FGM),sum(FGA),sum(FG3M),sum(FG3A),sum(FTM),sum(FTA),sum(OREB),sum(DREB),sum(REB),sum(AST),sum(STL),sum(BLK),sum(TO),sum(PF),sum(PTS),sum(PLUS_MINUS),sum(ifminute),avg(seconds),sum(seconds)
2562,Sasha Pavlovic,1.0277777777777777,2.5277777777777777,0.4166666666666667,1.0833333333333333,0.16666666666666666,0.2777777777777778,0.027777777777777776,1.0555555555555556,1.0833333333333333,0.4722222222222222,0.3611111111111111,0.25,0.4444444444444444,1.2777777777777777,2.638888888888889,-2.9714285714285715,37.0,91.0,15.0,39.0,6.0,10.0,1.0,38.0,39.0,17.0,13.0,9.0,16.0,46.0,95.0,-104.0,36,706.0,25416.0
201594,Walter Sharpe,1.5,2.0,0.0,0.0,0.5,1.0,0.0,2.5,2.5,0.0,0.5,0.0,1.0,2.0,3.5,"",3.0,4.0,0.0,0.0,1.0,2.0,0.0,5.0,5.0,0.0,1.0,0.0,2.0,4.0,7.0,"",2,11.0,22.0
