PLAYER_ID,PLAYER_NAME,avg(FGM),avg(FGA),avg(FG3M),avg(FG3A),avg(FTM),avg(FTA),avg(OREB),avg(DREB),avg(REB),avg(AST),avg(STL),avg(BLK),avg(TO),avg(PF),avg(PTS),avg(PLUS_MINUS),sum(FGM),sum(FGA),sum(FG3M),sum(FG3A),sum(FTM),sum(FTA),sum(OREB),sum(DREB),sum(REB),sum(AST),sum(STL),sum(BLK),sum(TO),sum(PF),sum(PTS),sum(PLUS_MINUS),sum(ifminute),avg(seconds),sum(seconds)
202718,Chandler Parsons,2.0,4.75,0.75,1.75,0.25,0.75,0.75,2.75,3.5,0.5,0.5,0.0,1.0,1.5,5.0,1.3333333333333333,8.0,19.0,3.0,7.0,1.0,3.0,3.0,11.0,14.0,2.0,2.0,0.0,4.0,6.0,20.0,4.0,4,507.25,2029.0
201229,Anthony Tolliver,2.156862745098039,4.921568627450981,0.7058823529411765,1.8627450980392157,1.5294117647058822,1.9019607843137254,1.4509803921568627,3.1372549019607843,4.588235294117647,1.1568627450980393,0.43137254901960786,0.4117647058823529,0.7254901960784313,2.2941176470588234,6.549019607843137,-1.5918367346938775,110.0,251.0,36.0,95.0,78.0,97.0,74.0,160.0,234.0,59.0,22.0,21.0,37.0,117.0,334.0,-78.0,51,1263.2941176470588,64428.0
708,Kevin Garnett,5.892857142857143,11.732142857142858,0.017857142857142856,0.08928571428571429,2.5,2.9642857142857144,1.2321428571428572,7.267857142857143,8.5,2.642857142857143,1.1607142857142858,0.8928571428571429,1.8035714285714286,2.25,14.303571428571429,5.518518518518518,330.0,657.0,1.0,5.0,140.0,166.0,69.0,407.0,476.0,148.0,65.0,50.0,101.0,126.0,801.0,298.0,56,1843.5,103236.0
