PLAYER_ID,PLAYER_NAME,avg(FGM),avg(FGA),avg(FG3M),avg(FG3A),avg(FTM),avg(FTA),avg(OREB),avg(DREB),avg(REB),avg(AST),avg(STL),avg(BLK),avg(TO),avg(PF),avg(PTS),avg(PLUS_MINUS),sum(FGM),sum(FGA),sum(FG3M),sum(FG3A),sum(FTM),sum(FTA),sum(OREB),sum(DREB),sum(REB),sum(AST),sum(STL),sum(BLK),sum(TO),sum(PF),sum(PTS),sum(PLUS_MINUS),sum(ifminute),avg(seconds),sum(seconds)
202329,Al-Farouq Aminu,2.2686567164179103,5.522388059701493,0.19402985074626866,0.7164179104477612,1.3134328358208955,1.7611940298507462,1.4477611940298507,3.208955223880597,4.656716417910448,1.0149253731343284,0.8955223880597015,0.5223880597014925,1.373134328358209,2.1044776119402986,6.044776119402985,-0.5151515151515151,152.0,370.0,13.0,48.0,88.0,118.0,97.0,215.0,312.0,68.0,60.0,35.0,92.0,141.0,405.0,-34.0,67,1323.0298507462687,88643.0
