PLAYER_ID,PLAYER_NAME,avg(FGM),avg(FGA),avg(FG3M),avg(FG3A),avg(FTM),avg(FTA),avg(OREB),avg(DREB),avg(REB),avg(AST),avg(STL),avg(BLK),avg(TO),avg(PF),avg(PTS),avg(PLUS_MINUS),sum(FGM),sum(FGA),sum(FG3M),sum(FG3A),sum(FTM),sum(FTA),sum(OREB),sum(DREB),sum(REB),sum(AST),sum(STL),sum(BLK),sum(TO),sum(PF),sum(PTS),sum(PLUS_MINUS),sum(ifminute),avg(seconds),sum(seconds)
2549,Chris Kaman,5.645833333333333,12.645833333333334,0.0,0.0,1.9166666666666667,2.5,1.875,5.791666666666667,7.666666666666667,2.1041666666666665,0.5208333333333334,1.6458333333333333,2.7291666666666665,2.25,13.208333333333334,-1.2765957446808511,271.0,607.0,0.0,0.0,92.0,120.0,90.0,278.0,368.0,101.0,25.0,79.0,131.0,108.0,634.0,-60.0,48,1715.4375,82341.0
101181,Jose Calderon,4.036363636363636,8.927272727272728,1.1090909090909091,3.018181818181818,1.1454545454545455,1.309090909090909,0.36363636363636365,2.6,2.963636363636364,8.654545454545454,0.9090909090909091,0.05454545454545454,1.9636363636363636,1.7636363636363637,10.327272727272728,-2.5849056603773586,222.0,491.0,61.0,166.0,63.0,72.0,20.0,143.0,163.0,476.0,50.0,3.0,108.0,97.0,568.0,-137.0,55,1963.418181818182,107988.0
202359,Darington Hobson,0.7142857142857143,2.7142857142857144,0.0,1.1428571428571428,0.0,0.0,0.2857142857142857,0.7142857142857143,1.0,1.5714285714285714,0.0,0.0,0.8571428571428571,0.7142857142857143,1.4285714285714286,1.0,5.0,19.0,0.0,8.0,0.0,0.0,2.0,5.0,7.0,11.0,0.0,0.0,6.0,5.0,10.0,5.0,7,338.85714285714283,2372.0
2137,Ime Udoka,1.0,2.5,0.5,1.5,0.0,1.0,0.5,2.0,2.5,0.5,0.0,0.0,1.0,2.0,2.5,"",2.0,5.0,1.0,3.0,0.0,2.0,1.0,4.0,5.0,1.0,0.0,0.0,2.0,4.0,5.0,"",2,11.0,22.0
1962936489,Brian Skinner,2.0,5.0,0.0,0.0,0.0,0.0,2.0,7.0,9.0,0.0,1.0,2.0,0.0,3.0,4.0,"",2.0,5.0,0.0,0.0,0.0,0.0,2.0,7.0,9.0,0.0,1.0,2.0,0.0,3.0,4.0,"",1,28.0,28.0
