PLAYER_ID,PLAYER_NAME,avg(FGM),avg(FGA),avg(FG3M),avg(FG3A),avg(FTM),avg(FTA),avg(OREB),avg(DREB),avg(REB),avg(AST),avg(STL),avg(BLK),avg(TO),avg(PF),avg(PTS),avg(PLUS_MINUS),sum(FGM),sum(FGA),sum(FG3M),sum(FG3A),sum(FTM),sum(FTA),sum(OREB),sum(DREB),sum(REB),sum(AST),sum(STL),sum(BLK),sum(TO),sum(PF),sum(PTS),sum(PLUS_MINUS),sum(ifminute),avg(seconds),sum(seconds)
201952,Jeff Teague,4.8493150684931505,10.315068493150685,0.7945205479452054,2.287671232876712,2.1506849315068495,2.7945205479452055,0.3561643835616438,2.1506849315068495,2.506849315068493,4.767123287671233,1.5342465753424657,0.5753424657534246,1.9726027397260273,2.26027397260274,12.643835616438356,3.125,354.0,753.0,58.0,167.0,157.0,204.0,26.0,157.0,183.0,348.0,112.0,42.0,144.0,165.0,923.0,225.0,73,1978.9315068493152,144462.0
202724,Charles Jenkins,2.490566037735849,5.566037735849057,0.05660377358490566,0.37735849056603776,0.6792452830188679,0.7735849056603774,0.1509433962264151,1.1886792452830188,1.3396226415094339,3.207547169811321,0.6415094339622641,0.1320754716981132,1.1320754716981132,1.6603773584905661,5.716981132075472,-4.352941176470588,132.0,295.0,3.0,20.0,36.0,41.0,8.0,63.0,71.0,170.0,34.0,7.0,60.0,88.0,303.0,-222.0,53,1011.3018867924528,53599.0
202327,Ekpe Udoh,2.0952380952380953,4.857142857142857,0.0,0.031746031746031744,1.3968253968253967,1.9047619047619047,1.6349206349206349,2.507936507936508,4.142857142857143,0.9206349206349206,0.6349206349206349,1.619047619047619,0.9206349206349206,2.7936507936507935,5.587301587301587,3.4098360655737703,132.0,306.0,0.0,2.0,88.0,120.0,103.0,158.0,261.0,58.0,40.0,102.0,58.0,176.0,352.0,208.0,63,1229.1587301587301,77437.0
101154,Andray Blatche,3.7142857142857144,9.678571428571429,0.07142857142857142,0.25,1.5,2.0714285714285716,1.6071428571428572,4.107142857142857,5.714285714285714,1.1785714285714286,0.7857142857142857,0.6785714285714286,1.4642857142857142,2.107142857142857,9.0,-5.846153846153846,104.0,271.0,2.0,7.0,42.0,58.0,45.0,115.0,160.0,33.0,22.0,19.0,41.0,59.0,252.0,-152.0,28,1343.3214285714287,37613.0
