PLAYER_ID,PLAYER_NAME,avg(FGM),avg(FGA),avg(FG3M),avg(FG3A),avg(FTM),avg(FTA),avg(OREB),avg(DREB),avg(REB),avg(AST),avg(STL),avg(BLK),avg(TO),avg(PF),avg(PTS),avg(PLUS_MINUS),sum(FGM),sum(FGA),sum(FG3M),sum(FG3A),sum(FTM),sum(FTA),sum(OREB),sum(DREB),sum(REB),sum(AST),sum(STL),sum(BLK),sum(TO),sum(PF),sum(PTS),sum(PLUS_MINUS),sum(ifminute),avg(seconds),sum(seconds)
201935,James Harden,4.0,8.930555555555555,1.4305555555555556,4.486111111111111,3.9305555555555554,4.638888888888889,0.5694444444444444,3.2777777777777777,3.8472222222222223,2.736111111111111,1.0416666666666667,0.4305555555555556,1.4444444444444444,2.5833333333333335,13.36111111111111,4.114285714285714,288.0,643.0,103.0,323.0,283.0,334.0,41.0,236.0,277.0,197.0,75.0,31.0,104.0,186.0,962.0,288.0,72,1659.888888888889,119512.0
202388,Donald Sloan,1.5,5.5,0.0,1.0,1.0,2.0,0.0,2.5,2.5,3.0,0.5,0.0,0.5,2.5,4.0,"",3.0,11.0,0.0,2.0,2.0,4.0,0.0,5.0,5.0,6.0,1.0,0.0,1.0,5.0,8.0,"",2,21.5,43.0
202820,Jarrid Famous,0.0,0.5,0.0,0.0,0.0,0.0,0.0,0.0,0.0,0.0,0.0,0.0,0.0,0.0,0.0,"",0.0,1.0,0.0,0.0,0.0,0.0,0.0,0.0,0.0,0.0,0.0,0.0,0.0,0.0,0.0,"",2,1.5,3.0
