PLAYER_ID,PLAYER_NAME,avg(FGM),avg(FGA),avg(FG3M),avg(FG3A),avg(FTM),avg(FTA),avg(OREB),avg(DREB),avg(REB),avg(AST),avg(STL),avg(BLK),avg(TO),avg(PF),avg(PTS),avg(PLUS_MINUS),sum(FGM),sum(FGA),sum(FG3M),sum(FG3A),sum(FTM),sum(FTA),sum(OREB),sum(DREB),sum(REB),sum(AST),sum(STL),sum(BLK),sum(TO),sum(PF),sum(PTS),sum(PLUS_MINUS),sum(ifminute),avg(seconds),sum(seconds)
2740,Andris Biedrins,0.8367346938775511,1.4081632653061225,0.0,0.0,0.02040816326530612,0.1836734693877551,1.0204081632653061,2.7755102040816326,3.795918367346939,0.3877551020408163,0.5510204081632653,1.0,0.30612244897959184,2.7551020408163267,1.6938775510204083,-2.5106382978723403,41.0,69.0,0.0,0.0,1.0,9.0,50.0,136.0,186.0,19.0,27.0,49.0,15.0,135.0,83.0,-118.0,49,905.1224489795918,44351.0
