PLAYER_ID,PLAYER_NAME,avg(FGM),avg(FGA),avg(FG3M),avg(FG3A),avg(FTM),avg(FTA),avg(OREB),avg(DREB),avg(REB),avg(AST),avg(STL),avg(BLK),avg(TO),avg(PF),avg(PTS),avg(PLUS_MINUS),sum(FGM),sum(FGA),sum(FG3M),sum(FG3A),sum(FTM),sum(FTA),sum(OREB),sum(DREB),sum(REB),sum(AST),sum(STL),sum(BLK),sum(TO),sum(PF),sum(PTS),sum(PLUS_MINUS),sum(ifminute),avg(seconds),sum(seconds)
2617,Udonis Haslem,2.2777777777777777,6.0,0.0,0.0,1.3888888888888888,1.6111111111111112,1.4444444444444444,4.611111111111111,6.055555555555555,0.8333333333333334,0.5,0.3333333333333333,1.1666666666666667,2.9444444444444446,5.944444444444445,0.4375,41.0,108.0,0.0,0.0,25.0,29.0,26.0,83.0,109.0,15.0,9.0,6.0,21.0,53.0,107.0,7.0,18,1366.7777777777778,24602.0
1853,Anthony Carter,1.4411764705882353,3.2058823529411766,0.35294117647058826,1.1764705882352942,0.23529411764705882,0.23529411764705882,0.2647058823529412,1.3235294117647058,1.588235294117647,1.7941176470588236,0.6764705882352942,0.20588235294117646,1.1470588235294117,1.2058823529411764,3.4705882352941178,0.47058823529411764,49.0,109.0,12.0,40.0,8.0,8.0,9.0,45.0,54.0,61.0,23.0,7.0,39.0,41.0,118.0,16.0,34,798.4117647058823,27146.0
