PLAYER_ID,PLAYER_NAME,avg(FGM),avg(FGA),avg(FG3M),avg(FG3A),avg(FTM),avg(FTA),avg(OREB),avg(DREB),avg(REB),avg(AST),avg(STL),avg(BLK),avg(TO),avg(PF),avg(PTS),avg(PLUS_MINUS),sum(FGM),sum(FGA),sum(FG3M),sum(FG3A),sum(FTM),sum(FTA),sum(OREB),sum(DREB),sum(REB),sum(AST),sum(STL),sum(BLK),sum(TO),sum(PF),sum(PTS),sum(PLUS_MINUS),sum(ifminute),avg(seconds),sum(seconds)
965,Derek Fisher,2.1547619047619047,5.654761904761905,0.6309523809523809,1.880952380952381,0.7976190476190477,0.9166666666666666,0.17857142857142858,1.6904761904761905,1.869047619047619,2.4166666666666665,0.8095238095238095,0.07142857142857142,0.9880952380952381,1.8571428571428572,5.738095238095238,2.602409638554217,181.0,475.0,53.0,158.0,67.0,77.0,15.0,142.0,157.0,203.0,68.0,6.0,83.0,156.0,482.0,216.0,84,1395.8333333333333,117250.0
