PLAYER_ID,PLAYER_NAME,avg(FGM),avg(FGA),avg(FG3M),avg(FG3A),avg(FTM),avg(FTA),avg(OREB),avg(DREB),avg(REB),avg(AST),avg(STL),avg(BLK),avg(TO),avg(PF),avg(PTS),avg(PLUS_MINUS),sum(FGM),sum(FGA),sum(FG3M),sum(FG3A),sum(FTM),sum(FTA),sum(OREB),sum(DREB),sum(REB),sum(AST),sum(STL),sum(BLK),sum(TO),sum(PF),sum(PTS),sum(PLUS_MINUS),sum(ifminute),avg(seconds),sum(seconds)
201150,Spencer Hawes,3.389830508474576,7.1525423728813555,0.05084745762711865,0.3559322033898305,0.5932203389830508,1.0,1.6610169491525424,4.6440677966101696,6.305084745762712,1.6101694915254237,0.423728813559322,0.8135593220338984,1.2372881355932204,2.457627118644068,7.423728813559322,0.8771929824561403,200.0,422.0,3.0,21.0,35.0,59.0,98.0,274.0,372.0,95.0,25.0,48.0,73.0,145.0,438.0,50.0,59,1289.4406779661017,76077.0
2575,Luke Walton,0.7560975609756098,2.1707317073170733,0.17073170731707318,0.6585365853658537,0.04878048780487805,0.0975609756097561,0.17073170731707318,1.048780487804878,1.2195121951219512,1.1219512195121952,0.0975609756097561,0.04878048780487805,0.5609756097560976,0.7560975609756098,1.7317073170731707,-0.025,31.0,89.0,7.0,27.0,2.0,4.0,7.0,43.0,50.0,46.0,4.0,2.0,23.0,31.0,71.0,-1.0,41,537.2682926829268,22028.0
201189,Aaron Gray,1.326086956521739,2.369565217391304,0.0,0.0,0.34782608695652173,0.8043478260869565,1.3043478260869565,2.9565217391304346,4.260869565217392,0.3695652173913043,0.2608695652173913,0.32608695652173914,0.7608695652173914,2.3043478260869565,3.0,0.9318181818181818,61.0,109.0,0.0,0.0,16.0,37.0,60.0,136.0,196.0,17.0,12.0,15.0,35.0,106.0,138.0,41.0,46,764.5217391304348,35168.0
200796,Leon Powe,1.7391304347826086,3.652173913043478,0.0,0.08695652173913043,1.4782608695652173,2.4347826086956523,0.5217391304347826,1.0869565217391304,1.608695652173913,0.30434782608695654,0.21739130434782608,0.08695652173913043,0.34782608695652173,1.391304347826087,4.956521739130435,-2.3043478260869565,40.0,84.0,0.0,2.0,34.0,56.0,12.0,25.0,37.0,7.0,5.0,2.0,8.0,32.0,114.0,-53.0,23,545.5652173913044,12548.0
201141,Greg Oden,"","","","","","","","","","","","","","","","","","","","","","","","","","","","","","","","",0,"",""
