PLAYER_ID,PLAYER_NAME,avg(FGM),avg(FGA),avg(FG3M),avg(FG3A),avg(FTM),avg(FTA),avg(OREB),avg(DREB),avg(REB),avg(AST),avg(STL),avg(BLK),avg(TO),avg(PF),avg(PTS),avg(PLUS_MINUS),sum(FGM),sum(FGA),sum(FG3M),sum(FG3A),sum(FTM),sum(FTA),sum(OREB),sum(DREB),sum(REB),sum(AST),sum(STL),sum(BLK),sum(TO),sum(PF),sum(PTS),sum(PLUS_MINUS),sum(ifminute),avg(seconds),sum(seconds)
202729,Josh Selby,1.5,4.5,0.0,1.5,1.0,1.5,0.0,1.5,1.5,2.75,0.25,0.25,1.75,1.0,4.0,4.5,6.0,18.0,0.0,6.0,4.0,6.0,0.0,6.0,6.0,11.0,1.0,1.0,7.0,4.0,16.0,9.0,4,558.25,2233.0
202356,Armon Johnson,0.8,1.6,0.0,0.13333333333333333,0.13333333333333333,0.2,0.13333333333333333,0.4,0.5333333333333333,0.5333333333333333,0.2,0.0,0.5333333333333333,0.26666666666666666,1.7333333333333334,-0.21428571428571427,12.0,24.0,0.0,2.0,2.0,3.0,2.0,6.0,8.0,8.0,3.0,0.0,8.0,4.0,26.0,-3.0,15,225.46666666666667,3382.0
980,Zydrunas Ilgauskas,1.851063829787234,3.9361702127659575,0.0,0.02127659574468085,0.44680851063829785,0.5531914893617021,1.4680851063829787,1.6808510638297873,3.148936170212766,0.3617021276595745,0.2127659574468085,0.5319148936170213,0.723404255319149,2.234042553191489,4.148936170212766,-0.1702127659574468,87.0,185.0,0.0,1.0,21.0,26.0,69.0,79.0,148.0,17.0,10.0,25.0,34.0,105.0,195.0,-8.0,47,820.2978723404256,38554.0
