PLAYER_ID,PLAYER_NAME,avg(FGM),avg(FGA),avg(FG3M),avg(FG3A),avg(FTM),avg(FTA),avg(OREB),avg(DREB),avg(REB),avg(AST),avg(STL),avg(BLK),avg(TO),avg(PF),avg(PTS),avg(PLUS_MINUS),sum(FGM),sum(FGA),sum(FG3M),sum(FG3A),sum(FTM),sum(FTA),sum(OREB),sum(DREB),sum(REB),sum(AST),sum(STL),sum(BLK),sum(TO),sum(PF),sum(PTS),sum(PLUS_MINUS),sum(ifminute),avg(seconds),sum(seconds)
2047,Quentin Richardson,1.490909090909091,3.981818181818182,0.8545454545454545,2.4545454545454546,0.4727272727272727,0.5818181818181818,0.2909090909090909,2.4363636363636365,2.727272727272727,0.7818181818181819,0.5272727272727272,0.10909090909090909,0.7090909090909091,1.5636363636363637,4.3090909090909095,-1.3396226415094339,82.0,219.0,47.0,135.0,26.0,32.0,16.0,134.0,150.0,43.0,29.0,6.0,39.0,86.0,237.0,-71.0,55,1026.1090909090908,56436.0
202692,Alec Burks,2.5076923076923077,6.2,0.23076923076923078,0.7538461538461538,1.8307692307692307,2.476923076923077,0.9692307692307692,1.2461538461538462,2.2153846153846155,0.9384615384615385,0.47692307692307695,0.07692307692307693,0.8461538461538461,1.353846153846154,7.076923076923077,-0.6349206349206349,163.0,403.0,15.0,49.0,119.0,161.0,63.0,81.0,144.0,61.0,31.0,5.0,55.0,88.0,460.0,-40.0,65,925.4307692307692,60153.0
