PLAYER_ID,PLAYER_NAME,avg(FGM),avg(FGA),avg(FG3M),avg(FG3A),avg(FTM),avg(FTA),avg(OREB),avg(DREB),avg(REB),avg(AST),avg(STL),avg(BLK),avg(TO),avg(PF),avg(PTS),avg(PLUS_MINUS),sum(FGM),sum(FGA),sum(FG3M),sum(FG3A),sum(FTM),sum(FTA),sum(OREB),sum(DREB),sum(REB),sum(AST),sum(STL),sum(BLK),sum(TO),sum(PF),sum(PTS),sum(PLUS_MINUS),sum(ifminute),avg(seconds),sum(seconds)
201161,Daequan Cook,1.72,4.693333333333333,1.2266666666666666,3.5866666666666664,0.18666666666666668,0.32,0.18666666666666668,1.6266666666666667,1.8133333333333332,0.28,0.3466666666666667,0.17333333333333334,0.21333333333333335,1.0266666666666666,4.8533333333333335,1.0,129.0,352.0,92.0,269.0,14.0,24.0,14.0,122.0,136.0,21.0,26.0,13.0,16.0,77.0,364.0,73.0,75,879.0666666666667,65930.0
202399,Jeff Adrien,0.7777777777777778,1.7777777777777777,0.0,0.0,1.0,1.5555555555555556,0.6666666666666666,2.111111111111111,2.7777777777777777,0.1111111111111111,0.1111111111111111,0.3333333333333333,0.2222222222222222,1.5555555555555556,2.5555555555555554,-1.75,7.0,16.0,0.0,0.0,9.0,14.0,6.0,19.0,25.0,1.0,1.0,3.0,2.0,14.0,23.0,-14.0,9,419.22222222222223,3773.0
