PLAYER_ID,PLAYER_NAME,avg(FGM),avg(FGA),avg(FG3M),avg(FG3A),avg(FTM),avg(FTA),avg(OREB),avg(DREB),avg(REB),avg(AST),avg(STL),avg(BLK),avg(TO),avg(PF),avg(PTS),avg(PLUS_MINUS),sum(FGM),sum(FGA),sum(FG3M),sum(FG3A),sum(FTM),sum(FTA),sum(OREB),sum(DREB),sum(REB),sum(AST),sum(STL),sum(BLK),sum(TO),sum(PF),sum(PTS),sum(PLUS_MINUS),sum(ifminute),avg(seconds),sum(seconds)
2449,Luis Scola,7.145833333333333,14.104166666666666,0.0,0.020833333333333332,2.4375,3.0416666666666665,1.9375,5.770833333333333,7.708333333333333,2.5208333333333335,0.6458333333333334,0.375,2.0,3.0416666666666665,16.729166666666668,3.217391304347826,343.0,677.0,0.0,1.0,117.0,146.0,93.0,277.0,370.0,121.0,31.0,18.0,96.0,146.0,803.0,148.0,48,1853.9791666666667,88991.0
201601,Luc Mbah a Moute,2.8461538461538463,5.9423076923076925,0.019230769230769232,0.11538461538461539,1.8461538461538463,2.6346153846153846,2.25,3.0961538461538463,5.346153846153846,0.7692307692307693,1.0576923076923077,0.4230769230769231,0.9807692307692307,2.326923076923077,7.5576923076923075,-0.08,148.0,309.0,1.0,6.0,96.0,137.0,117.0,161.0,278.0,40.0,55.0,22.0,51.0,121.0,393.0,-4.0,52,1559.0576923076924,81071.0
201583,Ryan Anderson,3.918032786885246,9.147540983606557,2.3934426229508197,6.032786885245901,1.540983606557377,1.8524590163934427,2.2459016393442623,3.8524590163934427,6.098360655737705,0.8524590163934426,0.4918032786885246,0.5737704918032787,0.7377049180327869,2.4754098360655736,11.770491803278688,5.016949152542373,239.0,558.0,146.0,368.0,94.0,113.0,137.0,235.0,372.0,52.0,30.0,35.0,45.0,151.0,718.0,296.0,61,1473.032786885246,89855.0
