PLAYER_ID,PLAYER_NAME,avg(FGM),avg(FGA),avg(FG3M),avg(FG3A),avg(FTM),avg(FTA),avg(OREB),avg(DREB),avg(REB),avg(AST),avg(STL),avg(BLK),avg(TO),avg(PF),avg(PTS),avg(PLUS_MINUS),sum(FGM),sum(FGA),sum(FG3M),sum(FG3A),sum(FTM),sum(FTA),sum(OREB),sum(DREB),sum(REB),sum(AST),sum(STL),sum(BLK),sum(TO),sum(PF),sum(PTS),sum(PLUS_MINUS),sum(ifminute),avg(seconds),sum(seconds)
201599,DeAndre Jordan,2.9873417721518987,4.8354430379746836,0.0,0.012658227848101266,1.0632911392405062,2.151898734177215,2.8354430379746836,4.974683544303797,7.810126582278481,0.26582278481012656,0.4810126582278481,2.0126582278481013,1.0379746835443038,2.7341772151898733,7.037974683544304,1.0,236.0,382.0,0.0,1.0,84.0,170.0,224.0,393.0,617.0,21.0,38.0,159.0,82.0,216.0,556.0,77.0,79,1555.7215189873418,122902.0
201228,C.J. Watson,3.192982456140351,8.929824561403509,1.3157894736842106,3.4035087719298245,1.6842105263157894,2.1052631578947367,0.38596491228070173,1.7719298245614035,2.1578947368421053,4.175438596491228,0.8947368421052632,0.14035087719298245,1.8771929824561404,2.1578947368421053,9.385964912280702,0.4727272727272727,182.0,509.0,75.0,194.0,96.0,120.0,22.0,101.0,123.0,238.0,51.0,8.0,107.0,123.0,535.0,26.0,57,1394.298245614035,79475.0
201943,Brandon Jennings,7.0,16.808823529411764,1.911764705882353,5.75,2.8529411764705883,3.573529411764706,0.7794117647058824,2.6470588235294117,3.426470588235294,5.544117647058823,1.5588235294117647,0.3235294117647059,2.176470588235294,1.6911764705882353,18.764705882352942,-1.5909090909090908,476.0,1143.0,130.0,391.0,194.0,243.0,53.0,180.0,233.0,377.0,106.0,22.0,148.0,115.0,1276.0,-105.0,68,2057.9411764705883,139940.0
202707,JaJuan Johnson,1.4473684210526316,3.3157894736842106,0.0,0.0,0.18421052631578946,0.2894736842105263,0.5789473684210527,1.0789473684210527,1.6578947368421053,0.18421052631578946,0.13157894736842105,0.3684210526315789,0.42105263157894735,0.7631578947368421,3.0789473684210527,-0.9722222222222222,55.0,126.0,0.0,0.0,7.0,11.0,22.0,41.0,63.0,7.0,5.0,14.0,16.0,29.0,117.0,-35.0,38,471.2894736842105,17909.0
1716,Larry Hughes,0.7,2.4,0.1,0.7,0.1,0.2,0.1,0.5,0.6,0.9,0.4,0.0,1.2,1.0,1.6,-6.111111111111111,7.0,24.0,1.0,7.0,1.0,2.0,1.0,5.0,6.0,9.0,4.0,0.0,12.0,10.0,16.0,-55.0,10,682.4,6824.0
200852,Antoine Hood,0.0,0.0,0.0,0.0,1.0,2.0,0.0,0.0,0.0,0.0,0.0,0.0,1.0,0.0,1.0,"",0.0,0.0,0.0,0.0,1.0,2.0,0.0,0.0,0.0,0.0,0.0,0.0,1.0,0.0,1.0,"",1,3.0,3.0
