PLAYER_ID,PLAYER_NAME,avg(FGM),avg(FGA),avg(FG3M),avg(FG3A),avg(FTM),avg(FTA),avg(OREB),avg(DREB),avg(REB),avg(AST),avg(STL),avg(BLK),avg(TO),avg(PF),avg(PTS),avg(PLUS_MINUS),sum(FGM),sum(FGA),sum(FG3M),sum(FG3A),sum(FTM),sum(FTA),sum(OREB),sum(DREB),sum(REB),sum(AST),sum(STL),sum(BLK),sum(TO),sum(PF),sum(PTS),sum(PLUS_MINUS),sum(ifminute),avg(seconds),sum(seconds)
2767,Royal Ivey,0.7804878048780488,2.097560975609756,0.4878048780487805,1.4146341463414633,0.04878048780487805,0.24390243902439024,0.04878048780487805,0.6341463414634146,0.6829268292682927,0.2682926829268293,0.3902439024390244,0.0,0.24390243902439024,0.975609756097561,2.097560975609756,-0.10256410256410256,32.0,86.0,20.0,58.0,2.0,10.0,2.0,26.0,28.0,11.0,16.0,0.0,10.0,40.0,86.0,-4.0,41,549.0731707317074,22512.0
201792,Moses Ehambe,0.0,3.0,0.0,2.0,0.0,0.0,0.0,0.0,0.0,0.0,0.0,0.0,0.0,0.0,0.0,"",0.0,3.0,0.0,2.0,0.0,0.0,0.0,0.0,0.0,0.0,0.0,0.0,0.0,0.0,0.0,"",1,5.0,5.0
