PLAYER_ID,PLAYER_NAME,avg(FGM),avg(FGA),avg(FG3M),avg(FG3A),avg(FTM),avg(FTA),avg(OREB),avg(DREB),avg(REB),avg(AST),avg(STL),avg(BLK),avg(TO),avg(PF),avg(PTS),avg(PLUS_MINUS),sum(FGM),sum(FGA),sum(FG3M),sum(FG3A),sum(FTM),sum(FTA),sum(OREB),sum(DREB),sum(REB),sum(AST),sum(STL),sum(BLK),sum(TO),sum(PF),sum(PTS),sum(PLUS_MINUS),sum(ifminute),avg(seconds),sum(seconds)
708,Kevin Garnett,6.7926829268292686,13.548780487804878,0.04878048780487805,0.15853658536585366,2.8048780487804876,3.341463414634146,1.1829268292682926,7.463414634146342,8.646341463414634,2.5365853658536586,0.975609756097561,1.1097560975609757,1.8902439024390243,2.4878048780487805,16.4390243902439,5.0875,557.0,1111.0,4.0,13.0,230.0,274.0,97.0,612.0,709.0,208.0,80.0,91.0,155.0,204.0,1348.0,407.0,82,1903.841463414634,156115.0
1938,Manu Ginobili,4.44,9.04,1.5,3.96,2.86,3.3,0.54,2.86,3.4,4.22,0.72,0.32,2.22,1.9,13.24,5.1875,222.0,452.0,75.0,198.0,143.0,165.0,27.0,143.0,170.0,211.0,36.0,16.0,111.0,95.0,662.0,249.0,50,1419.7,70985.0
2429,Dan Gadzuric,0.0,1.0,0.0,0.0,0.0,1.0,0.5,2.0,2.5,0.0,0.5,0.5,0.5,2.0,0.0,-1.0,0.0,2.0,0.0,0.0,0.0,2.0,1.0,4.0,5.0,0.0,1.0,1.0,1.0,4.0,0.0,-2.0,2,395.0,790.0
2744,Al Jefferson,8.388059701492537,17.0,0.014925373134328358,0.07462686567164178,2.08955223880597,2.7611940298507465,2.1492537313432836,7.268656716417911,9.417910447761194,2.1940298507462686,0.7761194029850746,1.5820895522388059,1.0298507462686568,2.5223880597014925,18.880597014925375,1.3846153846153846,562.0,1139.0,1.0,5.0,140.0,185.0,144.0,487.0,631.0,147.0,52.0,106.0,69.0,169.0,1265.0,90.0,67,1985.0597014925372,132999.0
2248,Earl Watson,1.0961538461538463,3.25,0.19230769230769232,1.0384615384615385,0.5961538461538461,0.8846153846153846,0.5961538461538461,1.8269230769230769,2.423076923076923,4.3076923076923075,1.0961538461538463,0.4230769230769231,1.6923076923076923,2.0384615384615383,2.980769230769231,-0.06,57.0,169.0,10.0,54.0,31.0,46.0,31.0,95.0,126.0,224.0,57.0,22.0,88.0,106.0,155.0,-3.0,52,1192.2307692307693,61996.0
202082,Larry Owens,0.625,1.625,0.25,0.625,0.375,0.5,0.25,1.375,1.625,0.5,0.0,0.125,0.25,1.25,1.875,-5.285714285714286,5.0,13.0,2.0,5.0,3.0,4.0,2.0,11.0,13.0,4.0,0.0,1.0,2.0,10.0,15.0,-37.0,8,564.25,4514.0
2431,David Andersen,1.0,4.0,0.0,1.0,2.0,2.0,1.0,2.0,3.0,0.0,0.0,0.0,0.0,1.0,4.0,"",1.0,4.0,0.0,1.0,2.0,2.0,1.0,2.0,3.0,0.0,0.0,0.0,0.0,1.0,4.0,"",1,7.0,7.0
