PLAYER_ID,PLAYER_NAME,avg(FGM),avg(FGA),avg(FG3M),avg(FG3A),avg(FTM),avg(FTA),avg(OREB),avg(DREB),avg(REB),avg(AST),avg(STL),avg(BLK),avg(TO),avg(PF),avg(PTS),avg(PLUS_MINUS),sum(FGM),sum(FGA),sum(FG3M),sum(FG3A),sum(FTM),sum(FTA),sum(OREB),sum(DREB),sum(REB),sum(AST),sum(STL),sum(BLK),sum(TO),sum(PF),sum(PTS),sum(PLUS_MINUS),sum(ifminute),avg(seconds),sum(seconds)
101124,Hakim Warrick,2.7454545454545456,5.490909090909091,0.01818181818181818,0.2,2.109090909090909,3.036363636363636,1.0363636363636364,2.3636363636363638,3.4,1.018181818181818,0.36363636363636365,0.10909090909090909,0.9454545454545454,1.0727272727272728,7.618181818181818,-2.056603773584906,151.0,302.0,1.0,11.0,116.0,167.0,57.0,130.0,187.0,56.0,20.0,6.0,52.0,59.0,419.0,-109.0,55,923.2,50776.0
703,Kurt Thomas,1.9615384615384615,3.5576923076923075,0.019230769230769232,0.057692307692307696,0.34615384615384615,0.5769230769230769,1.2692307692307692,4.288461538461538,5.5576923076923075,1.1153846153846154,0.5769230769230769,0.7307692307692307,0.6923076923076923,3.0,4.288461538461538,1.76,102.0,185.0,1.0,3.0,18.0,30.0,66.0,223.0,289.0,58.0,30.0,38.0,36.0,156.0,223.0,88.0,52,1246.173076923077,64801.0
