PLAYER_ID,PLAYER_NAME,avg(FGM),avg(FGA),avg(FG3M),avg(FG3A),avg(FTM),avg(FTA),avg(OREB),avg(DREB),avg(REB),avg(AST),avg(STL),avg(BLK),avg(TO),avg(PF),avg(PTS),avg(PLUS_MINUS),sum(FGM),sum(FGA),sum(FG3M),sum(FG3A),sum(FTM),sum(FTA),sum(OREB),sum(DREB),sum(REB),sum(AST),sum(STL),sum(BLK),sum(TO),sum(PF),sum(PTS),sum(PLUS_MINUS),sum(ifminute),avg(seconds),sum(seconds)
2554,Mickael Pietrus,2.064516129032258,5.532258064516129,1.1774193548387097,3.806451612903226,0.46774193548387094,0.7580645161290323,0.4838709677419355,2.274193548387097,2.7580645161290325,0.43548387096774194,0.5645161290322581,0.24193548387096775,0.6774193548387096,2.1129032258064515,5.774193548387097,0.9032258064516129,128.0,343.0,73.0,236.0,29.0,47.0,30.0,141.0,171.0,27.0,35.0,15.0,42.0,131.0,358.0,56.0,62,1272.1935483870968,78876.0
202727,Travis Leslie,0.5,1.4,0.0,0.0,0.4,0.9,0.6,0.3,0.9,0.5,0.2,0.2,0.2,0.4,1.4,-2.3,5.0,14.0,0.0,0.0,4.0,9.0,6.0,3.0,9.0,5.0,2.0,2.0,2.0,4.0,14.0,-23.0,10,271.7,2717.0
