PLAYER_ID,PLAYER_NAME,avg(FGM),avg(FGA),avg(FG3M),avg(FG3A),avg(FTM),avg(FTA),avg(OREB),avg(DREB),avg(REB),avg(AST),avg(STL),avg(BLK),avg(TO),avg(PF),avg(PTS),avg(PLUS_MINUS),sum(FGM),sum(FGA),sum(FG3M),sum(FG3A),sum(FTM),sum(FTA),sum(OREB),sum(DREB),sum(REB),sum(AST),sum(STL),sum(BLK),sum(TO),sum(PF),sum(PTS),sum(PLUS_MINUS),sum(ifminute),avg(seconds),sum(seconds)
202350,Daniel Orton,0.9047619047619048,1.5238095238095237,0.0,0.047619047619047616,0.7142857142857143,1.4761904761904763,0.9047619047619048,1.0476190476190477,1.9523809523809523,0.23809523809523808,0.38095238095238093,0.42857142857142855,0.3333333333333333,1.5714285714285714,2.5238095238095237,-2.2,19.0,32.0,0.0,1.0,15.0,31.0,19.0,22.0,41.0,5.0,8.0,9.0,7.0,33.0,53.0,-44.0,21,559.1904761904761,11743.0
201572,Brook Lopez,7.142857142857143,14.285714285714286,0.0,0.0,3.7142857142857144,6.428571428571429,2.142857142857143,3.2857142857142856,5.428571428571429,1.1428571428571428,0.2857142857142857,1.4285714285714286,2.142857142857143,2.142857142857143,18.0,-5.4,50.0,100.0,0.0,0.0,26.0,45.0,15.0,23.0,38.0,8.0,2.0,10.0,15.0,15.0,126.0,-27.0,7,1173.2857142857142,8213.0
