PLAYER_ID,PLAYER_NAME,avg(FGM),avg(FGA),avg(FG3M),avg(FG3A),avg(FTM),avg(FTA),avg(OREB),avg(DREB),avg(REB),avg(AST),avg(STL),avg(BLK),avg(TO),avg(PF),avg(PTS),avg(PLUS_MINUS),sum(FGM),sum(FGA),sum(FG3M),sum(FG3A),sum(FTM),sum(FTA),sum(OREB),sum(DREB),sum(REB),sum(AST),sum(STL),sum(BLK),sum(TO),sum(PF),sum(PTS),sum(PLUS_MINUS),sum(ifminute),avg(seconds),sum(seconds)
1885,Lamar Odom,4.892307692307693,10.4,0.8769230769230769,2.5076923076923077,1.876923076923077,2.753846153846154,1.8153846153846154,5.676923076923077,7.492307692307692,2.6153846153846154,0.5076923076923077,0.6,1.4,2.4307692307692306,12.538461538461538,2.142857142857143,318.0,676.0,57.0,163.0,122.0,179.0,118.0,369.0,487.0,170.0,33.0,39.0,91.0,158.0,815.0,135.0,65,1687.7692307692307,109705.0
