PLAYER_ID,PLAYER_NAME,avg(FGM),avg(FGA),avg(FG3M),avg(FG3A),avg(FTM),avg(FTA),avg(OREB),avg(DREB),avg(REB),avg(AST),avg(STL),avg(BLK),avg(TO),avg(PF),avg(PTS),avg(PLUS_MINUS),sum(FGM),sum(FGA),sum(FG3M),sum(FG3A),sum(FTM),sum(FTA),sum(OREB),sum(DREB),sum(REB),sum(AST),sum(STL),sum(BLK),sum(TO),sum(PF),sum(PTS),sum(PLUS_MINUS),sum(ifminute),avg(seconds),sum(seconds)
201941,Jordan Hill,2.2708333333333335,4.541666666666667,0.0,0.0,0.6666666666666666,1.0625,1.8541666666666667,2.8958333333333335,4.75,0.5,0.25,0.6041666666666666,0.7083333333333334,2.125,5.208333333333333,-1.608695652173913,109.0,218.0,0.0,0.0,32.0,51.0,89.0,139.0,228.0,24.0,12.0,29.0,34.0,102.0,250.0,-74.0,48,845.7916666666666,40598.0
201954,Darren Collison,4.774193548387097,10.612903225806452,0.5967741935483871,1.6451612903225807,2.5,3.0,0.5161290322580645,2.161290322580645,2.6774193548387095,5.548387096774194,1.1612903225806452,0.27419354838709675,2.5,1.3548387096774193,12.64516129032258,-0.9333333333333333,296.0,658.0,37.0,102.0,155.0,186.0,32.0,134.0,166.0,344.0,72.0,17.0,155.0,84.0,784.0,-56.0,62,1782.967741935484,110544.0
