PLAYER_ID,PLAYER_NAME,avg(FGM),avg(FGA),avg(FG3M),avg(FG3A),avg(FTM),avg(FTA),avg(OREB),avg(DREB),avg(REB),avg(AST),avg(STL),avg(BLK),avg(TO),avg(PF),avg(PTS),avg(PLUS_MINUS),sum(FGM),sum(FGA),sum(FG3M),sum(FG3A),sum(FTM),sum(FTA),sum(OREB),sum(DREB),sum(REB),sum(AST),sum(STL),sum(BLK),sum(TO),sum(PF),sum(PTS),sum(PLUS_MINUS),sum(ifminute),avg(seconds),sum(seconds)
201933,Blake Griffin,8.354430379746836,15.417721518987342,0.02531645569620253,0.21518987341772153,3.7721518987341773,6.962025316455696,3.0,7.177215189873418,10.177215189873417,3.1139240506329116,0.9873417721518988,0.7341772151898734,2.2531645569620253,3.329113924050633,20.50632911392405,3.8051948051948052,660.0,1218.0,2.0,17.0,298.0,550.0,237.0,567.0,804.0,246.0,78.0,58.0,178.0,263.0,1620.0,293.0,79,2115.8481012658226,167152.0
