PLAYER_ID,PLAYER_NAME,avg(FGM),avg(FGA),avg(FG3M),avg(FG3A),avg(FTM),avg(FTA),avg(OREB),avg(DREB),avg(REB),avg(AST),avg(STL),avg(BLK),avg(TO),avg(PF),avg(PTS),avg(PLUS_MINUS),sum(FGM),sum(FGA),sum(FG3M),sum(FG3A),sum(FTM),sum(FTA),sum(OREB),sum(DREB),sum(REB),sum(AST),sum(STL),sum(BLK),sum(TO),sum(PF),sum(PTS),sum(PLUS_MINUS),sum(ifminute),avg(seconds),sum(seconds)
689,Theo Ratliff,0.0,0.0,0.0,0.0,0.0,0.6666666666666666,0.0,0.3333333333333333,0.3333333333333333,0.0,0.0,0.0,0.0,0.0,0.0,-2.3333333333333335,0.0,0.0,0.0,0.0,0.0,2.0,0.0,1.0,1.0,0.0,0.0,0.0,0.0,0.0,0.0,-7.0,3,97.66666666666667,293.0
101132,Linas Kleiza,3.5555555555555554,9.333333333333334,0.7777777777777778,3.0,0.5555555555555556,1.4444444444444444,0.8888888888888888,3.111111111111111,4.0,1.0,0.8888888888888888,0.2222222222222222,0.5555555555555556,2.4444444444444446,8.444444444444445,-6.444444444444445,32.0,84.0,7.0,27.0,5.0,13.0,8.0,28.0,36.0,9.0,8.0,2.0,5.0,22.0,76.0,-58.0,9,1705.7777777777778,15352.0
