PLAYER_ID,PLAYER_NAME,avg(FGM),avg(FGA),avg(FG3M),avg(FG3A),avg(FTM),avg(FTA),avg(OREB),avg(DREB),avg(REB),avg(AST),avg(STL),avg(BLK),avg(TO),avg(PF),avg(PTS),avg(PLUS_MINUS),sum(FGM),sum(FGA),sum(FG3M),sum(FG3A),sum(FTM),sum(FTA),sum(OREB),sum(DREB),sum(REB),sum(AST),sum(STL),sum(BLK),sum(TO),sum(PF),sum(PTS),sum(PLUS_MINUS),sum(ifminute),avg(seconds),sum(seconds)
201574,Jason Thompson,3.789473684210526,7.228070175438597,0.0,0.03508771929824561,1.5789473684210527,2.754385964912281,1.894736842105263,4.0,5.894736842105263,1.280701754385965,0.49122807017543857,0.6842105263157895,1.3859649122807018,2.912280701754386,9.157894736842104,-2.2,216.0,412.0,0.0,2.0,90.0,157.0,108.0,228.0,336.0,73.0,28.0,39.0,79.0,166.0,522.0,-121.0,57,1396.7368421052631,79614.0
2594,Kyle Korver,2.6301369863013697,6.1506849315068495,1.4794520547945205,3.452054794520548,0.6712328767123288,0.7534246575342466,0.0958904109589041,1.4657534246575343,1.5616438356164384,1.3287671232876712,0.3287671232876712,0.2054794520547945,0.726027397260274,1.9726027397260273,7.410958904109589,3.056338028169014,192.0,449.0,108.0,252.0,49.0,55.0,7.0,107.0,114.0,97.0,24.0,15.0,53.0,144.0,541.0,217.0,73,1051.2602739726028,76742.0
202329,Al-Farouq Aminu,1.5660377358490567,4.39622641509434,0.24528301886792453,1.4339622641509433,1.2830188679245282,1.6037735849056605,0.9245283018867925,2.2452830188679247,3.169811320754717,0.7735849056603774,0.6981132075471698,0.37735849056603776,1.1132075471698113,1.471698113207547,4.660377358490566,-2.923076923076923,83.0,233.0,13.0,76.0,68.0,85.0,49.0,119.0,168.0,41.0,37.0,20.0,59.0,78.0,247.0,-152.0,53,1037.9622641509434,55012.0
201858,Cartier Martin,1.3793103448275863,3.7241379310344827,0.7586206896551724,2.1724137931034484,0.4827586206896552,0.7241379310344828,0.3793103448275862,1.103448275862069,1.4827586206896552,0.4827586206896552,0.27586206896551724,0.1724137931034483,0.27586206896551724,1.103448275862069,4.0,0.8275862068965517,40.0,108.0,22.0,63.0,14.0,21.0,11.0,32.0,43.0,14.0,8.0,5.0,8.0,32.0,116.0,24.0,29,667.0689655172414,19345.0
