TEAM_ID,PLAYER_ID,PLAYER_NAME,avg(FGM),avg(FGA),avg(FG3M),avg(FG3A),avg(FTM),avg(FTA),avg(OREB),avg(DREB),avg(REB),avg(AST),avg(STL),avg(BLK),avg(TO),avg(PF),avg(PTS),avg(PLUS_MINUS),sum(FGM),sum(FGA),sum(FG3M),sum(FG3A),sum(FTM),sum(FTA),sum(OREB),sum(DREB),sum(REB),sum(AST),sum(STL),sum(BLK),sum(TO),sum(PF),sum(PTS),sum(PLUS_MINUS),sum(ifminute),avg(seconds),sum(seconds)
1610612759,201988,Patty Mills,3.5494505494505493,8.43956043956044,1.901098901098901,5.076923076923077,1.2637362637362637,1.4175824175824177,0.34065934065934067,1.5384615384615385,1.879120879120879,2.791208791208791,0.6483516483516484,0.14285714285714285,1.3296703296703296,1.6043956043956045,10.263736263736265,1.1868131868131868,323.0,768.0,173.0,462.0,115.0,129.0,31.0,140.0,171.0,254.0,59.0,13.0,121.0,146.0,934.0,108.0,91,1548.7362637362637,140935.0
1610612763,1628415,Dillon Brooks,4.045977011494253,9.149425287356323,1.1494252873563218,3.1839080459770117,1.5057471264367817,2.0229885057471266,0.5862068965517241,2.528735632183908,3.1149425287356323,1.5862068965517242,0.896551724137931,0.21839080459770116,1.471264367816092,2.8045977011494254,10.74712643678161,-2.528735632183908,352.0,796.0,100.0,277.0,131.0,176.0,51.0,220.0,271.0,138.0,78.0,19.0,128.0,244.0,935.0,-220.0,87,1685.7586206896551,146661.0
1610612737,1628416,Tyler Dorsey,2.4754098360655736,6.655737704918033,1.2295081967213115,3.4098360655737703,0.7868852459016393,1.0819672131147542,0.29508196721311475,2.0327868852459017,2.3278688524590163,1.3934426229508197,0.29508196721311475,0.09836065573770492,0.6885245901639344,1.1311475409836065,6.967213114754099,-2.5245901639344264,151.0,406.0,75.0,208.0,48.0,66.0,18.0,124.0,142.0,85.0,18.0,6.0,42.0,69.0,425.0,-154.0,61,1041.704918032787,63544.0
