TEAM_ID,PLAYER_ID,PLAYER_NAME,avg(FGM),avg(FGA),avg(FG3M),avg(FG3A),avg(FTM),avg(FTA),avg(OREB),avg(DREB),avg(REB),avg(AST),avg(STL),avg(BLK),avg(TO),avg(PF),avg(PTS),avg(PLUS_MINUS),sum(FGM),sum(FGA),sum(FG3M),sum(FG3A),sum(FTM),sum(FTA),sum(OREB),sum(DREB),sum(REB),sum(AST),sum(STL),sum(BLK),sum(TO),sum(PF),sum(PTS),sum(PLUS_MINUS),sum(ifminute),avg(seconds),sum(seconds)
1610612751,1628386,Jarrett Allen,2.193548387096774,4.67741935483871,0.0967741935483871,0.22580645161290322,0.967741935483871,1.2903225806451613,1.8387096774193548,2.5806451612903225,4.419354838709677,0.3548387096774194,0.4838709677419355,0.967741935483871,0.7096774193548387,1.8064516129032258,5.451612903225806,-1.3225806451612903,68.0,145.0,3.0,7.0,30.0,40.0,57.0,80.0,137.0,11.0,15.0,30.0,22.0,56.0,169.0,-41.0,31,993.8064516129032,30808.0
1610612763,201936,Tyreke Evans,6.769230769230769,14.35897435897436,2.051282051282051,4.897435897435898,2.871794871794872,3.58974358974359,0.7692307692307693,4.17948717948718,4.948717948717949,4.333333333333333,0.9487179487179487,0.38461538461538464,1.8717948717948718,1.8461538461538463,18.46153846153846,-0.8974358974358975,264.0,560.0,80.0,191.0,112.0,140.0,30.0,163.0,193.0,169.0,37.0,15.0,73.0,72.0,720.0,-35.0,39,1765.3333333333333,68848.0
1610612758,204065,David Stockton,4.5,6.5,1.5,2.0,1.0,2.0,1.0,0.5,1.5,5.0,1.0,0.0,1.0,1.0,11.5,0.5,9.0,13.0,3.0,4.0,2.0,4.0,2.0,1.0,3.0,10.0,2.0,0.0,2.0,2.0,23.0,1.0,2,978.0,1956.0
1610612749,201563,Michael Beasley,3.8823529411764706,7.205882352941177,0.4117647058823529,0.9117647058823529,1.4705882352941178,2.0294117647058822,0.6470588235294118,2.5,3.1470588235294117,0.8235294117647058,0.47058823529411764,0.5588235294117647,1.1470588235294117,1.6176470588235294,9.647058823529411,-1.6764705882352942,132.0,245.0,14.0,31.0,50.0,69.0,22.0,85.0,107.0,28.0,16.0,19.0,39.0,55.0,328.0,-57.0,34,989.4705882352941,33642.0
1610612753,1627875,Marcus Georges-Hunt,0.4,1.4,0.2,0.4,1.8,2.0,0.2,1.6,1.8,0.6,0.2,0.0,0.4,1.0,2.8,-5.0,2.0,7.0,1.0,2.0,9.0,10.0,1.0,8.0,9.0,3.0,1.0,0.0,2.0,5.0,14.0,-25.0,5,570.2,2851.0
