TEAM_ID,PLAYER_ID,PLAYER_NAME,avg(FGM),avg(FGA),avg(FG3M),avg(FG3A),avg(FTM),avg(FTA),avg(OREB),avg(DREB),avg(REB),avg(AST),avg(STL),avg(BLK),avg(TO),avg(PF),avg(PTS),avg(PLUS_MINUS),sum(FGM),sum(FGA),sum(FG3M),sum(FG3A),sum(FTM),sum(FTA),sum(OREB),sum(DREB),sum(REB),sum(AST),sum(STL),sum(BLK),sum(TO),sum(PF),sum(PTS),sum(PLUS_MINUS),sum(ifminute),avg(seconds),sum(seconds)
1610612744,1628395,Jordan Bell,2.6285714285714286,3.8285714285714287,0.0,0.05714285714285714,0.45714285714285713,0.6857142857142857,1.4,2.6285714285714286,4.0285714285714285,1.8571428571428572,0.8,1.1428571428571428,0.9714285714285714,1.8,5.714285714285714,4.057142857142857,92.0,134.0,0.0,2.0,16.0,24.0,49.0,92.0,141.0,65.0,28.0,40.0,34.0,63.0,200.0,142.0,35,865.6857142857143,30299.0
1610612756,202688,Brandon Knight,3.05,7.5,0.5,2.05,1.5,1.65,0.35,1.1,1.45,2.0,0.3,0.15,1.1,1.45,8.1,-2.95,61.0,150.0,10.0,41.0,30.0,33.0,7.0,22.0,29.0,40.0,6.0,3.0,22.0,29.0,162.0,-59.0,20,1070.1,21402.0
1610612750,201575,Brandon Rush,1.7777777777777777,4.527777777777778,1.1111111111111112,2.7777777777777777,0.3333333333333333,0.4444444444444444,0.4444444444444444,1.9166666666666667,2.361111111111111,1.0555555555555556,0.5555555555555556,0.5833333333333334,0.6388888888888888,1.0277777777777777,5.0,-0.8888888888888888,64.0,163.0,40.0,100.0,12.0,16.0,16.0,69.0,85.0,38.0,20.0,21.0,23.0,37.0,180.0,-32.0,36,1514.75,54531.0
1610612761,203082,Terrence Ross,3.739130434782609,9.130434782608695,1.8695652173913044,5.478260869565218,0.4782608695652174,0.7391304347826086,0.17391304347826086,2.8260869565217392,3.0,1.1304347826086956,0.7391304347826086,0.391304347826087,0.8695652173913043,1.5217391304347827,9.826086956521738,-0.21739130434782608,86.0,210.0,43.0,126.0,11.0,17.0,4.0,65.0,69.0,26.0,17.0,9.0,20.0,35.0,226.0,-5.0,23,1474.2608695652175,33908.0
