TEAM_ID,PLAYER_ID,PLAYER_NAME,avg(FGM),avg(FGA),avg(FG3M),avg(FG3A),avg(FTM),avg(FTA),avg(OREB),avg(DREB),avg(REB),avg(AST),avg(STL),avg(BLK),avg(TO),avg(PF),avg(PTS),avg(PLUS_MINUS),sum(FGM),sum(FGA),sum(FG3M),sum(FG3A),sum(FTM),sum(FTA),sum(OREB),sum(DREB),sum(REB),sum(AST),sum(STL),sum(BLK),sum(TO),sum(PF),sum(PTS),sum(PLUS_MINUS),sum(ifminute),avg(seconds),sum(seconds)
1610612740,204025,Tim Frazier,1.393939393939394,4.03030303030303,0.3333333333333333,1.5757575757575757,1.0,1.4848484848484849,0.45454545454545453,1.4545454545454546,1.9090909090909092,3.4545454545454546,0.5757575757575758,0.0,0.8484848484848485,1.5757575757575757,4.121212121212121,-1.2424242424242424,46.0,133.0,11.0,52.0,33.0,49.0,15.0,48.0,63.0,114.0,19.0,0.0,28.0,52.0,136.0,-41.0,33,1089.939393939394,35968.0
1610612744,1627362,Briante Weber,0.7142857142857143,2.0,0.0,0.42857142857142855,0.2857142857142857,0.42857142857142855,0.0,0.5714285714285714,0.5714285714285714,0.7142857142857143,0.42857142857142855,0.14285714285714285,0.42857142857142855,0.5714285714285714,1.7142857142857142,-2.2857142857142856,5.0,14.0,0.0,3.0,2.0,3.0,0.0,4.0,4.0,5.0,3.0,1.0,3.0,4.0,12.0,-16.0,7,393.14285714285717,2752.0
1610612747,101150,Lou Williams,5.545454545454546,12.363636363636363,2.5,6.136363636363637,5.0,5.5,0.22727272727272727,1.9090909090909092,2.1363636363636362,3.0454545454545454,0.8181818181818182,0.13636363636363635,1.7727272727272727,1.1818181818181819,18.59090909090909,-1.3636363636363635,122.0,272.0,55.0,135.0,110.0,121.0,5.0,42.0,47.0,67.0,18.0,3.0,39.0,26.0,409.0,-30.0,22,1365.0,30030.0
