TEAM_ID,PLAYER_ID,PLAYER_NAME,avg(FGM),avg(FGA),avg(FG3M),avg(FG3A),avg(FTM),avg(FTA),avg(OREB),avg(DREB),avg(REB),avg(AST),avg(STL),avg(BLK),avg(TO),avg(PF),avg(PTS),avg(PLUS_MINUS),sum(FGM),sum(FGA),sum(FG3M),sum(FG3A),sum(FTM),sum(FTA),sum(OREB),sum(DREB),sum(REB),sum(AST),sum(STL),sum(BLK),sum(TO),sum(PF),sum(PTS),sum(PLUS_MINUS),sum(ifminute),avg(seconds),sum(seconds)
1610612745,204028,Tarik Black,1.305084745762712,2.2542372881355934,0.01694915254237288,0.1864406779661017,0.5254237288135594,1.152542372881356,1.1355932203389831,1.7796610169491525,2.9152542372881354,0.2542372881355932,0.3728813559322034,0.5254237288135594,0.6440677966101694,1.9322033898305084,3.152542372881356,-1.9830508474576272,77.0,133.0,1.0,11.0,31.0,68.0,67.0,105.0,172.0,15.0,22.0,31.0,38.0,114.0,186.0,-117.0,59,581.0,34279.0
1610612764,201975,Jodie Meeks,2.049382716049383,5.172839506172839,0.9506172839506173,2.7777777777777777,1.3703703703703705,1.5802469135802468,0.18518518518518517,1.4320987654320987,1.617283950617284,0.8888888888888888,0.37037037037037035,0.04938271604938271,0.4691358024691358,0.7037037037037037,6.419753086419753,-2.1481481481481484,166.0,419.0,77.0,225.0,111.0,128.0,15.0,116.0,131.0,72.0,30.0,4.0,38.0,57.0,520.0,-174.0,81,871.7037037037037,70608.0
1610612751,203925,Joe Harris,3.8536585365853657,7.841463414634147,1.9268292682926829,4.597560975609756,1.0853658536585367,1.3048780487804879,0.6341463414634146,2.6463414634146343,3.2804878048780486,1.5975609756097562,0.43902439024390244,0.25609756097560976,1.170731707317073,1.9146341463414633,10.71951219512195,-1.3414634146341464,316.0,643.0,158.0,377.0,89.0,107.0,52.0,217.0,269.0,131.0,36.0,21.0,96.0,157.0,879.0,-110.0,82,1501.0731707317073,123088.0
1610612757,1627834,Georgios Papagiannis,1.0,1.0,0.0,0.0,0.0,0.0,1.0,0.0,1.0,0.0,2.0,0.0,0.0,0.0,2.0,15.0,1.0,1.0,0.0,0.0,0.0,0.0,1.0,0.0,1.0,0.0,2.0,0.0,0.0,0.0,2.0,15.0,1,224.0,224.0
