TEAM_ID,PLAYER_ID,PLAYER_NAME,avg(FGM),avg(FGA),avg(FG3M),avg(FG3A),avg(FTM),avg(FTA),avg(OREB),avg(DREB),avg(REB),avg(AST),avg(STL),avg(BLK),avg(TO),avg(PF),avg(PTS),avg(PLUS_MINUS),sum(FGM),sum(FGA),sum(FG3M),sum(FG3A),sum(FTM),sum(FTA),sum(OREB),sum(DREB),sum(REB),sum(AST),sum(STL),sum(BLK),sum(TO),sum(PF),sum(PTS),sum(PLUS_MINUS),sum(ifminute),avg(seconds),sum(seconds)
1610612744,201939,Stephen Curry,8.457142857142857,17.428571428571427,4.128571428571429,9.842857142857143,4.828571428571428,5.228571428571429,0.6714285714285714,4.628571428571429,5.3,5.828571428571428,1.5857142857142856,0.2857142857142857,2.8857142857142857,2.2714285714285714,25.87142857142857,9.514285714285714,592.0,1220.0,289.0,689.0,338.0,366.0,47.0,324.0,371.0,408.0,111.0,20.0,202.0,159.0,1811.0,666.0,70,1957.3285714285714,137013.0
1610612761,1627751,Jakob Poeltl,2.9479166666666665,4.46875,0.010416666666666666,0.03125,0.8645833333333334,1.40625,1.9270833333333333,2.78125,4.708333333333333,0.6875,0.4583333333333333,1.1041666666666667,1.0416666666666667,2.5520833333333335,6.770833333333333,2.3645833333333335,283.0,429.0,1.0,3.0,83.0,135.0,185.0,267.0,452.0,66.0,44.0,106.0,100.0,245.0,650.0,227.0,96,1090.2708333333333,104666.0
1610612764,1626191,Chris McCullough,1.0952380952380953,2.380952380952381,0.09523809523809523,0.5714285714285714,0.42857142857142855,0.6666666666666666,0.3333333333333333,1.0952380952380953,1.4285714285714286,0.19047619047619047,0.09523809523809523,0.23809523809523808,0.14285714285714285,0.42857142857142855,2.7142857142857144,-0.5714285714285714,23.0,50.0,2.0,12.0,9.0,14.0,7.0,23.0,30.0,4.0,2.0,5.0,3.0,9.0,57.0,-12.0,21,336.7142857142857,7071.0
1610612743,203486,Mason Plumlee,3.0126582278481013,4.974683544303797,0.0,0.012658227848101266,1.1518987341772151,2.5063291139240507,1.8354430379746836,3.7088607594936707,5.544303797468355,1.9493670886075949,0.6455696202531646,1.0759493670886076,1.4303797468354431,2.4683544303797467,7.177215189873418,-0.31645569620253167,238.0,393.0,0.0,1.0,91.0,198.0,145.0,293.0,438.0,154.0,51.0,85.0,113.0,195.0,567.0,-25.0,79,1172.759493670886,92648.0
