TEAM_ID,PLAYER_ID,PLAYER_NAME,avg(FGM),avg(FGA),avg(FG3M),avg(FG3A),avg(FTM),avg(FTA),avg(OREB),avg(DREB),avg(REB),avg(AST),avg(STL),avg(BLK),avg(TO),avg(PF),avg(PTS),avg(PLUS_MINUS),sum(FGM),sum(FGA),sum(FG3M),sum(FG3A),sum(FTM),sum(FTA),sum(OREB),sum(DREB),sum(REB),sum(AST),sum(STL),sum(BLK),sum(TO),sum(PF),sum(PTS),sum(PLUS_MINUS),sum(ifminute),avg(seconds),sum(seconds)
1610612745,201935,James Harden,8.666666666666666,19.947916666666668,3.5416666666666665,10.21875,9.208333333333334,10.71875,0.8020833333333334,5.770833333333333,6.572916666666667,9.791666666666666,1.7291666666666667,0.53125,5.229166666666667,2.84375,30.083333333333332,4.864583333333333,832.0,1915.0,340.0,981.0,884.0,1029.0,77.0,554.0,631.0,940.0,166.0,51.0,502.0,273.0,2888.0,467.0,96,2177.40625,209031.0
1610612758,204022,Jack Cooley,0.0,0.5,0.0,0.0,0.75,1.0,0.25,0.75,1.0,0.25,0.0,0.0,0.5,0.75,0.75,0.5,0.0,2.0,0.0,0.0,3.0,4.0,1.0,3.0,4.0,1.0,0.0,0.0,2.0,3.0,3.0,2.0,4,297.5,1190.0
