TEAM_ID,PLAYER_ID,PLAYER_NAME,avg(FGM),avg(FGA),avg(FG3M),avg(FG3A),avg(FTM),avg(FTA),avg(OREB),avg(DREB),avg(REB),avg(AST),avg(STL),avg(BLK),avg(TO),avg(PF),avg(PTS),avg(PLUS_MINUS),sum(FGM),sum(FGA),sum(FG3M),sum(FG3A),sum(FTM),sum(FTA),sum(OREB),sum(DREB),sum(REB),sum(AST),sum(STL),sum(BLK),sum(TO),sum(PF),sum(PTS),sum(PLUS_MINUS),sum(ifminute),avg(seconds),sum(seconds)
1610612739,203903,Jordan Clarkson,3.574468085106383,8.72340425531915,1.1702127659574468,3.276595744680851,1.1063829787234043,1.3617021276595744,0.46808510638297873,1.446808510638298,1.9148936170212767,1.297872340425532,0.574468085106383,0.1276595744680851,0.9574468085106383,1.3829787234042554,9.425531914893616,-1.1702127659574468,168.0,410.0,55.0,154.0,52.0,64.0,22.0,68.0,90.0,61.0,27.0,6.0,45.0,65.0,443.0,-55.0,47,1171.063829787234,55040.0
1610612757,202329,Al-Farouq Aminu,3.3846153846153846,8.35897435897436,1.8205128205128205,4.884615384615385,0.8846153846153846,1.1923076923076923,1.4743589743589745,6.051282051282051,7.5256410256410255,1.1794871794871795,1.1153846153846154,0.5641025641025641,1.1282051282051282,1.9615384615384615,9.474358974358974,2.7948717948717947,264.0,652.0,142.0,381.0,69.0,93.0,115.0,472.0,587.0,92.0,87.0,44.0,88.0,153.0,739.0,218.0,78,1770.423076923077,138093.0
1610612753,1628371,Jonathan Isaac,2.1818181818181817,5.696969696969697,0.5757575757575758,1.8484848484848484,0.7878787878787878,1.1515151515151516,0.5454545454545454,2.9696969696969697,3.515151515151515,0.696969696969697,1.1515151515151516,1.1515151515151516,1.0909090909090908,1.8181818181818181,5.7272727272727275,-2.6363636363636362,72.0,188.0,19.0,61.0,26.0,38.0,18.0,98.0,116.0,23.0,38.0,38.0,36.0,60.0,189.0,-87.0,33,1223.5151515151515,40376.0
1610612740,203580,Larry Drew II,0.8571428571428571,2.4285714285714284,0.42857142857142855,0.8571428571428571,0.0,0.0,0.2857142857142857,0.0,0.2857142857142857,1.1428571428571428,0.0,0.0,0.2857142857142857,0.5714285714285714,2.142857142857143,-1.1428571428571428,6.0,17.0,3.0,6.0,0.0,0.0,2.0,0.0,2.0,8.0,0.0,0.0,2.0,4.0,15.0,-8.0,7,475.42857142857144,3328.0
