TEAM_ID,PLAYER_ID,PLAYER_NAME,avg(FGM),avg(FGA),avg(FG3M),avg(FG3A),avg(FTM),avg(FTA),avg(OREB),avg(DREB),avg(REB),avg(AST),avg(STL),avg(BLK),avg(TO),avg(PF),avg(PTS),avg(PLUS_MINUS),sum(FGM),sum(FGA),sum(FG3M),sum(FG3A),sum(FTM),sum(FTA),sum(OREB),sum(DREB),sum(REB),sum(AST),sum(STL),sum(BLK),sum(TO),sum(PF),sum(PTS),sum(PLUS_MINUS),sum(ifminute),avg(seconds),sum(seconds)
1610612764,101162,Marcin Gortat,4.028846153846154,7.259615384615385,0.0,0.009615384615384616,1.1923076923076923,1.8076923076923077,2.5961538461538463,6.365384615384615,8.961538461538462,1.6057692307692308,0.47115384615384615,0.7980769230769231,1.3461538461538463,2.269230769230769,9.25,2.4615384615384617,419.0,755.0,0.0,1.0,124.0,188.0,270.0,662.0,932.0,167.0,49.0,83.0,140.0,236.0,962.0,256.0,104,1679.4807692307693,174666.0
1610612745,201583,Ryan Anderson,3.7906976744186047,9.19767441860465,2.4767441860465116,6.569767441860465,1.3255813953488371,1.6162790697674418,1.441860465116279,3.2209302325581395,4.662790697674419,0.8604651162790697,0.4186046511627907,0.2441860465116279,0.7441860465116279,2.0232558139534884,11.383720930232558,3.104651162790698,326.0,791.0,213.0,565.0,114.0,139.0,124.0,277.0,401.0,74.0,36.0,21.0,64.0,174.0,979.0,267.0,86,1710.6511627906978,147116.0
1610612737,1628416,Tyler Dorsey,0.875,2.875,0.5,1.5,0.375,0.4375,0.125,1.125,1.25,0.5625,0.125,0.125,0.625,0.4375,2.625,1.0625,14.0,46.0,8.0,24.0,6.0,7.0,2.0,18.0,20.0,9.0,2.0,2.0,10.0,7.0,42.0,17.0,16,561.0625,8977.0
1610612759,2225,Tony Parker,4.39344262295082,8.885245901639344,0.4262295081967213,1.1147540983606556,1.3114754098360655,1.8360655737704918,0.09836065573770492,1.8524590163934427,1.9508196721311475,4.295081967213115,0.5573770491803278,0.03278688524590164,1.4426229508196722,1.2459016393442623,10.524590163934427,2.098360655737705,268.0,542.0,26.0,68.0,80.0,112.0,6.0,113.0,119.0,262.0,34.0,2.0,88.0,76.0,642.0,128.0,61,1455.967213114754,88814.0
1610612747,201572,Brook Lopez,4.838709677419355,10.806451612903226,1.2258064516129032,3.967741935483871,1.7741935483870968,2.3548387096774195,1.2903225806451613,2.903225806451613,4.193548387096774,1.5806451612903225,0.45161290322580644,1.4516129032258065,1.7096774193548387,2.903225806451613,12.67741935483871,-0.8709677419354839,150.0,335.0,38.0,123.0,55.0,73.0,40.0,90.0,130.0,49.0,14.0,45.0,53.0,90.0,393.0,-27.0,31,1322.8064516129032,41007.0
