TEAM_ID,PLAYER_ID,PLAYER_NAME,avg(FGM),avg(FGA),avg(FG3M),avg(FG3A),avg(FTM),avg(FTA),avg(OREB),avg(DREB),avg(REB),avg(AST),avg(STL),avg(BLK),avg(TO),avg(PF),avg(PTS),avg(PLUS_MINUS),sum(FGM),sum(FGA),sum(FG3M),sum(FG3A),sum(FTM),sum(FTA),sum(OREB),sum(DREB),sum(REB),sum(AST),sum(STL),sum(BLK),sum(TO),sum(PF),sum(PTS),sum(PLUS_MINUS),sum(ifminute),avg(seconds),sum(seconds)
1610612759,200746,LaMarcus Aldridge,8.964705882352941,17.576470588235296,0.38823529411764707,1.2823529411764707,4.517647058823529,5.305882352941176,3.1176470588235294,5.188235294117647,8.305882352941177,2.0941176470588236,0.5882352941176471,1.1058823529411765,1.4941176470588236,2.1058823529411765,22.83529411764706,2.8588235294117648,762.0,1494.0,33.0,109.0,384.0,451.0,265.0,441.0,706.0,178.0,50.0,94.0,127.0,179.0,1941.0,243.0,85,1988.6823529411765,169038.0
1610612765,202397,Ish Smith,4.816091954022989,9.850574712643677,0.42528735632183906,1.264367816091954,1.0114942528735633,1.4367816091954022,0.3563218390804598,2.3793103448275863,2.735632183908046,4.563218390804598,0.7931034482758621,0.27586206896551724,1.367816091954023,1.7126436781609196,11.068965517241379,1.0804597701149425,419.0,857.0,37.0,110.0,88.0,125.0,31.0,207.0,238.0,397.0,69.0,24.0,119.0,149.0,963.0,94.0,87,1497.2758620689656,130263.0
1610612751,1627821,James Webb III,0.6,2.4,0.4,1.9,0.0,0.0,0.8,1.6,2.4,0.4,0.1,0.0,0.4,1.0,1.6,-2.6,6.0,24.0,4.0,19.0,0.0,0.0,8.0,16.0,24.0,4.0,1.0,0.0,4.0,10.0,16.0,-26.0,10,719.6,7196.0
1610612738,202918,Xavier Silas,0.0,1.5,0.0,1.0,0.0,0.0,0.5,0.5,1.0,0.0,0.5,0.0,0.0,0.5,0.0,0.5,0.0,3.0,0.0,2.0,0.0,0.0,1.0,1.0,2.0,0.0,1.0,0.0,0.0,1.0,0.0,1.0,2,225.0,450.0
