TEAM_ID,PLAYER_ID,PLAYER_NAME,avg(FGM),avg(FGA),avg(FG3M),avg(FG3A),avg(FTM),avg(FTA),avg(OREB),avg(DREB),avg(REB),avg(AST),avg(STL),avg(BLK),avg(TO),avg(PF),avg(PTS),avg(PLUS_MINUS),sum(FGM),sum(FGA),sum(FG3M),sum(FG3A),sum(FTM),sum(FTA),sum(OREB),sum(DREB),sum(REB),sum(AST),sum(STL),sum(BLK),sum(TO),sum(PF),sum(PTS),sum(PLUS_MINUS),sum(ifminute),avg(seconds),sum(seconds)
1610612744,1627775,Patrick McCaw,1.6701030927835052,3.7422680412371134,0.5360824742268041,1.7216494845360826,0.5360824742268041,0.6701030927835051,0.3711340206185567,1.2268041237113403,1.597938144329897,1.2371134020618557,0.5876288659793815,0.17525773195876287,0.5463917525773195,0.9381443298969072,4.412371134020619,-0.25773195876288657,162.0,363.0,52.0,167.0,52.0,65.0,36.0,119.0,155.0,120.0,57.0,17.0,53.0,91.0,428.0,-25.0,97,954.7835051546392,92614.0
1610612752,204001,Kristaps Porzingis,7.257575757575758,16.28787878787879,1.4848484848484849,4.424242424242424,3.803030303030303,4.651515151515151,1.4393939393939394,5.121212121212121,6.5606060606060606,1.4090909090909092,0.6212121212121212,2.121212121212121,1.9090909090909092,3.303030303030303,19.803030303030305,-0.5,479.0,1075.0,98.0,292.0,251.0,307.0,95.0,338.0,433.0,93.0,41.0,140.0,126.0,218.0,1307.0,-33.0,66,1867.7121212121212,123269.0
1610612744,1628449,Chris Boucher,"","","","","","","","","","","","","","","","","","","","","","","","","","","","","","","","",0,"",""
1610612739,1628554,Isaac Hamilton,"","","","","","","","","","","","","","","","","","","","","","","","","","","","","","","","",0,"",""
1610612754,203199,DeQuan Jones,1.0,2.3333333333333335,0.0,0.3333333333333333,0.0,0.3333333333333333,0.0,1.3333333333333333,1.3333333333333333,0.3333333333333333,0.3333333333333333,0.0,1.0,1.0,2.0,-8.333333333333334,3.0,7.0,0.0,1.0,0.0,1.0,0.0,4.0,4.0,1.0,1.0,0.0,3.0,3.0,6.0,-25.0,3,682.3333333333334,2047.0
1610612740,203138,Hollis Thompson,1.2222222222222223,4.555555555555555,0.6666666666666666,2.6666666666666665,0.6666666666666666,1.0,0.4444444444444444,2.6666666666666665,3.111111111111111,1.0,0.6666666666666666,0.0,0.2222222222222222,1.5555555555555556,3.7777777777777777,2.111111111111111,11.0,41.0,6.0,24.0,6.0,9.0,4.0,24.0,28.0,9.0,6.0,0.0,2.0,14.0,34.0,19.0,9,1275.3333333333333,11478.0
