TEAM_ID,PLAYER_ID,PLAYER_NAME,avg(FGM),avg(FGA),avg(FG3M),avg(FG3A),avg(FTM),avg(FTA),avg(OREB),avg(DREB),avg(REB),avg(AST),avg(STL),avg(BLK),avg(TO),avg(PF),avg(PTS),avg(PLUS_MINUS),sum(FGM),sum(FGA),sum(FG3M),sum(FG3A),sum(FTM),sum(FTA),sum(OREB),sum(DREB),sum(REB),sum(AST),sum(STL),sum(BLK),sum(TO),sum(PF),sum(PTS),sum(PLUS_MINUS),sum(ifminute),avg(seconds),sum(seconds)
1610612738,203935,Marcus Smart,3.4657534246575343,9.397260273972602,1.3287671232876712,4.506849315068493,1.8493150684931507,2.5342465753424657,0.821917808219178,2.7260273972602738,3.547945205479452,4.7534246575342465,1.4109589041095891,0.4657534246575342,2.315068493150685,2.5205479452054793,10.10958904109589,3.5205479452054793,253.0,686.0,97.0,329.0,135.0,185.0,60.0,199.0,259.0,347.0,103.0,34.0,169.0,184.0,738.0,257.0,73,1754.4657534246576,128076.0
