TEAM_ID,PLAYER_ID,PLAYER_NAME,avg(FGM),avg(FGA),avg(FG3M),avg(FG3A),avg(FTM),avg(FTA),avg(OREB),avg(DREB),avg(REB),avg(AST),avg(STL),avg(BLK),avg(TO),avg(PF),avg(PTS),avg(PLUS_MINUS),sum(FGM),sum(FGA),sum(FG3M),sum(FG3A),sum(FTM),sum(FTA),sum(OREB),sum(DREB),sum(REB),sum(AST),sum(STL),sum(BLK),sum(TO),sum(PF),sum(PTS),sum(PLUS_MINUS),sum(ifminute),avg(seconds),sum(seconds)
1610612749,203503,Tony Snell,3.0568181818181817,6.340909090909091,1.8409090909090908,4.068181818181818,0.5909090909090909,0.7386363636363636,0.19318181818181818,2.272727272727273,2.465909090909091,1.2840909090909092,0.7045454545454546,0.22727272727272727,0.6136363636363636,1.5568181818181819,8.545454545454545,-1.0909090909090908,269.0,558.0,162.0,358.0,52.0,65.0,17.0,200.0,217.0,113.0,62.0,20.0,54.0,137.0,752.0,-96.0,88,1777.6477272727273,156433.0
1610612749,203521,Matthew Dellavedova,2.356164383561644,6.027397260273973,0.9315068493150684,2.410958904109589,1.0273972602739727,1.1917808219178083,0.3013698630136986,1.3835616438356164,1.6849315068493151,3.767123287671233,0.4657534246575342,0.0,1.5205479452054795,1.8630136986301369,6.671232876712328,-1.452054794520548,172.0,440.0,68.0,176.0,75.0,87.0,22.0,101.0,123.0,275.0,34.0,0.0,111.0,136.0,487.0,-106.0,73,1388.86301369863,101387.0
1610612757,1627817,Tim Quarterman,1.1666666666666667,3.5,0.6666666666666666,1.6666666666666667,0.0,0.5,0.3333333333333333,1.0,1.3333333333333333,0.8333333333333334,0.16666666666666666,0.16666666666666666,1.1666666666666667,0.6666666666666666,3.0,-1.1666666666666667,7.0,21.0,4.0,10.0,0.0,3.0,2.0,6.0,8.0,5.0,1.0,1.0,7.0,4.0,18.0,-7.0,6,477.3333333333333,2864.0
