TEAM_ID,PLAYER_ID,PLAYER_NAME,avg(FGM),avg(FGA),avg(FG3M),avg(FG3A),avg(FTM),avg(FTA),avg(OREB),avg(DREB),avg(REB),avg(AST),avg(STL),avg(BLK),avg(TO),avg(PF),avg(PTS),avg(PLUS_MINUS),sum(FGM),sum(FGA),sum(FG3M),sum(FG3A),sum(FTM),sum(FTA),sum(OREB),sum(DREB),sum(REB),sum(AST),sum(STL),sum(BLK),sum(TO),sum(PF),sum(PTS),sum(PLUS_MINUS),sum(ifminute),avg(seconds),sum(seconds)
1610612758,202066,Garrett Temple,3.073529411764706,7.352941176470588,1.3823529411764706,3.4705882352941178,0.9705882352941176,1.2352941176470589,0.3382352941176471,2.014705882352941,2.3529411764705883,1.8823529411764706,0.9117647058823529,0.4117647058823529,1.2058823529411764,2.0588235294117645,8.5,-3.7941176470588234,209.0,500.0,94.0,236.0,66.0,84.0,23.0,137.0,160.0,128.0,62.0,28.0,82.0,140.0,578.0,-258.0,68,1485.8088235294117,101035.0
1610612766,203087,Jeremy Lamb,4.771084337349397,10.36144578313253,1.1686746987951808,3.1686746987951806,2.289156626506024,2.6867469879518073,0.6265060240963856,3.4457831325301207,4.072289156626506,2.3493975903614457,0.7590361445783133,0.39759036144578314,1.1325301204819278,1.6987951807228916,13.0,0.9518072289156626,396.0,860.0,97.0,263.0,190.0,223.0,52.0,286.0,338.0,195.0,63.0,33.0,94.0,141.0,1079.0,79.0,83,1471.7951807228915,122159.0
1610612766,1626195,Willy Hernangomez,1.9090909090909092,3.772727272727273,0.18181818181818182,0.3181818181818182,2.1363636363636362,2.8181818181818183,1.7727272727272727,3.5,5.2727272727272725,0.5454545454545454,0.45454545454545453,0.4090909090909091,0.4090909090909091,1.4545454545454546,6.136363636363637,0.8636363636363636,42.0,83.0,4.0,7.0,47.0,62.0,39.0,77.0,116.0,12.0,10.0,9.0,9.0,32.0,135.0,19.0,22,713.6363636363636,15700.0
1610612739,202738,Isaiah Thomas,4.666666666666667,12.933333333333334,1.4666666666666666,5.8,3.933333333333333,4.533333333333333,0.4666666666666667,1.6,2.066666666666667,4.533333333333333,0.6,0.13333333333333333,2.7333333333333334,1.6666666666666667,14.733333333333333,-8.933333333333334,70.0,194.0,22.0,87.0,59.0,68.0,7.0,24.0,31.0,68.0,9.0,2.0,41.0,25.0,221.0,-134.0,15,1623.4,24351.0
1610612744,1628174,Alex Hamilton,1.0,1.0,0.0,0.0,0.0,0.0,0.0,0.0,0.0,0.0,0.0,0.0,0.0,0.0,2.0,1.0,1.0,1.0,0.0,0.0,0.0,0.0,0.0,0.0,0.0,0.0,0.0,0.0,0.0,0.0,2.0,1.0,1,170.0,170.0
