TEAM_ID,PLAYER_ID,PLAYER_NAME,avg(FGM),avg(FGA),avg(FG3M),avg(FG3A),avg(FTM),avg(FTA),avg(OREB),avg(DREB),avg(REB),avg(AST),avg(STL),avg(BLK),avg(TO),avg(PF),avg(PTS),avg(PLUS_MINUS),sum(FGM),sum(FGA),sum(FG3M),sum(FG3A),sum(FTM),sum(FTA),sum(OREB),sum(DREB),sum(REB),sum(AST),sum(STL),sum(BLK),sum(TO),sum(PF),sum(PTS),sum(PLUS_MINUS),sum(ifminute),avg(seconds),sum(seconds)
1610612757,1627735,Wade Baldwin IV,1.3636363636363635,2.272727272727273,0.45454545454545453,0.5454545454545454,0.6363636363636364,1.0909090909090908,0.09090909090909091,0.9090909090909091,1.0,0.7272727272727273,0.2727272727272727,0.18181818181818182,0.6363636363636364,1.1818181818181819,3.8181818181818183,1.0909090909090908,15.0,25.0,5.0,6.0,7.0,12.0,1.0,10.0,11.0,8.0,3.0,2.0,7.0,13.0,42.0,12.0,11,543.1818181818181,5975.0
