TEAM_ID,PLAYER_ID,PLAYER_NAME,avg(FGM),avg(FGA),avg(FG3M),avg(FG3A),avg(FTM),avg(FTA),avg(OREB),avg(DREB),avg(REB),avg(AST),avg(STL),avg(BLK),avg(TO),avg(PF),avg(PTS),avg(PLUS_MINUS),sum(FGM),sum(FGA),sum(FG3M),sum(FG3A),sum(FTM),sum(FTA),sum(OREB),sum(DREB),sum(REB),sum(AST),sum(STL),sum(BLK),sum(TO),sum(PF),sum(PTS),sum(PLUS_MINUS),sum(ifminute),avg(seconds),sum(seconds)
1610612744,2733,Shaun Livingston,2.4479166666666665,4.833333333333333,0.0,0.0625,0.7916666666666666,0.9583333333333334,0.4791666666666667,1.4375,1.9166666666666667,1.8333333333333333,0.4479166666666667,0.22916666666666666,0.8125,1.59375,5.6875,1.6979166666666667,235.0,464.0,0.0,6.0,76.0,92.0,46.0,138.0,184.0,176.0,43.0,22.0,78.0,153.0,546.0,163.0,96,961.28125,92283.0
1610612740,2746,Josh Smith,0.3333333333333333,1.3333333333333333,0.0,0.0,0.0,0.0,1.0,0.3333333333333333,1.3333333333333333,0.0,0.0,0.0,0.0,1.0,0.6666666666666666,-3.3333333333333335,1.0,4.0,0.0,0.0,0.0,0.0,3.0,1.0,4.0,0.0,0.0,0.0,0.0,3.0,2.0,-10.0,3,236.66666666666666,710.0
