TEAM_ID,PLAYER_ID,PLAYER_NAME,avg(FGM),avg(FGA),avg(FG3M),avg(FG3A),avg(FTM),avg(FTA),avg(OREB),avg(DREB),avg(REB),avg(AST),avg(STL),avg(BLK),avg(TO),avg(PF),avg(PTS),avg(PLUS_MINUS),sum(FGM),sum(FGA),sum(FG3M),sum(FG3A),sum(FTM),sum(FTA),sum(OREB),sum(DREB),sum(REB),sum(AST),sum(STL),sum(BLK),sum(TO),sum(PF),sum(PTS),sum(PLUS_MINUS),sum(ifminute),avg(seconds),sum(seconds)
1610612739,2570,Kendrick Perkins,1.5,2.75,0.0,0.0,0.75,1.5,0.5,2.5,3.0,1.25,0.25,0.5,1.75,2.25,3.75,-1.75,6.0,11.0,0.0,0.0,3.0,6.0,2.0,10.0,12.0,5.0,1.0,2.0,7.0,9.0,15.0,-7.0,4,762.0,3048.0
1610612743,203115,Will Barton,5.6976744186046515,12.63953488372093,1.930232558139535,5.127906976744186,2.1744186046511627,2.7093023255813953,0.8372093023255814,4.116279069767442,4.953488372093023,4.116279069767442,1.0465116279069768,0.6511627906976745,1.802325581395349,2.046511627906977,15.5,1.441860465116279,490.0,1087.0,166.0,441.0,187.0,233.0,72.0,354.0,426.0,354.0,90.0,56.0,155.0,176.0,1333.0,124.0,86,1961.2209302325582,168665.0
1610612766,101107,Marvin Williams,3.2650602409638556,7.168674698795181,1.5903614457831325,3.891566265060241,1.3132530120481927,1.5903614457831325,0.927710843373494,3.746987951807229,4.674698795180723,1.1927710843373494,0.6867469879518072,0.4819277108433735,0.8433734939759037,1.4698795180722892,9.433734939759036,0.6746987951807228,271.0,595.0,132.0,323.0,109.0,132.0,77.0,311.0,388.0,99.0,57.0,40.0,70.0,122.0,783.0,56.0,83,1533.3975903614457,127272.0
1610612766,201587,Nicolas Batum,4.151515151515151,10.0,1.4090909090909092,4.196969696969697,1.6515151515151516,1.9848484848484849,0.8636363636363636,3.772727272727273,4.636363636363637,5.318181818181818,0.9848484848484849,0.36363636363636365,2.0,1.106060606060606,11.363636363636363,0.0,274.0,660.0,93.0,277.0,109.0,131.0,57.0,249.0,306.0,351.0,65.0,24.0,132.0,73.0,750.0,0.0,66,1822.121212121212,120260.0
1610612756,1626164,Devin Booker,8.210526315789474,19.140350877192983,2.6666666666666665,6.894736842105263,5.368421052631579,6.087719298245614,0.5087719298245614,3.8771929824561404,4.385964912280702,4.684210526315789,0.9122807017543859,0.24561403508771928,3.526315789473684,3.0526315789473686,24.45614035087719,-6.859649122807017,468.0,1091.0,152.0,393.0,306.0,347.0,29.0,221.0,250.0,267.0,52.0,14.0,201.0,174.0,1394.0,-391.0,57,2050.7368421052633,116892.0
1610612737,203098,John Jenkins,1.5,4.0,0.5,1.5,0.5,0.5,0.5,0.5,1.0,0.0,0.0,0.0,0.5,0.0,4.0,1.0,3.0,8.0,1.0,3.0,1.0,1.0,1.0,1.0,2.0,0.0,0.0,0.0,1.0,0.0,8.0,2.0,2,463.0,926.0
