TEAM_ID,PLAYER_ID,PLAYER_NAME,avg(FGM),avg(FGA),avg(FG3M),avg(FG3A),avg(FTM),avg(FTA),avg(OREB),avg(DREB),avg(REB),avg(AST),avg(STL),avg(BLK),avg(TO),avg(PF),avg(PTS),avg(PLUS_MINUS),sum(FGM),sum(FGA),sum(FG3M),sum(FG3A),sum(FTM),sum(FTA),sum(OREB),sum(DREB),sum(REB),sum(AST),sum(STL),sum(BLK),sum(TO),sum(PF),sum(PTS),sum(PLUS_MINUS),sum(ifminute),avg(seconds),sum(seconds)
1610612757,1626192,Pat Connaughton,1.7205882352941178,3.8823529411764706,0.8382352941176471,2.1911764705882355,0.4411764705882353,0.5147058823529411,0.3235294117647059,1.6029411764705883,1.9264705882352942,1.1176470588235294,0.22058823529411764,0.19117647058823528,0.5735294117647058,1.0735294117647058,4.720588235294118,0.7794117647058824,117.0,264.0,57.0,149.0,30.0,35.0,22.0,109.0,131.0,76.0,15.0,13.0,39.0,73.0,321.0,53.0,68,919.1176470588235,62500.0
1610612743,2210,Richard Jefferson,0.4444444444444444,1.4444444444444444,0.1111111111111111,0.5555555555555556,0.2222222222222222,0.5555555555555556,0.0,0.3333333333333333,0.3333333333333333,0.7777777777777778,0.0,0.0,0.0,0.3333333333333333,1.2222222222222223,-3.0,4.0,13.0,1.0,5.0,2.0,5.0,0.0,3.0,3.0,7.0,0.0,0.0,0.0,3.0,11.0,-27.0,9,385.6666666666667,3471.0
1610612739,201145,Jeff Green,3.7804878048780486,7.7073170731707314,0.6097560975609756,1.8048780487804879,2.4878048780487805,2.8536585365853657,0.7804878048780488,2.8292682926829267,3.6097560975609757,1.4634146341463414,0.6341463414634146,0.34146341463414637,1.024390243902439,1.8048780487804879,10.658536585365853,1.9268292682926829,155.0,316.0,25.0,74.0,102.0,117.0,32.0,116.0,148.0,60.0,26.0,14.0,42.0,74.0,437.0,79.0,41,1318.6097560975609,54063.0
1610612749,203930,Sean Kilpatrick,3.5,6.0,1.0,3.0,0.0,0.0,0.0,3.5,3.5,2.0,0.0,0.0,0.0,1.0,8.0,3.0,7.0,12.0,2.0,6.0,0.0,0.0,0.0,7.0,7.0,4.0,0.0,0.0,0.0,2.0,16.0,6.0,2,760.5,1521.0
1610612760,1627734,Domantas Sabonis,2.0816326530612246,5.6938775510204085,0.3673469387755102,1.5714285714285714,0.8979591836734694,1.3061224489795917,0.5918367346938775,2.877551020408163,3.4693877551020407,0.7959183673469388,0.42857142857142855,0.32653061224489793,0.9387755102040817,2.4285714285714284,5.428571428571429,0.24489795918367346,102.0,279.0,18.0,77.0,44.0,64.0,29.0,141.0,170.0,39.0,21.0,16.0,46.0,119.0,266.0,12.0,49,1124.5102040816328,55101.0
