TEAM_ID,PLAYER_ID,PLAYER_NAME,avg(FGM),avg(FGA),avg(FG3M),avg(FG3A),avg(FTM),avg(FTA),avg(OREB),avg(DREB),avg(REB),avg(AST),avg(STL),avg(BLK),avg(TO),avg(PF),avg(PTS),avg(PLUS_MINUS),sum(FGM),sum(FGA),sum(FG3M),sum(FG3A),sum(FTM),sum(FTA),sum(OREB),sum(DREB),sum(REB),sum(AST),sum(STL),sum(BLK),sum(TO),sum(PF),sum(PTS),sum(PLUS_MINUS),sum(ifminute),avg(seconds),sum(seconds)
1610612749,202328,Greg Monroe,4.984375,9.296875,0.0,0.046875,2.265625,3.09375,2.203125,4.25,6.453125,2.140625,1.03125,0.484375,1.84375,2.3125,12.234375,0.484375,319.0,595.0,0.0,3.0,145.0,198.0,141.0,272.0,413.0,137.0,66.0,31.0,118.0,148.0,783.0,31.0,64,1386.484375,88735.0
1610612737,1628535,Jordan Mathews,1.0,2.0,0.0,1.0,0.0,0.0,1.0,0.0,1.0,2.0,0.0,0.0,0.0,0.0,2.0,-2.0,1.0,2.0,0.0,1.0,0.0,0.0,1.0,0.0,1.0,2.0,0.0,0.0,0.0,0.0,2.0,-2.0,1,272.0,272.0
1610612760,203926,Doug McDermott,2.4074074074074074,5.2592592592592595,1.037037037037037,2.6296296296296298,0.4444444444444444,0.6296296296296297,0.2222222222222222,1.7777777777777777,2.0,0.5185185185185185,0.1111111111111111,0.07407407407407407,0.25925925925925924,0.8888888888888888,6.296296296296297,-2.0,65.0,142.0,28.0,71.0,12.0,17.0,6.0,48.0,54.0,14.0,3.0,2.0,7.0,24.0,170.0,-54.0,27,1102.851851851852,29777.0
1610612760,202708,Norris Cole,1.0588235294117647,3.5294117647058822,0.23529411764705882,1.0,0.47058823529411764,0.5882352941176471,0.0,0.7058823529411765,0.7058823529411765,0.8823529411764706,0.47058823529411764,0.058823529411764705,0.5294117647058824,1.2941176470588236,2.823529411764706,-2.8823529411764706,18.0,60.0,4.0,17.0,8.0,10.0,0.0,12.0,12.0,15.0,8.0,1.0,9.0,22.0,48.0,-49.0,17,527.5294117647059,8968.0
