TEAM_ID,PLAYER_ID,PLAYER_NAME,avg(FGM),avg(FGA),avg(FG3M),avg(FG3A),avg(FTM),avg(FTA),avg(OREB),avg(DREB),avg(REB),avg(AST),avg(STL),avg(BLK),avg(TO),avg(PF),avg(PTS),avg(PLUS_MINUS),sum(FGM),sum(FGA),sum(FG3M),sum(FG3A),sum(FTM),sum(FTA),sum(OREB),sum(DREB),sum(REB),sum(AST),sum(STL),sum(BLK),sum(TO),sum(PF),sum(PTS),sum(PLUS_MINUS),sum(ifminute),avg(seconds),sum(seconds)
1610612749,1627763,Malcolm Brogdon,4.661016949152542,9.830508474576272,1.1864406779661016,3.1864406779661016,1.4745762711864407,1.6779661016949152,0.4406779661016949,2.6610169491525424,3.1016949152542375,3.0677966101694913,0.7288135593220338,0.22033898305084745,1.4406779661016949,2.5254237288135593,11.983050847457626,-2.1016949152542375,275.0,580.0,70.0,188.0,87.0,99.0,26.0,157.0,183.0,181.0,43.0,13.0,85.0,149.0,707.0,-124.0,59,1723.7796610169491,101703.0
1610612756,1627885,Shaquille Harrison,2.5652173913043477,5.391304347826087,0.2608695652173913,1.1304347826086956,1.2173913043478262,1.6521739130434783,0.391304347826087,2.260869565217391,2.652173913043478,2.391304347826087,1.1304347826086956,0.30434782608695654,0.9565217391304348,1.826086956521739,6.608695652173913,2.0434782608695654,59.0,124.0,6.0,26.0,28.0,38.0,9.0,52.0,61.0,55.0,26.0,7.0,22.0,42.0,152.0,47.0,23,1002.9565217391304,23068.0
1610612740,1626146,Cliff Alexander,0.75,2.0,0.0,0.0,0.75,1.25,0.25,3.5,3.75,0.25,0.0,0.5,0.75,0.5,2.25,-2.0,3.0,8.0,0.0,0.0,3.0,5.0,1.0,14.0,15.0,1.0,0.0,2.0,3.0,2.0,9.0,-8.0,4,529.25,2117.0
