TEAM_ID,PLAYER_ID,PLAYER_NAME,avg(FGM),avg(FGA),avg(FG3M),avg(FG3A),avg(FTM),avg(FTA),avg(OREB),avg(DREB),avg(REB),avg(AST),avg(STL),avg(BLK),avg(TO),avg(PF),avg(PTS),avg(PLUS_MINUS),sum(FGM),sum(FGA),sum(FG3M),sum(FG3A),sum(FTM),sum(FTA),sum(OREB),sum(DREB),sum(REB),sum(AST),sum(STL),sum(BLK),sum(TO),sum(PF),sum(PTS),sum(PLUS_MINUS),sum(ifminute),avg(seconds),sum(seconds)
1610612740,2754,Tony Allen,1.9565217391304348,4.043478260869565,0.17391304347826086,0.5217391304347826,0.4782608695652174,0.9130434782608695,0.8695652173913043,1.173913043478261,2.0434782608695654,0.391304347826087,0.4782608695652174,0.13043478260869565,0.8695652173913043,2.1739130434782608,4.565217391304348,-0.7391304347826086,45.0,93.0,4.0,12.0,11.0,21.0,20.0,27.0,47.0,9.0,11.0,3.0,20.0,50.0,105.0,-17.0,23,737.2173913043479,16956.0
1610612748,201961,Wayne Ellington,3.3,8.133333333333333,2.522222222222222,6.322222222222222,0.6555555555555556,0.7444444444444445,0.26666666666666666,1.9666666666666666,2.2333333333333334,0.9,0.5111111111111111,0.06666666666666667,0.4777777777777778,1.011111111111111,9.777777777777779,1.2444444444444445,297.0,732.0,227.0,569.0,59.0,67.0,24.0,177.0,201.0,81.0,46.0,6.0,43.0,91.0,880.0,112.0,90,1361.2555555555555,122513.0
