TEAM_ID,PLAYER_ID,PLAYER_NAME,avg(FGM),avg(FGA),avg(FG3M),avg(FG3A),avg(FTM),avg(FTA),avg(OREB),avg(DREB),avg(REB),avg(AST),avg(STL),avg(BLK),avg(TO),avg(PF),avg(PTS),avg(PLUS_MINUS),sum(FGM),sum(FGA),sum(FG3M),sum(FG3A),sum(FTM),sum(FTA),sum(OREB),sum(DREB),sum(REB),sum(AST),sum(STL),sum(BLK),sum(TO),sum(PF),sum(PTS),sum(PLUS_MINUS),sum(ifminute),avg(seconds),sum(seconds)
1610612764,201951,Ty Lawson,1.8,5.2,1.0,1.6,1.2,1.2,0.4,2.2,2.6,3.0,0.6,0.0,0.6,1.2,5.8,-0.6,9.0,26.0,5.0,8.0,6.0,6.0,2.0,11.0,13.0,15.0,3.0,0.0,3.0,6.0,29.0,-3.0,5,1155.6,5778.0
1610612745,201148,Brandan Wright,2.0,3.0,0.0,0.0,0.0,0.0,1.0,1.0,2.0,0.0,0.0,1.0,0.0,3.0,4.0,9.0,2.0,3.0,0.0,0.0,0.0,0.0,1.0,1.0,2.0,0.0,0.0,1.0,0.0,3.0,4.0,9.0,1,920.0,920.0
1610612752,1628504,Xavier Rathan-Mayes,0.3333333333333333,3.0,0.0,1.0,0.0,0.6666666666666666,0.0,0.3333333333333333,0.3333333333333333,0.6666666666666666,0.3333333333333333,0.0,0.6666666666666666,2.0,0.6666666666666666,-7.333333333333333,1.0,9.0,0.0,3.0,0.0,2.0,0.0,1.0,1.0,2.0,1.0,0.0,2.0,6.0,2.0,-22.0,3,497.3333333333333,1492.0
