TEAM_ID,PLAYER_ID,PLAYER_NAME,avg(FGM),avg(FGA),avg(FG3M),avg(FG3A),avg(FTM),avg(FTA),avg(OREB),avg(DREB),avg(REB),avg(AST),avg(STL),avg(BLK),avg(TO),avg(PF),avg(PTS),avg(PLUS_MINUS),sum(FGM),sum(FGA),sum(FG3M),sum(FG3A),sum(FTM),sum(FTA),sum(OREB),sum(DREB),sum(REB),sum(AST),sum(STL),sum(BLK),sum(TO),sum(PF),sum(PTS),sum(PLUS_MINUS),sum(ifminute),avg(seconds),sum(seconds)
1610612740,202734,E'Twaun Moore,4.989473684210527,9.947368421052632,1.4736842105263157,3.5473684210526315,0.631578947368421,0.9263157894736842,0.6736842105263158,2.2,2.873684210526316,2.210526315789474,0.9157894736842105,0.14736842105263157,1.305263157894737,2.1789473684210527,12.08421052631579,1.7263157894736842,474.0,945.0,140.0,337.0,60.0,88.0,64.0,209.0,273.0,210.0,87.0,14.0,124.0,207.0,1148.0,164.0,95,1865.7473684210527,177246.0
1610612740,203076,Anthony Davis,10.272727272727273,19.443181818181817,0.7272727272727273,2.1704545454545454,6.670454545454546,8.022727272727273,2.534090909090909,8.659090909090908,11.193181818181818,2.227272727272727,1.5568181818181819,2.5113636363636362,2.215909090909091,2.215909090909091,27.943181818181817,3.159090909090909,904.0,1711.0,64.0,191.0,587.0,706.0,223.0,762.0,985.0,196.0,137.0,221.0,195.0,195.0,2459.0,278.0,88,2167.443181818182,190735.0
1610612750,202710,Jimmy Butler,7.08955223880597,14.955223880597014,1.164179104477612,3.283582089552239,5.955223880597015,6.970149253731344,1.2835820895522387,4.029850746268656,5.313432835820896,4.776119402985074,1.835820895522388,0.373134328358209,1.7313432835820894,1.328358208955224,21.29850746268657,5.17910447761194,475.0,1002.0,78.0,220.0,399.0,467.0,86.0,270.0,356.0,320.0,123.0,25.0,116.0,89.0,1427.0,347.0,67,2150.582089552239,144089.0
1610612765,203961,Eric Moreland,1.0,1.8985507246376812,0.0,0.0,0.15942028985507245,0.4492753623188406,1.318840579710145,3.0,4.318840579710145,1.2028985507246377,0.463768115942029,0.7536231884057971,0.6086956521739131,1.7536231884057971,2.1594202898550723,0.08695652173913043,69.0,131.0,0.0,0.0,11.0,31.0,91.0,207.0,298.0,83.0,32.0,52.0,42.0,121.0,149.0,6.0,69,741.9855072463768,51197.0
1610612756,1628514,Peter Jok,"","","","","","","","","","","","","","","","","","","","","","","","","","","","","","","","",0,"",""
