TEAM_ID,PLAYER_ID,PLAYER_NAME,avg(FGM),avg(FGA),avg(FG3M),avg(FG3A),avg(FTM),avg(FTA),avg(OREB),avg(DREB),avg(REB),avg(AST),avg(STL),avg(BLK),avg(TO),avg(PF),avg(PTS),avg(PLUS_MINUS),sum(FGM),sum(FGA),sum(FG3M),sum(FG3A),sum(FTM),sum(FTA),sum(OREB),sum(DREB),sum(REB),sum(AST),sum(STL),sum(BLK),sum(TO),sum(PF),sum(PTS),sum(PLUS_MINUS),sum(ifminute),avg(seconds),sum(seconds)
1610612740,1628402,Frank Jackson,"","","","","","","","","","","","","","","","","","","","","","","","","","","","","","","","",0,"",""
1610612749,1627748,Thon Maker,1.7777777777777777,4.333333333333333,0.48148148148148145,1.5925925925925926,0.8641975308641975,1.2345679012345678,1.0123456790123457,2.1481481481481484,3.1604938271604937,0.654320987654321,0.49382716049382713,0.7901234567901234,0.5925925925925926,2.259259259259259,4.901234567901234,-1.1728395061728396,144.0,351.0,39.0,129.0,70.0,100.0,82.0,174.0,256.0,53.0,40.0,64.0,48.0,183.0,397.0,-95.0,81,1032.0493827160494,83596.0
1610612764,203490,Otto Porter Jr.,5.546511627906977,11.05813953488372,1.6744186046511629,3.872093023255814,1.3604651162790697,1.686046511627907,1.2790697674418605,5.011627906976744,6.290697674418604,2.011627906976744,1.4883720930232558,0.5348837209302325,0.9534883720930233,1.8372093023255813,14.127906976744185,3.372093023255814,477.0,951.0,144.0,333.0,117.0,145.0,110.0,431.0,541.0,173.0,128.0,46.0,82.0,158.0,1215.0,290.0,86,1861.4883720930231,160088.0
