TEAM_ID,PLAYER_ID,PLAYER_NAME,avg(FGM),avg(FGA),avg(FG3M),avg(FG3A),avg(FTM),avg(FTA),avg(OREB),avg(DREB),avg(REB),avg(AST),avg(STL),avg(BLK),avg(TO),avg(PF),avg(PTS),avg(PLUS_MINUS),sum(FGM),sum(FGA),sum(FG3M),sum(FG3A),sum(FTM),sum(FTA),sum(OREB),sum(DREB),sum(REB),sum(AST),sum(STL),sum(BLK),sum(TO),sum(PF),sum(PTS),sum(PLUS_MINUS),sum(ifminute),avg(seconds),sum(seconds)
1610612738,201143,Al Horford,5.212765957446808,10.404255319148936,1.2446808510638299,2.9468085106382977,1.6808510638297873,2.117021276595745,1.5106382978723405,6.053191489361702,7.5638297872340425,4.3936170212765955,0.6595744680851063,1.1063829787234043,1.7765957446808511,1.9148936170212767,13.351063829787234,4.776595744680851,490.0,978.0,117.0,277.0,158.0,199.0,142.0,569.0,711.0,413.0,62.0,104.0,167.0,180.0,1255.0,449.0,94,1926.6382978723404,181104.0
1610612755,201158,Marco Belinelli,4.7631578947368425,10.131578947368421,1.9210526315789473,5.105263157894737,1.9473684210526316,2.236842105263158,0.18421052631578946,1.7105263157894737,1.894736842105263,1.7105263157894737,0.7105263157894737,0.23684210526315788,1.1578947368421053,1.8421052631578947,13.394736842105264,5.2631578947368425,181.0,385.0,73.0,194.0,74.0,85.0,7.0,65.0,72.0,65.0,27.0,9.0,44.0,70.0,509.0,200.0,38,1595.921052631579,60645.0
1610612759,203937,Kyle Anderson,3.1097560975609757,5.780487804878049,0.25609756097560976,0.7682926829268293,1.353658536585366,1.8780487804878048,1.0853658536585367,4.012195121951219,5.097560975609756,2.548780487804878,1.4878048780487805,0.7439024390243902,1.2073170731707317,1.5609756097560976,7.829268292682927,1.3658536585365855,255.0,474.0,21.0,63.0,111.0,154.0,89.0,329.0,418.0,209.0,122.0,61.0,99.0,128.0,642.0,112.0,82,1549.7560975609756,127080.0
1610612752,202683,Enes Kanter,5.92,10.04,0.0,0.04,2.32,2.7333333333333334,3.7733333333333334,6.933333333333334,10.706666666666667,1.4533333333333334,0.49333333333333335,0.5066666666666667,1.7333333333333334,2.6133333333333333,14.16,-2.64,444.0,753.0,0.0,3.0,174.0,205.0,283.0,520.0,803.0,109.0,37.0,38.0,130.0,196.0,1062.0,-198.0,75,1534.1866666666667,115064.0
