TEAM_ID,PLAYER_ID,PLAYER_NAME,avg(FGM),avg(FGA),avg(FG3M),avg(FG3A),avg(FTM),avg(FTA),avg(OREB),avg(DREB),avg(REB),avg(AST),avg(STL),avg(BLK),avg(TO),avg(PF),avg(PTS),avg(PLUS_MINUS),sum(FGM),sum(FGA),sum(FG3M),sum(FG3A),sum(FTM),sum(FTA),sum(OREB),sum(DREB),sum(REB),sum(AST),sum(STL),sum(BLK),sum(TO),sum(PF),sum(PTS),sum(PLUS_MINUS),sum(ifminute),avg(seconds),sum(seconds)
1610612741,1627835,Paul Zipser,2.050632911392405,5.2784810126582276,0.8227848101265823,2.4050632911392404,0.6455696202531646,0.8227848101265823,0.31645569620253167,2.7088607594936707,3.0253164556962027,0.9240506329113924,0.3924050632911392,0.3037974683544304,1.0,1.8987341772151898,5.569620253164557,-1.1518987341772151,162.0,417.0,65.0,190.0,51.0,65.0,25.0,214.0,239.0,73.0,31.0,24.0,79.0,150.0,440.0,-91.0,79,1174.4303797468353,92780.0
1610612749,203141,Mirza Teletovic,2.0677966101694913,5.423728813559322,1.423728813559322,3.9661016949152543,0.3389830508474576,0.423728813559322,0.13559322033898305,1.9152542372881356,2.0508474576271185,0.711864406779661,0.2542372881355932,0.0847457627118644,0.4576271186440678,1.3728813559322033,5.898305084745763,-0.11864406779661017,122.0,320.0,84.0,234.0,20.0,25.0,8.0,113.0,121.0,42.0,15.0,5.0,27.0,81.0,348.0,-7.0,59,897.3898305084746,52946.0
1610612752,1627850,Marshall Plumlee,0.8333333333333334,1.6111111111111112,0.0,0.0,0.3333333333333333,0.8888888888888888,1.2222222222222223,1.2777777777777777,2.5,0.5,0.16666666666666666,0.2222222222222222,0.6666666666666666,1.1111111111111112,2.0,-0.5,15.0,29.0,0.0,0.0,6.0,16.0,22.0,23.0,45.0,9.0,3.0,4.0,12.0,20.0,36.0,-9.0,18,478.94444444444446,8621.0
