TEAM_ID,PLAYER_ID,PLAYER_NAME,avg(FGM),avg(FGA),avg(FG3M),avg(FG3A),avg(FTM),avg(FTA),avg(OREB),avg(DREB),avg(REB),avg(AST),avg(STL),avg(BLK),avg(TO),avg(PF),avg(PTS),avg(PLUS_MINUS),sum(FGM),sum(FGA),sum(FG3M),sum(FG3A),sum(FTM),sum(FTA),sum(OREB),sum(DREB),sum(REB),sum(AST),sum(STL),sum(BLK),sum(TO),sum(PF),sum(PTS),sum(PLUS_MINUS),sum(ifminute),avg(seconds),sum(seconds)
1610612740,201950,Jrue Holiday,7.712765957446808,15.5,1.5,4.48936170212766,2.276595744680851,2.9148936170212765,0.776595744680851,3.734042553191489,4.51063829787234,5.925531914893617,1.4574468085106382,0.7659574468085106,2.617021276595745,2.4680851063829787,19.20212765957447,3.265957446808511,725.0,1457.0,141.0,422.0,214.0,274.0,73.0,351.0,424.0,557.0,137.0,72.0,246.0,232.0,1805.0,307.0,94,2151.4893617021276,202240.0
1610612740,2731,Emeka Okafor,1.7777777777777777,3.5555555555555554,0.0,0.0,0.6666666666666666,0.8148148148148148,1.7407407407407407,2.7037037037037037,4.444444444444445,0.2962962962962963,0.2962962962962963,0.9259259259259259,0.48148148148148145,1.1481481481481481,4.222222222222222,-0.2962962962962963,48.0,96.0,0.0,0.0,18.0,22.0,47.0,73.0,120.0,8.0,8.0,25.0,13.0,31.0,114.0,-8.0,27,792.9629629629629,21410.0
1610612763,204179,Omari Johnson,2.25,5.25,1.0,3.0,0.0,0.0,1.0,1.75,2.75,1.75,0.5,0.0,0.75,1.5,5.5,2.5,9.0,21.0,4.0,12.0,0.0,0.0,4.0,7.0,11.0,7.0,2.0,0.0,3.0,6.0,22.0,10.0,4,1126.5,4506.0
1610612745,1628419,Cameron Oliver,"","","","","","","","","","","","","","","","","","","","","","","","","","","","","","","","",0,"",""
1610612755,2731,Emeka Okafor,1.2,2.2,0.0,0.0,0.2,0.8,0.4,2.4,2.8,0.0,0.2,1.0,1.0,1.2,2.6,1.2,6.0,11.0,0.0,0.0,1.0,4.0,2.0,12.0,14.0,0.0,1.0,5.0,5.0,6.0,13.0,6.0,5,485.0,2425.0
