TEAM_ID,PLAYER_ID,PLAYER_NAME,avg(FGM),avg(FGA),avg(FG3M),avg(FG3A),avg(FTM),avg(FTA),avg(OREB),avg(DREB),avg(REB),avg(AST),avg(STL),avg(BLK),avg(TO),avg(PF),avg(PTS),avg(PLUS_MINUS),sum(FGM),sum(FGA),sum(FG3M),sum(FG3A),sum(FTM),sum(FTA),sum(OREB),sum(DREB),sum(REB),sum(AST),sum(STL),sum(BLK),sum(TO),sum(PF),sum(PTS),sum(PLUS_MINUS),sum(ifminute),avg(seconds),sum(seconds)
1610612751,203925,Joe Harris,3.1666666666666665,7.116666666666666,1.7666666666666666,4.65,0.5666666666666667,0.8,0.43333333333333335,2.2,2.6333333333333333,1.2,0.4666666666666667,0.21666666666666667,0.9333333333333333,1.8833333333333333,8.666666666666666,-3.0166666666666666,190.0,427.0,106.0,279.0,34.0,48.0,26.0,132.0,158.0,72.0,28.0,13.0,56.0,113.0,520.0,-181.0,60,1332.2,79932.0
1610612761,1627783,Pascal Siakam,2.0793650793650795,4.603174603174603,0.2222222222222222,1.2698412698412698,0.3968253968253968,0.746031746031746,0.9841269841269841,2.8412698412698414,3.8253968253968256,1.0793650793650793,0.7777777777777778,0.6507936507936508,0.6984126984126984,1.8095238095238095,4.777777777777778,1.1587301587301588,131.0,290.0,14.0,80.0,25.0,47.0,62.0,179.0,241.0,68.0,49.0,41.0,44.0,114.0,301.0,73.0,63,993.5396825396825,62593.0
1610612752,203501,Tim Hardaway Jr.,6.423076923076923,14.76923076923077,2.4615384615384617,7.269230769230769,2.5,3.1153846153846154,0.6538461538461539,3.3461538461538463,4.0,2.9615384615384617,1.2692307692307692,0.23076923076923078,1.9615384615384615,2.1923076923076925,17.807692307692307,0.4230769230769231,167.0,384.0,64.0,189.0,65.0,81.0,17.0,87.0,104.0,77.0,33.0,6.0,51.0,57.0,463.0,11.0,26,1966.8846153846155,51139.0
1610612751,203120,Justin Hamilton,3.0,6.108108108108108,0.7567567567567568,2.5135135135135136,0.6756756756756757,0.8648648648648649,1.135135135135135,2.72972972972973,3.864864864864865,0.8108108108108109,0.32432432432432434,0.7567567567567568,0.5675675675675675,1.3513513513513513,7.4324324324324325,-4.216216216216216,111.0,226.0,28.0,93.0,25.0,32.0,42.0,101.0,143.0,30.0,12.0,28.0,21.0,50.0,275.0,-156.0,37,1001.1351351351351,37042.0
