TEAM_ID,PLAYER_ID,PLAYER_NAME,avg(FGM),avg(FGA),avg(FG3M),avg(FG3A),avg(FTM),avg(FTA),avg(OREB),avg(DREB),avg(REB),avg(AST),avg(STL),avg(BLK),avg(TO),avg(PF),avg(PTS),avg(PLUS_MINUS),sum(FGM),sum(FGA),sum(FG3M),sum(FG3A),sum(FTM),sum(FTA),sum(OREB),sum(DREB),sum(REB),sum(AST),sum(STL),sum(BLK),sum(TO),sum(PF),sum(PTS),sum(PLUS_MINUS),sum(ifminute),avg(seconds),sum(seconds)
1610612754,2744,Al Jefferson,3.3125,6.270833333333333,0.0,0.020833333333333332,0.9583333333333334,1.1458333333333333,0.9375,2.9791666666666665,3.9166666666666665,0.8958333333333334,0.4375,0.2916666666666667,0.5833333333333334,1.7916666666666667,7.583333333333333,-1.2083333333333333,159.0,301.0,0.0,1.0,46.0,55.0,45.0,143.0,188.0,43.0,21.0,14.0,28.0,86.0,364.0,-58.0,48,771.7916666666666,37046.0
1610612758,1628412,Frank Mason,2.8529411764705883,7.088235294117647,0.6764705882352942,1.6176470588235294,1.7941176470588236,2.323529411764706,0.4117647058823529,1.9705882352941178,2.3823529411764706,2.823529411764706,0.47058823529411764,0.11764705882352941,1.3529411764705883,1.1764705882352942,8.176470588235293,-1.2352941176470589,97.0,241.0,23.0,55.0,61.0,79.0,14.0,67.0,81.0,96.0,16.0,4.0,46.0,40.0,278.0,-42.0,34,1139.764705882353,38752.0
1610612752,1627851,Mindaugas Kuzminskas,2.744186046511628,6.395348837209302,0.813953488372093,2.744186046511628,0.9534883720930233,1.1627906976744187,0.7674418604651163,1.3255813953488371,2.0930232558139537,1.0930232558139534,0.3953488372093023,0.18604651162790697,0.8837209302325582,1.2325581395348837,7.255813953488372,-0.06976744186046512,118.0,275.0,35.0,118.0,41.0,50.0,33.0,57.0,90.0,47.0,17.0,8.0,38.0,53.0,312.0,-3.0,43,1023.0697674418604,43992.0
