TEAM_ID,PLAYER_ID,PLAYER_NAME,avg(FGM),avg(FGA),avg(FG3M),avg(FG3A),avg(FTM),avg(FTA),avg(OREB),avg(DREB),avg(REB),avg(AST),avg(STL),avg(BLK),avg(TO),avg(PF),avg(PTS),avg(PLUS_MINUS),sum(FGM),sum(FGA),sum(FG3M),sum(FG3A),sum(FTM),sum(FTA),sum(OREB),sum(DREB),sum(REB),sum(AST),sum(STL),sum(BLK),sum(TO),sum(PF),sum(PTS),sum(PLUS_MINUS),sum(ifminute),avg(seconds),sum(seconds)
1610612738,1627846,Abdel Nader,1.0634920634920635,3.0476190476190474,0.4126984126984127,1.253968253968254,0.47619047619047616,0.7777777777777778,0.2698412698412698,1.0317460317460319,1.3015873015873016,0.5238095238095238,0.2698412698412698,0.19047619047619047,0.6507936507936508,0.8412698412698413,3.015873015873016,-1.7936507936507937,67.0,192.0,26.0,79.0,30.0,49.0,17.0,65.0,82.0,33.0,17.0,12.0,41.0,53.0,190.0,-113.0,63,587.4126984126984,37007.0
