TEAM_ID,PLAYER_ID,PLAYER_NAME,avg(FGM),avg(FGA),avg(FG3M),avg(FG3A),avg(FTM),avg(FTA),avg(OREB),avg(DREB),avg(REB),avg(AST),avg(STL),avg(BLK),avg(TO),avg(PF),avg(PTS),avg(PLUS_MINUS),sum(FGM),sum(FGA),sum(FG3M),sum(FG3A),sum(FTM),sum(FTA),sum(OREB),sum(DREB),sum(REB),sum(AST),sum(STL),sum(BLK),sum(TO),sum(PF),sum(PTS),sum(PLUS_MINUS),sum(ifminute),avg(seconds),sum(seconds)
1610612745,101108,Chris Paul,6.533333333333333,14.293333333333333,2.466666666666667,6.533333333333333,3.3733333333333335,3.76,0.6133333333333333,4.786666666666667,5.4,7.426666666666667,1.7333333333333334,0.24,2.1333333333333333,2.6,18.906666666666666,7.8133333333333335,490.0,1072.0,185.0,490.0,253.0,282.0,46.0,359.0,405.0,557.0,130.0,18.0,160.0,195.0,1418.0,586.0,75,1935.5733333333333,145168.0
