TEAM_ID,PLAYER_ID,PLAYER_NAME,avg(FGM),avg(FGA),avg(FG3M),avg(FG3A),avg(FTM),avg(FTA),avg(OREB),avg(DREB),avg(REB),avg(AST),avg(STL),avg(BLK),avg(TO),avg(PF),avg(PTS),avg(PLUS_MINUS),sum(FGM),sum(FGA),sum(FG3M),sum(FG3A),sum(FTM),sum(FTA),sum(OREB),sum(DREB),sum(REB),sum(AST),sum(STL),sum(BLK),sum(TO),sum(PF),sum(PTS),sum(PLUS_MINUS),sum(ifminute),avg(seconds),sum(seconds)
1610612739,201567,Kevin Love,5.445783132530121,12.518072289156626,2.144578313253012,5.409638554216867,3.5421686746987953,4.0,1.855421686746988,7.554216867469879,9.409638554216867,1.7590361445783131,0.7710843373493976,0.3855421686746988,1.6506024096385543,2.216867469879518,16.57831325301205,0.6385542168674698,452.0,1039.0,178.0,449.0,294.0,332.0,154.0,627.0,781.0,146.0,64.0,32.0,137.0,184.0,1376.0,53.0,83,1713.0722891566265,142185.0
1610612750,1628518,Amile Jefferson,0.0,1.0,0.0,0.0,0.0,0.0,1.0,0.0,1.0,0.0,0.0,0.0,2.0,0.0,0.0,-8.0,0.0,1.0,0.0,0.0,0.0,0.0,1.0,0.0,1.0,0.0,0.0,0.0,2.0,0.0,0.0,-8.0,1,255.0,255.0
1610612743,1626144,Emmanuel Mudiay,3.0425531914893615,7.553191489361702,0.9148936170212766,2.425531914893617,1.5319148936170213,2.0,0.3617021276595745,1.872340425531915,2.234042553191489,2.978723404255319,0.46808510638297873,0.0851063829787234,1.851063829787234,1.1063829787234043,8.53191489361702,-2.6808510638297873,143.0,355.0,43.0,114.0,72.0,94.0,17.0,88.0,105.0,140.0,22.0,4.0,87.0,52.0,401.0,-126.0,47,1084.063829787234,50951.0
1610612748,1627855,Okaro White,1.0,2.1,0.6,1.5,0.5,0.7,0.4,1.3,1.7,0.3,0.1,0.1,0.4,1.0,3.1,-2.3,10.0,21.0,6.0,15.0,5.0,7.0,4.0,13.0,17.0,3.0,1.0,1.0,4.0,10.0,31.0,-23.0,10,728.5,7285.0
1610612747,1627362,Briante Weber,1.3333333333333333,3.0,0.0,0.3333333333333333,0.3333333333333333,1.0,0.3333333333333333,1.3333333333333333,1.6666666666666667,1.6666666666666667,0.0,0.0,0.6666666666666666,2.3333333333333335,3.0,-1.3333333333333333,4.0,9.0,0.0,1.0,1.0,3.0,1.0,4.0,5.0,5.0,0.0,0.0,2.0,7.0,9.0,-4.0,3,574.0,1722.0
1610612739,1628554,Isaac Hamilton,"","","","","","","","","","","","","","","","","","","","","","","","","","","","","","","","",0,"",""
