TEAM_ID,PLAYER_ID,PLAYER_NAME,avg(FGM),avg(FGA),avg(FG3M),avg(FG3A),avg(FTM),avg(FTA),avg(OREB),avg(DREB),avg(REB),avg(AST),avg(STL),avg(BLK),avg(TO),avg(PF),avg(PTS),avg(PLUS_MINUS),sum(FGM),sum(FGA),sum(FG3M),sum(FG3A),sum(FTM),sum(FTA),sum(OREB),sum(DREB),sum(REB),sum(AST),sum(STL),sum(BLK),sum(TO),sum(PF),sum(PTS),sum(PLUS_MINUS),sum(ifminute),avg(seconds),sum(seconds)
1610612754,1626167,Myles Turner,5.273809523809524,10.785714285714286,0.5833333333333334,1.8452380952380953,2.7023809523809526,3.4166666666666665,1.5714285714285714,5.392857142857143,6.964285714285714,1.5476190476190477,0.8809523809523809,2.0357142857142856,1.369047619047619,2.9642857142857144,13.833333333333334,1.9404761904761905,443.0,906.0,49.0,155.0,227.0,287.0,132.0,453.0,585.0,130.0,74.0,171.0,115.0,249.0,1162.0,163.0,84,1885.1190476190477,158350.0
1610612758,1713,Vince Carter,1.4,3.84,0.68,2.0,0.12,0.28,0.28,1.36,1.64,0.92,0.56,0.52,0.48,1.52,3.6,-0.92,35.0,96.0,17.0,50.0,3.0,7.0,7.0,34.0,41.0,23.0,14.0,13.0,12.0,38.0,90.0,-23.0,25,865.4,21635.0
1610612746,1628528,Ike Iroegbu,3.0,9.0,0.0,3.0,1.0,2.0,2.0,3.0,5.0,1.0,0.0,0.0,2.0,1.0,7.0,-5.0,3.0,9.0,0.0,3.0,1.0,2.0,2.0,3.0,5.0,1.0,0.0,0.0,2.0,1.0,7.0,-5.0,1,1041.0,1041.0
1610612744,1627771,Michael Gbinije,1.0,4.5,0.25,2.5,1.0,1.0,0.5,0.25,0.75,0.0,0.0,0.0,0.5,0.75,3.25,-1.5,4.0,18.0,1.0,10.0,4.0,4.0,2.0,1.0,3.0,0.0,0.0,0.0,2.0,3.0,13.0,-6.0,4,451.0,1804.0
1610612753,1628681,Rodney Purvis,"","","","","","","","","","","","","","","","","","","","","","","","","","","","","","","","",0,"",""
1610612737,200794,Paul Millsap,6.4222222222222225,14.2,1.0222222222222221,3.422222222222222,5.488888888888889,7.066666666666666,1.5555555555555556,6.222222222222222,7.777777777777778,3.7111111111111112,1.1555555555555554,0.8666666666666667,2.6222222222222222,2.7555555555555555,19.355555555555554,0.8222222222222222,289.0,639.0,46.0,154.0,247.0,318.0,70.0,280.0,350.0,167.0,52.0,39.0,118.0,124.0,871.0,37.0,45,2071.288888888889,93208.0
1610612737,203934,Lamar Patterson,0.6,3.0,0.2,1.2,0.4,0.6,0.2,1.2,1.4,1.2,0.2,0.0,0.8,1.2,1.8,2.6,3.0,15.0,1.0,6.0,2.0,3.0,1.0,6.0,7.0,6.0,1.0,0.0,4.0,6.0,9.0,13.0,5,484.4,2422.0
