TEAM_ID,PLAYER_ID,PLAYER_NAME,avg(FGM),avg(FGA),avg(FG3M),avg(FG3A),avg(FTM),avg(FTA),avg(OREB),avg(DREB),avg(REB),avg(AST),avg(STL),avg(BLK),avg(TO),avg(PF),avg(PTS),avg(PLUS_MINUS),sum(FGM),sum(FGA),sum(FG3M),sum(FG3A),sum(FTM),sum(FTA),sum(OREB),sum(DREB),sum(REB),sum(AST),sum(STL),sum(BLK),sum(TO),sum(PF),sum(PTS),sum(PLUS_MINUS),sum(ifminute),avg(seconds),sum(seconds)
1610612764,203118,Mike Scott,4.054054054054054,7.27027027027027,1.0,2.4324324324324325,0.7297297297297297,1.0,0.7837837837837838,2.7567567567567566,3.5405405405405403,0.8648648648648649,0.43243243243243246,0.21621621621621623,1.2432432432432432,1.9189189189189189,9.837837837837839,0.16216216216216217,150.0,269.0,37.0,90.0,27.0,37.0,29.0,102.0,131.0,32.0,16.0,8.0,46.0,71.0,364.0,6.0,37,1152.3513513513512,42637.0
1610612751,1626143,Jahlil Okafor,5.0,11.0,0.0,2.0,0.0,0.0,1.0,3.0,4.0,0.0,1.0,0.0,2.0,2.0,10.0,-21.0,5.0,11.0,0.0,2.0,0.0,0.0,1.0,3.0,4.0,0.0,1.0,0.0,2.0,2.0,10.0,-21.0,1,1350.0,1350.0
1610612739,1627790,Ante Zizic,0.8125,1.5625,0.0,0.0,0.5625,0.875,0.6875,1.1875,1.875,0.25,0.0625,0.5,0.8125,0.8125,2.1875,-2.0625,13.0,25.0,0.0,0.0,9.0,14.0,11.0,19.0,30.0,4.0,1.0,8.0,13.0,13.0,35.0,-33.0,16,407.875,6526.0
1610612766,1628517,Luke Petrasek,"","","","","","","","","","","","","","","","","","","","","","","","","","","","","","","","",0,"",""
1610612756,1628514,Peter Jok,"","","","","","","","","","","","","","","","","","","","","","","","","","","","","","","","",0,"",""
