TEAM_ID,PLAYER_ID,PLAYER_NAME,avg(FGM),avg(FGA),avg(FG3M),avg(FG3A),avg(FTM),avg(FTA),avg(OREB),avg(DREB),avg(REB),avg(AST),avg(STL),avg(BLK),avg(TO),avg(PF),avg(PTS),avg(PLUS_MINUS),sum(FGM),sum(FGA),sum(FG3M),sum(FG3A),sum(FTM),sum(FTA),sum(OREB),sum(DREB),sum(REB),sum(AST),sum(STL),sum(BLK),sum(TO),sum(PF),sum(PTS),sum(PLUS_MINUS),sum(ifminute),avg(seconds),sum(seconds)
1610612757,203994,Jusuf Nurkic,6.011494252873563,11.942528735632184,0.0,0.10344827586206896,2.1839080459770117,3.413793103448276,2.4022988505747125,6.390804597701149,8.793103448275861,1.735632183908046,0.8620689655172413,1.3908045977011494,2.2413793103448274,3.206896551724138,14.206896551724139,1.8735632183908046,523.0,1039.0,0.0,9.0,190.0,297.0,209.0,556.0,765.0,151.0,75.0,121.0,195.0,279.0,1236.0,163.0,87,1564.0229885057472,136070.0
1610612752,201584,Courtney Lee,4.395061728395062,9.728395061728396,1.4938271604938271,3.617283950617284,1.4320987654320987,1.5555555555555556,0.38271604938271603,2.5308641975308643,2.9135802469135803,2.2839506172839505,1.0493827160493827,0.20987654320987653,1.123456790123457,1.4320987654320987,11.716049382716049,-3.419753086419753,356.0,788.0,121.0,293.0,116.0,126.0,31.0,205.0,236.0,185.0,85.0,17.0,91.0,116.0,949.0,-277.0,81,1797.6543209876543,145610.0
1610612747,203505,Vander Blue,0.6,1.6,0.1,0.6,0.7,1.0,0.1,0.4,0.5,0.6,0.3,0.0,0.3,0.4,2.0,3.9,6.0,16.0,1.0,6.0,7.0,10.0,1.0,4.0,5.0,6.0,3.0,0.0,3.0,4.0,20.0,39.0,10,510.0,5100.0
1610612749,101123,Gerald Green,1.25,3.25,0.25,1.25,1.25,1.25,0.0,1.0,1.0,0.75,1.0,0.0,1.25,1.0,4.0,-4.0,5.0,13.0,1.0,5.0,5.0,5.0,0.0,4.0,4.0,3.0,4.0,0.0,5.0,4.0,16.0,-16.0,4,629.25,2517.0
