TEAM_ID,PLAYER_ID,PLAYER_NAME,avg(FGM),avg(FGA),avg(FG3M),avg(FG3A),avg(FTM),avg(FTA),avg(OREB),avg(DREB),avg(REB),avg(AST),avg(STL),avg(BLK),avg(TO),avg(PF),avg(PTS),avg(PLUS_MINUS),sum(FGM),sum(FGA),sum(FG3M),sum(FG3A),sum(FTM),sum(FTA),sum(OREB),sum(DREB),sum(REB),sum(AST),sum(STL),sum(BLK),sum(TO),sum(PF),sum(PTS),sum(PLUS_MINUS),sum(ifminute),avg(seconds),sum(seconds)
1610612755,101161,Amir Johnson,1.8705882352941177,3.4705882352941178,0.1411764705882353,0.4235294117647059,0.6823529411764706,1.0823529411764705,1.6705882352941177,2.7058823529411766,4.376470588235295,1.5411764705882354,0.5647058823529412,0.5529411764705883,0.7411764705882353,2.4705882352941178,4.564705882352941,0.2823529411764706,159.0,295.0,12.0,36.0,58.0,92.0,142.0,230.0,372.0,131.0,48.0,47.0,63.0,210.0,388.0,24.0,85,925.7764705882353,78691.0
1610612754,201954,Darren Collison,4.481012658227848,9.113924050632912,1.3417721518987342,2.9367088607594938,1.7468354430379747,2.0126582278481013,0.4810126582278481,2.1392405063291138,2.6202531645569622,5.227848101265823,1.3544303797468353,0.189873417721519,1.2278481012658229,1.6835443037974684,12.050632911392405,2.037974683544304,354.0,720.0,106.0,232.0,138.0,159.0,38.0,169.0,207.0,413.0,107.0,15.0,97.0,133.0,952.0,161.0,79,1739.9746835443038,137458.0
1610612751,1626143,Jahlil Okafor,2.8076923076923075,4.961538461538462,0.038461538461538464,0.15384615384615385,0.7307692307692307,0.9615384615384616,0.6538461538461539,2.269230769230769,2.923076923076923,0.4230769230769231,0.11538461538461539,0.6153846153846154,0.6923076923076923,1.6923076923076923,6.384615384615385,-5.461538461538462,73.0,129.0,1.0,4.0,19.0,25.0,17.0,59.0,76.0,11.0,3.0,16.0,18.0,44.0,166.0,-142.0,26,755.8461538461538,19652.0
1610612763,1628504,Xavier Rathan-Mayes,2.4,8.4,0.2,2.8,0.8,1.8,0.0,1.0,1.0,3.6,1.2,0.6,2.2,3.6,5.8,-11.8,12.0,42.0,1.0,14.0,4.0,9.0,0.0,5.0,5.0,18.0,6.0,3.0,11.0,18.0,29.0,-59.0,5,1413.4,7067.0
