TEAM_ID,PLAYER_ID,PLAYER_NAME,avg(FGM),avg(FGA),avg(FG3M),avg(FG3A),avg(FTM),avg(FTA),avg(OREB),avg(DREB),avg(REB),avg(AST),avg(STL),avg(BLK),avg(TO),avg(PF),avg(PTS),avg(PLUS_MINUS),sum(FGM),sum(FGA),sum(FG3M),sum(FG3A),sum(FTM),sum(FTA),sum(OREB),sum(DREB),sum(REB),sum(AST),sum(STL),sum(BLK),sum(TO),sum(PF),sum(PTS),sum(PLUS_MINUS),sum(ifminute),avg(seconds),sum(seconds)
1610612744,2561,David West,2.6526315789473682,4.621052631578947,0.042105263157894736,0.10526315789473684,0.7157894736842105,0.9263157894736842,0.8105263157894737,2.263157894736842,3.0736842105263156,1.8842105263157896,0.5578947368421052,0.9157894736842105,0.9894736842105263,1.5789473684210527,6.063157894736842,0.47368421052631576,252.0,439.0,4.0,10.0,68.0,88.0,77.0,215.0,292.0,179.0,53.0,87.0,94.0,150.0,576.0,45.0,95,767.3157894736842,72895.0
1610612747,204037,Travis Wear,1.4705882352941178,4.235294117647059,1.0,2.764705882352941,0.47058823529411764,0.47058823529411764,0.0,2.235294117647059,2.235294117647059,0.4117647058823529,0.23529411764705882,0.29411764705882354,0.35294117647058826,1.7647058823529411,4.411764705882353,0.6470588235294118,25.0,72.0,17.0,47.0,8.0,8.0,0.0,38.0,38.0,7.0,4.0,5.0,6.0,30.0,75.0,11.0,17,804.0588235294117,13669.0
1610612742,203926,Doug McDermott,3.3076923076923075,6.923076923076923,1.5,3.0384615384615383,0.9230769230769231,1.0769230769230769,0.2692307692307692,2.269230769230769,2.5384615384615383,1.1153846153846154,0.34615384615384615,0.15384615384615385,0.8461538461538461,1.8846153846153846,9.038461538461538,1.6923076923076923,86.0,180.0,39.0,79.0,24.0,28.0,7.0,59.0,66.0,29.0,9.0,4.0,22.0,49.0,235.0,44.0,26,1375.576923076923,35765.0
