TEAM_ID,PLAYER_ID,PLAYER_NAME,avg(FGM),avg(FGA),avg(FG3M),avg(FG3A),avg(FTM),avg(FTA),avg(OREB),avg(DREB),avg(REB),avg(AST),avg(STL),avg(BLK),avg(TO),avg(PF),avg(PTS),avg(PLUS_MINUS),sum(FGM),sum(FGA),sum(FG3M),sum(FG3A),sum(FTM),sum(FTA),sum(OREB),sum(DREB),sum(REB),sum(AST),sum(STL),sum(BLK),sum(TO),sum(PF),sum(PTS),sum(PLUS_MINUS),sum(ifminute),avg(seconds),sum(seconds)
1610612740,203546,Ian Clark,3.0114942528735633,6.781609195402299,0.8620689655172413,2.7011494252873565,0.6091954022988506,0.7816091954022989,0.14942528735632185,1.528735632183908,1.6781609195402298,1.4827586206896552,0.5287356321839081,0.13793103448275862,0.8045977011494253,1.6781609195402298,7.494252873563219,-0.27586206896551724,262.0,590.0,75.0,235.0,53.0,68.0,13.0,133.0,146.0,129.0,46.0,12.0,70.0,146.0,652.0,-24.0,87,1194.4942528735633,103921.0
1610612757,202323,Evan Turner,3.2988505747126435,7.402298850574713,0.5402298850574713,1.6666666666666667,1.1494252873563218,1.367816091954023,0.42528735632183906,2.7011494252873565,3.1264367816091956,2.2988505747126435,0.6091954022988506,0.367816091954023,1.3103448275862069,2.0344827586206895,8.28735632183908,-0.09195402298850575,287.0,644.0,47.0,145.0,100.0,119.0,37.0,235.0,272.0,200.0,53.0,32.0,114.0,177.0,721.0,-8.0,87,1529.0,133023.0
