TEAM_ID,PLAYER_ID,PLAYER_NAME,avg(FGM),avg(FGA),avg(FG3M),avg(FG3A),avg(FTM),avg(FTA),avg(OREB),avg(DREB),avg(REB),avg(AST),avg(STL),avg(BLK),avg(TO),avg(PF),avg(PTS),avg(PLUS_MINUS),sum(FGM),sum(FGA),sum(FG3M),sum(FG3A),sum(FTM),sum(FTA),sum(OREB),sum(DREB),sum(REB),sum(AST),sum(STL),sum(BLK),sum(TO),sum(PF),sum(PTS),sum(PLUS_MINUS),sum(ifminute),avg(seconds),sum(seconds)
1610612738,203382,Aron Baynes,2.4186046511627906,4.906976744186046,0.0,0.13953488372093023,1.0930232558139534,1.4186046511627908,1.5813953488372092,3.558139534883721,5.1395348837209305,0.9069767441860465,0.32558139534883723,0.627906976744186,0.9534883720930233,2.372093023255814,5.930232558139535,3.4186046511627906,104.0,211.0,0.0,6.0,47.0,61.0,68.0,153.0,221.0,39.0,14.0,27.0,41.0,102.0,255.0,147.0,43,1080.3953488372092,46457.0
1610612743,203115,Will Barton,5.151898734177215,11.582278481012658,1.6962025316455696,4.518987341772152,2.0632911392405062,2.7468354430379747,0.8987341772151899,3.670886075949367,4.569620253164557,3.8734177215189876,0.9620253164556962,0.569620253164557,1.5949367088607596,1.8860759493670887,14.063291139240507,-0.3670886075949367,407.0,915.0,134.0,357.0,163.0,217.0,71.0,290.0,361.0,306.0,76.0,45.0,126.0,149.0,1111.0,-29.0,79,1741.8101265822784,137603.0
1610612739,202684,Tristan Thompson,3.0595238095238093,5.083333333333333,0.0,0.011904761904761904,1.4166666666666667,2.5714285714285716,3.238095238095238,4.5,7.738095238095238,1.0238095238095237,0.4642857142857143,0.8214285714285714,0.8452380952380952,2.0238095238095237,7.535714285714286,0.2619047619047619,257.0,427.0,0.0,1.0,119.0,216.0,272.0,378.0,650.0,86.0,39.0,69.0,71.0,170.0,633.0,22.0,84,1653.0,138852.0
1610612766,203469,Cody Zeller,3.4,6.2727272727272725,0.01818181818181818,0.05454545454545454,2.0727272727272728,2.909090909090909,2.2181818181818183,4.054545454545455,6.2727272727272725,1.4363636363636363,1.018181818181818,0.8727272727272727,1.0727272727272728,2.909090909090909,8.89090909090909,0.8727272727272727,187.0,345.0,1.0,3.0,114.0,160.0,122.0,223.0,345.0,79.0,56.0,48.0,59.0,160.0,489.0,48.0,55,1538.2181818181818,84602.0
