TEAM_ID,PLAYER_ID,PLAYER_NAME,avg(FGM),avg(FGA),avg(FG3M),avg(FG3A),avg(FTM),avg(FTA),avg(OREB),avg(DREB),avg(REB),avg(AST),avg(STL),avg(BLK),avg(TO),avg(PF),avg(PTS),avg(PLUS_MINUS),sum(FGM),sum(FGA),sum(FG3M),sum(FG3A),sum(FTM),sum(FTA),sum(OREB),sum(DREB),sum(REB),sum(AST),sum(STL),sum(BLK),sum(TO),sum(PF),sum(PTS),sum(PLUS_MINUS),sum(ifminute),avg(seconds),sum(seconds)
1610612746,101150,Lou Williams,7.204819277108434,16.55421686746988,2.2771084337349397,6.433734939759036,5.397590361445783,6.156626506024097,0.4939759036144578,1.9879518072289157,2.4819277108433737,5.216867469879518,1.0963855421686748,0.2289156626506024,2.963855421686747,1.3012048192771084,22.08433734939759,1.7590361445783131,598.0,1374.0,189.0,534.0,448.0,511.0,41.0,165.0,206.0,433.0,91.0,19.0,246.0,108.0,1833.0,146.0,83,1932.9036144578313,160431.0
1610612741,1626166,Cameron Payne,3.48,8.6,1.4,3.64,0.48,0.64,0.72,2.04,2.76,4.52,1.04,0.36,1.44,1.76,8.84,-3.56,87.0,215.0,35.0,91.0,12.0,16.0,18.0,51.0,69.0,113.0,26.0,9.0,36.0,44.0,221.0,-89.0,25,1395.64,34891.0
1610612766,202689,Kemba Walker,7.152941176470589,16.647058823529413,2.8117647058823527,7.305882352941176,4.435294117647059,5.152941176470589,0.4,2.7176470588235295,3.1176470588235294,5.470588235294118,1.1294117647058823,0.29411764705882354,2.235294117647059,1.2117647058823529,21.55294117647059,2.223529411764706,608.0,1415.0,239.0,621.0,377.0,438.0,34.0,231.0,265.0,465.0,96.0,25.0,190.0,103.0,1832.0,189.0,85,2014.1529411764707,171203.0
1610612741,1628460,Bronson Koenig,0.0,0.0,0.0,0.0,0.0,0.0,0.0,0.0,0.0,0.0,0.0,0.0,0.0,0.0,0.0,-3.0,0.0,0.0,0.0,0.0,0.0,0.0,0.0,0.0,0.0,0.0,0.0,0.0,0.0,0.0,0.0,-3.0,1,61.0,61.0
