TEAM_ID,PLAYER_ID,PLAYER_NAME,avg(FGM),avg(FGA),avg(FG3M),avg(FG3A),avg(FTM),avg(FTA),avg(OREB),avg(DREB),avg(REB),avg(AST),avg(STL),avg(BLK),avg(TO),avg(PF),avg(PTS),avg(PLUS_MINUS),sum(FGM),sum(FGA),sum(FG3M),sum(FG3A),sum(FTM),sum(FTA),sum(OREB),sum(DREB),sum(REB),sum(AST),sum(STL),sum(BLK),sum(TO),sum(PF),sum(PTS),sum(PLUS_MINUS),sum(ifminute),avg(seconds),sum(seconds)
1610612739,2544,LeBron James,10.857142857142858,20.02857142857143,1.8,4.980952380952381,5.20952380952381,7.095238095238095,1.2190476190476192,7.485714285714286,8.704761904761904,9.028571428571428,1.4,0.9047619047619048,4.276190476190476,1.8285714285714285,28.723809523809525,0.6190476190476191,1140.0,2103.0,189.0,523.0,547.0,745.0,128.0,786.0,914.0,948.0,147.0,95.0,449.0,192.0,3016.0,65.0,105,2272.552380952381,238618.0
1610612750,203952,Andrew Wiggins,6.844444444444444,15.61111111111111,1.3666666666666667,4.122222222222222,2.4444444444444446,3.811111111111111,0.9888888888888889,3.3555555555555556,4.344444444444444,1.9333333333333333,1.0777777777777777,0.5888888888888889,1.7,2.0444444444444443,17.5,1.6111111111111112,616.0,1405.0,123.0,371.0,220.0,343.0,89.0,302.0,391.0,174.0,97.0,53.0,153.0,184.0,1575.0,145.0,90,2145.4222222222224,193088.0
1610612737,1628535,Jordan Mathews,1.0,2.0,0.0,1.0,0.0,0.0,1.0,0.0,1.0,2.0,0.0,0.0,0.0,0.0,2.0,-2.0,1.0,2.0,0.0,1.0,0.0,0.0,1.0,0.0,1.0,2.0,0.0,0.0,0.0,0.0,2.0,-2.0,1,272.0,272.0
