TEAM_ID,PLAYER_ID,PLAYER_NAME,avg(FGM),avg(FGA),avg(FG3M),avg(FG3A),avg(FTM),avg(FTA),avg(OREB),avg(DREB),avg(REB),avg(AST),avg(STL),avg(BLK),avg(TO),avg(PF),avg(PTS),avg(PLUS_MINUS),sum(FGM),sum(FGA),sum(FG3M),sum(FG3A),sum(FTM),sum(FTA),sum(OREB),sum(DREB),sum(REB),sum(AST),sum(STL),sum(BLK),sum(TO),sum(PF),sum(PTS),sum(PLUS_MINUS),sum(ifminute),avg(seconds),sum(seconds)
1610612745,201601,Luc Mbah a Moute,2.4864864864864864,5.391891891891892,0.972972972972973,2.7027027027027026,1.0675675675675675,1.5135135135135136,0.35135135135135137,2.7027027027027026,3.054054054054054,0.8378378378378378,1.1081081081081081,0.40540540540540543,1.0945945945945945,1.527027027027027,7.013513513513513,3.5675675675675675,184.0,399.0,72.0,200.0,79.0,112.0,26.0,200.0,226.0,62.0,82.0,30.0,81.0,113.0,519.0,264.0,74,1472.837837837838,108990.0
1610612764,203118,Mike Scott,3.686046511627907,6.976744186046512,0.8953488372093024,2.1511627906976742,0.7093023255813954,1.0232558139534884,0.7093023255813954,2.558139534883721,3.2674418604651163,1.0465116279069768,0.3023255813953488,0.12790697674418605,1.0930232558139534,1.9069767441860466,8.976744186046512,-0.7325581395348837,317.0,600.0,77.0,185.0,61.0,88.0,61.0,220.0,281.0,90.0,26.0,11.0,94.0,164.0,772.0,-63.0,86,1121.5116279069769,96450.0
1610612746,1626149,Montrezl Harrell,4.382716049382716,6.925925925925926,0.012345679012345678,0.08641975308641975,1.8148148148148149,2.9012345679012346,1.2839506172839505,2.6049382716049383,3.888888888888889,0.9876543209876543,0.4567901234567901,0.654320987654321,0.9259259259259259,1.8518518518518519,10.592592592592593,0.4074074074074074,355.0,561.0,1.0,7.0,147.0,235.0,104.0,211.0,315.0,80.0,37.0,53.0,75.0,150.0,858.0,33.0,81,1002.320987654321,81188.0
1610612742,1628372,Dennis Smith Jr.,5.72,14.453333333333333,1.5466666666666666,4.8133333333333335,1.8533333333333333,2.68,0.7066666666666667,2.96,3.6666666666666665,5.093333333333334,1.0533333333333332,0.26666666666666666,2.7733333333333334,2.1333333333333333,14.84,-4.613333333333333,429.0,1084.0,116.0,361.0,139.0,201.0,53.0,222.0,275.0,382.0,79.0,20.0,208.0,160.0,1113.0,-346.0,75,1731.1866666666667,129839.0
1610612738,1628679,Daniel Dixon,0.0,0.0,0.0,0.0,2.0,2.0,0.0,1.0,1.0,0.0,0.0,0.0,0.0,0.0,2.0,2.0,0.0,0.0,0.0,0.0,2.0,2.0,0.0,1.0,1.0,0.0,0.0,0.0,0.0,0.0,2.0,2.0,1,12.0,12.0
