TEAM_ID,PLAYER_ID,PLAYER_NAME,avg(FGM),avg(FGA),avg(FG3M),avg(FG3A),avg(FTM),avg(FTA),avg(OREB),avg(DREB),avg(REB),avg(AST),avg(STL),avg(BLK),avg(TO),avg(PF),avg(PTS),avg(PLUS_MINUS),sum(FGM),sum(FGA),sum(FG3M),sum(FG3A),sum(FTM),sum(FTA),sum(OREB),sum(DREB),sum(REB),sum(AST),sum(STL),sum(BLK),sum(TO),sum(PF),sum(PTS),sum(PLUS_MINUS),sum(ifminute),avg(seconds),sum(seconds)
1610612737,203145,Kent Bazemore,4.1022727272727275,9.613636363636363,1.4659090909090908,3.7954545454545454,1.9772727272727273,2.6136363636363638,0.5568181818181818,3.2386363636363638,3.7954545454545454,3.0113636363636362,1.3977272727272727,0.6704545454545454,2.1136363636363638,2.2613636363636362,11.647727272727273,-0.8068181818181818,361.0,846.0,129.0,334.0,174.0,230.0,49.0,285.0,334.0,265.0,123.0,59.0,186.0,199.0,1025.0,-71.0,88,1612.8636363636363,141932.0
1610612761,202360,Andy Rautins,0.3333333333333333,2.6666666666666665,0.0,2.3333333333333335,0.0,0.0,0.0,1.0,1.0,1.3333333333333333,0.6666666666666666,0.0,1.0,1.0,0.6666666666666666,5.0,1.0,8.0,0.0,7.0,0.0,0.0,0.0,3.0,3.0,4.0,2.0,0.0,3.0,3.0,2.0,15.0,3,728.0,2184.0
1610612755,202712,Justin Harper,1.6666666666666667,4.0,0.6666666666666666,2.3333333333333335,0.0,0.0,0.6666666666666666,1.0,1.6666666666666667,0.6666666666666666,0.0,0.0,1.3333333333333333,0.6666666666666666,4.0,-3.6666666666666665,5.0,12.0,2.0,7.0,0.0,0.0,2.0,3.0,5.0,2.0,0.0,0.0,4.0,2.0,12.0,-11.0,3,626.3333333333334,1879.0
