TEAM_ID,PLAYER_ID,PLAYER_NAME,avg(FGM),avg(FGA),avg(FG3M),avg(FG3A),avg(FTM),avg(FTA),avg(OREB),avg(DREB),avg(REB),avg(AST),avg(STL),avg(BLK),avg(TO),avg(PF),avg(PTS),avg(PLUS_MINUS),sum(FGM),sum(FGA),sum(FG3M),sum(FG3A),sum(FTM),sum(FTA),sum(OREB),sum(DREB),sum(REB),sum(AST),sum(STL),sum(BLK),sum(TO),sum(PF),sum(PTS),sum(PLUS_MINUS),sum(ifminute),avg(seconds),sum(seconds)
1610612739,202684,Tristan Thompson,2.4473684210526314,4.302631578947368,0.0,0.013157894736842105,0.8947368421052632,1.486842105263158,2.3552631578947367,4.105263157894737,6.4605263157894735,0.5921052631578947,0.2631578947368421,0.3815789473684211,0.631578947368421,1.75,5.7894736842105265,-1.9736842105263157,186.0,327.0,0.0,1.0,68.0,113.0,179.0,312.0,491.0,45.0,20.0,29.0,48.0,133.0,440.0,-150.0,76,1215.0,92340.0
1610612738,1627759,Jaylen Brown,5.565217391304348,12.0,1.815217391304348,4.663043478260869,2.0652173913043477,3.217391304347826,0.9239130434782609,3.9565217391304346,4.880434782608695,1.576086956521739,0.9456521739130435,0.41304347826086957,1.6630434782608696,2.6956521739130435,15.01086956521739,4.445652173913044,512.0,1104.0,167.0,429.0,190.0,296.0,85.0,364.0,449.0,145.0,87.0,38.0,153.0,248.0,1381.0,409.0,92,1839.0652173913043,169194.0
1610612743,2734,Devin Harris,2.5555555555555554,6.296296296296297,1.2962962962962963,3.7777777777777777,1.8148148148148149,2.1481481481481484,0.1111111111111111,1.4444444444444444,1.5555555555555556,2.4814814814814814,0.5185185185185185,0.14814814814814814,1.0,2.037037037037037,8.222222222222221,-0.4074074074074074,69.0,170.0,35.0,102.0,49.0,58.0,3.0,39.0,42.0,67.0,14.0,4.0,27.0,55.0,222.0,-11.0,27,1184.0740740740741,31970.0
1610612754,1628500,Ben Moore,0.6666666666666666,1.0,0.0,0.0,0.6666666666666666,0.6666666666666666,0.0,1.6666666666666667,1.6666666666666667,1.0,0.0,0.0,0.3333333333333333,1.3333333333333333,2.0,-6.333333333333333,2.0,3.0,0.0,0.0,2.0,2.0,0.0,5.0,5.0,3.0,0.0,0.0,1.0,4.0,6.0,-19.0,3,666.3333333333334,1999.0
