TEAM_ID,PLAYER_ID,PLAYER_NAME,avg(FGM),avg(FGA),avg(FG3M),avg(FG3A),avg(FTM),avg(FTA),avg(OREB),avg(DREB),avg(REB),avg(AST),avg(STL),avg(BLK),avg(TO),avg(PF),avg(PTS),avg(PLUS_MINUS),sum(FGM),sum(FGA),sum(FG3M),sum(FG3A),sum(FTM),sum(FTA),sum(OREB),sum(DREB),sum(REB),sum(AST),sum(STL),sum(BLK),sum(TO),sum(PF),sum(PTS),sum(PLUS_MINUS),sum(ifminute),avg(seconds),sum(seconds)
1610612760,101109,Raymond Felton,2.8205128205128207,6.666666666666667,0.8461538461538461,2.41025641025641,0.3333333333333333,0.5128205128205128,0.23076923076923078,1.4871794871794872,1.7179487179487178,2.3846153846153846,0.5384615384615384,0.15384615384615385,0.7692307692307693,0.8717948717948718,6.82051282051282,-0.8205128205128205,110.0,260.0,33.0,94.0,13.0,20.0,9.0,58.0,67.0,93.0,21.0,6.0,30.0,34.0,266.0,-32.0,39,1016.3846153846154,39639.0
1610612757,203894,Shabazz Napier,2.4375,5.28125,0.84375,1.953125,1.140625,1.421875,0.265625,1.5,1.765625,1.578125,0.921875,0.09375,0.921875,0.84375,6.859375,0.75,156.0,338.0,54.0,125.0,73.0,91.0,17.0,96.0,113.0,101.0,59.0,6.0,59.0,54.0,439.0,48.0,64,892.3125,57108.0
1610612746,201976,Patrick Beverley,3.9285714285714284,9.857142857142858,1.8571428571428572,4.714285714285714,1.3571428571428572,1.6428571428571428,1.2857142857142858,2.5,3.7857142857142856,3.142857142857143,1.4285714285714286,0.42857142857142855,2.2142857142857144,3.0,11.071428571428571,1.5,55.0,138.0,26.0,66.0,19.0,23.0,18.0,35.0,53.0,44.0,20.0,6.0,31.0,42.0,155.0,21.0,14,1723.5714285714287,24130.0
1610612766,1628439,Isaiah Hicks,0.0,1.0,0.0,0.0,0.0,0.0,0.0,0.0,0.0,0.0,0.0,0.0,1.0,0.0,0.0,0.0,0.0,1.0,0.0,0.0,0.0,0.0,0.0,0.0,0.0,0.0,0.0,0.0,1.0,0.0,0.0,0.0,1,116.0,116.0
1610612758,2440,Matt Barnes,2.869565217391304,7.391304347826087,1.2608695652173914,3.9130434782608696,0.8260869565217391,0.9130434782608695,1.1304347826086956,5.260869565217392,6.391304347826087,3.0,0.6086956521739131,0.2608695652173913,1.434782608695652,2.739130434782609,7.826086956521739,0.043478260869565216,66.0,170.0,29.0,90.0,19.0,21.0,26.0,121.0,147.0,69.0,14.0,6.0,33.0,63.0,180.0,1.0,23,1535.5217391304348,35317.0
