TEAM_ID,PLAYER_ID,PLAYER_NAME,avg(FGM),avg(FGA),avg(FG3M),avg(FG3A),avg(FTM),avg(FTA),avg(OREB),avg(DREB),avg(REB),avg(AST),avg(STL),avg(BLK),avg(TO),avg(PF),avg(PTS),avg(PLUS_MINUS),sum(FGM),sum(FGA),sum(FG3M),sum(FG3A),sum(FTM),sum(FTA),sum(OREB),sum(DREB),sum(REB),sum(AST),sum(STL),sum(BLK),sum(TO),sum(PF),sum(PTS),sum(PLUS_MINUS),sum(ifminute),avg(seconds),sum(seconds)
1610612762,1628378,Donovan Mitchell,7.709677419354839,17.78494623655914,2.3225806451612905,6.946236559139785,3.064516129032258,3.7419354838709675,0.6989247311827957,3.2795698924731185,3.978494623655914,3.7096774193548385,1.4623655913978495,0.3333333333333333,2.7419354838709675,2.7204301075268815,20.806451612903224,3.774193548387097,717.0,1654.0,216.0,646.0,285.0,348.0,65.0,305.0,370.0,345.0,136.0,31.0,255.0,253.0,1935.0,351.0,93,2020.279569892473,187886.0
1610612740,203524,Solomon Hill,0.9523809523809523,3.142857142857143,0.47619047619047616,1.7619047619047619,0.5714285714285714,0.7619047619047619,0.7142857142857143,1.8095238095238095,2.5238095238095237,1.380952380952381,0.38095238095238093,0.09523809523809523,0.7142857142857143,1.8571428571428572,2.9523809523809526,-2.142857142857143,20.0,66.0,10.0,37.0,12.0,16.0,15.0,38.0,53.0,29.0,8.0,2.0,15.0,39.0,62.0,-45.0,21,860.4761904761905,18070.0
1610612743,2210,Richard Jefferson,0.6,1.35,0.1,0.35,0.2,0.35,0.1,0.75,0.85,0.75,0.1,0.05,0.25,0.55,1.5,-2.1,12.0,27.0,2.0,7.0,4.0,7.0,2.0,15.0,17.0,15.0,2.0,1.0,5.0,11.0,30.0,-42.0,20,490.15,9803.0
