TEAM_ID,PLAYER_ID,PLAYER_NAME,avg(FGM),avg(FGA),avg(FG3M),avg(FG3A),avg(FTM),avg(FTA),avg(OREB),avg(DREB),avg(REB),avg(AST),avg(STL),avg(BLK),avg(TO),avg(PF),avg(PTS),avg(PLUS_MINUS),sum(FGM),sum(FGA),sum(FG3M),sum(FG3A),sum(FTM),sum(FTA),sum(OREB),sum(DREB),sum(REB),sum(AST),sum(STL),sum(BLK),sum(TO),sum(PF),sum(PTS),sum(PLUS_MINUS),sum(ifminute),avg(seconds),sum(seconds)
1610612746,201599,DeAndre Jordan,5.175824175824176,7.329670329670329,0.0,0.02197802197802198,2.2747252747252746,4.802197802197802,3.989010989010989,10.54945054945055,14.538461538461538,1.2307692307692308,0.5934065934065934,1.2857142857142858,1.4835164835164836,2.857142857142857,12.626373626373626,2.6373626373626373,471.0,667.0,0.0,2.0,207.0,437.0,363.0,960.0,1323.0,112.0,54.0,117.0,135.0,260.0,1149.0,240.0,91,1933.3296703296703,175933.0
1610612748,203079,Dion Waiters,5.769230769230769,13.63076923076923,1.8153846153846154,5.2,1.7846153846153847,2.5692307692307694,0.3230769230769231,2.6,2.923076923076923,4.107692307692307,0.8,0.2923076923076923,2.3846153846153846,1.8615384615384616,15.138461538461538,-0.2153846153846154,375.0,886.0,118.0,338.0,116.0,167.0,21.0,169.0,190.0,267.0,52.0,19.0,155.0,121.0,984.0,-14.0,65,1756.4,114166.0
1610612743,1628420,Monte Morris,1.0,2.25,0.25,0.5,0.0,0.0,0.0,0.25,0.25,0.5,0.0,0.0,0.0,0.0,2.25,-6.0,4.0,9.0,1.0,2.0,0.0,0.0,0.0,1.0,1.0,2.0,0.0,0.0,0.0,0.0,9.0,-24.0,4,236.25,945.0
1610612763,201144,Mike Conley,6.746268656716418,14.835820895522389,2.373134328358209,6.223880597014926,4.537313432835821,5.417910447761194,0.3283582089552239,2.8507462686567164,3.1791044776119404,6.014925373134329,1.2835820895522387,0.208955223880597,2.1044776119402986,1.9253731343283582,20.402985074626866,2.791044776119403,452.0,994.0,159.0,417.0,304.0,363.0,22.0,191.0,213.0,403.0,86.0,14.0,141.0,129.0,1367.0,187.0,67,1983.1940298507463,132874.0
1610612740,203103,Perry Jones III,1.3333333333333333,4.666666666666667,0.0,1.3333333333333333,0.6666666666666666,0.6666666666666666,0.3333333333333333,2.6666666666666665,3.0,1.0,0.0,0.0,0.6666666666666666,1.6666666666666667,3.3333333333333335,-2.0,4.0,14.0,0.0,4.0,2.0,2.0,1.0,8.0,9.0,3.0,0.0,0.0,2.0,5.0,10.0,-6.0,3,913.6666666666666,2741.0
1610612738,1628433,L.J. Peak,0.5,0.5,0.0,0.0,0.0,0.0,0.0,0.0,0.0,0.0,0.0,0.0,0.0,0.5,1.0,-2.5,1.0,1.0,0.0,0.0,0.0,0.0,0.0,0.0,0.0,0.0,0.0,0.0,0.0,1.0,2.0,-5.0,2,209.5,419.0
