TEAM_ID,PLAYER_ID,PLAYER_NAME,avg(FGM),avg(FGA),avg(FG3M),avg(FG3A),avg(FTM),avg(FTA),avg(OREB),avg(DREB),avg(REB),avg(AST),avg(STL),avg(BLK),avg(TO),avg(PF),avg(PTS),avg(PLUS_MINUS),sum(FGM),sum(FGA),sum(FG3M),sum(FG3A),sum(FTM),sum(FTA),sum(OREB),sum(DREB),sum(REB),sum(AST),sum(STL),sum(BLK),sum(TO),sum(PF),sum(PTS),sum(PLUS_MINUS),sum(ifminute),avg(seconds),sum(seconds)
1610612742,1626151,Aaron Harrison,2.111111111111111,7.666666666666667,1.0,4.777777777777778,1.4444444444444444,1.8888888888888888,0.4444444444444444,2.2222222222222223,2.6666666666666665,1.2222222222222223,1.0,0.2222222222222222,0.3333333333333333,3.0,6.666666666666667,-8.0,19.0,69.0,9.0,43.0,13.0,17.0,4.0,20.0,24.0,11.0,9.0,2.0,3.0,27.0,60.0,-72.0,9,1555.0,13995.0
1610612756,202339,Eric Bledsoe,3.142857142857143,9.428571428571429,1.0,4.0,2.5714285714285716,3.4285714285714284,0.42857142857142855,2.5714285714285716,3.0,3.857142857142857,1.5714285714285714,0.7142857142857143,2.4285714285714284,1.4285714285714286,9.857142857142858,-12.857142857142858,22.0,66.0,7.0,28.0,18.0,24.0,3.0,18.0,21.0,27.0,11.0,5.0,17.0,10.0,69.0,-90.0,7,1468.2857142857142,10278.0
