TEAM_ID,PLAYER_ID,PLAYER_NAME,avg(FGM),avg(FGA),avg(FG3M),avg(FG3A),avg(FTM),avg(FTA),avg(OREB),avg(DREB),avg(REB),avg(AST),avg(STL),avg(BLK),avg(TO),avg(PF),avg(PTS),avg(PLUS_MINUS),sum(FGM),sum(FGA),sum(FG3M),sum(FG3A),sum(FTM),sum(FTA),sum(OREB),sum(DREB),sum(REB),sum(AST),sum(STL),sum(BLK),sum(TO),sum(PF),sum(PTS),sum(PLUS_MINUS),sum(ifminute),avg(seconds),sum(seconds)
1610612745,200782,P.J. Tucker,2.2524271844660193,5.524271844660194,1.5145631067961165,3.8932038834951457,0.5339805825242718,0.7572815533980582,1.1650485436893203,4.58252427184466,5.747572815533981,1.0,0.8737864077669902,0.4077669902912621,0.9029126213592233,2.5436893203883497,6.553398058252427,6.223300970873787,232.0,569.0,156.0,401.0,55.0,78.0,120.0,472.0,592.0,103.0,90.0,42.0,93.0,262.0,675.0,641.0,103,1715.8640776699028,176734.0
1610612759,203464,Brandon Paul,0.9571428571428572,2.1285714285714286,0.2714285714285714,0.9,0.35714285714285715,0.6571428571428571,0.14285714285714285,1.0285714285714285,1.1714285714285715,0.6,0.38571428571428573,0.11428571428571428,0.42857142857142855,0.9,2.5428571428571427,0.32857142857142857,67.0,149.0,19.0,63.0,25.0,46.0,10.0,72.0,82.0,42.0,27.0,8.0,30.0,63.0,178.0,23.0,70,554.5571428571428,38819.0
1610612755,203580,Larry Drew II,0.3333333333333333,2.3333333333333335,0.0,1.0,0.0,0.0,0.3333333333333333,0.0,0.3333333333333333,0.6666666666666666,0.0,0.0,0.3333333333333333,0.6666666666666666,0.6666666666666666,-1.6666666666666667,1.0,7.0,0.0,3.0,0.0,0.0,1.0,0.0,1.0,2.0,0.0,0.0,1.0,2.0,2.0,-5.0,3,291.6666666666667,875.0
1610612746,1627850,Marshall Plumlee,0.5,1.75,0.0,0.0,0.0,0.0,0.75,0.25,1.0,0.0,0.0,0.5,1.0,1.25,1.0,-2.5,2.0,7.0,0.0,0.0,0.0,0.0,3.0,1.0,4.0,0.0,0.0,2.0,4.0,5.0,4.0,-10.0,4,329.75,1319.0
