TEAM_ID,PLAYER_ID,PLAYER_NAME,avg(FGM),avg(FGA),avg(FG3M),avg(FG3A),avg(FTM),avg(FTA),avg(OREB),avg(DREB),avg(REB),avg(AST),avg(STL),avg(BLK),avg(TO),avg(PF),avg(PTS),avg(PLUS_MINUS),sum(FGM),sum(FGA),sum(FG3M),sum(FG3A),sum(FTM),sum(FTA),sum(OREB),sum(DREB),sum(REB),sum(AST),sum(STL),sum(BLK),sum(TO),sum(PF),sum(PTS),sum(PLUS_MINUS),sum(ifminute),avg(seconds),sum(seconds)
1610612740,203121,Darius Miller,2.5157894736842104,5.663157894736842,1.7157894736842105,4.147368421052631,0.6842105263157895,0.7789473684210526,0.22105263157894736,1.768421052631579,1.9894736842105263,1.3157894736842106,0.3684210526315789,0.17894736842105263,0.7157894736842105,1.936842105263158,7.431578947368421,-0.5473684210526316,239.0,538.0,163.0,394.0,65.0,74.0,21.0,168.0,189.0,125.0,35.0,17.0,68.0,184.0,706.0,-52.0,95,1379.8842105263159,131089.0
1610612754,202362,Lance Stephenson,3.78021978021978,8.791208791208792,0.8681318681318682,2.967032967032967,1.021978021978022,1.5604395604395604,0.7362637362637363,4.241758241758242,4.978021978021978,2.912087912087912,0.5604395604395604,0.1978021978021978,1.5714285714285714,2.230769230769231,9.45054945054945,-1.0769230769230769,344.0,800.0,79.0,270.0,93.0,142.0,67.0,386.0,453.0,265.0,51.0,18.0,143.0,203.0,860.0,-98.0,91,1353.0549450549452,123128.0
