TEAM_ID,PLAYER_ID,PLAYER_NAME,avg(FGM),avg(FGA),avg(FG3M),avg(FG3A),avg(FTM),avg(FTA),avg(OREB),avg(DREB),avg(REB),avg(AST),avg(STL),avg(BLK),avg(TO),avg(PF),avg(PTS),avg(PLUS_MINUS),sum(FGM),sum(FGA),sum(FG3M),sum(FG3A),sum(FTM),sum(FTA),sum(OREB),sum(DREB),sum(REB),sum(AST),sum(STL),sum(BLK),sum(TO),sum(PF),sum(PTS),sum(PLUS_MINUS),sum(ifminute),avg(seconds),sum(seconds)
1610612753,201167,Arron Afflalo,1.1515151515151516,3.1818181818181817,0.36363636363636365,1.3333333333333333,0.5454545454545454,0.6666666666666666,0.09090909090909091,1.2424242424242424,1.3333333333333333,0.6363636363636364,0.18181818181818182,0.12121212121212122,0.3333333333333333,1.1515151515151516,3.212121212121212,-1.9090909090909092,38.0,105.0,12.0,44.0,18.0,22.0,3.0,41.0,44.0,21.0,6.0,4.0,11.0,38.0,106.0,-63.0,33,852.4545454545455,28131.0
1610612759,203613,Jonathon Simmons,2.75,6.433333333333334,0.5,1.6666666666666667,1.2833333333333334,1.75,0.3,1.65,1.95,1.6333333333333333,0.5833333333333334,0.23333333333333334,0.8666666666666667,1.9,7.283333333333333,0.6666666666666666,165.0,386.0,30.0,100.0,77.0,105.0,18.0,99.0,117.0,98.0,35.0,14.0,52.0,114.0,437.0,40.0,60,1083.6166666666666,65017.0
1610612742,1627773,AJ Hammons,1.6,4.0,0.2,0.8,1.4,2.0,0.6,2.6,3.2,0.4,0.2,1.4,1.4,2.2,4.8,-7.0,8.0,20.0,1.0,4.0,7.0,10.0,3.0,13.0,16.0,2.0,1.0,7.0,7.0,11.0,24.0,-35.0,5,1038.4,5192.0
