TEAM_ID,PLAYER_ID,PLAYER_NAME,avg(FGM),avg(FGA),avg(FG3M),avg(FG3A),avg(FTM),avg(FTA),avg(OREB),avg(DREB),avg(REB),avg(AST),avg(STL),avg(BLK),avg(TO),avg(PF),avg(PTS),avg(PLUS_MINUS),sum(FGM),sum(FGA),sum(FG3M),sum(FG3A),sum(FTM),sum(FTA),sum(OREB),sum(DREB),sum(REB),sum(AST),sum(STL),sum(BLK),sum(TO),sum(PF),sum(PTS),sum(PLUS_MINUS),sum(ifminute),avg(seconds),sum(seconds)
1610612749,203089,John Henson,3.7439024390243905,6.475609756097561,0.012195121951219513,0.08536585365853659,1.146341463414634,2.024390243902439,1.9390243902439024,4.658536585365853,6.597560975609756,1.524390243902439,0.5853658536585366,1.4390243902439024,1.1341463414634145,2.597560975609756,8.646341463414634,1.353658536585366,307.0,531.0,1.0,7.0,94.0,166.0,159.0,382.0,541.0,125.0,48.0,118.0,93.0,213.0,709.0,111.0,82,1540.2073170731708,126297.0
1610612745,1627817,Tim Quarterman,0.3333333333333333,1.0,0.0,0.6666666666666666,0.6666666666666666,0.6666666666666666,0.0,1.0,1.0,0.3333333333333333,0.0,0.0,0.6666666666666666,0.3333333333333333,1.3333333333333333,-3.3333333333333335,1.0,3.0,0.0,2.0,2.0,2.0,0.0,3.0,3.0,1.0,0.0,0.0,2.0,1.0,4.0,-10.0,3,255.0,765.0
1610612741,203897,Zach LaVine,5.666666666666667,14.791666666666666,1.75,5.125,3.625,4.458333333333333,0.375,3.5416666666666665,3.9166666666666665,3.0,1.0,0.16666666666666666,1.7916666666666667,2.2916666666666665,16.708333333333332,-7.166666666666667,136.0,355.0,42.0,123.0,87.0,107.0,9.0,85.0,94.0,72.0,24.0,4.0,43.0,55.0,401.0,-172.0,24,1640.75,39378.0
