TEAM_ID,PLAYER_ID,PLAYER_NAME,avg(FGM),avg(FGA),avg(FG3M),avg(FG3A),avg(FTM),avg(FTA),avg(OREB),avg(DREB),avg(REB),avg(AST),avg(STL),avg(BLK),avg(TO),avg(PF),avg(PTS),avg(PLUS_MINUS),sum(FGM),sum(FGA),sum(FG3M),sum(FG3A),sum(FTM),sum(FTA),sum(OREB),sum(DREB),sum(REB),sum(AST),sum(STL),sum(BLK),sum(TO),sum(PF),sum(PTS),sum(PLUS_MINUS),sum(ifminute),avg(seconds),sum(seconds)
1610612759,1627854,Bryn Forbes,2.5842696629213484,6.157303370786517,1.0898876404494382,2.808988764044944,0.651685393258427,0.9662921348314607,0.15730337078651685,1.1573033707865168,1.3146067415730338,1.0112359550561798,0.3258426966292135,0.02247191011235955,0.43820224719101125,1.2808988764044944,6.910112359550562,1.6741573033707866,230.0,548.0,97.0,250.0,58.0,86.0,14.0,103.0,117.0,90.0,29.0,2.0,39.0,114.0,615.0,149.0,89,1120.7191011235955,99744.0
1610612744,1627771,Michael Gbinije,1.0,4.5,0.25,2.5,1.0,1.0,0.5,0.25,0.75,0.0,0.0,0.0,0.5,0.75,3.25,-1.5,4.0,18.0,1.0,10.0,4.0,4.0,2.0,1.0,3.0,0.0,0.0,0.0,2.0,3.0,13.0,-6.0,4,451.0,1804.0
