TEAM_ID,PLAYER_ID,PLAYER_NAME,avg(FGM),avg(FGA),avg(FG3M),avg(FG3A),avg(FTM),avg(FTA),avg(OREB),avg(DREB),avg(REB),avg(AST),avg(STL),avg(BLK),avg(TO),avg(PF),avg(PTS),avg(PLUS_MINUS),sum(FGM),sum(FGA),sum(FG3M),sum(FG3A),sum(FTM),sum(FTA),sum(OREB),sum(DREB),sum(REB),sum(AST),sum(STL),sum(BLK),sum(TO),sum(PF),sum(PTS),sum(PLUS_MINUS),sum(ifminute),avg(seconds),sum(seconds)
1610612737,203471,Dennis Schroder,3.6,8.49,0.63,1.88,1.89,2.31,0.36,1.66,2.02,3.99,0.59,0.06,1.92,1.68,9.72,-0.49,360.0,849.0,63.0,188.0,189.0,231.0,36.0,166.0,202.0,399.0,59.0,6.0,192.0,168.0,972.0,-49.0,100,1162.35,116235.0
1610612764,203078,Bradley Beal,5.9605263157894735,14.144736842105264,1.7236842105263157,4.342105263157895,2.4342105263157894,3.039473684210526,0.9473684210526315,3.0526315789473686,4.0,3.210526315789474,1.2236842105263157,0.32894736842105265,2.039473684210526,2.1578947368421053,16.07894736842105,2.776315789473684,453.0,1075.0,131.0,330.0,185.0,231.0,72.0,232.0,304.0,244.0,93.0,25.0,155.0,164.0,1222.0,211.0,76,2042.9473684210527,155264.0
1610612748,2547,Chris Bosh,7.627450980392157,16.431372549019606,1.3333333333333333,3.6470588235294117,4.196078431372549,5.450980392156863,1.0784313725490196,6.0,7.078431372549019,2.0588235294117645,0.9019607843137255,0.6078431372549019,2.1176470588235294,1.588235294117647,20.784313725490197,-2.0392156862745097,389.0,838.0,68.0,186.0,214.0,278.0,55.0,306.0,361.0,105.0,46.0,31.0,108.0,81.0,1060.0,-104.0,51,2065.1176470588234,105321.0
1610612762,203315,Toure' Murry,1.0,2.3333333333333335,0.0,0.3333333333333333,0.3333333333333333,0.6666666666666666,0.3333333333333333,0.6666666666666666,1.0,0.6666666666666666,0.0,0.0,0.0,1.3333333333333333,2.3333333333333335,-0.6666666666666666,3.0,7.0,0.0,1.0,1.0,2.0,1.0,2.0,3.0,2.0,0.0,0.0,0.0,4.0,7.0,-2.0,3,369.6666666666667,1109.0
