TEAM_ID,PLAYER_ID,PLAYER_NAME,avg(FGM),avg(FGA),avg(FG3M),avg(FG3A),avg(FTM),avg(FTA),avg(OREB),avg(DREB),avg(REB),avg(AST),avg(STL),avg(BLK),avg(TO),avg(PF),avg(PTS),avg(PLUS_MINUS),sum(FGM),sum(FGA),sum(FG3M),sum(FG3A),sum(FTM),sum(FTA),sum(OREB),sum(DREB),sum(REB),sum(AST),sum(STL),sum(BLK),sum(TO),sum(PF),sum(PTS),sum(PLUS_MINUS),sum(ifminute),avg(seconds),sum(seconds)
1610612758,203917,Nik Stauskas,1.5945945945945945,4.297297297297297,0.6756756756756757,2.3513513513513513,0.6216216216216216,0.7297297297297297,0.16216216216216217,0.972972972972973,1.135135135135135,0.7297297297297297,0.24324324324324326,0.24324324324324326,0.5135135135135135,1.5135135135135136,4.486486486486487,-2.7027027027027026,59.0,159.0,25.0,87.0,23.0,27.0,6.0,36.0,42.0,27.0,9.0,9.0,19.0,56.0,166.0,-100.0,37,929.972972972973,34409.0
1610612755,203128,Furkan Aldemir,0.75,1.5,0.0,0.0,0.0,0.0,1.5,1.75,3.25,0.25,0.5,0.0,0.25,2.0,1.5,-6.25,3.0,6.0,0.0,0.0,0.0,0.0,6.0,7.0,13.0,1.0,2.0,0.0,1.0,8.0,6.0,-25.0,4,544.25,2177.0
1610612739,203805,Will Cherry,0.625,2.375,0.25,1.125,0.375,0.75,0.125,0.5,0.625,1.0,0.75,0.125,0.5,1.25,1.875,-0.875,5.0,19.0,2.0,9.0,3.0,6.0,1.0,4.0,5.0,8.0,6.0,1.0,4.0,10.0,15.0,-7.0,8,520.625,4165.0
1610612747,202719,Jeremy Tyler,1.0,3.6666666666666665,0.0,0.0,0.6666666666666666,1.3333333333333333,1.3333333333333333,2.0,3.3333333333333335,0.6666666666666666,0.3333333333333333,1.0,0.6666666666666666,3.0,2.6666666666666665,-7.333333333333333,3.0,11.0,0.0,0.0,2.0,4.0,4.0,6.0,10.0,2.0,1.0,3.0,2.0,9.0,8.0,-22.0,3,563.6666666666666,1691.0
1610612766,201196,Ramon Sessions,3.5217391304347827,8.434782608695652,0.21739130434782608,1.0869565217391304,3.0,3.8260869565217392,0.30434782608695654,1.7391304347826086,2.0434782608695654,4.956521739130435,0.5217391304347826,0.08695652173913043,1.9130434782608696,1.173913043478261,10.26086956521739,-1.3043478260869565,81.0,194.0,5.0,25.0,69.0,88.0,7.0,40.0,47.0,114.0,12.0,2.0,44.0,27.0,236.0,-30.0,23,1621.391304347826,37292.0
