TEAM_ID,PLAYER_ID,PLAYER_NAME,avg(FGM),avg(FGA),avg(FG3M),avg(FG3A),avg(FTM),avg(FTA),avg(OREB),avg(DREB),avg(REB),avg(AST),avg(STL),avg(BLK),avg(TO),avg(PF),avg(PTS),avg(PLUS_MINUS),sum(FGM),sum(FGA),sum(FG3M),sum(FG3A),sum(FTM),sum(FTA),sum(OREB),sum(DREB),sum(REB),sum(AST),sum(STL),sum(BLK),sum(TO),sum(PF),sum(PTS),sum(PLUS_MINUS),sum(ifminute),avg(seconds),sum(seconds)
1610612766,203469,Cody Zeller,2.2736842105263158,4.947368421052632,0.0,0.010526315789473684,2.1473684210526316,2.8947368421052633,1.5052631578947369,3.1473684210526316,4.652631578947369,1.1789473684210525,0.45263157894736844,0.5684210526315789,0.9578947368421052,2.2736842105263158,6.6947368421052635,-1.3368421052631578,216.0,470.0,0.0,1.0,204.0,275.0,143.0,299.0,442.0,112.0,43.0,54.0,91.0,216.0,636.0,-127.0,95,1172.9789473684211,111433.0
1610612752,200769,Shannon Brown,0.8421052631578947,2.0,0.0,0.0,0.42105263157894735,0.631578947368421,0.3157894736842105,0.47368421052631576,0.7894736842105263,0.21052631578947367,0.631578947368421,0.0,0.5263157894736842,0.631578947368421,2.1052631578947367,-2.1578947368421053,16.0,38.0,0.0,0.0,8.0,12.0,6.0,9.0,15.0,4.0,12.0,0.0,10.0,12.0,40.0,-41.0,19,468.2631578947368,8897.0
