TEAM_ID,PLAYER_ID,PLAYER_NAME,avg(FGM),avg(FGA),avg(FG3M),avg(FG3A),avg(FTM),avg(FTA),avg(OREB),avg(DREB),avg(REB),avg(AST),avg(STL),avg(BLK),avg(TO),avg(PF),avg(PTS),avg(PLUS_MINUS),sum(FGM),sum(FGA),sum(FG3M),sum(FG3A),sum(FTM),sum(FTA),sum(OREB),sum(DREB),sum(REB),sum(AST),sum(STL),sum(BLK),sum(TO),sum(PF),sum(PTS),sum(PLUS_MINUS),sum(ifminute),avg(seconds),sum(seconds)
1610612763,2757,Beno Udrih,2.480769230769231,5.076923076923077,0.34615384615384615,1.2115384615384615,1.0,1.2307692307692308,0.1346153846153846,1.2307692307692308,1.3653846153846154,2.4615384615384617,0.46153846153846156,0.057692307692307696,1.0576923076923077,1.0576923076923077,6.3076923076923075,-0.21153846153846154,129.0,264.0,18.0,63.0,52.0,64.0,7.0,64.0,71.0,128.0,24.0,3.0,55.0,55.0,328.0,-11.0,52,909.3653846153846,47287.0
1610612764,2446,Rasual Butler,3.5625,7.25,1.59375,3.25,0.8125,1.0,0.4375,2.21875,2.65625,0.90625,0.4375,0.21875,0.625,1.34375,9.53125,-0.84375,114.0,232.0,51.0,104.0,26.0,32.0,14.0,71.0,85.0,29.0,14.0,7.0,20.0,43.0,305.0,-27.0,32,1295.40625,41453.0
1610612744,202691,Klay Thompson,6.956043956043956,15.626373626373626,2.7142857142857144,6.395604395604396,2.340659340659341,2.78021978021978,0.3516483516483517,2.802197802197802,3.1538461538461537,2.5824175824175826,0.978021978021978,0.6263736263736264,1.7472527472527473,2.3076923076923075,18.967032967032967,7.637362637362638,633.0,1422.0,247.0,582.0,213.0,253.0,32.0,255.0,287.0,235.0,89.0,57.0,159.0,210.0,1726.0,695.0,91,1996.043956043956,181640.0
1610612744,203136,Ognjen Kuzmic,0.7272727272727273,1.0909090909090908,0.0,0.0,0.45454545454545453,0.7272727272727273,0.7272727272727273,1.5151515151515151,2.242424242424242,0.5757575757575758,0.24242424242424243,0.06060606060606061,0.48484848484848486,1.2424242424242424,1.9090909090909092,-0.9696969696969697,24.0,36.0,0.0,0.0,15.0,24.0,24.0,50.0,74.0,19.0,8.0,2.0,16.0,41.0,63.0,-32.0,33,434.8181818181818,14349.0
1610612762,2740,Andris Biedrins,"","","","","","","","","","","","","","","","","","","","","","","","","","","","","","","","",0,"",""
