TEAM_ID,PLAYER_ID,PLAYER_NAME,avg(FGM),avg(FGA),avg(FG3M),avg(FG3A),avg(FTM),avg(FTA),avg(OREB),avg(DREB),avg(REB),avg(AST),avg(STL),avg(BLK),avg(TO),avg(PF),avg(PTS),avg(PLUS_MINUS),sum(FGM),sum(FGA),sum(FG3M),sum(FG3A),sum(FTM),sum(FTA),sum(OREB),sum(DREB),sum(REB),sum(AST),sum(STL),sum(BLK),sum(TO),sum(PF),sum(PTS),sum(PLUS_MINUS),sum(ifminute),avg(seconds),sum(seconds)
1610612759,1938,Manu Ginobili,3.345679012345679,8.185185185185185,1.1975308641975309,3.6666666666666665,2.1481481481481484,2.950617283950617,0.4074074074074074,2.691358024691358,3.0987654320987654,4.185185185185185,0.8888888888888888,0.345679012345679,2.246913580246914,2.0123456790123457,10.037037037037036,3.4074074074074074,271.0,663.0,97.0,297.0,174.0,239.0,33.0,218.0,251.0,339.0,72.0,28.0,182.0,163.0,813.0,276.0,81,1332.432098765432,107927.0
1610612740,201569,Eric Gordon,4.661971830985915,11.450704225352112,2.267605633802817,5.225352112676056,1.8309859154929577,2.23943661971831,0.43661971830985913,2.140845070422535,2.5774647887323945,3.647887323943662,0.7605633802816901,0.23943661971830985,1.9859154929577465,2.3661971830985915,13.422535211267606,0.6056338028169014,331.0,813.0,161.0,371.0,130.0,159.0,31.0,152.0,183.0,259.0,54.0,17.0,141.0,168.0,953.0,43.0,71,1939.394366197183,137697.0
1610612755,204025,Tim Frazier,2.1666666666666665,7.166666666666667,0.5,1.8333333333333333,0.8333333333333334,2.5,0.6666666666666666,2.5,3.1666666666666665,7.166666666666667,1.0,0.0,3.0,2.6666666666666665,5.666666666666667,1.0,13.0,43.0,3.0,11.0,5.0,15.0,4.0,15.0,19.0,43.0,6.0,0.0,18.0,16.0,34.0,6.0,6,1714.6666666666667,10288.0
