TEAM_ID,PLAYER_ID,PLAYER_NAME,avg(FGM),avg(FGA),avg(FG3M),avg(FG3A),avg(FTM),avg(FTA),avg(OREB),avg(DREB),avg(REB),avg(AST),avg(STL),avg(BLK),avg(TO),avg(PF),avg(PTS),avg(PLUS_MINUS),sum(FGM),sum(FGA),sum(FG3M),sum(FG3A),sum(FTM),sum(FTA),sum(OREB),sum(DREB),sum(REB),sum(AST),sum(STL),sum(BLK),sum(TO),sum(PF),sum(PTS),sum(PLUS_MINUS),sum(ifminute),avg(seconds),sum(seconds)
1610612745,201976,Patrick Beverley,3.671875,9.015625,1.9375,5.015625,1.3125,1.6875,1.296875,2.375,3.671875,2.875,1.203125,0.34375,1.21875,3.5,10.59375,4.453125,235.0,577.0,124.0,321.0,84.0,108.0,83.0,152.0,235.0,184.0,77.0,22.0,78.0,224.0,678.0,285.0,64,1824.453125,116765.0
1610612755,203187,Chris Johnson,1.9285714285714286,6.071428571428571,1.0,3.7857142857142856,0.6428571428571429,1.0,0.21428571428571427,2.5,2.7142857142857144,0.35714285714285715,0.7857142857142857,0.35714285714285715,1.1428571428571428,1.9285714285714286,5.5,-2.5714285714285716,27.0,85.0,14.0,53.0,9.0,14.0,3.0,35.0,38.0,5.0,11.0,5.0,16.0,27.0,77.0,-36.0,14,1167.0714285714287,16339.0
1610612758,203112,Quincy Acy,0.9574468085106383,2.234042553191489,0.0425531914893617,0.1702127659574468,0.48936170212765956,0.7872340425531915,1.2765957446808511,2.382978723404255,3.6595744680851063,0.46808510638297873,0.3829787234042553,0.40425531914893614,0.5531914893617021,2.021276595744681,2.4468085106382977,-2.404255319148936,45.0,105.0,2.0,8.0,23.0,37.0,60.0,112.0,172.0,22.0,18.0,19.0,26.0,95.0,115.0,-113.0,47,846.1702127659574,39770.0
1610612739,203552,Seth Curry,1.0,3.0,1.0,1.0,0.0,0.0,0.0,1.0,1.0,0.0,2.0,0.0,0.0,0.0,3.0,-5.0,1.0,3.0,1.0,1.0,0.0,0.0,0.0,1.0,1.0,0.0,2.0,0.0,0.0,0.0,3.0,-5.0,1,530.0,530.0
