TEAM_ID,PLAYER_ID,PLAYER_NAME,avg(FGM),avg(FGA),avg(FG3M),avg(FG3A),avg(FTM),avg(FTA),avg(OREB),avg(DREB),avg(REB),avg(AST),avg(STL),avg(BLK),avg(TO),avg(PF),avg(PTS),avg(PLUS_MINUS),sum(FGM),sum(FGA),sum(FG3M),sum(FG3A),sum(FTM),sum(FTA),sum(OREB),sum(DREB),sum(REB),sum(AST),sum(STL),sum(BLK),sum(TO),sum(PF),sum(PTS),sum(PLUS_MINUS),sum(ifminute),avg(seconds),sum(seconds)
1610612747,204028,Tarik Black,2.9473684210526314,5.0,0.0,0.0,1.3157894736842106,2.3421052631578947,2.210526315789474,4.131578947368421,6.342105263157895,0.8947368421052632,0.34210526315789475,0.5789473684210527,0.7631578947368421,2.6842105263157894,7.2105263157894735,-1.4210526315789473,112.0,190.0,0.0,0.0,50.0,89.0,84.0,157.0,241.0,34.0,13.0,22.0,29.0,102.0,274.0,-54.0,38,1267.2631578947369,48156.0
