TEAM_ID,PLAYER_ID,PLAYER_NAME,avg(FGM),avg(FGA),avg(FG3M),avg(FG3A),avg(FTM),avg(FTA),avg(OREB),avg(DREB),avg(REB),avg(AST),avg(STL),avg(BLK),avg(TO),avg(PF),avg(PTS),avg(PLUS_MINUS),sum(FGM),sum(FGA),sum(FG3M),sum(FG3A),sum(FTM),sum(FTA),sum(OREB),sum(DREB),sum(REB),sum(AST),sum(STL),sum(BLK),sum(TO),sum(PF),sum(PTS),sum(PLUS_MINUS),sum(ifminute),avg(seconds),sum(seconds)
1610612752,204037,Travis Wear,1.375,3.21875,0.0,0.125,0.375,0.46875,0.40625,1.125,1.53125,0.59375,0.1875,0.09375,0.5625,1.15625,3.125,-0.71875,44.0,103.0,0.0,4.0,12.0,15.0,13.0,36.0,49.0,19.0,6.0,3.0,18.0,37.0,100.0,-23.0,32,639.6875,20470.0
1610612753,203473,Dewayne Dedmon,1.446808510638298,3.0425531914893615,0.0,0.0,0.7659574468085106,1.1914893617021276,1.8936170212765957,3.0425531914893615,4.9361702127659575,0.14893617021276595,0.3191489361702128,0.8723404255319149,0.6595744680851063,2.1702127659574466,3.6595744680851063,-1.446808510638298,68.0,143.0,0.0,0.0,36.0,56.0,89.0,143.0,232.0,7.0,15.0,41.0,31.0,102.0,172.0,-68.0,47,828.1914893617021,38925.0
1610612748,201141,Greg Oden,1.0384615384615385,1.8846153846153846,0.0,0.0,0.5,0.8846153846153846,0.8846153846153846,1.2307692307692308,2.1153846153846154,0.07692307692307693,0.3076923076923077,0.5,0.46153846153846156,2.076923076923077,2.576923076923077,-1.3846153846153846,27.0,49.0,0.0,0.0,13.0,23.0,23.0,32.0,55.0,2.0,8.0,13.0,12.0,54.0,67.0,-36.0,26,506.88461538461536,13179.0
1610612755,203485,Lorenzo Brown,0.6153846153846154,2.4615384615384617,0.15384615384615385,1.0769230769230769,0.38461538461538464,0.6923076923076923,0.23076923076923078,1.1538461538461537,1.3846153846153846,1.3076923076923077,0.23076923076923078,0.0,0.38461538461538464,0.46153846153846156,1.7692307692307692,1.7692307692307692,8.0,32.0,2.0,14.0,5.0,9.0,3.0,15.0,18.0,17.0,3.0,0.0,5.0,6.0,23.0,23.0,13,378.0769230769231,4915.0
1610612744,202705,MarShon Brooks,0.7142857142857143,1.8571428571428572,0.0,0.2857142857142857,0.42857142857142855,0.5714285714285714,0.14285714285714285,0.5714285714285714,0.7142857142857143,0.0,0.14285714285714285,0.0,0.0,0.0,1.8571428571428572,0.2857142857142857,5.0,13.0,0.0,2.0,3.0,4.0,1.0,4.0,5.0,0.0,1.0,0.0,0.0,0.0,13.0,2.0,7,132.0,924.0
