TEAM_ID,PLAYER_ID,PLAYER_NAME,avg(FGM),avg(FGA),avg(FG3M),avg(FG3A),avg(FTM),avg(FTA),avg(OREB),avg(DREB),avg(REB),avg(AST),avg(STL),avg(BLK),avg(TO),avg(PF),avg(PTS),avg(PLUS_MINUS),sum(FGM),sum(FGA),sum(FG3M),sum(FG3A),sum(FTM),sum(FTA),sum(OREB),sum(DREB),sum(REB),sum(AST),sum(STL),sum(BLK),sum(TO),sum(PF),sum(PTS),sum(PLUS_MINUS),sum(ifminute),avg(seconds),sum(seconds)
1610612757,2549,Chris Kaman,4.2631578947368425,8.394736842105264,0.0,0.0,1.368421052631579,1.9473684210526316,1.605263157894737,4.7105263157894735,6.315789473684211,0.9736842105263158,0.21052631578947367,1.0,1.5789473684210527,2.263157894736842,9.894736842105264,1.4473684210526316,162.0,319.0,0.0,0.0,52.0,74.0,61.0,179.0,240.0,37.0,8.0,38.0,60.0,86.0,376.0,55.0,38,1135.3947368421052,43145.0
1610612743,203113,Quincy Miller,1.75,4.9423076923076925,0.5769230769230769,1.8846153846153846,0.7884615384615384,1.0961538461538463,0.6923076923076923,2.230769230769231,2.923076923076923,0.5576923076923077,0.4423076923076923,0.6153846153846154,0.9038461538461539,1.4615384615384615,4.865384615384615,-1.7115384615384615,91.0,257.0,30.0,98.0,41.0,57.0,36.0,116.0,152.0,29.0,23.0,32.0,47.0,76.0,253.0,-89.0,52,929.0192307692307,48309.0
1610612745,204080,Geron Johnson,"","","","","","","","","","","","","","","","","","","","","","","","","","","","","","","","",0,"",""
1610612745,204064,Akil Mitchell,"","","","","","","","","","","","","","","","","","","","","","","","","","","","","","","","",0,"",""
