TEAM_ID,PLAYER_ID,PLAYER_NAME,avg(FGM),avg(FGA),avg(FG3M),avg(FG3A),avg(FTM),avg(FTA),avg(OREB),avg(DREB),avg(REB),avg(AST),avg(STL),avg(BLK),avg(TO),avg(PF),avg(PTS),avg(PLUS_MINUS),sum(FGM),sum(FGA),sum(FG3M),sum(FG3A),sum(FTM),sum(FTA),sum(OREB),sum(DREB),sum(REB),sum(AST),sum(STL),sum(BLK),sum(TO),sum(PF),sum(PTS),sum(PLUS_MINUS),sum(ifminute),avg(seconds),sum(seconds)
1610612740,203893,Russ Smith,1.0909090909090908,2.909090909090909,0.2727272727272727,0.7272727272727273,0.7272727272727273,0.9090909090909091,0.2727272727272727,0.45454545454545453,0.7272727272727273,0.6363636363636364,0.36363636363636365,0.0,1.0909090909090908,1.3636363636363635,3.1818181818181817,-0.45454545454545453,12.0,32.0,3.0,8.0,8.0,10.0,3.0,5.0,8.0,7.0,4.0,0.0,12.0,15.0,35.0,-5.0,11,411.72727272727275,4529.0
1610612757,203081,Damian Lillard,7.0,15.887755102040817,2.4489795918367347,6.520408163265306,4.3979591836734695,5.061224489795919,0.5306122448979592,3.520408163265306,4.051020408163265,5.744897959183674,1.0612244897959184,0.19387755102040816,2.5918367346938775,2.2857142857142856,20.846938775510203,4.387755102040816,686.0,1557.0,240.0,639.0,431.0,496.0,52.0,345.0,397.0,563.0,104.0,19.0,254.0,224.0,2043.0,430.0,98,2152.0408163265306,210900.0
1610612764,201953,Eric Maynor,0.0,2.0,0.0,1.0,0.0,0.0,0.0,0.0,0.0,1.0,0.0,0.0,0.0,1.0,0.0,-5.0,0.0,2.0,0.0,1.0,0.0,0.0,0.0,0.0,0.0,1.0,0.0,0.0,0.0,1.0,0.0,-5.0,1,397.0,397.0
