TEAM_ID,PLAYER_ID,PLAYER_NAME,avg(FGM),avg(FGA),avg(FG3M),avg(FG3A),avg(FTM),avg(FTA),avg(OREB),avg(DREB),avg(REB),avg(AST),avg(STL),avg(BLK),avg(TO),avg(PF),avg(PTS),avg(PLUS_MINUS),sum(FGM),sum(FGA),sum(FG3M),sum(FG3A),sum(FTM),sum(FTA),sum(OREB),sum(DREB),sum(REB),sum(AST),sum(STL),sum(BLK),sum(TO),sum(PF),sum(PTS),sum(PLUS_MINUS),sum(ifminute),avg(seconds),sum(seconds)
1610612766,203798,PJ Hairston,2.1666666666666665,6.633333333333334,1.3666666666666667,4.2,0.8333333333333334,1.0333333333333334,0.43333333333333335,1.9,2.3333333333333335,0.6666666666666666,0.6,0.4666666666666667,0.5,1.8666666666666667,6.533333333333333,-0.7666666666666667,65.0,199.0,41.0,126.0,25.0,31.0,13.0,57.0,70.0,20.0,18.0,14.0,15.0,56.0,196.0,-23.0,30,986.9,29607.0
1610612754,203524,Solomon Hill,2.5660377358490565,6.452830188679245,0.6037735849056604,2.018867924528302,1.849056603773585,2.3962264150943398,0.8679245283018868,2.641509433962264,3.509433962264151,1.6415094339622642,0.7547169811320755,0.18867924528301888,1.2641509433962264,1.7547169811320755,7.584905660377358,-2.0377358490566038,136.0,342.0,32.0,107.0,98.0,127.0,46.0,140.0,186.0,87.0,40.0,10.0,67.0,93.0,402.0,-108.0,53,1480.698113207547,78477.0
1610612753,203095,Evan Fournier,4.682926829268292,10.975609756097562,1.5365853658536586,4.170731707317073,2.024390243902439,3.0,0.5121951219512195,2.268292682926829,2.7804878048780486,2.268292682926829,0.7317073170731707,0.04878048780487805,1.7317073170731707,2.2195121951219514,12.926829268292684,-4.146341463414634,192.0,450.0,63.0,171.0,83.0,123.0,21.0,93.0,114.0,93.0,30.0,2.0,71.0,91.0,530.0,-170.0,41,1904.5853658536585,78088.0
