TEAM_ID,PLAYER_ID,PLAYER_NAME,avg(FGM),avg(FGA),avg(FG3M),avg(FG3A),avg(FTM),avg(FTA),avg(OREB),avg(DREB),avg(REB),avg(AST),avg(STL),avg(BLK),avg(TO),avg(PF),avg(PTS),avg(PLUS_MINUS),sum(FGM),sum(FGA),sum(FG3M),sum(FG3A),sum(FTM),sum(FTA),sum(OREB),sum(DREB),sum(REB),sum(AST),sum(STL),sum(BLK),sum(TO),sum(PF),sum(PTS),sum(PLUS_MINUS),sum(ifminute),avg(seconds),sum(seconds)
1610612759,1495,Tim Duncan,6.14,12.14,0.0,0.06,3.41,4.71,2.41,7.49,9.9,2.75,0.65,1.78,2.02,2.14,15.69,4.68,614.0,1214.0,0.0,6.0,341.0,471.0,241.0,749.0,990.0,275.0,65.0,178.0,202.0,214.0,1569.0,468.0,100,1840.43,184043.0
1610612739,2592,James Jones,1.2777777777777777,3.2777777777777777,1.2777777777777777,2.9444444444444446,0.2777777777777778,0.3333333333333333,0.1111111111111111,1.1666666666666667,1.2777777777777777,0.6666666666666666,0.2222222222222222,0.16666666666666666,0.05555555555555555,1.0555555555555556,4.111111111111111,-1.6666666666666667,23.0,59.0,23.0,53.0,5.0,6.0,2.0,21.0,23.0,12.0,4.0,3.0,1.0,19.0,74.0,-30.0,18,622.9444444444445,11213.0
1610612742,2210,Richard Jefferson,1.9444444444444444,4.333333333333333,0.6388888888888888,1.6388888888888888,1.1666666666666667,2.0277777777777777,0.5277777777777778,1.9722222222222223,2.5,0.9444444444444444,0.5555555555555556,0.08333333333333333,0.7777777777777778,1.75,5.694444444444445,1.8888888888888888,70.0,156.0,23.0,59.0,42.0,73.0,19.0,71.0,90.0,34.0,20.0,3.0,28.0,63.0,205.0,68.0,36,880.8055555555555,31709.0
1610612753,204063,Kadeem Batts,"","","","","","","","","","","","","","","","","","","","","","","","","","","","","","","","",0,"",""
1610612758,202690,Jimmer Fredette,2.652173913043478,5.3478260869565215,1.173913043478261,2.3043478260869565,0.34782608695652173,0.43478260869565216,0.17391304347826086,0.6956521739130435,0.8695652173913043,1.7391304347826086,0.30434782608695654,0.08695652173913043,1.3043478260869565,0.8695652173913043,6.826086956521739,0.4782608695652174,61.0,123.0,27.0,53.0,8.0,10.0,4.0,16.0,20.0,40.0,7.0,2.0,30.0,20.0,157.0,11.0,23,725.0,16675.0
1610612760,2767,Royal Ivey,0.0,1.0,0.0,0.5,0.0,0.0,0.0,0.5,0.5,0.0,0.0,0.0,0.0,0.5,0.0,-2.0,0.0,2.0,0.0,1.0,0.0,0.0,0.0,1.0,1.0,0.0,0.0,0.0,0.0,1.0,0.0,-4.0,2,144.0,288.0
