TEAM_ID,PLAYER_ID,PLAYER_NAME,avg(FGM),avg(FGA),avg(FG3M),avg(FG3A),avg(FTM),avg(FTA),avg(OREB),avg(DREB),avg(REB),avg(AST),avg(STL),avg(BLK),avg(TO),avg(PF),avg(PTS),avg(PLUS_MINUS),sum(FGM),sum(FGA),sum(FG3M),sum(FG3A),sum(FTM),sum(FTA),sum(OREB),sum(DREB),sum(REB),sum(AST),sum(STL),sum(BLK),sum(TO),sum(PF),sum(PTS),sum(PLUS_MINUS),sum(ifminute),avg(seconds),sum(seconds)
1610612757,2748,Dorell Wright,1.3076923076923077,3.6307692307692307,0.7384615384615385,2.292307692307692,0.9538461538461539,1.2,0.4,2.3846153846153846,2.7846153846153845,0.9538461538461539,0.47692307692307695,0.4153846153846154,0.5692307692307692,0.9846153846153847,4.3076923076923075,0.8615384615384616,85.0,236.0,48.0,149.0,62.0,78.0,26.0,155.0,181.0,62.0,31.0,27.0,37.0,64.0,280.0,56.0,65,801.4461538461538,52094.0
1610612747,959,Steve Nash,2.5454545454545454,5.545454545454546,0.36363636363636365,1.0909090909090908,1.4545454545454546,1.6363636363636365,0.18181818181818182,1.9090909090909092,2.090909090909091,5.7272727272727275,0.5454545454545454,0.09090909090909091,2.0,0.9090909090909091,6.909090909090909,-4.636363636363637,28.0,61.0,4.0,12.0,16.0,18.0,2.0,21.0,23.0,63.0,6.0,1.0,22.0,10.0,76.0,-51.0,11,1146.8181818181818,12615.0
1610612751,2501,Reggie Evans,1.0,2.6666666666666665,0.0,0.0,1.2222222222222223,2.5555555555555554,1.6666666666666667,2.4444444444444446,4.111111111111111,0.3333333333333333,0.7777777777777778,0.0,0.6666666666666666,1.1111111111111112,3.2222222222222223,-2.6666666666666665,9.0,24.0,0.0,0.0,11.0,23.0,15.0,22.0,37.0,3.0,7.0,0.0,6.0,10.0,29.0,-24.0,9,733.2222222222222,6599.0
