TEAM_ID,PLAYER_ID,PLAYER_NAME,avg(FGM),avg(FGA),avg(FG3M),avg(FG3A),avg(FTM),avg(FTA),avg(OREB),avg(DREB),avg(REB),avg(AST),avg(STL),avg(BLK),avg(TO),avg(PF),avg(PTS),avg(PLUS_MINUS),sum(FGM),sum(FGA),sum(FG3M),sum(FG3A),sum(FTM),sum(FTA),sum(OREB),sum(DREB),sum(REB),sum(AST),sum(STL),sum(BLK),sum(TO),sum(PF),sum(PTS),sum(PLUS_MINUS),sum(ifminute),avg(seconds),sum(seconds)
1610612760,201566,Russell Westbrook,8.092307692307692,18.46153846153846,1.2307692307692308,4.184615384615385,6.769230769230769,7.892307692307693,1.7384615384615385,4.092307692307692,5.8307692307692305,7.246153846153846,2.1384615384615384,0.16923076923076924,3.9692307692307693,2.646153846153846,24.184615384615384,4.430769230769231,526.0,1200.0,80.0,272.0,440.0,513.0,113.0,266.0,379.0,471.0,139.0,11.0,258.0,172.0,1572.0,288.0,65,1890.7692307692307,122900.0
1610612762,203504,Trey Burke,4.747126436781609,12.563218390804598,1.5977011494252873,4.850574712643678,1.3333333333333333,1.632183908045977,0.5287356321839081,2.1954022988505746,2.7241379310344827,5.586206896551724,0.6896551724137931,0.13793103448275862,1.8505747126436782,1.8735632183908046,12.425287356321839,-2.528735632183908,413.0,1093.0,139.0,422.0,116.0,142.0,46.0,191.0,237.0,486.0,60.0,12.0,161.0,163.0,1081.0,-220.0,87,1948.471264367816,169517.0
1610612746,204060,Joe Ingles,0.2,0.8,0.2,0.6,0.6,0.8,0.2,0.8,1.0,1.0,0.0,0.2,0.2,1.0,1.2,0.2,1.0,4.0,1.0,3.0,3.0,4.0,1.0,4.0,5.0,5.0,0.0,1.0,1.0,5.0,6.0,1.0,5,447.6,2238.0
