TEAM_ID,PLAYER_ID,PLAYER_NAME,avg(FGM),avg(FGA),avg(FG3M),avg(FG3A),avg(FTM),avg(FTA),avg(OREB),avg(DREB),avg(REB),avg(AST),avg(STL),avg(BLK),avg(TO),avg(PF),avg(PTS),avg(PLUS_MINUS),sum(FGM),sum(FGA),sum(FG3M),sum(FG3A),sum(FTM),sum(FTA),sum(OREB),sum(DREB),sum(REB),sum(AST),sum(STL),sum(BLK),sum(TO),sum(PF),sum(PTS),sum(PLUS_MINUS),sum(ifminute),avg(seconds),sum(seconds)
1610612744,203949,James Michael McAdoo,1.4,2.44,0.0,0.0,0.96,1.52,0.96,1.4,2.36,0.16,0.44,0.44,0.48,1.24,3.76,1.04,35.0,61.0,0.0,0.0,24.0,38.0,24.0,35.0,59.0,4.0,11.0,11.0,12.0,31.0,94.0,26.0,25,510.44,12761.0
1610612745,2730,Dwight Howard,6.049180327868853,10.311475409836065,0.01639344262295082,0.04918032786885246,3.622950819672131,7.409836065573771,2.9508196721311477,8.39344262295082,11.344262295081966,1.1639344262295082,0.8688524590163934,1.5573770491803278,2.639344262295082,3.3442622950819674,15.737704918032787,3.557377049180328,369.0,629.0,1.0,3.0,221.0,452.0,180.0,512.0,692.0,71.0,53.0,95.0,161.0,204.0,960.0,217.0,61,1826.4754098360656,111415.0
1610612743,203115,Will Barton,4.0,9.035714285714286,0.6785714285714286,2.392857142857143,2.2857142857142856,2.8214285714285716,0.8214285714285714,3.75,4.571428571428571,1.9285714285714286,1.2142857142857142,0.5357142857142857,1.5714285714285714,1.7857142857142858,10.964285714285714,-0.9285714285714286,112.0,253.0,19.0,67.0,64.0,79.0,23.0,105.0,128.0,54.0,34.0,15.0,44.0,50.0,307.0,-26.0,28,1464.5714285714287,41008.0
1610612765,203484,Kentavious Caldwell-Pope,4.8,11.847058823529412,1.8823529411764706,5.4,1.3764705882352941,1.964705882352941,0.5529411764705883,2.5176470588235293,3.070588235294118,1.3294117647058823,1.1294117647058823,0.21176470588235294,1.1647058823529413,1.9764705882352942,12.858823529411765,1.011764705882353,408.0,1007.0,160.0,459.0,117.0,167.0,47.0,214.0,261.0,113.0,96.0,18.0,99.0,168.0,1093.0,86.0,85,1884.2,160157.0
1610612760,200779,Steve Novak,0.46153846153846156,1.6153846153846154,0.23076923076923078,1.1538461538461537,0.0,0.0,0.07692307692307693,0.38461538461538464,0.46153846153846156,0.38461538461538464,0.0,0.07692307692307693,0.15384615384615385,0.7692307692307693,1.1538461538461537,-1.8461538461538463,6.0,21.0,3.0,15.0,0.0,0.0,1.0,5.0,6.0,5.0,0.0,1.0,2.0,10.0,15.0,-24.0,13,405.15384615384613,5267.0
