TEAM_ID,PLAYER_ID,PLAYER_NAME,avg(FGM),avg(FGA),avg(FG3M),avg(FG3A),avg(FTM),avg(FTA),avg(OREB),avg(DREB),avg(REB),avg(AST),avg(STL),avg(BLK),avg(TO),avg(PF),avg(PTS),avg(PLUS_MINUS),sum(FGM),sum(FGA),sum(FG3M),sum(FG3A),sum(FTM),sum(FTA),sum(OREB),sum(DREB),sum(REB),sum(AST),sum(STL),sum(BLK),sum(TO),sum(PF),sum(PTS),sum(PLUS_MINUS),sum(ifminute),avg(seconds),sum(seconds)
1610612745,201935,James Harden,7.795454545454546,17.488636363636363,2.625,6.931818181818182,7.9772727272727275,9.022727272727273,0.7613636363636364,4.306818181818182,5.068181818181818,6.454545454545454,1.8068181818181819,0.5227272727272727,3.5568181818181817,2.5681818181818183,26.193181818181817,5.3977272727272725,686.0,1539.0,231.0,610.0,702.0,794.0,67.0,379.0,446.0,568.0,159.0,46.0,313.0,226.0,2305.0,475.0,88,2228.0113636363635,196065.0
1610612756,101183,Shavlik Randolph,0.53125,1.4375,0.0625,0.1875,0.34375,0.71875,0.59375,1.15625,1.75,0.1875,0.25,0.09375,0.25,1.03125,1.46875,1.25,17.0,46.0,2.0,6.0,11.0,23.0,19.0,37.0,56.0,6.0,8.0,3.0,8.0,33.0,47.0,40.0,32,434.4375,13902.0
1610612737,203488,Mike Muscala,1.6756756756756757,3.5135135135135136,0.02702702702702703,0.21621621621621623,0.5945945945945946,0.7297297297297297,0.8918918918918919,1.8108108108108107,2.7027027027027026,0.5135135135135135,0.24324324324324326,0.5405405405405406,0.5405405405405406,1.3783783783783783,3.972972972972973,-2.8378378378378377,62.0,130.0,1.0,8.0,22.0,27.0,33.0,67.0,100.0,19.0,9.0,20.0,20.0,51.0,147.0,-105.0,37,650.2972972972973,24061.0
1610612752,202719,Jeremy Tyler,1.4634146341463414,2.8292682926829267,0.0,0.0,0.6341463414634146,1.170731707317073,0.926829268292683,1.7317073170731707,2.658536585365854,0.1951219512195122,0.14634146341463414,0.4878048780487805,0.6341463414634146,1.7073170731707317,3.5609756097560976,-1.2439024390243902,60.0,116.0,0.0,0.0,26.0,48.0,38.0,71.0,109.0,8.0,6.0,20.0,26.0,70.0,146.0,-51.0,41,581.780487804878,23853.0
1610612739,201150,Spencer Hawes,5.148148148148148,11.0,1.7407407407407407,3.888888888888889,1.4814814814814814,1.8888888888888888,1.5925925925925926,6.111111111111111,7.703703703703703,2.3703703703703702,0.48148148148148145,1.0,2.0,3.074074074074074,13.518518518518519,-3.111111111111111,139.0,297.0,47.0,105.0,40.0,51.0,43.0,165.0,208.0,64.0,13.0,27.0,54.0,83.0,365.0,-84.0,27,1786.6296296296296,48239.0
