TEAM_ID,PLAYER_ID,PLAYER_NAME,avg(FGM),avg(FGA),avg(FG3M),avg(FG3A),avg(FTM),avg(FTA),avg(OREB),avg(DREB),avg(REB),avg(AST),avg(STL),avg(BLK),avg(TO),avg(PF),avg(PTS),avg(PLUS_MINUS),sum(FGM),sum(FGA),sum(FG3M),sum(FG3A),sum(FTM),sum(FTA),sum(OREB),sum(DREB),sum(REB),sum(AST),sum(STL),sum(BLK),sum(TO),sum(PF),sum(PTS),sum(PLUS_MINUS),sum(ifminute),avg(seconds),sum(seconds)
1610612758,204065,David Stockton,0.6666666666666666,2.0,0.3333333333333333,0.6666666666666666,1.0,2.0,0.0,0.6666666666666666,0.6666666666666666,3.0,0.6666666666666666,0.0,1.3333333333333333,0.3333333333333333,2.6666666666666665,7.666666666666667,2.0,6.0,1.0,2.0,3.0,6.0,0.0,2.0,2.0,9.0,2.0,0.0,4.0,1.0,8.0,23.0,3,661.6666666666666,1985.0
1610612765,201858,Cartier Martin,1.1379310344827587,3.4482758620689653,0.4482758620689655,1.793103448275862,0.3448275862068966,0.3793103448275862,0.13793103448275862,1.0689655172413792,1.206896551724138,0.5172413793103449,0.5172413793103449,0.034482758620689655,0.3103448275862069,1.103448275862069,3.0689655172413794,0.9655172413793104,33.0,100.0,13.0,52.0,10.0,11.0,4.0,31.0,35.0,15.0,15.0,1.0,9.0,32.0,89.0,28.0,29,705.7241379310345,20466.0
1610612754,203142,Chris Copeland,2.4285714285714284,6.464285714285714,1.2142857142857142,3.607142857142857,0.7321428571428571,0.9821428571428571,0.48214285714285715,1.8571428571428572,2.3392857142857144,1.0892857142857142,0.25,0.2857142857142857,1.125,1.5892857142857142,6.803571428571429,-0.6964285714285714,136.0,362.0,68.0,202.0,41.0,55.0,27.0,104.0,131.0,61.0,14.0,16.0,63.0,89.0,381.0,-39.0,56,1036.607142857143,58050.0
1610612755,202343,Elliot Williams,4.0,8.0,1.3333333333333333,3.0,1.6666666666666667,2.3333333333333335,0.5,2.1666666666666665,2.6666666666666665,2.6666666666666665,1.1666666666666667,0.0,1.8333333333333333,1.3333333333333333,11.0,-1.6666666666666667,24.0,48.0,8.0,18.0,10.0,14.0,3.0,13.0,16.0,16.0,7.0,0.0,11.0,8.0,66.0,-10.0,6,1361.6666666666667,8170.0
