TEAM_ID,PLAYER_ID,PLAYER_NAME,avg(FGM),avg(FGA),avg(FG3M),avg(FG3A),avg(FTM),avg(FTA),avg(OREB),avg(DREB),avg(REB),avg(AST),avg(STL),avg(BLK),avg(TO),avg(PF),avg(PTS),avg(PLUS_MINUS),sum(FGM),sum(FGA),sum(FG3M),sum(FG3A),sum(FTM),sum(FTA),sum(OREB),sum(DREB),sum(REB),sum(AST),sum(STL),sum(BLK),sum(TO),sum(PF),sum(PTS),sum(PLUS_MINUS),sum(ifminute),avg(seconds),sum(seconds)
1610612764,202338,Kevin Seraphin,2.9782608695652173,5.826086956521739,0.0,0.021739130434782608,0.7934782608695652,1.1304347826086956,1.1195652173913044,2.608695652173913,3.7282608695652173,0.7391304347826086,0.14130434782608695,0.7065217391304348,1.2391304347826086,2.5652173913043477,6.75,-1.5869565217391304,274.0,536.0,0.0,2.0,73.0,104.0,103.0,240.0,343.0,68.0,13.0,65.0,114.0,236.0,621.0,-146.0,92,952.8369565217391,87661.0
1610612754,202388,Donald Sloan,2.8983050847457625,7.0508474576271185,0.847457627118644,2.610169491525424,1.3389830508474576,1.6779661016949152,0.2542372881355932,2.5084745762711864,2.76271186440678,3.610169491525424,0.5084745762711864,0.01694915254237288,1.271186440677966,0.8813559322033898,7.983050847457627,-1.7796610169491525,171.0,416.0,50.0,154.0,79.0,99.0,15.0,148.0,163.0,213.0,30.0,1.0,75.0,52.0,471.0,-105.0,59,1283.5593220338983,75730.0
1610612738,203939,Dwight Powell,0.5454545454545454,1.4545454545454546,0.0,0.09090909090909091,0.6363636363636364,0.9090909090909091,0.36363636363636365,0.36363636363636365,0.7272727272727273,0.09090909090909091,0.5454545454545454,0.18181818181818182,0.5454545454545454,0.5454545454545454,1.7272727272727273,-1.0,6.0,16.0,0.0,1.0,7.0,10.0,4.0,4.0,8.0,1.0,6.0,2.0,6.0,6.0,19.0,-11.0,11,343.27272727272725,3776.0
