TEAM_ID,PLAYER_ID,PLAYER_NAME,avg(FGM),avg(FGA),avg(FG3M),avg(FG3A),avg(FTM),avg(FTA),avg(OREB),avg(DREB),avg(REB),avg(AST),avg(STL),avg(BLK),avg(TO),avg(PF),avg(PTS),avg(PLUS_MINUS),sum(FGM),sum(FGA),sum(FG3M),sum(FG3A),sum(FTM),sum(FTA),sum(OREB),sum(DREB),sum(REB),sum(AST),sum(STL),sum(BLK),sum(TO),sum(PF),sum(PTS),sum(PLUS_MINUS),sum(ifminute),avg(seconds),sum(seconds)
1610612762,202379,Jeremy Evans,1.9833333333333334,3.65,0.0,0.03333333333333333,0.65,1.0,1.3333333333333333,2.1166666666666667,3.45,0.4666666666666667,0.5,0.5166666666666667,0.48333333333333334,1.6166666666666667,4.616666666666666,-1.8333333333333333,119.0,219.0,0.0,2.0,39.0,60.0,80.0,127.0,207.0,28.0,30.0,31.0,29.0,97.0,277.0,-110.0,60,870.05,52203.0
1610612754,203927,CJ Fair,1.0,1.5,0.5,1.0,0.5,1.0,0.5,0.0,0.5,0.0,0.0,0.5,0.5,1.0,3.0,-3.5,2.0,3.0,1.0,2.0,1.0,2.0,1.0,0.0,1.0,0.0,0.0,1.0,1.0,2.0,6.0,-7.0,2,428.0,856.0
1610612741,201571,D.J. Augustin,4.964285714285714,12.25,2.1785714285714284,5.428571428571429,3.517857142857143,3.982142857142857,0.30357142857142855,1.8035714285714286,2.107142857142857,4.785714285714286,0.6964285714285714,0.05357142857142857,1.8214285714285714,2.2857142857142856,15.625,2.5535714285714284,278.0,686.0,122.0,304.0,197.0,223.0,17.0,101.0,118.0,268.0,39.0,3.0,102.0,128.0,875.0,143.0,56,1824.8214285714287,102190.0
