TEAM_ID,PLAYER_ID,PLAYER_NAME,avg(FGM),avg(FGA),avg(FG3M),avg(FG3A),avg(FTM),avg(FTA),avg(OREB),avg(DREB),avg(REB),avg(AST),avg(STL),avg(BLK),avg(TO),avg(PF),avg(PTS),avg(PLUS_MINUS),sum(FGM),sum(FGA),sum(FG3M),sum(FG3A),sum(FTM),sum(FTA),sum(OREB),sum(DREB),sum(REB),sum(AST),sum(STL),sum(BLK),sum(TO),sum(PF),sum(PTS),sum(PLUS_MINUS),sum(ifminute),avg(seconds),sum(seconds)
1610612761,201942,DeMar DeRozan,6.771428571428571,16.32857142857143,0.4714285714285714,1.4857142857142858,5.714285714285714,6.957142857142857,0.7285714285714285,3.8285714285714287,4.557142857142857,3.4857142857142858,1.2285714285714286,0.15714285714285714,2.257142857142857,2.0285714285714285,19.728571428571428,1.4857142857142858,474.0,1143.0,33.0,104.0,400.0,487.0,51.0,268.0,319.0,244.0,86.0,11.0,158.0,142.0,1381.0,104.0,70,2046.9285714285713,143285.0
1610612740,203076,Anthony Davis,9.253164556962025,17.189873417721518,0.012658227848101266,0.189873417721519,5.405063291139241,6.6835443037974684,2.5443037974683542,7.430379746835443,9.974683544303797,2.0759493670886076,1.4050632911392404,2.848101265822785,1.4177215189873418,2.0126582278481013,23.924050632911392,4.050632911392405,731.0,1358.0,1.0,15.0,427.0,528.0,201.0,587.0,788.0,164.0,111.0,225.0,112.0,159.0,1890.0,320.0,79,2116.8227848101264,167229.0
1610612762,202683,Enes Kanter,5.771929824561403,11.929824561403509,0.2807017543859649,0.9824561403508771,1.7894736842105263,2.280701754385965,2.9298245614035086,4.771929824561403,7.701754385964913,0.6491228070175439,0.43859649122807015,0.3333333333333333,1.9473684210526316,2.3859649122807016,13.614035087719298,-1.2456140350877194,329.0,680.0,16.0,56.0,102.0,130.0,167.0,272.0,439.0,37.0,25.0,19.0,111.0,136.0,776.0,-71.0,57,1622.2280701754387,92467.0
