TEAM_ID,PLAYER_ID,PLAYER_NAME,avg(FGM),avg(FGA),avg(FG3M),avg(FG3A),avg(FTM),avg(FTA),avg(OREB),avg(DREB),avg(REB),avg(AST),avg(STL),avg(BLK),avg(TO),avg(PF),avg(PTS),avg(PLUS_MINUS),sum(FGM),sum(FGA),sum(FG3M),sum(FG3A),sum(FTM),sum(FTA),sum(OREB),sum(DREB),sum(REB),sum(AST),sum(STL),sum(BLK),sum(TO),sum(PF),sum(PTS),sum(PLUS_MINUS),sum(ifminute),avg(seconds),sum(seconds)
1610612744,201578,Marreese Speights,3.739130434782609,7.771739130434782,0.06521739130434782,0.22826086956521738,1.8043478260869565,2.1847826086956523,1.326086956521739,2.641304347826087,3.967391304347826,0.8586956521739131,0.2717391304347826,0.43478260869565216,1.0,2.369565217391304,9.347826086956522,1.7391304347826086,344.0,715.0,6.0,21.0,166.0,201.0,122.0,243.0,365.0,79.0,25.0,40.0,92.0,218.0,860.0,160.0,92,877.3369565217391,80715.0
1610612739,1890,Shawn Marion,1.911764705882353,4.426470588235294,0.17647058823529413,0.7205882352941176,0.5147058823529411,0.6764705882352942,1.0588235294117647,2.2794117647058822,3.338235294117647,0.8382352941176471,0.47058823529411764,0.4264705882352941,0.5882352941176471,0.9411764705882353,4.514705882352941,0.6617647058823529,130.0,301.0,12.0,49.0,35.0,46.0,72.0,155.0,227.0,57.0,32.0,29.0,40.0,64.0,307.0,45.0,68,1089.9558823529412,74117.0
1610612740,201967,Dante Cunningham,2.342857142857143,5.0,0.014285714285714285,0.14285714285714285,0.45714285714285713,0.7142857142857143,1.0571428571428572,2.857142857142857,3.914285714285714,0.7428571428571429,0.7,0.5857142857142857,0.5,1.542857142857143,5.1571428571428575,-0.3142857142857143,164.0,350.0,1.0,10.0,32.0,50.0,74.0,200.0,274.0,52.0,49.0,41.0,35.0,108.0,361.0,-22.0,70,1480.7142857142858,103650.0
1610612743,202087,Alonzo Gee,1.7446808510638299,3.4680851063829787,0.23404255319148937,0.5319148936170213,1.2127659574468086,1.7446808510638299,0.8085106382978723,1.2765957446808511,2.0851063829787235,0.5957446808510638,0.7872340425531915,0.1702127659574468,0.7872340425531915,1.2340425531914894,4.9361702127659575,-1.3404255319148937,82.0,163.0,11.0,25.0,57.0,82.0,38.0,60.0,98.0,28.0,37.0,8.0,37.0,58.0,232.0,-63.0,47,810.6808510638298,38102.0
