TEAM_ID,PLAYER_ID,PLAYER_NAME,avg(FGM),avg(FGA),avg(FG3M),avg(FG3A),avg(FTM),avg(FTA),avg(OREB),avg(DREB),avg(REB),avg(AST),avg(STL),avg(BLK),avg(TO),avg(PF),avg(PTS),avg(PLUS_MINUS),sum(FGM),sum(FGA),sum(FG3M),sum(FG3A),sum(FTM),sum(FTA),sum(OREB),sum(DREB),sum(REB),sum(AST),sum(STL),sum(BLK),sum(TO),sum(PF),sum(PTS),sum(PLUS_MINUS),sum(ifminute),avg(seconds),sum(seconds)
1610612742,202329,Al-Farouq Aminu,2.108108108108108,4.8108108108108105,0.5135135135135135,2.027027027027027,1.0810810810810811,1.4054054054054055,0.918918918918919,3.081081081081081,4.0,0.6216216216216216,0.6486486486486487,0.6486486486486487,0.6756756756756757,1.6216216216216217,5.8108108108108105,0.972972972972973,78.0,178.0,19.0,75.0,40.0,52.0,34.0,114.0,148.0,23.0,24.0,24.0,25.0,60.0,215.0,36.0,37,987.1081081081081,36523.0
1610612744,2733,Shaun Livingston,2.5,4.766666666666667,0.0,0.06666666666666667,0.9666666666666667,1.2333333333333334,0.5333333333333333,1.4666666666666666,2.0,2.933333333333333,0.7333333333333333,0.2,1.4666666666666666,1.3666666666666667,5.966666666666667,-0.9666666666666667,75.0,143.0,0.0,2.0,29.0,37.0,16.0,44.0,60.0,88.0,22.0,6.0,44.0,41.0,179.0,-29.0,30,1082.9333333333334,32488.0
1610612741,203926,Doug McDermott,1.68,4.36,0.56,2.16,0.92,1.36,0.24,2.44,2.68,0.56,0.2,0.08,0.96,0.88,4.84,-1.52,42.0,109.0,14.0,54.0,23.0,34.0,6.0,61.0,67.0,14.0,5.0,2.0,24.0,22.0,121.0,-38.0,25,966.48,24162.0
1610612754,202362,Lance Stephenson,5.447761194029851,11.313432835820896,1.1343283582089552,3.2388059701492535,1.9104477611940298,2.6865671641791047,1.2686567164179106,6.029850746268656,7.298507462686567,4.1940298507462686,0.7164179104477612,0.11940298507462686,2.6865671641791047,2.6417910447761193,13.940298507462687,1.6567164179104477,365.0,758.0,76.0,217.0,128.0,180.0,85.0,404.0,489.0,281.0,48.0,8.0,180.0,177.0,934.0,111.0,67,2150.5373134328356,144086.0
1610612761,202779,Dwight Buycks,0.5,3.5,0.0,1.0,0.0,0.0,0.5,1.0,1.5,0.0,1.0,0.0,2.0,0.5,1.0,-2.0,1.0,7.0,0.0,2.0,0.0,0.0,1.0,2.0,3.0,0.0,2.0,0.0,4.0,1.0,2.0,-4.0,2,746.5,1493.0
