TEAM_ID,PLAYER_ID,PLAYER_NAME,avg(FGM),avg(FGA),avg(FG3M),avg(FG3A),avg(FTM),avg(FTA),avg(OREB),avg(DREB),avg(REB),avg(AST),avg(STL),avg(BLK),avg(TO),avg(PF),avg(PTS),avg(PLUS_MINUS),sum(FGM),sum(FGA),sum(FG3M),sum(FG3A),sum(FTM),sum(FTA),sum(OREB),sum(DREB),sum(REB),sum(AST),sum(STL),sum(BLK),sum(TO),sum(PF),sum(PTS),sum(PLUS_MINUS),sum(ifminute),avg(seconds),sum(seconds)
1610612761,101161,Amir Johnson,4.153846153846154,7.384615384615385,0.2087912087912088,0.6373626373626373,0.978021978021978,1.7142857142857142,2.065934065934066,3.8241758241758244,5.8901098901098905,1.5384615384615385,0.6593406593406593,1.0,1.4395604395604396,3.2857142857142856,9.494505494505495,2.142857142857143,378.0,672.0,19.0,58.0,89.0,156.0,188.0,348.0,536.0,140.0,60.0,91.0,131.0,299.0,864.0,195.0,91,1616.6483516483515,147115.0
1610612742,203117,Doron Lamb,1.2,2.0,0.6,0.6,0.4,0.4,0.0,0.6,0.6,0.4,0.0,0.0,0.4,1.8,3.4,-4.0,6.0,10.0,3.0,3.0,2.0,2.0,0.0,3.0,3.0,2.0,0.0,0.0,2.0,9.0,17.0,-20.0,5,559.8,2799.0
1610612758,204021,Sim Bhullar,0.0,0.0,0.0,0.0,0.0,0.0,0.0,0.0,0.0,0.0,0.0,0.0,0.0,0.0,0.0,2.0,0.0,0.0,0.0,0.0,0.0,0.0,0.0,0.0,0.0,0.0,0.0,0.0,0.0,0.0,0.0,2.0,1,19.0,19.0
