TEAM_ID,PLAYER_ID,PLAYER_NAME,avg(FGM),avg(FGA),avg(FG3M),avg(FG3A),avg(FTM),avg(FTA),avg(OREB),avg(DREB),avg(REB),avg(AST),avg(STL),avg(BLK),avg(TO),avg(PF),avg(PTS),avg(PLUS_MINUS),sum(FGM),sum(FGA),sum(FG3M),sum(FG3A),sum(FTM),sum(FTA),sum(OREB),sum(DREB),sum(REB),sum(AST),sum(STL),sum(BLK),sum(TO),sum(PF),sum(PTS),sum(PLUS_MINUS),sum(ifminute),avg(seconds),sum(seconds)
1610612763,2754,Tony Allen,3.358974358974359,6.846153846153846,0.15384615384615385,0.5384615384615384,1.205128205128205,1.8974358974358974,1.5128205128205128,2.858974358974359,4.371794871794871,1.3205128205128205,2.0384615384615383,0.5384615384615384,1.3846153846153846,2.58974358974359,8.076923076923077,3.3205128205128207,262.0,534.0,12.0,42.0,94.0,148.0,118.0,223.0,341.0,103.0,159.0,42.0,108.0,202.0,630.0,259.0,78,1540.948717948718,120194.0
1610612750,203545,Miroslav Raduljica,0.6,1.6,0.0,0.0,0.4,0.4,0.4,0.6,1.0,0.0,0.2,0.0,0.4,1.6,1.6,-0.6,3.0,8.0,0.0,0.0,2.0,2.0,2.0,3.0,5.0,0.0,1.0,0.0,2.0,8.0,8.0,-3.0,5,273.0,1365.0
1610612748,204053,Shawn Jones,1.5,2.25,0.0,0.0,0.0,0.5,1.25,1.75,3.0,0.75,0.5,0.75,1.5,2.5,3.0,-1.75,6.0,9.0,0.0,0.0,0.0,2.0,5.0,7.0,12.0,3.0,2.0,3.0,6.0,10.0,12.0,-7.0,4,989.25,3957.0
