TEAM_ID,PLAYER_ID,PLAYER_NAME,avg(FGM),avg(FGA),avg(FG3M),avg(FG3A),avg(FTM),avg(FTA),avg(OREB),avg(DREB),avg(REB),avg(AST),avg(STL),avg(BLK),avg(TO),avg(PF),avg(PTS),avg(PLUS_MINUS),sum(FGM),sum(FGA),sum(FG3M),sum(FG3A),sum(FTM),sum(FTA),sum(OREB),sum(DREB),sum(REB),sum(AST),sum(STL),sum(BLK),sum(TO),sum(PF),sum(PTS),sum(PLUS_MINUS),sum(ifminute),avg(seconds),sum(seconds)
1610612737,203098,John Jenkins,2.5,4.25,0.875,1.5,1.375,1.5,0.125,1.625,1.75,0.625,0.875,0.0,1.25,1.125,7.25,1.875,20.0,34.0,7.0,12.0,11.0,12.0,1.0,13.0,14.0,5.0,7.0,0.0,10.0,9.0,58.0,15.0,8,974.875,7799.0
1610612751,203268,Jorge Gutierrez,1.2413793103448276,2.586206896551724,0.10344827586206896,0.4827586206896552,0.6551724137931034,0.8620689655172413,0.13793103448275862,1.0344827586206897,1.1724137931034482,1.5517241379310345,0.4827586206896552,0.034482758620689655,0.7241379310344828,1.7586206896551724,3.2413793103448274,-1.1724137931034482,36.0,75.0,3.0,14.0,19.0,25.0,4.0,30.0,34.0,45.0,14.0,1.0,21.0,51.0,94.0,-34.0,29,678.5172413793103,19677.0
1610612755,202723,Malcolm Lee,0.75,1.75,0.0,0.25,1.25,1.5,0.25,0.5,0.75,0.75,0.25,0.0,0.75,0.5,2.75,0.5,3.0,7.0,0.0,1.0,5.0,6.0,1.0,2.0,3.0,3.0,1.0,0.0,3.0,2.0,11.0,2.0,4,354.25,1417.0
1610612741,200758,Ronnie Brewer,0.0,0.0,0.0,0.0,0.0,0.0,0.0,0.0,0.0,0.0,0.0,0.0,0.0,0.0,0.0,-5.0,0.0,0.0,0.0,0.0,0.0,0.0,0.0,0.0,0.0,0.0,0.0,0.0,0.0,0.0,0.0,-5.0,1,126.0,126.0
1610612738,201573,Jerryd Bayless,3.8536585365853657,9.21951219512195,1.2439024390243902,3.1463414634146343,1.1951219512195121,1.4878048780487805,0.34146341463414637,1.7560975609756098,2.097560975609756,3.1219512195121952,0.975609756097561,0.0975609756097561,1.4634146341463414,2.1707317073170733,10.146341463414634,-3.1707317073170733,158.0,378.0,51.0,129.0,49.0,61.0,14.0,72.0,86.0,128.0,40.0,4.0,60.0,89.0,416.0,-130.0,41,1516.3902439024391,62172.0
