TEAM_ID,PLAYER_ID,PLAYER_NAME,avg(FGM),avg(FGA),avg(FG3M),avg(FG3A),avg(FTM),avg(FTA),avg(OREB),avg(DREB),avg(REB),avg(AST),avg(STL),avg(BLK),avg(TO),avg(PF),avg(PTS),avg(PLUS_MINUS),sum(FGM),sum(FGA),sum(FG3M),sum(FG3A),sum(FTM),sum(FTA),sum(OREB),sum(DREB),sum(REB),sum(AST),sum(STL),sum(BLK),sum(TO),sum(PF),sum(PTS),sum(PLUS_MINUS),sum(ifminute),avg(seconds),sum(seconds)
1610612739,203945,Alex Kirk,1.125,3.0,0.0,0.0,1.25,1.25,0.75,1.0,1.75,0.125,0.0,0.25,0.375,1.5,3.5,-1.875,9.0,24.0,0.0,0.0,10.0,10.0,6.0,8.0,14.0,1.0,0.0,2.0,3.0,12.0,28.0,-15.0,8,555.375,4443.0
1610612752,203143,Pablo Prigioni,1.5443037974683544,3.3797468354430378,1.0253164556962024,2.430379746835443,0.34177215189873417,0.4050632911392405,0.5443037974683544,1.3291139240506329,1.8734177215189873,3.2278481012658227,1.0886075949367089,0.012658227848101266,1.0,1.6708860759493671,4.455696202531645,0.12658227848101267,122.0,267.0,81.0,192.0,27.0,32.0,43.0,105.0,148.0,255.0,86.0,1.0,79.0,132.0,352.0,10.0,79,1198.4303797468353,94676.0
1610612750,203584,Troy Daniels,1.0,1.8,0.8,1.2,0.0,0.0,0.2,0.4,0.6,0.2,0.0,0.0,0.0,0.4,2.8,0.2,5.0,9.0,4.0,6.0,0.0,0.0,1.0,2.0,3.0,1.0,0.0,0.0,0.0,2.0,14.0,1.0,5,197.0,985.0
1610612744,2571,Leandro Barbosa,2.3870967741935485,4.838709677419355,0.3548387096774194,1.2580645161290323,0.9354838709677419,1.1612903225806452,0.41935483870967744,0.7419354838709677,1.1612903225806452,1.0,0.5161290322580645,0.12903225806451613,0.6129032258064516,1.4516129032258065,6.064516129032258,-1.5806451612903225,74.0,150.0,11.0,39.0,29.0,36.0,13.0,23.0,36.0,31.0,16.0,4.0,19.0,45.0,188.0,-49.0,31,756.0,23436.0
1610612756,2853,Earl Barron,1.8,3.0,0.0,0.0,0.6,0.8,1.6,3.4,5.0,0.2,0.0,0.2,0.6,3.4,4.2,-1.2,9.0,15.0,0.0,0.0,3.0,4.0,8.0,17.0,25.0,1.0,0.0,1.0,3.0,17.0,21.0,-6.0,5,918.2,4591.0
1610612761,201986,Nando De Colo,1.0,2.727272727272727,0.36363636363636365,1.0,0.5909090909090909,0.5909090909090909,0.36363636363636365,0.9545454545454546,1.3181818181818181,1.5,0.3181818181818182,0.13636363636363635,0.6363636363636364,1.1363636363636365,2.9545454545454546,0.13636363636363635,22.0,60.0,8.0,22.0,13.0,13.0,8.0,21.0,29.0,33.0,7.0,3.0,14.0,25.0,65.0,3.0,22,537.2727272727273,11820.0
1610612738,201584,Courtney Lee,2.0,6.5,0.5,3.0,0.5,1.0,0.5,3.0,3.5,1.5,1.0,0.0,0.5,2.0,5.0,-10.0,4.0,13.0,1.0,6.0,1.0,2.0,1.0,6.0,7.0,3.0,2.0,0.0,1.0,4.0,10.0,-20.0,2,1018.0,2036.0
