TEAM_ID,PLAYER_ID,PLAYER_NAME,avg(FGM),avg(FGA),avg(FG3M),avg(FG3A),avg(FTM),avg(FTA),avg(OREB),avg(DREB),avg(REB),avg(AST),avg(STL),avg(BLK),avg(TO),avg(PF),avg(PTS),avg(PLUS_MINUS),sum(FGM),sum(FGA),sum(FG3M),sum(FG3A),sum(FTM),sum(FTA),sum(OREB),sum(DREB),sum(REB),sum(AST),sum(STL),sum(BLK),sum(TO),sum(PF),sum(PTS),sum(PLUS_MINUS),sum(ifminute),avg(seconds),sum(seconds)
1610612764,2743,Kris Humphries,3.3548387096774195,7.258064516129032,0.0,0.16129032258064516,1.2580645161290323,1.7419354838709677,1.6451612903225807,4.354838709677419,6.0,0.967741935483871,0.5806451612903226,0.5161290322580645,0.8387096774193549,2.193548387096774,7.967741935483871,-0.12903225806451613,104.0,225.0,0.0,5.0,39.0,54.0,51.0,135.0,186.0,30.0,18.0,16.0,26.0,68.0,247.0,-4.0,31,1270.1612903225807,39375.0
1610612742,101109,Raymond Felton,1.0,1.75,0.0,0.25,0.5,1.5,0.0,0.0,0.0,0.25,0.25,0.0,0.75,0.0,2.5,-1.75,4.0,7.0,0.0,1.0,2.0,6.0,0.0,0.0,0.0,1.0,1.0,0.0,3.0,0.0,10.0,-7.0,4,309.5,1238.0
1610612755,202343,Elliot Williams,2.5517241379310347,5.810344827586207,0.6724137931034483,2.103448275862069,1.4482758620689655,1.9827586206896552,0.4827586206896552,1.7241379310344827,2.206896551724138,1.4310344827586208,0.6724137931034483,0.034482758620689655,1.1724137931034482,1.896551724137931,7.224137931034483,-4.948275862068965,148.0,337.0,39.0,122.0,84.0,115.0,28.0,100.0,128.0,83.0,39.0,2.0,68.0,110.0,419.0,-287.0,58,1155.1724137931035,67000.0
1610612738,201202,Joel Anthony,0.4782608695652174,1.391304347826087,0.0,0.0,0.08695652173913043,0.2608695652173913,0.7391304347826086,0.8695652173913043,1.608695652173913,0.08695652173913043,0.21739130434782608,0.391304347826087,0.13043478260869565,0.6521739130434783,1.0434782608695652,-1.6956521739130435,11.0,32.0,0.0,0.0,2.0,6.0,17.0,20.0,37.0,2.0,5.0,9.0,3.0,15.0,24.0,-39.0,23,466.4782608695652,10729.0
1610612740,203480,James Southerland,1.6666666666666667,4.0,1.0,1.6666666666666667,0.3333333333333333,0.6666666666666666,0.0,2.6666666666666665,2.6666666666666665,0.0,0.3333333333333333,0.6666666666666666,0.3333333333333333,1.0,4.666666666666667,3.3333333333333335,5.0,12.0,3.0,5.0,1.0,2.0,0.0,8.0,8.0,0.0,1.0,2.0,1.0,3.0,14.0,10.0,3,543.3333333333334,1630.0
