TEAM_ID,PLAYER_ID,PLAYER_NAME,avg(FGM),avg(FGA),avg(FG3M),avg(FG3A),avg(FTM),avg(FTA),avg(OREB),avg(DREB),avg(REB),avg(AST),avg(STL),avg(BLK),avg(TO),avg(PF),avg(PTS),avg(PLUS_MINUS),sum(FGM),sum(FGA),sum(FG3M),sum(FG3A),sum(FTM),sum(FTA),sum(OREB),sum(DREB),sum(REB),sum(AST),sum(STL),sum(BLK),sum(TO),sum(PF),sum(PTS),sum(PLUS_MINUS),sum(ifminute),avg(seconds),sum(seconds)
1610612759,1495,Tim Duncan,5.540229885057471,10.689655172413794,0.022988505747126436,0.09195402298850575,2.954022988505747,4.103448275862069,2.2298850574712645,7.022988505747127,9.25287356321839,2.9770114942528734,0.8275862068965517,1.896551724137931,1.6896551724137931,2.2528735632183907,14.057471264367816,3.6551724137931036,482.0,930.0,2.0,8.0,257.0,357.0,194.0,611.0,805.0,259.0,72.0,165.0,147.0,196.0,1223.0,318.0,87,1749.6896551724137,152223.0
1610612738,2222,Gerald Wallace,0.5789473684210527,1.2894736842105263,0.02631578947368421,0.07894736842105263,0.21052631578947367,0.5526315789473685,0.5,1.2105263157894737,1.7105263157894737,0.5,0.5263157894736842,0.10526315789473684,0.5789473684210527,0.6842105263157895,1.394736842105263,0.8421052631578947,22.0,49.0,1.0,3.0,8.0,21.0,19.0,46.0,65.0,19.0,20.0,4.0,22.0,26.0,53.0,32.0,38,574.2631578947369,21822.0
1610612748,202355,Hassan Whiteside,5.0625,8.0625,0.0,0.0,1.625,3.25,3.0208333333333335,7.020833333333333,10.041666666666666,0.125,0.5625,2.5625,1.2083333333333333,2.6875,11.75,-1.1875,243.0,387.0,0.0,0.0,78.0,156.0,145.0,337.0,482.0,6.0,27.0,123.0,58.0,129.0,564.0,-57.0,48,1427.7916666666667,68534.0
1610612737,204067,Jarell Eddie,1.0,2.6666666666666665,0.6666666666666666,2.3333333333333335,0.0,0.0,0.0,0.6666666666666666,0.6666666666666666,0.3333333333333333,0.0,0.3333333333333333,0.6666666666666666,1.6666666666666667,2.6666666666666665,-5.666666666666667,3.0,8.0,2.0,7.0,0.0,0.0,0.0,2.0,2.0,1.0,0.0,1.0,2.0,5.0,8.0,-17.0,3,785.6666666666666,2357.0
1610612749,202336,Larry Sanders,3.2666666666666666,6.566666666666666,0.0,0.0,1.0666666666666667,2.2333333333333334,2.6666666666666665,3.8666666666666667,6.533333333333333,0.8333333333333334,1.0,1.3666666666666667,1.1333333333333333,3.9,7.6,-4.033333333333333,98.0,197.0,0.0,0.0,32.0,67.0,80.0,116.0,196.0,25.0,30.0,41.0,34.0,117.0,228.0,-121.0,30,1314.0333333333333,39421.0
1610612739,201985,AJ Price,1.5,4.125,0.5,2.0,0.5625,0.875,0.375,1.0,1.375,1.375,0.1875,0.0,0.3125,0.4375,4.0625,-3.75,24.0,66.0,8.0,32.0,9.0,14.0,6.0,16.0,22.0,22.0,3.0,0.0,5.0,7.0,65.0,-60.0,16,601.4375,9623.0
