TEAM_ID,PLAYER_ID,PLAYER_NAME,avg(FGM),avg(FGA),avg(FG3M),avg(FG3A),avg(FTM),avg(FTA),avg(OREB),avg(DREB),avg(REB),avg(AST),avg(STL),avg(BLK),avg(TO),avg(PF),avg(PTS),avg(PLUS_MINUS),sum(FGM),sum(FGA),sum(FG3M),sum(FG3A),sum(FTM),sum(FTA),sum(OREB),sum(DREB),sum(REB),sum(AST),sum(STL),sum(BLK),sum(TO),sum(PF),sum(PTS),sum(PLUS_MINUS),sum(ifminute),avg(seconds),sum(seconds)
1610612755,203924,Jerami Grant,1.9076923076923078,5.415384615384616,0.7538461538461538,2.4,1.7538461538461538,2.9692307692307693,0.7538461538461538,2.292307692307692,3.046153846153846,1.2153846153846153,0.6153846153846154,1.0461538461538462,1.3076923076923077,2.2153846153846155,6.323076923076923,-2.707692307692308,124.0,352.0,49.0,156.0,114.0,193.0,49.0,149.0,198.0,79.0,40.0,68.0,85.0,144.0,411.0,-176.0,65,1270.676923076923,82594.0
