TEAM_ID,PLAYER_ID,PLAYER_NAME,avg(FGM),avg(FGA),avg(FG3M),avg(FG3A),avg(FTM),avg(FTA),avg(OREB),avg(DREB),avg(REB),avg(AST),avg(STL),avg(BLK),avg(TO),avg(PF),avg(PTS),avg(PLUS_MINUS),sum(FGM),sum(FGA),sum(FG3M),sum(FG3A),sum(FTM),sum(FTA),sum(OREB),sum(DREB),sum(REB),sum(AST),sum(STL),sum(BLK),sum(TO),sum(PF),sum(PTS),sum(PLUS_MINUS),sum(ifminute),avg(seconds),sum(seconds)
1610612760,201934,Hasheem Thabeet,0.47619047619047616,0.8095238095238095,0.0,0.0,0.047619047619047616,0.19047619047619047,0.23809523809523808,1.1428571428571428,1.380952380952381,0.0,0.19047619047619047,0.42857142857142855,0.5714285714285714,2.0952380952380953,1.0,-0.047619047619047616,10.0,17.0,0.0,0.0,1.0,4.0,5.0,24.0,29.0,0.0,4.0,9.0,12.0,44.0,21.0,-1.0,21,480.23809523809524,10085.0
1610612762,201575,Brandon Rush,0.92,2.6,0.48,1.52,0.08,0.16,0.08,1.08,1.16,0.56,0.16,0.2,0.4,0.84,2.4,-2.16,23.0,65.0,12.0,38.0,2.0,4.0,2.0,27.0,29.0,14.0,4.0,5.0,10.0,21.0,60.0,-54.0,25,632.24,15806.0
