TEAM_ID,PLAYER_ID,PLAYER_NAME,avg(FGM),avg(FGA),avg(FG3M),avg(FG3A),avg(FTM),avg(FTA),avg(OREB),avg(DREB),avg(REB),avg(AST),avg(STL),avg(BLK),avg(TO),avg(PF),avg(PTS),avg(PLUS_MINUS),sum(FGM),sum(FGA),sum(FG3M),sum(FG3A),sum(FTM),sum(FTA),sum(OREB),sum(DREB),sum(REB),sum(AST),sum(STL),sum(BLK),sum(TO),sum(PF),sum(PTS),sum(PLUS_MINUS),sum(ifminute),avg(seconds),sum(seconds)
1610612746,201150,Spencer Hawes,2.75,6.3125,0.9375,2.5625,1.125,1.6875,0.71875,4.15625,4.875,1.34375,0.5,0.71875,1.03125,2.375,7.5625,-1.84375,88.0,202.0,30.0,82.0,36.0,54.0,23.0,133.0,156.0,43.0,16.0,23.0,33.0,76.0,242.0,-59.0,32,1140.9375,36510.0
1610612753,203901,Elfrid Payton,2.738095238095238,6.857142857142857,0.09523809523809523,0.5476190476190477,1.0476190476190477,2.142857142857143,0.9047619047619048,2.3333333333333335,3.238095238095238,5.285714285714286,1.2857142857142858,0.11904761904761904,2.5476190476190474,2.261904761904762,6.619047619047619,-0.42857142857142855,115.0,288.0,4.0,23.0,44.0,90.0,38.0,98.0,136.0,222.0,54.0,5.0,107.0,95.0,278.0,-18.0,42,1528.6190476190477,64202.0
1610612744,2574,Jason Kapono,1.0,3.0,0.4,2.0,0.8,1.0,0.4,1.2,1.6,0.4,0.2,0.0,1.0,0.2,3.2,2.6,5.0,15.0,2.0,10.0,4.0,5.0,2.0,6.0,8.0,2.0,1.0,0.0,5.0,1.0,16.0,13.0,5,521.4,2607.0
1610612759,204027,Josh Davis,0.6666666666666666,1.6666666666666667,0.0,0.0,0.0,0.0,0.6666666666666666,1.3333333333333333,2.0,0.3333333333333333,0.0,0.0,0.0,0.6666666666666666,1.3333333333333333,1.0,2.0,5.0,0.0,0.0,0.0,0.0,2.0,4.0,6.0,1.0,0.0,0.0,0.0,2.0,4.0,3.0,3,362.6666666666667,1088.0
