TEAM_ID,PLAYER_ID,PLAYER_NAME,avg(FGM),avg(FGA),avg(FG3M),avg(FG3A),avg(FTM),avg(FTA),avg(OREB),avg(DREB),avg(REB),avg(AST),avg(STL),avg(BLK),avg(TO),avg(PF),avg(PTS),avg(PLUS_MINUS),sum(FGM),sum(FGA),sum(FG3M),sum(FG3A),sum(FTM),sum(FTA),sum(OREB),sum(DREB),sum(REB),sum(AST),sum(STL),sum(BLK),sum(TO),sum(PF),sum(PTS),sum(PLUS_MINUS),sum(ifminute),avg(seconds),sum(seconds)
1610612740,201950,Jrue Holiday,5.5,12.704545454545455,1.0227272727272727,2.9318181818181817,1.5909090909090908,1.9090909090909092,0.6590909090909091,2.5,3.159090909090909,6.363636363636363,1.5227272727272727,0.4772727272727273,2.3181818181818183,2.5454545454545454,13.613636363636363,1.5454545454545454,242.0,559.0,45.0,129.0,70.0,84.0,29.0,110.0,139.0,280.0,67.0,21.0,102.0,112.0,599.0,68.0,44,1899.2727272727273,83568.0
1610612756,202339,Eric Bledsoe,5.610169491525424,12.305084745762711,1.0508474576271187,3.1186440677966103,4.4576271186440675,5.576271186440678,0.8135593220338984,4.220338983050848,5.033898305084746,5.389830508474576,1.5593220338983051,0.6101694915254238,3.152542372881356,2.305084745762712,16.728813559322035,3.6610169491525424,331.0,726.0,62.0,184.0,263.0,329.0,48.0,249.0,297.0,318.0,92.0,36.0,186.0,136.0,987.0,216.0,59,1925.915254237288,113629.0
1610612755,203909,KJ McDaniels,3.1666666666666665,7.75,0.8333333333333334,3.0277777777777777,1.7777777777777777,2.3055555555555554,1.3055555555555556,2.3055555555555554,3.611111111111111,1.0555555555555556,0.9444444444444444,1.6666666666666667,1.7222222222222223,2.5,8.944444444444445,-3.388888888888889,114.0,279.0,30.0,109.0,64.0,83.0,47.0,83.0,130.0,38.0,34.0,60.0,62.0,90.0,322.0,-122.0,36,1480.388888888889,53294.0
1610612745,202706,Jordan Hamilton,2.2857142857142856,5.809523809523809,1.1904761904761905,3.2857142857142856,0.8095238095238095,0.9523809523809523,0.42857142857142855,2.4761904761904763,2.9047619047619047,0.8571428571428571,0.6190476190476191,0.3333333333333333,0.9047619047619048,1.7142857142857142,6.571428571428571,-0.19047619047619047,48.0,122.0,25.0,69.0,17.0,20.0,9.0,52.0,61.0,18.0,13.0,7.0,19.0,36.0,138.0,-4.0,21,998.4761904761905,20968.0
