TEAM_ID,PLAYER_ID,PLAYER_NAME,avg(FGM),avg(FGA),avg(FG3M),avg(FG3A),avg(FTM),avg(FTA),avg(OREB),avg(DREB),avg(REB),avg(AST),avg(STL),avg(BLK),avg(TO),avg(PF),avg(PTS),avg(PLUS_MINUS),sum(FGM),sum(FGA),sum(FG3M),sum(FG3A),sum(FTM),sum(FTA),sum(OREB),sum(DREB),sum(REB),sum(AST),sum(STL),sum(BLK),sum(TO),sum(PF),sum(PTS),sum(PLUS_MINUS),sum(ifminute),avg(seconds),sum(seconds)
1610612738,200765,Rajon Rondo,4.269230769230769,10.576923076923077,0.6538461538461539,2.3461538461538463,1.0384615384615385,1.9807692307692308,0.9038461538461539,5.423076923076923,6.326923076923077,10.211538461538462,1.4807692307692308,0.09615384615384616,3.3461538461538463,2.0576923076923075,10.23076923076923,-3.6538461538461537,222.0,550.0,34.0,122.0,54.0,103.0,47.0,282.0,329.0,531.0,77.0,5.0,174.0,107.0,532.0,-190.0,52,1958.8461538461538,101860.0
1610612756,101112,Channing Frye,4.076923076923077,9.75,1.9615384615384615,5.596153846153846,1.0576923076923077,1.2884615384615385,0.8269230769230769,4.0576923076923075,4.884615384615385,1.2307692307692308,0.6538461538461539,0.7307692307692307,1.0961538461538463,2.980769230769231,11.173076923076923,3.0,212.0,507.0,102.0,291.0,55.0,67.0,43.0,211.0,254.0,64.0,34.0,38.0,57.0,155.0,581.0,156.0,52,1748.0,90896.0
