TEAM_ID,PLAYER_ID,PLAYER_NAME,avg(FGM),avg(FGA),avg(FG3M),avg(FG3A),avg(FTM),avg(FTA),avg(OREB),avg(DREB),avg(REB),avg(AST),avg(STL),avg(BLK),avg(TO),avg(PF),avg(PTS),avg(PLUS_MINUS),sum(FGM),sum(FGA),sum(FG3M),sum(FG3A),sum(FTM),sum(FTA),sum(OREB),sum(DREB),sum(REB),sum(AST),sum(STL),sum(BLK),sum(TO),sum(PF),sum(PTS),sum(PLUS_MINUS),sum(ifminute),avg(seconds),sum(seconds)
1610612746,2045,Hedo Turkoglu,1.1095890410958904,2.5753424657534247,0.6438356164383562,1.36986301369863,0.136986301369863,0.3013698630136986,0.2054794520547945,1.5616438356164384,1.7671232876712328,0.6575342465753424,0.4657534246575342,0.136986301369863,0.410958904109589,1.1232876712328768,3.0,-0.5342465753424658,81.0,188.0,47.0,100.0,10.0,22.0,15.0,114.0,129.0,48.0,34.0,10.0,30.0,82.0,219.0,-39.0,73,593.6575342465753,43337.0
1610612765,201858,Cartier Martin,1.6875,4.75,0.6875,2.375,0.625,0.6875,0.25,1.1875,1.4375,0.5625,0.75,0.0,0.4375,1.25,4.6875,-1.125,27.0,76.0,11.0,38.0,10.0,11.0,4.0,19.0,23.0,9.0,12.0,0.0,7.0,20.0,75.0,-18.0,16,898.8125,14381.0
1610612761,101236,Chuck Hayes,0.9264705882352942,2.0441176470588234,0.0,0.014705882352941176,0.3235294117647059,0.4264705882352941,0.9852941176470589,2.1470588235294117,3.1323529411764706,0.6617647058823529,0.4852941176470588,0.16176470588235295,0.5,1.588235294117647,2.176470588235294,1.0588235294117647,63.0,139.0,0.0,1.0,22.0,29.0,67.0,146.0,213.0,45.0,33.0,11.0,34.0,108.0,148.0,72.0,68,705.75,47991.0
1610612759,2225,Tony Parker,6.540229885057471,13.206896551724139,0.47126436781609193,1.1954022988505748,2.5402298850574714,3.1494252873563218,0.27586206896551724,1.7241379310344827,2.0,5.287356321839081,0.5862068965517241,0.12643678160919541,2.425287356321839,1.3793103448275863,16.091954022988507,2.3908045977011496,569.0,1149.0,41.0,104.0,221.0,274.0,24.0,150.0,174.0,460.0,51.0,11.0,211.0,120.0,1400.0,208.0,87,1783.6666666666667,155179.0
