TEAM_ID,PLAYER_ID,PLAYER_NAME,avg(FGM),avg(FGA),avg(FG3M),avg(FG3A),avg(FTM),avg(FTA),avg(OREB),avg(DREB),avg(REB),avg(AST),avg(STL),avg(BLK),avg(TO),avg(PF),avg(PTS),avg(PLUS_MINUS),sum(FGM),sum(FGA),sum(FG3M),sum(FG3A),sum(FTM),sum(FTA),sum(OREB),sum(DREB),sum(REB),sum(AST),sum(STL),sum(BLK),sum(TO),sum(PF),sum(PTS),sum(PLUS_MINUS),sum(ifminute),avg(seconds),sum(seconds)
1610612741,202710,Jimmy Butler,6.566265060240964,14.168674698795181,1.2289156626506024,3.253012048192771,5.771084337349397,6.963855421686747,1.7469879518072289,3.963855421686747,5.710843373493976,3.180722891566265,1.8433734939759037,0.6144578313253012,1.4819277108433735,1.6987951807228916,20.132530120481928,4.313253012048193,545.0,1176.0,102.0,270.0,479.0,578.0,145.0,329.0,474.0,264.0,153.0,51.0,123.0,141.0,1671.0,358.0,83,2295.409638554217,190519.0
1610612754,201579,Roy Hibbert,4.134146341463414,9.268292682926829,0.0,0.024390243902439025,2.2560975609756095,2.7195121951219514,2.0,5.036585365853658,7.036585365853658,1.0975609756097562,0.2804878048780488,1.6341463414634145,1.4878048780487805,2.817073170731707,10.524390243902438,-1.024390243902439,339.0,760.0,0.0,2.0,185.0,223.0,164.0,413.0,577.0,90.0,23.0,134.0,122.0,231.0,863.0,-84.0,82,1511.3292682926829,123929.0
1610612760,203460,Andre Roberson,1.445945945945946,3.175675675675676,0.3108108108108108,1.2162162162162162,0.40540540540540543,0.8513513513513513,0.9594594594594594,3.0675675675675675,4.027027027027027,1.162162162162162,0.8243243243243243,0.47297297297297297,0.7432432432432432,2.2432432432432434,3.608108108108108,1.0135135135135136,107.0,235.0,23.0,90.0,30.0,63.0,71.0,227.0,298.0,86.0,61.0,35.0,55.0,166.0,267.0,75.0,74,1201.837837837838,88936.0
1610612756,202077,Jerel McNeal,0.5,1.8333333333333333,0.16666666666666666,0.3333333333333333,0.3333333333333333,0.3333333333333333,0.0,0.5,0.5,0.3333333333333333,0.5,0.16666666666666666,0.8333333333333334,0.8333333333333334,1.5,-0.5,3.0,11.0,1.0,2.0,2.0,2.0,0.0,3.0,3.0,2.0,3.0,1.0,5.0,5.0,9.0,-3.0,6,363.3333333333333,2180.0
1610612762,204026,Brock Motum,3.0,5.0,1.0,1.0,0.0,0.0,0.0,2.0,2.0,1.0,0.0,0.0,0.0,1.0,7.0,4.0,3.0,5.0,1.0,1.0,0.0,0.0,0.0,2.0,2.0,1.0,0.0,0.0,0.0,1.0,7.0,4.0,1,606.0,606.0
