TEAM_ID,PLAYER_ID,PLAYER_NAME,avg(FGM),avg(FGA),avg(FG3M),avg(FG3A),avg(FTM),avg(FTA),avg(OREB),avg(DREB),avg(REB),avg(AST),avg(STL),avg(BLK),avg(TO),avg(PF),avg(PTS),avg(PLUS_MINUS),sum(FGM),sum(FGA),sum(FG3M),sum(FG3A),sum(FTM),sum(FTA),sum(OREB),sum(DREB),sum(REB),sum(AST),sum(STL),sum(BLK),sum(TO),sum(PF),sum(PTS),sum(PLUS_MINUS),sum(ifminute),avg(seconds),sum(seconds)
1610612742,200826,J.J. Barea,2.75,6.53125,0.71875,2.09375,1.03125,1.28125,0.34375,1.4375,1.78125,3.4375,0.625,0.0,0.75,1.65625,7.25,2.46875,88.0,209.0,23.0,67.0,33.0,41.0,11.0,46.0,57.0,110.0,20.0,0.0,24.0,53.0,232.0,79.0,32,987.1875,31590.0
1610612757,201587,Nicolas Batum,4.311827956989247,9.634408602150538,1.4516129032258065,4.505376344086022,1.4838709677419355,1.8387096774193548,1.1505376344086022,5.903225806451613,7.053763440860215,4.89247311827957,1.032258064516129,0.6451612903225806,2.2795698924731185,1.8279569892473118,11.559139784946236,2.6129032258064515,401.0,896.0,135.0,419.0,138.0,171.0,107.0,549.0,656.0,455.0,96.0,60.0,212.0,170.0,1075.0,243.0,93,2128.043010752688,197908.0
1610612756,202397,Ish Smith,1.8653846153846154,4.230769230769231,0.0,0.2692307692307692,0.36538461538461536,0.6923076923076923,0.5192307692307693,1.5384615384615385,2.0576923076923075,2.8076923076923075,0.7115384615384616,0.19230769230769232,0.9615384615384616,1.0,4.096153846153846,0.40384615384615385,97.0,220.0,0.0,14.0,19.0,36.0,27.0,80.0,107.0,146.0,37.0,10.0,50.0,52.0,213.0,21.0,52,943.6538461538462,49070.0
1610612755,101122,Danny Granger,"","","","","","","","","","","","","","","","","","","","","","","","","","","","","","","","",0,"",""
