TEAM_ID,PLAYER_ID,PLAYER_NAME,avg(FGM),avg(FGA),avg(FG3M),avg(FG3A),avg(FTM),avg(FTA),avg(OREB),avg(DREB),avg(REB),avg(AST),avg(STL),avg(BLK),avg(TO),avg(PF),avg(PTS),avg(PLUS_MINUS),sum(FGM),sum(FGA),sum(FG3M),sum(FG3A),sum(FTM),sum(FTA),sum(OREB),sum(DREB),sum(REB),sum(AST),sum(STL),sum(BLK),sum(TO),sum(PF),sum(PTS),sum(PLUS_MINUS),sum(ifminute),avg(seconds),sum(seconds)
1610612749,203474,DJ Stephens,1.0,2.3333333333333335,0.0,0.0,0.3333333333333333,0.3333333333333333,0.3333333333333333,1.3333333333333333,1.6666666666666667,0.0,0.0,0.0,0.0,0.0,2.3333333333333335,0.3333333333333333,3.0,7.0,0.0,0.0,1.0,1.0,1.0,4.0,5.0,0.0,0.0,0.0,0.0,0.0,7.0,1.0,3,292.6666666666667,878.0
1610612745,200758,Ronnie Brewer,0.14285714285714285,1.0,0.0,0.42857142857142855,0.0,0.0,0.14285714285714285,0.8571428571428571,1.0,0.14285714285714285,0.2857142857142857,0.14285714285714285,0.14285714285714285,0.42857142857142855,0.2857142857142857,0.8571428571428571,1.0,7.0,0.0,3.0,0.0,0.0,1.0,6.0,7.0,1.0,2.0,1.0,1.0,3.0,2.0,6.0,7,687.0,4809.0
