TEAM_ID,PLAYER_ID,PLAYER_NAME,avg(FGM),avg(FGA),avg(FG3M),avg(FG3A),avg(FTM),avg(FTA),avg(OREB),avg(DREB),avg(REB),avg(AST),avg(STL),avg(BLK),avg(TO),avg(PF),avg(PTS),avg(PLUS_MINUS),sum(FGM),sum(FGA),sum(FG3M),sum(FG3A),sum(FTM),sum(FTA),sum(OREB),sum(DREB),sum(REB),sum(AST),sum(STL),sum(BLK),sum(TO),sum(PF),sum(PTS),sum(PLUS_MINUS),sum(ifminute),avg(seconds),sum(seconds)
1610612766,203077,Michael Kidd-Gilchrist,2.84,6.1866666666666665,0.013333333333333334,0.06666666666666667,2.08,3.2,1.7733333333333334,3.7733333333333334,5.546666666666667,1.0933333333333333,0.72,0.6933333333333334,0.8533333333333334,2.2533333333333334,7.773333333333333,-0.56,213.0,464.0,1.0,5.0,156.0,240.0,133.0,283.0,416.0,82.0,54.0,52.0,64.0,169.0,583.0,-42.0,75,1458.4666666666667,109385.0
1610612745,203991,Clint Capela,0.0,1.75,0.0,0.0,0.0,1.5,0.75,0.75,1.5,0.25,0.25,0.25,0.75,0.5,0.0,-4.0,0.0,7.0,0.0,0.0,0.0,6.0,3.0,3.0,6.0,1.0,1.0,1.0,3.0,2.0,0.0,-16.0,4,175.5,702.0
1610612761,203805,Will Cherry,1.25,3.75,0.0,1.0,1.0,2.0,0.0,1.0,1.0,1.5,1.0,0.0,1.0,0.5,3.5,-1.5,5.0,15.0,0.0,4.0,4.0,8.0,0.0,4.0,4.0,6.0,4.0,0.0,4.0,2.0,14.0,-6.0,4,726.25,2905.0
1610612739,101139,CJ Miles,3.9583333333333335,8.458333333333334,2.0,4.625,1.7083333333333333,2.0416666666666665,0.4166666666666667,1.7916666666666667,2.2083333333333335,1.125,0.875,0.16666666666666666,0.7083333333333334,2.0416666666666665,11.625,2.375,95.0,203.0,48.0,111.0,41.0,49.0,10.0,43.0,53.0,27.0,21.0,4.0,17.0,49.0,279.0,57.0,24,1222.9583333333333,29351.0
1610612745,201166,Aaron Brooks,1.7142857142857142,4.857142857142857,1.3571428571428572,3.2857142857142856,0.7857142857142857,1.0,0.42857142857142855,0.7857142857142857,1.2142857142857142,1.5,0.2857142857142857,0.14285714285714285,1.1428571428571428,1.7142857142857142,5.571428571428571,0.5714285714285714,24.0,68.0,19.0,46.0,11.0,14.0,6.0,11.0,17.0,21.0,4.0,2.0,16.0,24.0,78.0,8.0,14,927.3571428571429,12983.0
