TEAM_ID,PLAYER_ID,PLAYER_NAME,avg(FGM),avg(FGA),avg(FG3M),avg(FG3A),avg(FTM),avg(FTA),avg(OREB),avg(DREB),avg(REB),avg(AST),avg(STL),avg(BLK),avg(TO),avg(PF),avg(PTS),avg(PLUS_MINUS),sum(FGM),sum(FGA),sum(FG3M),sum(FG3A),sum(FTM),sum(FTA),sum(OREB),sum(DREB),sum(REB),sum(AST),sum(STL),sum(BLK),sum(TO),sum(PF),sum(PTS),sum(PLUS_MINUS),sum(ifminute),avg(seconds),sum(seconds)
1610612750,203461,Anthony Bennett,2.365079365079365,5.492063492063492,0.1111111111111111,0.38095238095238093,0.8412698412698413,1.253968253968254,1.0,2.984126984126984,3.984126984126984,0.7936507936507936,0.5396825396825397,0.2698412698412698,0.6349206349206349,1.492063492063492,5.682539682539683,-4.349206349206349,149.0,346.0,7.0,24.0,53.0,79.0,63.0,188.0,251.0,50.0,34.0,17.0,40.0,94.0,358.0,-274.0,63,957.4603174603175,60320.0
