TEAM_ID,PLAYER_ID,PLAYER_NAME,avg(FGM),avg(FGA),avg(FG3M),avg(FG3A),avg(FTM),avg(FTA),avg(OREB),avg(DREB),avg(REB),avg(AST),avg(STL),avg(BLK),avg(TO),avg(PF),avg(PTS),avg(PLUS_MINUS),sum(FGM),sum(FGA),sum(FG3M),sum(FG3A),sum(FTM),sum(FTA),sum(OREB),sum(DREB),sum(REB),sum(AST),sum(STL),sum(BLK),sum(TO),sum(PF),sum(PTS),sum(PLUS_MINUS),sum(ifminute),avg(seconds),sum(seconds)
1610612747,202391,Jeremy Lin,3.5405405405405403,8.162162162162161,0.918918918918919,2.6216216216216215,2.5675675675675675,3.27027027027027,0.40540540540540543,2.3513513513513513,2.7567567567567566,4.918918918918919,0.918918918918919,0.3783783783783784,2.27027027027027,3.189189189189189,10.567567567567568,-4.45945945945946,131.0,302.0,34.0,97.0,95.0,121.0,15.0,87.0,102.0,182.0,34.0,14.0,84.0,118.0,391.0,-165.0,37,1588.3783783783783,58770.0
1610612749,202874,Chris Wright,2.625,4.375,0.0,0.125,0.75,1.875,1.25,1.25,2.5,0.625,0.875,0.625,0.625,2.125,6.0,-3.125,21.0,35.0,0.0,1.0,6.0,15.0,10.0,10.0,20.0,5.0,7.0,5.0,5.0,17.0,48.0,-25.0,8,941.375,7531.0
1610612744,979,Jermaine O'Neal,3.088235294117647,5.911764705882353,0.0,0.0,2.2058823529411766,2.9411764705882355,2.176470588235294,3.3823529411764706,5.5588235294117645,0.6176470588235294,0.20588235294117646,0.8529411764705882,0.9705882352941176,2.1470588235294117,8.382352941176471,-1.5588235294117647,105.0,201.0,0.0,0.0,75.0,100.0,74.0,115.0,189.0,21.0,7.0,29.0,33.0,73.0,285.0,-53.0,34,1148.1470588235295,39037.0
1610612747,200761,Shawne Williams,3.0,7.333333333333333,1.6666666666666667,4.666666666666667,1.0,1.6666666666666667,0.8333333333333334,4.166666666666667,5.0,0.3333333333333333,0.8333333333333334,1.0,0.5,2.0,8.666666666666666,-1.3333333333333333,18.0,44.0,10.0,28.0,6.0,10.0,5.0,25.0,30.0,2.0,5.0,6.0,3.0,12.0,52.0,-8.0,6,1340.5,8043.0
1610612755,203473,Dewayne Dedmon,1.3636363636363635,2.6363636363636362,0.0,0.0,0.6363636363636364,1.1818181818181819,1.0,3.4545454545454546,4.454545454545454,0.2727272727272727,0.0,0.8181818181818182,0.8181818181818182,2.5454545454545454,3.3636363636363638,-2.272727272727273,15.0,29.0,0.0,0.0,7.0,13.0,11.0,38.0,49.0,3.0,0.0,9.0,9.0,28.0,37.0,-25.0,11,820.2727272727273,9023.0
