TEAM_ID,PLAYER_ID,PLAYER_NAME,avg(FGM),avg(FGA),avg(FG3M),avg(FG3A),avg(FTM),avg(FTA),avg(OREB),avg(DREB),avg(REB),avg(AST),avg(STL),avg(BLK),avg(TO),avg(PF),avg(PTS),avg(PLUS_MINUS),sum(FGM),sum(FGA),sum(FG3M),sum(FG3A),sum(FTM),sum(FTA),sum(OREB),sum(DREB),sum(REB),sum(AST),sum(STL),sum(BLK),sum(TO),sum(PF),sum(PTS),sum(PLUS_MINUS),sum(ifminute),avg(seconds),sum(seconds)
1610612758,201574,Jason Thompson,2.606741573033708,5.348314606741573,0.0,0.011235955056179775,0.9887640449438202,1.7752808988764044,1.8202247191011236,4.831460674157303,6.651685393258427,0.6966292134831461,0.42696629213483145,0.6292134831460674,1.1685393258426966,3.067415730337079,6.202247191011236,0.5955056179775281,232.0,476.0,0.0,1.0,88.0,158.0,162.0,430.0,592.0,62.0,38.0,56.0,104.0,273.0,552.0,53.0,89,1486.8314606741574,132328.0
1610612761,202685,Jonas Valanciunas,4.427083333333333,8.020833333333334,0.0,0.010416666666666666,2.96875,3.875,2.6041666666666665,6.15625,8.760416666666666,0.5625,0.23958333333333334,0.8854166666666666,1.5416666666666667,2.8333333333333335,11.822916666666666,1.0416666666666667,425.0,770.0,0.0,1.0,285.0,372.0,250.0,591.0,841.0,54.0,23.0,85.0,148.0,272.0,1135.0,100.0,96,1626.8854166666667,156181.0
1610612744,203905,Aaron Craft,1.25,2.5,0.5,1.25,0.0,0.0,0.0,2.5,2.5,1.5,1.0,0.0,1.75,1.75,3.0,-1.75,5.0,10.0,2.0,5.0,0.0,0.0,0.0,10.0,10.0,6.0,4.0,0.0,7.0,7.0,12.0,-7.0,4,881.0,3524.0
