TEAM_ID,PLAYER_ID,PLAYER_NAME,avg(FGM),avg(FGA),avg(FG3M),avg(FG3A),avg(FTM),avg(FTA),avg(OREB),avg(DREB),avg(REB),avg(AST),avg(STL),avg(BLK),avg(TO),avg(PF),avg(PTS),avg(PLUS_MINUS),sum(FGM),sum(FGA),sum(FG3M),sum(FG3A),sum(FTM),sum(FTA),sum(OREB),sum(DREB),sum(REB),sum(AST),sum(STL),sum(BLK),sum(TO),sum(PF),sum(PTS),sum(PLUS_MINUS),sum(ifminute),avg(seconds),sum(seconds)
1610612759,201158,Marco Belinelli,3.588235294117647,7.794117647058823,1.3137254901960784,3.264705882352941,1.696078431372549,2.019607843137255,0.3235294117647059,2.3137254901960786,2.6372549019607843,1.8823529411764706,0.45098039215686275,0.058823529411764705,1.088235294117647,1.4607843137254901,10.186274509803921,0.00980392156862745,366.0,795.0,134.0,333.0,173.0,206.0,33.0,236.0,269.0,192.0,46.0,6.0,111.0,149.0,1039.0,1.0,102,1423.7843137254902,145226.0
1610612740,203148,Brian Roberts,4.1020408163265305,9.591836734693878,1.0204081632653061,2.795918367346939,2.183673469387755,2.3469387755102042,0.30612244897959184,1.9183673469387754,2.2244897959183674,3.7755102040816326,0.673469387755102,0.10204081632653061,1.5918367346938775,1.8775510204081634,11.408163265306122,-3.142857142857143,201.0,470.0,50.0,137.0,107.0,115.0,15.0,94.0,109.0,185.0,33.0,5.0,78.0,92.0,559.0,-154.0,49,1608.1632653061224,78800.0
1610612762,2210,Richard Jefferson,3.6666666666666665,7.958333333333333,1.5625,3.9166666666666665,1.3125,1.875,0.16666666666666666,2.2916666666666665,2.4583333333333335,1.5208333333333333,0.75,0.10416666666666667,0.9583333333333334,2.125,10.208333333333334,-4.1875,176.0,382.0,75.0,188.0,63.0,90.0,8.0,110.0,118.0,73.0,36.0,5.0,46.0,102.0,490.0,-201.0,48,1616.6458333333333,77599.0
1610612751,1891,Jason Terry,1.3157894736842106,4.105263157894737,1.0526315789473684,2.8947368421052633,0.21052631578947367,0.3157894736842105,0.15789473684210525,0.8947368421052632,1.0526315789473684,1.894736842105263,0.5263157894736842,0.0,0.8421052631578947,1.1578947368421053,3.8947368421052633,-1.368421052631579,25.0,78.0,20.0,55.0,4.0,6.0,3.0,17.0,20.0,36.0,10.0,0.0,16.0,22.0,74.0,-26.0,19,943.8947368421053,17934.0
1610612761,201948,Austin Daye,0.5,1.5,0.0,1.0,0.0,0.0,0.0,1.0,1.0,0.0,0.0,0.0,0.0,0.0,1.0,-4.5,1.0,3.0,0.0,2.0,0.0,0.0,0.0,2.0,2.0,0.0,0.0,0.0,0.0,0.0,2.0,-9.0,2,166.0,332.0
