TEAM_ID,PLAYER_ID,PLAYER_NAME,avg(FGM),avg(FGA),avg(FG3M),avg(FG3A),avg(FTM),avg(FTA),avg(OREB),avg(DREB),avg(REB),avg(AST),avg(STL),avg(BLK),avg(TO),avg(PF),avg(PTS),avg(PLUS_MINUS),sum(FGM),sum(FGA),sum(FG3M),sum(FG3A),sum(FTM),sum(FTA),sum(OREB),sum(DREB),sum(REB),sum(AST),sum(STL),sum(BLK),sum(TO),sum(PF),sum(PTS),sum(PLUS_MINUS),sum(ifminute),avg(seconds),sum(seconds)
1610612758,201954,Darren Collison,5.285714285714286,11.285714285714286,1.2,2.9714285714285715,3.742857142857143,4.885714285714286,0.4,2.6285714285714286,3.0285714285714285,5.8,1.4285714285714286,0.4,2.3142857142857145,2.085714285714286,15.514285714285714,2.8285714285714287,185.0,395.0,42.0,104.0,131.0,171.0,14.0,92.0,106.0,203.0,50.0,14.0,81.0,73.0,543.0,99.0,35,2004.0,70140.0
1610612757,201577,Robin Lopez,4.241758241758242,8.0,0.0,0.01098901098901099,2.230769230769231,2.802197802197802,3.791208791208791,4.461538461538462,8.252747252747254,1.010989010989011,0.34065934065934067,1.6813186813186813,1.1318681318681318,2.5054945054945055,10.714285714285714,2.4175824175824174,386.0,728.0,0.0,1.0,203.0,255.0,345.0,406.0,751.0,92.0,31.0,153.0,103.0,228.0,975.0,220.0,91,1842.7142857142858,167687.0
1610612741,203162,Ben Hansbrough,"","","","","","","","","","","","","","","","","","","","","","","","","","","","","","","","",0,"",""
1610612738,203569,Chris Babb,0.5714285714285714,2.142857142857143,0.42857142857142855,1.9285714285714286,0.0,0.0,0.2857142857142857,0.9285714285714286,1.2142857142857142,0.21428571428571427,0.42857142857142855,0.0,0.21428571428571427,0.9285714285714286,1.5714285714285714,-1.2142857142857142,8.0,30.0,6.0,27.0,0.0,0.0,4.0,13.0,17.0,3.0,6.0,0.0,3.0,13.0,22.0,-17.0,14,567.0714285714286,7939.0
1610612753,203519,Adonis Thomas,0.75,2.25,0.0,0.75,0.25,0.25,0.0,0.75,0.75,0.5,0.0,0.0,0.0,0.5,1.75,2.0,3.0,9.0,0.0,3.0,1.0,1.0,0.0,3.0,3.0,2.0,0.0,0.0,0.0,2.0,7.0,8.0,4,365.5,1462.0
