TEAM_ID,PLAYER_ID,PLAYER_NAME,avg(FGM),avg(FGA),avg(FG3M),avg(FG3A),avg(FTM),avg(FTA),avg(OREB),avg(DREB),avg(REB),avg(AST),avg(STL),avg(BLK),avg(TO),avg(PF),avg(PTS),avg(PLUS_MINUS),sum(FGM),sum(FGA),sum(FG3M),sum(FG3A),sum(FTM),sum(FTA),sum(OREB),sum(DREB),sum(REB),sum(AST),sum(STL),sum(BLK),sum(TO),sum(PF),sum(PTS),sum(PLUS_MINUS),sum(ifminute),avg(seconds),sum(seconds)
1610612739,2592,James Jones,1.3,3.5625,1.1125,3.075,0.65,0.75,0.1375,1.025,1.1625,0.425,0.2625,0.1375,0.225,1.4,4.3625,-1.2375,104.0,285.0,89.0,246.0,52.0,60.0,11.0,82.0,93.0,34.0,21.0,11.0,18.0,112.0,349.0,-99.0,80,756.7625,60541.0
1610612742,200826,J.J. Barea,3.048780487804878,7.2317073170731705,0.7073170731707317,2.231707317073171,0.9878048780487805,1.2195121951219512,0.34146341463414637,1.5853658536585367,1.9268292682926829,3.658536585365854,0.45121951219512196,0.012195121951219513,1.024390243902439,1.475609756097561,7.7926829268292686,1.8902439024390243,250.0,593.0,58.0,183.0,81.0,100.0,28.0,130.0,158.0,300.0,37.0,1.0,84.0,121.0,639.0,155.0,82,1108.8170731707316,90923.0
1610612761,201946,Tyler Hansbrough,1.1294117647058823,2.2588235294117647,0.03529411764705882,0.12941176470588237,1.3058823529411765,1.8941176470588235,1.3529411764705883,2.152941176470588,3.5058823529411764,0.3058823529411765,0.4235294117647059,0.2,0.3176470588235294,1.988235294117647,3.6,2.4823529411764707,96.0,192.0,3.0,11.0,111.0,161.0,115.0,183.0,298.0,26.0,36.0,17.0,27.0,169.0,306.0,211.0,85,882.6,75021.0
1610612755,203128,Furkan Aldemir,0.975609756097561,1.9024390243902438,0.0,0.12195121951219512,0.3170731707317073,0.6585365853658537,1.9024390243902438,2.3902439024390243,4.2926829268292686,0.6829268292682927,0.4146341463414634,0.3902439024390244,0.4146341463414634,2.341463414634146,2.268292682926829,-2.4878048780487805,40.0,78.0,0.0,5.0,13.0,27.0,78.0,98.0,176.0,28.0,17.0,16.0,17.0,96.0,93.0,-102.0,41,790.9512195121952,32429.0
