TEAM_ID,PLAYER_ID,PLAYER_NAME,avg(FGM),avg(FGA),avg(FG3M),avg(FG3A),avg(FTM),avg(FTA),avg(OREB),avg(DREB),avg(REB),avg(AST),avg(STL),avg(BLK),avg(TO),avg(PF),avg(PTS),avg(PLUS_MINUS),sum(FGM),sum(FGA),sum(FG3M),sum(FG3A),sum(FTM),sum(FTA),sum(OREB),sum(DREB),sum(REB),sum(AST),sum(STL),sum(BLK),sum(TO),sum(PF),sum(PTS),sum(PLUS_MINUS),sum(ifminute),avg(seconds),sum(seconds)
1610612766,101131,Jason Maxiell,1.125,2.7083333333333335,0.0,0.0,0.4583333333333333,0.8333333333333334,0.7916666666666666,1.375,2.1666666666666665,0.125,0.16666666666666666,0.375,0.4166666666666667,1.2916666666666667,2.7083333333333335,-1.7083333333333333,27.0,65.0,0.0,0.0,11.0,20.0,19.0,33.0,52.0,3.0,4.0,9.0,10.0,31.0,65.0,-41.0,24,738.375,17721.0
1610612760,201627,Anthony Morrow,3.90625,8.78125,1.84375,4.5,1.5625,1.78125,0.3125,2.3125,2.625,1.125,0.75,0.125,0.5625,2.15625,11.21875,1.96875,125.0,281.0,59.0,144.0,50.0,57.0,10.0,74.0,84.0,36.0,24.0,4.0,18.0,69.0,359.0,63.0,32,1535.71875,49143.0
1610612758,201171,Carl Landry,2.5714285714285716,4.946428571428571,0.0,0.0,1.5535714285714286,1.8392857142857142,1.4285714285714286,2.4107142857142856,3.8392857142857144,0.44642857142857145,0.21428571428571427,0.19642857142857142,0.8214285714285714,2.0714285714285716,6.696428571428571,-2.232142857142857,144.0,277.0,0.0,0.0,87.0,103.0,80.0,135.0,215.0,25.0,12.0,11.0,46.0,116.0,375.0,-125.0,56,965.2678571428571,54055.0
1610612738,203935,Marcus Smart,2.0416666666666665,5.916666666666667,1.1666666666666667,4.083333333333333,1.375,1.8333333333333333,0.7083333333333334,1.7916666666666667,2.5,3.0,1.5,0.125,2.0,2.3333333333333335,6.625,2.75,49.0,142.0,28.0,98.0,33.0,44.0,17.0,43.0,60.0,72.0,36.0,3.0,48.0,56.0,159.0,66.0,24,1301.1666666666667,31228.0
1610612741,201959,Taj Gibson,5.204545454545454,10.590909090909092,0.0,0.045454545454545456,2.8636363636363638,3.8636363636363638,2.727272727272727,4.2727272727272725,7.0,1.1590909090909092,0.625,1.375,1.6136363636363635,2.6818181818181817,13.272727272727273,1.5113636363636365,458.0,932.0,0.0,4.0,252.0,340.0,240.0,376.0,616.0,102.0,55.0,121.0,142.0,236.0,1168.0,133.0,88,1736.8977272727273,152847.0
1610612742,201274,Ivan Johnson,1.0,4.0,0.25,1.0,3.0,4.25,1.0,1.5,2.5,0.0,0.5,0.0,0.75,3.25,5.25,0.25,4.0,16.0,1.0,4.0,12.0,17.0,4.0,6.0,10.0,0.0,2.0,0.0,3.0,13.0,21.0,1.0,4,531.5,2126.0
