TEAM_ID,PLAYER_ID,PLAYER_NAME,avg(FGM),avg(FGA),avg(FG3M),avg(FG3A),avg(FTM),avg(FTA),avg(OREB),avg(DREB),avg(REB),avg(AST),avg(STL),avg(BLK),avg(TO),avg(PF),avg(PTS),avg(PLUS_MINUS),sum(FGM),sum(FGA),sum(FG3M),sum(FG3A),sum(FTM),sum(FTA),sum(OREB),sum(DREB),sum(REB),sum(AST),sum(STL),sum(BLK),sum(TO),sum(PF),sum(PTS),sum(PLUS_MINUS),sum(ifminute),avg(seconds),sum(seconds)
1610612745,201147,Corey Brewer,5.0,10.4,2.8,5.2,1.2,1.8,0.6,1.6,2.2,2.0,1.4,0.6,1.6,1.6,14.0,7.6,25.0,52.0,14.0,26.0,6.0,9.0,3.0,8.0,11.0,10.0,7.0,3.0,8.0,8.0,70.0,38.0,5,1430.2,7151.0
1610612755,203960,JaKarr Sampson,1.1290322580645162,2.935483870967742,0.1935483870967742,0.967741935483871,0.6451612903225806,1.0,0.3870967741935484,1.5806451612903225,1.967741935483871,0.6774193548387096,0.3548387096774194,0.45161290322580644,0.9354838709677419,1.5806451612903225,3.096774193548387,-4.258064516129032,35.0,91.0,6.0,30.0,20.0,31.0,12.0,49.0,61.0,21.0,11.0,14.0,29.0,49.0,96.0,-132.0,31,736.2903225806451,22825.0
1610612746,200797,Ryan Hollins,0.7894736842105263,1.0526315789473684,0.0,0.0,0.5263157894736842,0.7368421052631579,0.5,0.7368421052631579,1.236842105263158,0.18421052631578946,0.13157894736842105,0.5263157894736842,0.34210526315789475,1.2105263157894737,2.1052631578947367,-0.5789473684210527,30.0,40.0,0.0,0.0,20.0,28.0,19.0,28.0,47.0,7.0,5.0,20.0,13.0,46.0,80.0,-22.0,38,391.2631578947368,14868.0
