PLAYER_ID,PLAYER_NAME,avg(FGM),avg(FGA),avg(FG3M),avg(FG3A),avg(FTM),avg(FTA),avg(OREB),avg(DREB),avg(REB),avg(AST),avg(STL),avg(BLK),avg(TO),avg(PF),avg(PTS),avg(PLUS_MINUS),sum(FGM),sum(FGA),sum(FG3M),sum(FG3A),sum(FTM),sum(FTA),sum(OREB),sum(DREB),sum(REB),sum(AST),sum(STL),sum(BLK),sum(TO),sum(PF),sum(PTS),sum(PLUS_MINUS),sum(ifminute),avg(seconds),sum(seconds)
1629027,Trae Young,8.307692307692308,19.307692307692307,2.9743589743589745,8.692307692307692,9.820512820512821,11.179487179487179,0.6923076923076923,3.41025641025641,4.102564102564102,9.538461538461538,0.8717948717948718,0.20512820512820512,4.641025641025641,2.0,29.41025641025641,-0.358974358974359,324.0,753.0,116.0,339.0,383.0,436.0,27.0,133.0,160.0,372.0,34.0,8.0,181.0,78.0,1147.0,-14.0,39,2054.871794871795,80140.0
203999,Nikola Jokic,8.157142857142857,14.942857142857143,1.3142857142857143,3.4857142857142858,4.014285714285714,4.8428571428571425,2.157142857142857,7.5,9.657142857142857,7.214285714285714,1.2714285714285714,0.7,3.6714285714285713,3.1285714285714286,21.642857142857142,1.0857142857142856,571.0,1046.0,92.0,244.0,281.0,339.0,151.0,525.0,676.0,505.0,89.0,49.0,257.0,219.0,1515.0,76.0,70,1999.3428571428572,139954.0
