PLAYER_ID,PLAYER_NAME,avg(FGM),avg(FGA),avg(FG3M),avg(FG3A),avg(FTM),avg(FTA),avg(OREB),avg(DREB),avg(REB),avg(AST),avg(STL),avg(BLK),avg(TO),avg(PF),avg(PTS),avg(PLUS_MINUS),sum(FGM),sum(FGA),sum(FG3M),sum(FG3A),sum(FTM),sum(FTA),sum(OREB),sum(DREB),sum(REB),sum(AST),sum(STL),sum(BLK),sum(TO),sum(PF),sum(PTS),sum(PLUS_MINUS),sum(ifminute),avg(seconds),sum(seconds)
1629130,Duncan Robinson,4.228571428571429,9.285714285714286,3.6,8.357142857142858,1.3285714285714285,1.457142857142857,0.14285714285714285,3.0142857142857142,3.157142857142857,1.6857142857142857,0.45714285714285713,0.22857142857142856,1.1142857142857143,2.585714285714286,13.385714285714286,3.442857142857143,296.0,650.0,252.0,585.0,93.0,102.0,10.0,211.0,221.0,118.0,32.0,16.0,78.0,181.0,937.0,241.0,70,1800.2285714285715,126016.0
1629833,Keljin Blevins,0.8571428571428571,3.0,0.14285714285714285,1.4285714285714286,0.42857142857142855,0.5714285714285714,0.42857142857142855,0.7142857142857143,1.1428571428571428,1.0,0.42857142857142855,0.0,0.5714285714285714,0.7142857142857143,2.2857142857142856,0.0,6.0,21.0,1.0,10.0,3.0,4.0,3.0,5.0,8.0,7.0,3.0,0.0,4.0,5.0,16.0,0.0,7,612.7142857142857,4289.0
1629626,Bol Bol,2.15,5.0,0.75,2.0,1.25,1.85,0.7,2.35,3.05,0.65,0.25,0.9,1.2,0.9,6.3,1.55,43.0,100.0,15.0,40.0,25.0,37.0,14.0,47.0,61.0,13.0,5.0,18.0,24.0,18.0,126.0,31.0,20,734.95,14699.0
1630255,Jake Toolson,0.0,1.0,0.0,0.5,0.0,0.0,0.0,0.0,0.0,0.0,0.0,0.0,0.0,1.0,0.0,0.5,0.0,2.0,0.0,1.0,0.0,0.0,0.0,0.0,0.0,0.0,0.0,0.0,0.0,2.0,0.0,1.0,2,252.5,505.0
