PLAYER_ID,PLAYER_NAME,avg(FGM),avg(FGA),avg(FG3M),avg(FG3A),avg(FTM),avg(FTA),avg(OREB),avg(DREB),avg(REB),avg(AST),avg(STL),avg(BLK),avg(TO),avg(PF),avg(PTS),avg(PLUS_MINUS),sum(FGM),sum(FGA),sum(FG3M),sum(FG3A),sum(FTM),sum(FTA),sum(OREB),sum(DREB),sum(REB),sum(AST),sum(STL),sum(BLK),sum(TO),sum(PF),sum(PTS),sum(PLUS_MINUS),sum(ifminute),avg(seconds),sum(seconds)
1629605,Tacko Fall,1.2222222222222223,1.8888888888888888,0.0,0.0,0.4444444444444444,1.0,0.5555555555555556,1.5555555555555556,2.111111111111111,0.1111111111111111,0.2222222222222222,0.6666666666666666,0.4444444444444444,0.7777777777777778,2.888888888888889,-0.6666666666666666,11.0,17.0,0.0,0.0,4.0,9.0,5.0,14.0,19.0,1.0,2.0,6.0,4.0,7.0,26.0,-6.0,9,332.6666666666667,2994.0
1629644,KZ Okpala,2.3333333333333335,4.333333333333333,1.1666666666666667,2.5,0.3333333333333333,0.8333333333333334,0.3333333333333333,2.0,2.3333333333333335,0.5,0.6666666666666666,0.3333333333333333,0.5,1.5,6.166666666666667,-6.833333333333333,14.0,26.0,7.0,15.0,2.0,5.0,2.0,12.0,14.0,3.0,4.0,2.0,3.0,9.0,37.0,-41.0,6,1046.3333333333333,6278.0
1630194,Paul Reed,0.0,0.0,0.0,0.0,2.0,2.0,0.0,1.0,1.0,0.0,0.0,0.0,0.0,0.0,2.0,-1.0,0.0,0.0,0.0,0.0,2.0,2.0,0.0,1.0,1.0,0.0,0.0,0.0,0.0,0.0,2.0,-1.0,1,237.0,237.0
