PLAYER_ID,PLAYER_NAME,avg(FGM),avg(FGA),avg(FG3M),avg(FG3A),avg(FTM),avg(FTA),avg(OREB),avg(DREB),avg(REB),avg(AST),avg(STL),avg(BLK),avg(TO),avg(PF),avg(PTS),avg(PLUS_MINUS),sum(FGM),sum(FGA),sum(FG3M),sum(FG3A),sum(FTM),sum(FTA),sum(OREB),sum(DREB),sum(REB),sum(AST),sum(STL),sum(BLK),sum(TO),sum(PF),sum(PTS),sum(PLUS_MINUS),sum(ifminute),avg(seconds),sum(seconds)
1630166,Deni Avdija,3.125,6.0,1.5,3.375,0.625,1.25,0.5,4.875,5.375,2.5,1.25,0.125,1.0,2.375,8.375,3.125,25.0,48.0,12.0,27.0,5.0,10.0,4.0,39.0,43.0,20.0,10.0,1.0,8.0,19.0,67.0,25.0,8,1634.375,13075.0
202324,Derrick Favors,3.813953488372093,5.906976744186046,0.0,0.09302325581395349,0.9534883720930233,1.5348837209302326,2.7906976744186047,5.6976744186046515,8.488372093023257,1.302325581395349,0.627906976744186,0.7906976744186046,0.8837209302325582,2.0697674418604652,8.581395348837209,2.9767441860465116,164.0,254.0,0.0,4.0,41.0,66.0,120.0,245.0,365.0,56.0,27.0,34.0,38.0,89.0,369.0,128.0,43,1363.7441860465117,58641.0
1627747,Caris LeVert,6.823529411764706,16.45098039215686,1.8431372549019607,5.254901960784314,3.0980392156862746,4.196078431372549,1.1372549019607843,3.0,4.137254901960785,5.03921568627451,1.3137254901960784,0.29411764705882354,2.392156862745098,1.6470588235294117,18.58823529411765,-0.3333333333333333,348.0,839.0,94.0,268.0,158.0,214.0,58.0,153.0,211.0,257.0,67.0,15.0,122.0,84.0,948.0,-17.0,51,1723.5882352941176,87903.0
1628518,Amile Jefferson,0.2,0.9,0.0,0.0,0.5,1.2,0.7,1.0,1.7,0.2,0.1,0.2,0.2,0.4,0.9,1.2,2.0,9.0,0.0,0.0,5.0,12.0,7.0,10.0,17.0,2.0,1.0,2.0,2.0,4.0,9.0,12.0,10,304.2,3042.0
201584,Courtney Lee,1.6470588235294117,3.588235294117647,0.8823529411764706,2.1176470588235294,0.35294117647058826,0.47058823529411764,0.4117647058823529,1.2941176470588236,1.7058823529411764,0.5294117647058824,1.0588235294117647,0.23529411764705882,0.5294117647058824,1.6470588235294117,4.529411764705882,1.5294117647058822,28.0,61.0,15.0,36.0,6.0,8.0,7.0,22.0,29.0,9.0,18.0,4.0,9.0,28.0,77.0,26.0,17,998.3529411764706,16972.0
1629658,Jaylen Hoard,1.8571428571428572,3.5714285714285716,0.0,0.35714285714285715,0.7142857142857143,1.2857142857142858,1.3571428571428572,1.6428571428571428,3.0,0.42857142857142855,0.35714285714285715,0.07142857142857142,0.5714285714285714,1.3571428571428572,4.428571428571429,3.357142857142857,26.0,50.0,0.0,5.0,10.0,18.0,19.0,23.0,42.0,6.0,5.0,1.0,8.0,19.0,62.0,47.0,14,709.0,9926.0
