PLAYER_ID,PLAYER_NAME,avg(FGM),avg(FGA),avg(FG3M),avg(FG3A),avg(FTM),avg(FTA),avg(OREB),avg(DREB),avg(REB),avg(AST),avg(STL),avg(BLK),avg(TO),avg(PF),avg(PTS),avg(PLUS_MINUS),sum(FGM),sum(FGA),sum(FG3M),sum(FG3A),sum(FTM),sum(FTA),sum(OREB),sum(DREB),sum(REB),sum(AST),sum(STL),sum(BLK),sum(TO),sum(PF),sum(PTS),sum(PLUS_MINUS),sum(ifminute),avg(seconds),sum(seconds)
1629658,Jaylen Hoard,2.3157894736842106,4.631578947368421,0.0,0.5789473684210527,1.4736842105263157,2.1578947368421053,1.105263157894737,2.3157894736842106,3.4210526315789473,1.263157894736842,0.6842105263157895,0.2631578947368421,0.8947368421052632,1.0,6.105263157894737,-3.263157894736842,44.0,88.0,0.0,11.0,28.0,41.0,21.0,44.0,65.0,24.0,13.0,5.0,17.0,19.0,116.0,-62.0,19,1009.3157894736842,19177.0
203121,Darius Miller,1.2222222222222223,2.6666666666666665,0.9444444444444444,2.3333333333333335,0.6666666666666666,0.6666666666666666,0.1111111111111111,1.2222222222222223,1.3333333333333333,1.1666666666666667,0.7222222222222222,0.2777777777777778,0.4444444444444444,0.7222222222222222,4.055555555555555,2.0555555555555554,22.0,48.0,17.0,42.0,12.0,12.0,2.0,22.0,24.0,21.0,13.0,5.0,8.0,13.0,73.0,37.0,18,656.0555555555555,11809.0
1630213,Yoeli Childs,1.0,4.0,0.0,0.0,1.0,2.0,3.0,2.0,5.0,0.0,0.0,0.0,2.0,0.0,3.0,2.0,1.0,4.0,0.0,0.0,1.0,2.0,3.0,2.0,5.0,0.0,0.0,0.0,2.0,0.0,3.0,2.0,1,390.0,390.0
