PLAYER_ID,PLAYER_NAME,avg(FGM),avg(FGA),avg(FG3M),avg(FG3A),avg(FTM),avg(FTA),avg(OREB),avg(DREB),avg(REB),avg(AST),avg(STL),avg(BLK),avg(TO),avg(PF),avg(PTS),avg(PLUS_MINUS),sum(FGM),sum(FGA),sum(FG3M),sum(FG3A),sum(FTM),sum(FTA),sum(OREB),sum(DREB),sum(REB),sum(AST),sum(STL),sum(BLK),sum(TO),sum(PF),sum(PTS),sum(PLUS_MINUS),sum(ifminute),avg(seconds),sum(seconds)
1628384,OG Anunoby,5.586956521739131,11.652173913043478,2.3260869565217392,5.869565217391305,1.7826086956521738,2.260869565217391,1.2173913043478262,4.086956521739131,5.304347826086956,2.0869565217391304,1.5217391304347827,0.6956521739130435,1.6956521739130435,2.608695652173913,15.282608695652174,2.0,257.0,536.0,107.0,270.0,82.0,104.0,56.0,188.0,244.0,96.0,70.0,32.0,78.0,120.0,703.0,92.0,46,1948.8260869565217,89646.0
1628394,Anzejs Pasecniks,0.5,2.0,0.0,0.5,0.0,0.0,1.0,0.5,1.5,0.5,0.0,0.0,2.5,1.5,1.0,-5.5,1.0,4.0,0.0,1.0,0.0,0.0,2.0,1.0,3.0,1.0,0.0,0.0,5.0,3.0,2.0,-11.0,2,384.5,769.0
