PLAYER_ID,PLAYER_NAME,avg(FGM),avg(FGA),avg(FG3M),avg(FG3A),avg(FTM),avg(FTA),avg(OREB),avg(DREB),avg(REB),avg(AST),avg(STL),avg(BLK),avg(TO),avg(PF),avg(PTS),avg(PLUS_MINUS),sum(FGM),sum(FGA),sum(FG3M),sum(FG3A),sum(FTM),sum(FTA),sum(OREB),sum(DREB),sum(REB),sum(AST),sum(STL),sum(BLK),sum(TO),sum(PF),sum(PTS),sum(PLUS_MINUS),sum(ifminute),avg(seconds),sum(seconds)
203585,Rodney McGruder,1.1136363636363635,2.7954545454545454,0.29545454545454547,1.0909090909090908,0.45454545454545453,0.6590909090909091,0.45454545454545453,1.8863636363636365,2.340909090909091,0.6363636363636364,0.38636363636363635,0.13636363636363635,0.4772727272727273,0.9545454545454546,2.977272727272727,-0.7727272727272727,49.0,123.0,13.0,48.0,20.0,29.0,20.0,83.0,103.0,28.0,17.0,6.0,21.0,42.0,131.0,-34.0,44,768.9772727272727,33835.0
1629750,Javonte Green,1.606060606060606,3.242424242424242,0.3939393939393939,0.9696969696969697,0.7878787878787878,1.121212121212121,0.8787878787878788,1.7272727272727273,2.606060606060606,0.7575757575757576,0.7878787878787878,0.15151515151515152,0.6363636363636364,0.9696969696969697,4.393939393939394,-1.6363636363636365,53.0,107.0,13.0,32.0,26.0,37.0,29.0,57.0,86.0,25.0,26.0,5.0,21.0,32.0,145.0,-54.0,33,736.2424242424242,24296.0
1630240,Saben Lee,0.0,0.3333333333333333,0.0,0.0,1.0,2.6666666666666665,0.0,0.3333333333333333,0.3333333333333333,1.0,0.0,0.0,1.0,0.6666666666666666,1.0,1.0,0.0,1.0,0.0,0.0,3.0,8.0,0.0,1.0,1.0,3.0,0.0,0.0,3.0,2.0,3.0,3.0,3,393.3333333333333,1180.0
1629741,Marko Guduric,0.7894736842105263,1.631578947368421,0.3684210526315789,1.0,0.47368421052631576,0.47368421052631576,0.10526315789473684,1.0,1.105263157894737,0.47368421052631576,0.15789473684210525,0.10526315789473684,0.47368421052631576,0.47368421052631576,2.4210526315789473,2.5789473684210527,15.0,31.0,7.0,19.0,9.0,9.0,2.0,19.0,21.0,9.0,3.0,2.0,9.0,9.0,46.0,49.0,19,327.36842105263156,6220.0
