PLAYER_ID,PLAYER_NAME,avg(FGM),avg(FGA),avg(FG3M),avg(FG3A),avg(FTM),avg(FTA),avg(OREB),avg(DREB),avg(REB),avg(AST),avg(STL),avg(BLK),avg(TO),avg(PF),avg(PTS),avg(PLUS_MINUS),sum(FGM),sum(FGA),sum(FG3M),sum(FG3A),sum(FTM),sum(FTA),sum(OREB),sum(DREB),sum(REB),sum(AST),sum(STL),sum(BLK),sum(TO),sum(PF),sum(PTS),sum(PLUS_MINUS),sum(ifminute),avg(seconds),sum(seconds)
1628378,Donovan Mitchell,8.132075471698114,18.358490566037737,2.981132075471698,7.471698113207547,4.2075471698113205,4.679245283018868,0.7358490566037735,3.3962264150943398,4.132075471698113,4.415094339622642,0.9056603773584906,0.20754716981132076,2.943396226415094,2.2452830188679247,23.452830188679247,2.2452830188679247,431.0,973.0,158.0,396.0,223.0,248.0,39.0,180.0,219.0,234.0,48.0,11.0,156.0,119.0,1243.0,119.0,53,1985.245283018868,105218.0
1630267,Facundo Campazzo,0.7142857142857143,2.5714285714285716,0.42857142857142855,1.7142857142857142,0.8571428571428571,1.1428571428571428,0.0,0.8571428571428571,0.8571428571428571,1.5714285714285714,0.7142857142857143,0.14285714285714285,1.4285714285714286,2.142857142857143,2.7142857142857144,-2.142857142857143,5.0,18.0,3.0,12.0,6.0,8.0,0.0,6.0,6.0,11.0,5.0,1.0,10.0,15.0,19.0,-15.0,7,666.4285714285714,4665.0
1628470,Torrey Craig,2.3278688524590163,5.081967213114754,0.8688524590163934,2.6557377049180326,0.39344262295081966,0.6229508196721312,1.098360655737705,2.557377049180328,3.6557377049180326,0.8688524590163934,0.4426229508196721,0.5573770491803278,0.5245901639344263,2.459016393442623,5.918032786885246,-4.016393442622951,142.0,310.0,53.0,162.0,24.0,38.0,67.0,156.0,223.0,53.0,27.0,34.0,32.0,150.0,361.0,-245.0,61,1250.950819672131,76308.0
