PLAYER_ID,PLAYER_NAME,avg(FGM),avg(FGA),avg(FG3M),avg(FG3A),avg(FTM),avg(FTA),avg(OREB),avg(DREB),avg(REB),avg(AST),avg(STL),avg(BLK),avg(TO),avg(PF),avg(PTS),avg(PLUS_MINUS),sum(FGM),sum(FGA),sum(FG3M),sum(FG3A),sum(FTM),sum(FTA),sum(OREB),sum(DREB),sum(REB),sum(AST),sum(STL),sum(BLK),sum(TO),sum(PF),sum(PTS),sum(PLUS_MINUS),sum(ifminute),avg(seconds),sum(seconds)
1629109,Gary Clark,1.4594594594594594,3.8378378378378377,1.027027027027027,3.189189189189189,0.2972972972972973,0.32432432432432434,0.972972972972973,2.5405405405405403,3.5135135135135136,0.4594594594594595,0.3783783783783784,0.5675675675675675,0.3783783783783784,1.1891891891891893,4.243243243243243,-2.945945945945946,54.0,142.0,38.0,118.0,11.0,12.0,36.0,94.0,130.0,17.0,14.0,21.0,14.0,44.0,157.0,-109.0,37,1016.8648648648649,37624.0
1629001,De'Anthony Melton,2.723404255319149,7.212765957446808,0.9574468085106383,3.0638297872340425,1.3829787234042554,1.8936170212765957,0.574468085106383,2.9361702127659575,3.5106382978723403,2.5531914893617023,1.1063829787234043,0.48936170212765956,1.297872340425532,1.7872340425531914,7.787234042553192,1.574468085106383,128.0,339.0,45.0,144.0,65.0,89.0,27.0,138.0,165.0,120.0,52.0,23.0,61.0,84.0,366.0,74.0,47,1261.2978723404256,59281.0
