PLAYER_ID,PLAYER_NAME,avg(FGM),avg(FGA),avg(FG3M),avg(FG3A),avg(FTM),avg(FTA),avg(OREB),avg(DREB),avg(REB),avg(AST),avg(STL),avg(BLK),avg(TO),avg(PF),avg(PTS),avg(PLUS_MINUS),sum(FGM),sum(FGA),sum(FG3M),sum(FG3A),sum(FTM),sum(FTA),sum(OREB),sum(DREB),sum(REB),sum(AST),sum(STL),sum(BLK),sum(TO),sum(PF),sum(PTS),sum(PLUS_MINUS),sum(ifminute),avg(seconds),sum(seconds)
1629644,KZ Okpala,1.15,2.85,0.475,1.55,0.2,0.4,0.525,1.325,1.85,0.525,0.275,0.3,0.45,1.625,2.975,-2.4,46.0,114.0,19.0,62.0,8.0,16.0,21.0,53.0,74.0,21.0,11.0,12.0,18.0,65.0,119.0,-96.0,40,759.0,30360.0
203476,Gorgui Dieng,2.2,4.4,0.7333333333333333,1.9111111111111112,1.4,1.6444444444444444,1.0666666666666667,2.688888888888889,3.7555555555555555,1.2,0.7111111111111111,0.4444444444444444,0.8444444444444444,1.6222222222222222,6.533333333333333,-1.1333333333333333,99.0,198.0,33.0,86.0,63.0,74.0,48.0,121.0,169.0,54.0,32.0,20.0,38.0,73.0,294.0,-51.0,45,870.7777777777778,39185.0
1630258,Caleb Homesley,1.0,7.0,0.0,5.0,0.0,0.0,1.0,3.0,4.0,0.0,0.0,0.0,0.0,0.0,2.0,-5.0,1.0,7.0,0.0,5.0,0.0,0.0,1.0,3.0,4.0,0.0,0.0,0.0,0.0,0.0,2.0,-5.0,1,582.0,582.0
