PLAYER_ID,PLAYER_NAME,avg(FGM),avg(FGA),avg(FG3M),avg(FG3A),avg(FTM),avg(FTA),avg(OREB),avg(DREB),avg(REB),avg(AST),avg(STL),avg(BLK),avg(TO),avg(PF),avg(PTS),avg(PLUS_MINUS),sum(FGM),sum(FGA),sum(FG3M),sum(FG3A),sum(FTM),sum(FTA),sum(OREB),sum(DREB),sum(REB),sum(AST),sum(STL),sum(BLK),sum(TO),sum(PF),sum(PTS),sum(PLUS_MINUS),sum(ifminute),avg(seconds),sum(seconds)
1626164,Devin Booker,8.428571428571429,17.696428571428573,2.0357142857142856,5.964285714285714,6.410714285714286,7.089285714285714,0.21428571428571427,4.160714285714286,4.375,5.964285714285714,0.8035714285714286,0.25,3.9285714285714284,3.142857142857143,25.303571428571427,4.339285714285714,472.0,991.0,114.0,334.0,359.0,397.0,12.0,233.0,245.0,334.0,45.0,14.0,220.0,176.0,1417.0,243.0,56,2056.1071428571427,115142.0
1628374,Lauri Markkanen,5.083333333333333,11.625,2.3333333333333335,6.583333333333333,1.7916666666666667,2.3333333333333335,1.375,4.458333333333333,5.833333333333333,1.1666666666666667,0.7916666666666666,0.2916666666666667,1.5416666666666667,1.5416666666666667,14.291666666666666,-5.166666666666667,122.0,279.0,56.0,158.0,43.0,56.0,33.0,107.0,140.0,28.0,19.0,7.0,37.0,37.0,343.0,-124.0,24,1701.8333333333333,40844.0
1629651,Nicolas Claxton,2.6666666666666665,4.5,0.16666666666666666,0.3333333333333333,1.0,1.5,1.8333333333333333,1.8333333333333333,3.6666666666666665,0.8333333333333334,0.0,0.5,0.5,0.6666666666666666,6.5,-6.0,16.0,27.0,1.0,2.0,6.0,9.0,11.0,11.0,22.0,5.0,0.0,3.0,3.0,4.0,39.0,-36.0,6,681.1666666666666,4087.0
1629642,Nassir Little,1.3076923076923077,2.923076923076923,0.34615384615384615,1.1923076923076923,0.46153846153846156,0.7692307692307693,0.38461538461538464,1.3076923076923077,1.6923076923076923,0.4230769230769231,0.19230769230769232,0.2692307692307692,0.19230769230769232,1.3461538461538463,3.423076923076923,-1.2692307692307692,34.0,76.0,9.0,31.0,12.0,20.0,10.0,34.0,44.0,11.0,5.0,7.0,5.0,35.0,89.0,-33.0,26,627.2307692307693,16308.0
202691,Klay Thompson,"","","","","","","","","","","","","","","","","","","","","","","","","","","","","","","","",0,"",""
