PLAYER_ID,PLAYER_NAME,avg(FGM),avg(FGA),avg(FG3M),avg(FG3A),avg(FTM),avg(FTA),avg(OREB),avg(DREB),avg(REB),avg(AST),avg(STL),avg(BLK),avg(TO),avg(PF),avg(PTS),avg(PLUS_MINUS),sum(FGM),sum(FGA),sum(FG3M),sum(FG3A),sum(FTM),sum(FTA),sum(OREB),sum(DREB),sum(REB),sum(AST),sum(STL),sum(BLK),sum(TO),sum(PF),sum(PTS),sum(PLUS_MINUS),sum(ifminute),avg(seconds),sum(seconds)
1628367,Josh Jackson,4.6911764705882355,11.147058823529411,1.2794117647058822,4.132352941176471,2.3970588235294117,3.264705882352941,0.8970588235294118,3.235294117647059,4.132352941176471,2.25,0.8823529411764706,0.75,2.3088235294117645,2.823529411764706,13.058823529411764,-1.1911764705882353,319.0,758.0,87.0,281.0,163.0,222.0,61.0,220.0,281.0,153.0,60.0,51.0,157.0,192.0,888.0,-81.0,68,1485.6323529411766,101023.0
1628983,Shai Gilgeous-Alexander,7.794871794871795,15.512820512820513,1.9230769230769231,4.769230769230769,4.948717948717949,6.205128205128205,0.5128205128205128,4.0256410256410255,4.538461538461538,5.717948717948718,0.8205128205128205,0.6410256410256411,2.8974358974358974,1.9230769230769231,22.46153846153846,-4.6923076923076925,304.0,605.0,75.0,186.0,193.0,242.0,20.0,157.0,177.0,223.0,32.0,25.0,113.0,75.0,876.0,-183.0,39,1956.2820512820513,76295.0
