PLAYER_ID,PLAYER_NAME,avg(FGM),avg(FGA),avg(FG3M),avg(FG3A),avg(FTM),avg(FTA),avg(OREB),avg(DREB),avg(REB),avg(AST),avg(STL),avg(BLK),avg(TO),avg(PF),avg(PTS),avg(PLUS_MINUS),sum(FGM),sum(FGA),sum(FG3M),sum(FG3A),sum(FTM),sum(FTA),sum(OREB),sum(DREB),sum(REB),sum(AST),sum(STL),sum(BLK),sum(TO),sum(PF),sum(PTS),sum(PLUS_MINUS),sum(ifminute),avg(seconds),sum(seconds)
1626174,Christian Wood,6.305555555555555,11.5,1.1944444444444444,3.138888888888889,3.75,4.75,1.9166666666666667,5.805555555555555,7.722222222222222,1.4166666666666667,0.8055555555555556,1.0277777777777777,1.6111111111111112,2.111111111111111,17.555555555555557,0.5277777777777778,227.0,414.0,43.0,113.0,135.0,171.0,69.0,209.0,278.0,51.0,29.0,37.0,58.0,76.0,632.0,19.0,36,1635.5,58878.0
