PLAYER_ID,PLAYER_NAME,avg(FGM),avg(FGA),avg(FG3M),avg(FG3A),avg(FTM),avg(FTA),avg(OREB),avg(DREB),avg(REB),avg(AST),avg(STL),avg(BLK),avg(TO),avg(PF),avg(PTS),avg(PLUS_MINUS),sum(FGM),sum(FGA),sum(FG3M),sum(FG3A),sum(FTM),sum(FTA),sum(OREB),sum(DREB),sum(REB),sum(AST),sum(STL),sum(BLK),sum(TO),sum(PF),sum(PTS),sum(PLUS_MINUS),sum(ifminute),avg(seconds),sum(seconds)
203463,Ben McLemore,2.6315789473684212,6.964912280701754,1.8245614035087718,5.280701754385965,0.7719298245614035,1.0350877192982457,0.3157894736842105,1.5614035087719298,1.8771929824561404,0.7192982456140351,0.43859649122807015,0.15789473684210525,0.7894736842105263,1.5789473684210527,7.859649122807017,-1.6140350877192982,150.0,397.0,104.0,301.0,44.0,59.0,18.0,89.0,107.0,41.0,25.0,9.0,45.0,90.0,448.0,-92.0,57,1040.561403508772,59312.0
203487,Michael Carter-Williams,3.2777777777777777,8.583333333333334,0.4722222222222222,2.111111111111111,1.5277777777777777,2.5,1.2777777777777777,3.4166666666666665,4.694444444444445,4.055555555555555,0.75,0.6666666666666666,2.111111111111111,2.5555555555555554,8.555555555555555,-2.1944444444444446,118.0,309.0,17.0,76.0,55.0,90.0,46.0,123.0,169.0,146.0,27.0,24.0,76.0,92.0,308.0,-79.0,36,1529.888888888889,55076.0
