PLAYER_ID,PLAYER_NAME,avg(FGM),avg(FGA),avg(FG3M),avg(FG3A),avg(FTM),avg(FTA),avg(OREB),avg(DREB),avg(REB),avg(AST),avg(STL),avg(BLK),avg(TO),avg(PF),avg(PTS),avg(PLUS_MINUS),sum(FGM),sum(FGA),sum(FG3M),sum(FG3A),sum(FTM),sum(FTA),sum(OREB),sum(DREB),sum(REB),sum(AST),sum(STL),sum(BLK),sum(TO),sum(PF),sum(PTS),sum(PLUS_MINUS),sum(ifminute),avg(seconds),sum(seconds)
1629639,Tyler Herro,5.559322033898305,12.661016949152541,1.9661016949152543,5.440677966101695,1.7796610169491525,2.2033898305084745,0.4406779661016949,4.5423728813559325,4.983050847457627,3.389830508474576,0.6101694915254238,0.3050847457627119,1.88135593220339,1.3389830508474576,14.864406779661017,-1.423728813559322,328.0,747.0,116.0,321.0,105.0,130.0,26.0,268.0,294.0,200.0,36.0,18.0,111.0,79.0,877.0,-84.0,59,1789.8305084745762,105600.0
1629346,Alen Smailagic,0.8125,2.0625,0.25,0.75,0.125,0.375,0.4375,0.75,1.1875,0.25,0.25,0.375,0.3125,0.8125,2.0,-2.0625,13.0,33.0,4.0,12.0,2.0,6.0,7.0,12.0,19.0,4.0,4.0,6.0,5.0,13.0,32.0,-33.0,16,356.625,5706.0
1628396,Tony Bradley,3.0681818181818183,4.568181818181818,0.0,0.06818181818181818,0.9090909090909091,1.3636363636363635,2.0,3.6136363636363638,5.613636363636363,0.8863636363636364,0.3409090909090909,0.7045454545454546,0.7727272727272727,1.4545454545454546,7.045454545454546,0.22727272727272727,135.0,201.0,0.0,3.0,40.0,60.0,88.0,159.0,247.0,39.0,15.0,31.0,34.0,64.0,310.0,10.0,44,972.2272727272727,42778.0
1630166,Deni Avdija,2.491228070175439,5.859649122807017,1.0175438596491229,3.1403508771929824,0.543859649122807,0.8771929824561403,0.40350877192982454,4.526315789473684,4.9298245614035086,1.2280701754385965,0.6491228070175439,0.2631578947368421,0.6666666666666666,2.543859649122807,6.543859649122807,-1.3333333333333333,142.0,334.0,58.0,179.0,31.0,50.0,23.0,258.0,281.0,70.0,37.0,15.0,38.0,145.0,373.0,-76.0,57,1415.7719298245613,80699.0
