PLAYER_ID,PLAYER_NAME,avg(FGM),avg(FGA),avg(FG3M),avg(FG3A),avg(FTM),avg(FTA),avg(OREB),avg(DREB),avg(REB),avg(AST),avg(STL),avg(BLK),avg(TO),avg(PF),avg(PTS),avg(PLUS_MINUS),sum(FGM),sum(FGA),sum(FG3M),sum(FG3A),sum(FTM),sum(FTA),sum(OREB),sum(DREB),sum(REB),sum(AST),sum(STL),sum(BLK),sum(TO),sum(PF),sum(PTS),sum(PLUS_MINUS),sum(ifminute),avg(seconds),sum(seconds)
1626181,Norman Powell,5.173913043478261,11.08695652173913,1.934782608695652,5.130434782608695,2.4130434782608696,2.869565217391304,0.34782608695652173,2.4565217391304346,2.8043478260869565,1.565217391304348,1.0217391304347827,0.32608695652173914,1.1956521739130435,2.3043478260869565,14.695652173913043,3.0434782608695654,238.0,510.0,89.0,236.0,111.0,132.0,16.0,113.0,129.0,72.0,47.0,15.0,55.0,106.0,676.0,140.0,46,1539.6304347826087,70823.0
201952,Jeff Teague,2.8205128205128207,6.9743589743589745,0.6410256410256411,1.5128205128205128,1.7435897435897436,1.9743589743589745,0.41025641025641024,1.6923076923076923,2.1025641025641026,3.8461538461538463,0.9743589743589743,0.2564102564102564,1.5384615384615385,1.5128205128205128,8.025641025641026,-2.5641025641025643,110.0,272.0,25.0,59.0,68.0,77.0,16.0,66.0,82.0,150.0,38.0,10.0,60.0,59.0,313.0,-100.0,39,1250.974358974359,48788.0
202693,Markieff Morris,2.406779661016949,5.813559322033898,1.2203389830508475,3.288135593220339,0.7796610169491526,0.9830508474576272,0.7457627118644068,2.76271186440678,3.5084745762711864,0.9661016949152542,0.3559322033898305,0.2711864406779661,0.7627118644067796,2.2711864406779663,6.813559322033898,0.9830508474576272,142.0,343.0,72.0,194.0,46.0,58.0,44.0,163.0,207.0,57.0,21.0,16.0,45.0,134.0,402.0,58.0,59,1071.0677966101696,63193.0
1630203,Grant Riller,1.0,4.0,0.0,1.0,1.0,2.0,0.0,0.0,0.0,1.0,1.0,0.0,0.0,0.0,3.0,5.0,1.0,4.0,0.0,1.0,1.0,2.0,0.0,0.0,0.0,1.0,1.0,0.0,0.0,0.0,3.0,5.0,1,664.0,664.0
101141,Ersan Ilyasova,1.5945945945945945,3.972972972972973,0.5135135135135135,1.7027027027027026,1.054054054054054,1.162162162162162,0.7297297297297297,3.2432432432432434,3.972972972972973,0.5405405405405406,0.32432432432432434,0.21621621621621623,0.5945945945945946,1.6756756756756757,4.756756756756757,-1.7027027027027026,59.0,147.0,19.0,63.0,39.0,43.0,27.0,120.0,147.0,20.0,12.0,8.0,22.0,62.0,176.0,-63.0,37,842.1891891891892,31161.0
