PLAYER_ID,PLAYER_NAME,avg(FGM),avg(FGA),avg(FG3M),avg(FG3A),avg(FTM),avg(FTA),avg(OREB),avg(DREB),avg(REB),avg(AST),avg(STL),avg(BLK),avg(TO),avg(PF),avg(PTS),avg(PLUS_MINUS),sum(FGM),sum(FGA),sum(FG3M),sum(FG3A),sum(FTM),sum(FTA),sum(OREB),sum(DREB),sum(REB),sum(AST),sum(STL),sum(BLK),sum(TO),sum(PF),sum(PTS),sum(PLUS_MINUS),sum(ifminute),avg(seconds),sum(seconds)
1629021,Moritz Wagner,2.1875,4.5,0.25,1.15625,1.5,1.9375,0.90625,2.96875,3.875,1.125,0.65625,0.25,0.9375,2.90625,6.125,-2.21875,70.0,144.0,8.0,37.0,48.0,62.0,29.0,95.0,124.0,36.0,21.0,8.0,30.0,93.0,196.0,-71.0,32,993.90625,31805.0
1628383,Justin Patton,1.0,2.3333333333333335,0.3333333333333333,1.0,0.0,0.0,0.3333333333333333,0.6666666666666666,1.0,0.6666666666666666,0.0,0.0,0.3333333333333333,0.0,2.3333333333333335,-4.0,3.0,7.0,1.0,3.0,0.0,0.0,1.0,2.0,3.0,2.0,0.0,0.0,1.0,0.0,7.0,-12.0,3,295.3333333333333,886.0
1629743,Donta Hall,1.5,2.25,0.0,0.0,0.8333333333333334,1.8333333333333333,1.4166666666666667,2.1666666666666665,3.5833333333333335,0.3333333333333333,0.25,0.6666666666666666,0.5,2.0,3.8333333333333335,-4.333333333333333,18.0,27.0,0.0,0.0,10.0,22.0,17.0,26.0,43.0,4.0,3.0,8.0,6.0,24.0,46.0,-52.0,12,765.4166666666666,9185.0
