PLAYER_ID,PLAYER_NAME,avg(FGM),avg(FGA),avg(FG3M),avg(FG3A),avg(FTM),avg(FTA),avg(OREB),avg(DREB),avg(REB),avg(AST),avg(STL),avg(BLK),avg(TO),avg(PF),avg(PTS),avg(PLUS_MINUS),sum(FGM),sum(FGA),sum(FG3M),sum(FG3A),sum(FTM),sum(FTA),sum(OREB),sum(DREB),sum(REB),sum(AST),sum(STL),sum(BLK),sum(TO),sum(PF),sum(PTS),sum(PLUS_MINUS),sum(ifminute),avg(seconds),sum(seconds)
1628411,Wes Iwundu,0.813953488372093,2.511627906976744,0.11627906976744186,1.0,0.6046511627906976,0.7209302325581395,0.3488372093023256,1.7906976744186047,2.13953488372093,0.4883720930232558,0.37209302325581395,0.09302325581395349,0.4418604651162791,1.1627906976744187,2.3488372093023258,-2.2325581395348837,35.0,108.0,5.0,43.0,26.0,31.0,15.0,77.0,92.0,21.0,16.0,4.0,19.0,50.0,101.0,-96.0,43,773.3023255813954,33252.0
201569,Eric Gordon,5.806451612903226,13.161290322580646,2.5806451612903225,7.645161290322581,3.2580645161290325,3.967741935483871,0.2903225806451613,1.7419354838709677,2.032258064516129,2.6774193548387095,0.45161290322580644,0.41935483870967744,1.8064516129032258,1.4838709677419355,17.451612903225808,0.12903225806451613,180.0,408.0,80.0,237.0,101.0,123.0,9.0,54.0,63.0,83.0,14.0,13.0,56.0,46.0,541.0,4.0,31,1692.3225806451612,52462.0
1629665,Jalen Lecque,0.8333333333333334,3.1666666666666665,0.16666666666666666,1.0,0.5,1.0,0.5,0.8333333333333334,1.3333333333333333,0.5,0.0,0.3333333333333333,0.16666666666666666,0.6666666666666666,2.3333333333333335,-1.8333333333333333,5.0,19.0,1.0,6.0,3.0,6.0,3.0,5.0,8.0,3.0,0.0,2.0,1.0,4.0,14.0,-11.0,6,336.8333333333333,2021.0
