PLAYER_ID,PLAYER_NAME,avg(FGM),avg(FGA),avg(FG3M),avg(FG3A),avg(FTM),avg(FTA),avg(OREB),avg(DREB),avg(REB),avg(AST),avg(STL),avg(BLK),avg(TO),avg(PF),avg(PTS),avg(PLUS_MINUS),sum(FGM),sum(FGA),sum(FG3M),sum(FG3A),sum(FTM),sum(FTA),sum(OREB),sum(DREB),sum(REB),sum(AST),sum(STL),sum(BLK),sum(TO),sum(PF),sum(PTS),sum(PLUS_MINUS),sum(ifminute),avg(seconds),sum(seconds)
1630260,Marlon Taylor,0.0,1.0,0.0,1.0,0.0,0.0,0.0,0.0,0.0,1.0,0.0,0.0,1.0,3.0,0.0,-3.0,0.0,1.0,0.0,1.0,0.0,0.0,0.0,0.0,0.0,1.0,0.0,0.0,1.0,3.0,0.0,-3.0,1,366.0,366.0
203895,Jordan McRae,4.0476190476190474,11.19047619047619,1.0,3.6666666666666665,2.619047619047619,3.5238095238095237,0.6666666666666666,3.238095238095238,3.9047619047619047,2.142857142857143,0.47619047619047616,0.47619047619047616,1.2857142857142858,1.8571428571428572,11.714285714285714,-4.285714285714286,85.0,235.0,21.0,77.0,55.0,74.0,14.0,68.0,82.0,45.0,10.0,10.0,27.0,39.0,246.0,-90.0,21,1344.4761904761904,28234.0
