PLAYER_ID,PLAYER_NAME,avg(FGM),avg(FGA),avg(FG3M),avg(FG3A),avg(FTM),avg(FTA),avg(OREB),avg(DREB),avg(REB),avg(AST),avg(STL),avg(BLK),avg(TO),avg(PF),avg(PTS),avg(PLUS_MINUS),sum(FGM),sum(FGA),sum(FG3M),sum(FG3A),sum(FTM),sum(FTA),sum(OREB),sum(DREB),sum(REB),sum(AST),sum(STL),sum(BLK),sum(TO),sum(PF),sum(PTS),sum(PLUS_MINUS),sum(ifminute),avg(seconds),sum(seconds)
1627832,Fred VanVleet,6.0,14.23404255319149,3.021276595744681,7.787234042553192,2.021276595744681,2.4468085106382977,0.425531914893617,3.148936170212766,3.574468085106383,6.23404255319149,1.6170212765957446,0.3404255319148936,1.7659574468085106,2.3404255319148937,17.04255319148936,1.8297872340425532,282.0,669.0,142.0,366.0,95.0,115.0,20.0,148.0,168.0,293.0,76.0,16.0,83.0,110.0,801.0,86.0,47,2032.8510638297873,95544.0
1627789,Timothe Luwawu-Cabarrot,2.9622641509433962,7.132075471698113,1.5660377358490567,4.377358490566038,1.679245283018868,1.8867924528301887,0.6037735849056604,2.2264150943396226,2.830188679245283,0.8113207547169812,0.4716981132075472,0.1509433962264151,1.0377358490566038,2.490566037735849,9.169811320754716,-1.830188679245283,157.0,378.0,83.0,232.0,89.0,100.0,32.0,118.0,150.0,43.0,25.0,8.0,55.0,132.0,486.0,-97.0,53,1192.5094339622642,63203.0
202083,Wesley Matthews,2.192982456140351,5.771929824561403,1.5087719298245614,4.228070175438597,0.6666666666666666,0.9122807017543859,0.40350877192982454,1.894736842105263,2.2982456140350878,1.1929824561403508,0.47368421052631576,0.15789473684210525,0.5789473684210527,1.6842105263157894,6.56140350877193,2.9649122807017543,125.0,329.0,86.0,241.0,38.0,52.0,23.0,108.0,131.0,68.0,27.0,9.0,33.0,96.0,374.0,169.0,57,1401.0877192982457,79862.0
1628035,Alfonzo McKinnie,2.4782608695652173,5.217391304347826,0.30434782608695654,1.7826086956521738,0.7391304347826086,0.9565217391304348,1.173913043478261,2.260869565217391,3.4347826086956523,0.4782608695652174,0.6956521739130435,0.21739130434782608,0.782608695652174,2.260869565217391,6.0,-2.5217391304347827,57.0,120.0,7.0,41.0,17.0,22.0,27.0,52.0,79.0,11.0,16.0,5.0,18.0,52.0,138.0,-58.0,23,1061.8695652173913,24423.0
