PLAYER_ID,PLAYER_NAME,avg(FGM),avg(FGA),avg(FG3M),avg(FG3A),avg(FTM),avg(FTA),avg(OREB),avg(DREB),avg(REB),avg(AST),avg(STL),avg(BLK),avg(TO),avg(PF),avg(PTS),avg(PLUS_MINUS),sum(FGM),sum(FGA),sum(FG3M),sum(FG3A),sum(FTM),sum(FTA),sum(OREB),sum(DREB),sum(REB),sum(AST),sum(STL),sum(BLK),sum(TO),sum(PF),sum(PTS),sum(PLUS_MINUS),sum(ifminute),avg(seconds),sum(seconds)
1628378,Donovan Mitchell,8.75438596491228,20.12280701754386,3.2982456140350878,8.508771929824562,4.947368421052632,5.824561403508772,0.9122807017543859,3.43859649122807,4.350877192982456,5.12280701754386,0.9473684210526315,0.2807017543859649,2.736842105263158,2.1228070175438596,25.75438596491228,5.842105263157895,499.0,1147.0,188.0,485.0,282.0,332.0,52.0,196.0,248.0,292.0,54.0,16.0,156.0,121.0,1468.0,333.0,57,1964.298245614035,111965.0
1626246,Boban Marjanovic,1.9444444444444444,3.7777777777777777,0.027777777777777776,0.2777777777777778,0.8888888888888888,1.0833333333333333,1.3055555555555556,2.5277777777777777,3.8333333333333335,0.3055555555555556,0.05555555555555555,0.16666666666666666,0.4444444444444444,0.9166666666666666,4.805555555555555,0.6666666666666666,70.0,136.0,1.0,10.0,32.0,39.0,47.0,91.0,138.0,11.0,2.0,6.0,16.0,33.0,173.0,24.0,36,491.6388888888889,17699.0
1630165,Killian Hayes,2.65625,7.90625,0.8125,3.0625,0.65625,0.78125,0.25,2.375,2.625,5.0625,1.09375,0.3125,3.09375,2.1875,6.78125,-3.9375,85.0,253.0,26.0,98.0,21.0,25.0,8.0,76.0,84.0,162.0,35.0,10.0,99.0,70.0,217.0,-126.0,32,1518.3125,48586.0
1629185,Chris Chiozza,1.434782608695652,4.043478260869565,0.6521739130434783,1.9130434782608696,0.6521739130434783,0.9130434782608695,0.17391304347826086,0.9565217391304348,1.1304347826086956,2.9130434782608696,0.34782608695652173,0.2608695652173913,0.6956521739130435,0.8695652173913043,4.173913043478261,0.8695652173913043,33.0,93.0,15.0,44.0,15.0,21.0,4.0,22.0,26.0,67.0,8.0,6.0,16.0,20.0,96.0,20.0,23,628.4347826086956,14454.0
1630164,James Wiseman,4.85,9.425,0.3,1.0,1.35,2.15,1.4,4.4,5.8,0.675,0.275,0.95,1.55,3.175,11.35,-4.0,194.0,377.0,12.0,40.0,54.0,86.0,56.0,176.0,232.0,27.0,11.0,38.0,62.0,127.0,454.0,-160.0,40,1286.425,51457.0
