PLAYER_ID,PLAYER_NAME,avg(FGM),avg(FGA),avg(FG3M),avg(FG3A),avg(FTM),avg(FTA),avg(OREB),avg(DREB),avg(REB),avg(AST),avg(STL),avg(BLK),avg(TO),avg(PF),avg(PTS),avg(PLUS_MINUS),sum(FGM),sum(FGA),sum(FG3M),sum(FG3A),sum(FTM),sum(FTA),sum(OREB),sum(DREB),sum(REB),sum(AST),sum(STL),sum(BLK),sum(TO),sum(PF),sum(PTS),sum(PLUS_MINUS),sum(ifminute),avg(seconds),sum(seconds)
1629690,Adam Mokoka,1.3333333333333333,3.0,0.5,1.6666666666666667,0.16666666666666666,0.3333333333333333,0.5833333333333334,0.4166666666666667,1.0,0.6666666666666666,0.5,0.16666666666666666,0.25,1.75,3.3333333333333335,5.25,16.0,36.0,6.0,20.0,2.0,4.0,7.0,5.0,12.0,8.0,6.0,2.0,3.0,21.0,40.0,63.0,12,721.5,8658.0
1628467,Maxi Kleber,3.2241379310344827,6.913793103448276,1.7241379310344827,4.603448275862069,1.2413793103448276,1.4655172413793103,1.3275862068965518,3.6724137931034484,5.0,1.206896551724138,0.3448275862068966,1.3448275862068966,0.7068965517241379,2.4310344827586206,9.413793103448276,0.06896551724137931,187.0,401.0,100.0,267.0,72.0,85.0,77.0,213.0,290.0,70.0,20.0,78.0,41.0,141.0,546.0,4.0,58,1562.8620689655172,90646.0
1626168,Trey Lyles,2.8333333333333335,6.638888888888889,1.1666666666666667,3.111111111111111,0.6111111111111112,0.8055555555555556,1.1388888888888888,4.472222222222222,5.611111111111111,0.9444444444444444,0.6111111111111112,0.5,0.6111111111111112,1.8888888888888888,7.444444444444445,-1.4166666666666667,102.0,239.0,42.0,112.0,22.0,29.0,41.0,161.0,202.0,34.0,22.0,18.0,22.0,68.0,268.0,-51.0,36,1342.8055555555557,48341.0
