PLAYER_ID,PLAYER_NAME,avg(FGM),avg(FGA),avg(FG3M),avg(FG3A),avg(FTM),avg(FTA),avg(OREB),avg(DREB),avg(REB),avg(AST),avg(STL),avg(BLK),avg(TO),avg(PF),avg(PTS),avg(PLUS_MINUS),sum(FGM),sum(FGA),sum(FG3M),sum(FG3A),sum(FTM),sum(FTA),sum(OREB),sum(DREB),sum(REB),sum(AST),sum(STL),sum(BLK),sum(TO),sum(PF),sum(PTS),sum(PLUS_MINUS),sum(ifminute),avg(seconds),sum(seconds)
203487,Michael Carter-Williams,2.948717948717949,6.948717948717949,0.46153846153846156,1.8717948717948718,2.0256410256410255,2.3846153846153846,1.3076923076923077,2.717948717948718,4.0256410256410255,2.7435897435897436,0.9487179487179487,0.6153846153846154,1.2564102564102564,2.282051282051282,8.384615384615385,0.9230769230769231,115.0,271.0,18.0,73.0,79.0,93.0,51.0,106.0,157.0,107.0,37.0,24.0,49.0,89.0,327.0,36.0,39,1239.5897435897436,48344.0
1628991,Jaren Jackson Jr.,5.62962962962963,12.592592592592593,2.4444444444444446,6.407407407407407,2.7037037037037037,3.740740740740741,0.9629629629629629,3.4074074074074074,4.37037037037037,1.1481481481481481,0.8888888888888888,1.962962962962963,1.7777777777777777,4.185185185185185,16.40740740740741,2.1481481481481484,152.0,340.0,66.0,173.0,73.0,101.0,26.0,92.0,118.0,31.0,24.0,53.0,48.0,113.0,443.0,58.0,27,1716.3703703703704,46342.0
