PLAYER_ID,PLAYER_NAME,avg(FGM),avg(FGA),avg(FG3M),avg(FG3A),avg(FTM),avg(FTA),avg(OREB),avg(DREB),avg(REB),avg(AST),avg(STL),avg(BLK),avg(TO),avg(PF),avg(PTS),avg(PLUS_MINUS),sum(FGM),sum(FGA),sum(FG3M),sum(FG3A),sum(FTM),sum(FTA),sum(OREB),sum(DREB),sum(REB),sum(AST),sum(STL),sum(BLK),sum(TO),sum(PF),sum(PTS),sum(PLUS_MINUS),sum(ifminute),avg(seconds),sum(seconds)
1626169,Stanley Johnson,0.9655172413793104,2.896551724137931,0.3448275862068966,1.4137931034482758,0.5172413793103449,0.8275862068965517,0.3793103448275862,1.7241379310344827,2.103448275862069,1.103448275862069,0.27586206896551724,0.2413793103448276,0.6551724137931034,0.896551724137931,2.793103448275862,-0.13793103448275862,28.0,84.0,10.0,41.0,15.0,24.0,11.0,50.0,61.0,32.0,8.0,7.0,19.0,26.0,81.0,-4.0,29,499.9310344827586,14498.0
203500,Steven Adams,4.18,7.1,0.02,0.08,1.72,2.98,3.52,5.52,9.04,1.8,0.9,0.82,1.5,1.68,10.1,1.56,209.0,355.0,1.0,4.0,86.0,149.0,176.0,276.0,452.0,90.0,45.0,41.0,75.0,84.0,505.0,78.0,50,1563.54,78177.0
1628389,Bam Adebayo,6.369230769230769,11.353846153846154,0.015384615384615385,0.09230769230769231,3.923076923076923,5.338461538461538,2.2,7.415384615384616,9.615384615384615,5.153846153846154,0.9538461538461539,1.2,2.769230769230769,2.5846153846153848,16.676923076923078,2.3384615384615386,414.0,738.0,1.0,6.0,255.0,347.0,143.0,482.0,625.0,335.0,62.0,78.0,180.0,168.0,1084.0,152.0,65,1996.7384615384615,129788.0
201960,DeMarre Carroll,1.2,3.066666666666667,0.3333333333333333,1.4666666666666666,1.2666666666666666,1.6666666666666667,0.4666666666666667,2.2,2.6666666666666665,1.2666666666666666,0.4,0.2,0.4666666666666667,1.1333333333333333,4.0,0.3333333333333333,18.0,46.0,5.0,22.0,19.0,25.0,7.0,33.0,40.0,19.0,6.0,3.0,7.0,17.0,60.0,5.0,15,751.8666666666667,11278.0
