PLAYER_ID,PLAYER_NAME,avg(FGM),avg(FGA),avg(FG3M),avg(FG3A),avg(FTM),avg(FTA),avg(OREB),avg(DREB),avg(REB),avg(AST),avg(STL),avg(BLK),avg(TO),avg(PF),avg(PTS),avg(PLUS_MINUS),sum(FGM),sum(FGA),sum(FG3M),sum(FG3A),sum(FTM),sum(FTA),sum(OREB),sum(DREB),sum(REB),sum(AST),sum(STL),sum(BLK),sum(TO),sum(PF),sum(PTS),sum(PLUS_MINUS),sum(ifminute),avg(seconds),sum(seconds)
1630182,Josh Green,1.1627906976744187,2.6744186046511627,0.16279069767441862,0.7209302325581395,0.3488372093023256,0.5813953488372093,0.6744186046511628,1.2790697674418605,1.9534883720930232,0.8372093023255814,0.3953488372093023,0.06976744186046512,0.46511627906976744,0.9302325581395349,2.8372093023255816,0.37209302325581395,50.0,115.0,7.0,31.0,15.0,25.0,29.0,55.0,84.0,36.0,17.0,3.0,20.0,40.0,122.0,16.0,43,712.1627906976744,30623.0
203994,Jusuf Nurkic,4.441860465116279,8.837209302325581,0.3023255813953488,0.9069767441860465,1.8372093023255813,3.0,2.372093023255814,6.604651162790698,8.976744186046512,3.372093023255814,0.9767441860465116,1.0,2.0,2.9069767441860463,11.023255813953488,2.7674418604651163,191.0,380.0,13.0,39.0,79.0,129.0,102.0,284.0,386.0,145.0,42.0,43.0,86.0,125.0,474.0,119.0,43,1432.2325581395348,61586.0
203999,Nikola Jokic,10.064102564102564,17.628205128205128,1.294871794871795,3.282051282051282,4.705128205128205,5.384615384615385,2.8076923076923075,7.961538461538462,10.76923076923077,8.153846153846153,1.294871794871795,0.6538461538461539,3.1025641025641026,2.6666666666666665,26.128205128205128,5.230769230769231,785.0,1375.0,101.0,256.0,367.0,420.0,219.0,621.0,840.0,636.0,101.0,51.0,242.0,208.0,2038.0,408.0,78,2044.2179487179487,159449.0
1629669,Jaylen Nowell,3.422222222222222,7.844444444444444,1.2222222222222223,3.5555555555555554,1.1555555555555554,1.4666666666666666,0.4666666666666667,1.8,2.2666666666666666,1.4,0.4888888888888889,0.3111111111111111,0.6222222222222222,1.6666666666666667,9.222222222222221,-1.8888888888888888,154.0,353.0,55.0,160.0,52.0,66.0,21.0,81.0,102.0,63.0,22.0,14.0,28.0,75.0,415.0,-85.0,45,1064.2444444444445,47891.0
1628368,De'Aaron Fox,8.73015873015873,18.61904761904762,1.6984126984126984,5.5396825396825395,4.984126984126984,6.968253968253968,0.5396825396825397,2.8095238095238093,3.3492063492063493,7.111111111111111,1.4444444444444444,0.42857142857142855,3.0,2.9047619047619047,24.142857142857142,-3.9682539682539684,550.0,1173.0,107.0,349.0,314.0,439.0,34.0,177.0,211.0,448.0,91.0,27.0,189.0,183.0,1521.0,-250.0,63,2064.8253968253966,130084.0
