PLAYER_ID,PLAYER_NAME,avg(FGM),avg(FGA),avg(FG3M),avg(FG3A),avg(FTM),avg(FTA),avg(OREB),avg(DREB),avg(REB),avg(AST),avg(STL),avg(BLK),avg(TO),avg(PF),avg(PTS),avg(PLUS_MINUS),sum(FGM),sum(FGA),sum(FG3M),sum(FG3A),sum(FTM),sum(FTA),sum(OREB),sum(DREB),sum(REB),sum(AST),sum(STL),sum(BLK),sum(TO),sum(PF),sum(PTS),sum(PLUS_MINUS),sum(ifminute),avg(seconds),sum(seconds)
203086,Meyers Leonard,2.074074074074074,4.666666666666667,1.2222222222222223,3.259259259259259,0.4444444444444444,0.6296296296296297,0.4074074074074074,4.074074074074074,4.481481481481482,1.037037037037037,0.37037037037037035,0.18518518518518517,0.7037037037037037,2.185185185185185,5.814814814814815,-1.4074074074074074,56.0,126.0,33.0,88.0,12.0,17.0,11.0,110.0,121.0,28.0,10.0,5.0,19.0,59.0,157.0,-38.0,27,1151.4444444444443,31089.0
1628405,Johnathan Motley,1.5,2.25,0.0,0.08333333333333333,0.9166666666666666,1.4166666666666667,0.75,1.5,2.25,0.5,0.08333333333333333,0.08333333333333333,0.6666666666666666,1.0,3.9166666666666665,-1.75,18.0,27.0,0.0,1.0,11.0,17.0,9.0,18.0,27.0,6.0,1.0,1.0,8.0,12.0,47.0,-21.0,12,381.4166666666667,4577.0
