PLAYER_ID,PLAYER_NAME,avg(FGM),avg(FGA),avg(FG3M),avg(FG3A),avg(FTM),avg(FTA),avg(OREB),avg(DREB),avg(REB),avg(AST),avg(STL),avg(BLK),avg(TO),avg(PF),avg(PTS),avg(PLUS_MINUS),sum(FGM),sum(FGA),sum(FG3M),sum(FG3A),sum(FTM),sum(FTA),sum(OREB),sum(DREB),sum(REB),sum(AST),sum(STL),sum(BLK),sum(TO),sum(PF),sum(PTS),sum(PLUS_MINUS),sum(ifminute),avg(seconds),sum(seconds)
202684,Tristan Thompson,3.192982456140351,6.105263157894737,0.0,0.05263157894736842,1.3333333333333333,2.2982456140350878,3.2982456140350878,4.982456140350878,8.280701754385966,1.2456140350877194,0.47368421052631576,0.6140350877192983,1.1754385964912282,2.192982456140351,7.719298245614035,0.0,182.0,348.0,0.0,3.0,76.0,131.0,188.0,284.0,472.0,71.0,27.0,35.0,67.0,125.0,440.0,0.0,57,1437.6140350877192,81944.0
201939,Stephen Curry,10.32394366197183,21.633802816901408,5.253521126760563,12.605633802816902,5.661971830985915,6.154929577464789,0.4647887323943662,4.901408450704225,5.366197183098592,5.661971830985915,1.2816901408450705,0.15492957746478872,3.408450704225352,1.8591549295774648,31.56338028169014,3.0985915492957745,733.0,1536.0,373.0,895.0,402.0,437.0,33.0,348.0,381.0,402.0,91.0,11.0,242.0,132.0,2241.0,220.0,71,2043.5492957746478,145092.0
1628964,Mo Bamba,3.0869565217391304,6.543478260869565,0.8260869565217391,2.5652173913043477,0.9782608695652174,1.434782608695652,1.6521739130434783,4.108695652173913,5.760869565217392,0.7608695652173914,0.30434782608695654,1.2608695652173914,0.782608695652174,1.891304347826087,7.978260869565218,-4.413043478260869,142.0,301.0,38.0,118.0,45.0,66.0,76.0,189.0,265.0,35.0,14.0,58.0,36.0,87.0,367.0,-203.0,46,945.1086956521739,43475.0
203933,T.J. Warren,6.75,12.75,0.0,1.75,2.0,2.5,0.5,3.0,3.5,1.25,0.5,0.0,1.0,4.0,15.5,0.25,27.0,51.0,0.0,7.0,8.0,10.0,2.0,12.0,14.0,5.0,2.0,0.0,4.0,16.0,62.0,1.0,4,1760.75,7043.0
