PLAYER_ID,PLAYER_NAME,avg(FGM),avg(FGA),avg(FG3M),avg(FG3A),avg(FTM),avg(FTA),avg(OREB),avg(DREB),avg(REB),avg(AST),avg(STL),avg(BLK),avg(TO),avg(PF),avg(PTS),avg(PLUS_MINUS),sum(FGM),sum(FGA),sum(FG3M),sum(FG3A),sum(FTM),sum(FTA),sum(OREB),sum(DREB),sum(REB),sum(AST),sum(STL),sum(BLK),sum(TO),sum(PF),sum(PTS),sum(PLUS_MINUS),sum(ifminute),avg(seconds),sum(seconds)
203078,Bradley Beal,10.970149253731343,22.686567164179106,2.0597014925373136,6.164179104477612,6.507462686567164,7.358208955223881,1.164179104477612,3.5970149253731343,4.7611940298507465,4.373134328358209,1.0895522388059702,0.417910447761194,3.1044776119402986,2.2238805970149254,30.507462686567163,-0.582089552238806,735.0,1520.0,138.0,413.0,436.0,493.0,78.0,241.0,319.0,293.0,73.0,28.0,208.0,149.0,2044.0,-39.0,67,2116.8358208955224,141828.0
201571,D.J. Augustin,2.3,5.883333333333334,1.4166666666666667,3.7,1.4833333333333334,1.6333333333333333,0.3333333333333333,1.25,1.5833333333333333,3.316666666666667,0.48333333333333334,0.016666666666666666,1.1333333333333333,1.0333333333333334,7.5,-1.35,138.0,353.0,85.0,222.0,89.0,98.0,20.0,75.0,95.0,199.0,29.0,1.0,68.0,62.0,450.0,-81.0,60,1180.25,70815.0
1629026,Kenrich Williams,3.1714285714285713,6.071428571428571,0.7714285714285715,1.7571428571428571,0.5857142857142857,0.9857142857142858,1.2571428571428571,2.8142857142857145,4.071428571428571,2.3142857142857145,0.8428571428571429,0.2571428571428571,1.2,2.157142857142857,7.7,-3.0285714285714285,222.0,425.0,54.0,123.0,41.0,69.0,88.0,197.0,285.0,162.0,59.0,18.0,84.0,151.0,539.0,-212.0,70,1279.4,89558.0
