PLAYER_ID,PLAYER_NAME,avg(FGM),avg(FGA),avg(FG3M),avg(FG3A),avg(FTM),avg(FTA),avg(OREB),avg(DREB),avg(REB),avg(AST),avg(STL),avg(BLK),avg(TO),avg(PF),avg(PTS),avg(PLUS_MINUS),sum(FGM),sum(FGA),sum(FG3M),sum(FG3A),sum(FTM),sum(FTA),sum(OREB),sum(DREB),sum(REB),sum(AST),sum(STL),sum(BLK),sum(TO),sum(PF),sum(PTS),sum(PLUS_MINUS),sum(ifminute),avg(seconds),sum(seconds)
201586,Serge Ibaka,4.326086956521739,8.543478260869565,0.9130434782608695,2.8043478260869565,1.108695652173913,1.326086956521739,1.6521739130434783,4.6521739130434785,6.304347826086956,1.7173913043478262,0.21739130434782608,1.173913043478261,1.0434782608695652,1.7826086956521738,10.673913043478262,3.608695652173913,199.0,393.0,42.0,129.0,51.0,61.0,76.0,214.0,290.0,79.0,10.0,54.0,48.0,82.0,491.0,166.0,46,1349.6304347826087,62083.0
1627854,Bryn Forbes,3.5526315789473686,7.4868421052631575,2.1710526315789473,4.842105263157895,0.6447368421052632,0.8552631578947368,0.17105263157894737,1.4473684210526316,1.618421052631579,0.6052631578947368,0.34210526315789475,0.013157894736842105,0.6447368421052632,1.118421052631579,9.921052631578947,0.9868421052631579,270.0,569.0,165.0,368.0,49.0,65.0,13.0,110.0,123.0,46.0,26.0,1.0,49.0,85.0,754.0,75.0,76,1142.4868421052631,86829.0
1629017,Khyri Thomas,6.4,13.2,1.8,5.4,1.8,1.8,1.4,2.2,3.6,5.0,1.8,1.2,1.2,1.6,16.4,2.8,32.0,66.0,9.0,27.0,9.0,9.0,7.0,11.0,18.0,25.0,9.0,6.0,6.0,8.0,82.0,14.0,5,1835.2,9176.0
1629760,Matt Mooney,0.6666666666666666,4.333333333333333,0.6666666666666666,0.6666666666666666,0.3333333333333333,2.0,0.6666666666666666,1.0,1.6666666666666667,3.0,1.3333333333333333,0.0,2.0,2.0,2.3333333333333335,-1.6666666666666667,2.0,13.0,2.0,2.0,1.0,6.0,2.0,3.0,5.0,9.0,4.0,0.0,6.0,6.0,7.0,-5.0,3,843.3333333333334,2530.0
