PLAYER_ID,PLAYER_NAME,avg(FGM),avg(FGA),avg(FG3M),avg(FG3A),avg(FTM),avg(FTA),avg(OREB),avg(DREB),avg(REB),avg(AST),avg(STL),avg(BLK),avg(TO),avg(PF),avg(PTS),avg(PLUS_MINUS),sum(FGM),sum(FGA),sum(FG3M),sum(FG3A),sum(FTM),sum(FTA),sum(OREB),sum(DREB),sum(REB),sum(AST),sum(STL),sum(BLK),sum(TO),sum(PF),sum(PTS),sum(PLUS_MINUS),sum(ifminute),avg(seconds),sum(seconds)
204060,Joe Ingles,3.0892857142857144,7.232142857142857,1.7321428571428572,4.785714285714286,0.8571428571428571,1.0535714285714286,0.30357142857142855,2.9107142857142856,3.2142857142857144,5.357142857142857,0.8392857142857143,0.16071428571428573,1.7678571428571428,2.125,8.767857142857142,3.9107142857142856,173.0,405.0,97.0,268.0,48.0,59.0,17.0,163.0,180.0,300.0,47.0,9.0,99.0,119.0,491.0,219.0,56,1733.392857142857,97070.0
