PLAYER_ID,PLAYER_NAME,avg(FGM),avg(FGA),avg(FG3M),avg(FG3A),avg(FTM),avg(FTA),avg(OREB),avg(DREB),avg(REB),avg(AST),avg(STL),avg(BLK),avg(TO),avg(PF),avg(PTS),avg(PLUS_MINUS),sum(FGM),sum(FGA),sum(FG3M),sum(FG3A),sum(FTM),sum(FTA),sum(OREB),sum(DREB),sum(REB),sum(AST),sum(STL),sum(BLK),sum(TO),sum(PF),sum(PTS),sum(PLUS_MINUS),sum(ifminute),avg(seconds),sum(seconds)
1629048,Goga Bitadze,1.8333333333333333,4.395833333333333,0.4375,1.7708333333333333,1.1041666666666667,1.5208333333333333,1.4375,2.0416666666666665,3.4791666666666665,0.9375,0.22916666666666666,1.3333333333333333,0.4375,2.0416666666666665,5.208333333333333,-1.0208333333333333,88.0,211.0,21.0,85.0,53.0,73.0,69.0,98.0,167.0,45.0,11.0,64.0,21.0,98.0,250.0,-49.0,48,771.8125,37047.0
1629685,Dylan Windler,1.8857142857142857,4.314285714285714,0.8285714285714286,2.5428571428571427,0.8,1.0571428571428572,0.6285714285714286,2.8,3.4285714285714284,1.1142857142857143,0.5714285714285714,0.34285714285714286,1.1428571428571428,1.3142857142857143,5.4,-1.6571428571428573,66.0,151.0,29.0,89.0,28.0,37.0,22.0,98.0,120.0,39.0,20.0,12.0,40.0,46.0,189.0,-58.0,35,1016.1714285714286,35566.0
