PLAYER_ID,PLAYER_NAME,avg(FGM),avg(FGA),avg(FG3M),avg(FG3A),avg(FTM),avg(FTA),avg(OREB),avg(DREB),avg(REB),avg(AST),avg(STL),avg(BLK),avg(TO),avg(PF),avg(PTS),avg(PLUS_MINUS),sum(FGM),sum(FGA),sum(FG3M),sum(FG3A),sum(FTM),sum(FTA),sum(OREB),sum(DREB),sum(REB),sum(AST),sum(STL),sum(BLK),sum(TO),sum(PF),sum(PTS),sum(PLUS_MINUS),sum(ifminute),avg(seconds),sum(seconds)
201567,Kevin Love,3.9642857142857144,9.821428571428571,2.1785714285714284,6.0,1.6785714285714286,2.0714285714285716,0.6785714285714286,6.428571428571429,7.107142857142857,2.4642857142857144,0.6071428571428571,0.07142857142857142,1.5357142857142858,1.0714285714285714,11.785714285714286,-2.0,111.0,275.0,61.0,168.0,47.0,58.0,19.0,180.0,199.0,69.0,17.0,2.0,43.0,30.0,330.0,-56.0,28,1462.3214285714287,40945.0
