PLAYER_ID,PLAYER_NAME,avg(FGM),avg(FGA),avg(FG3M),avg(FG3A),avg(FTM),avg(FTA),avg(OREB),avg(DREB),avg(REB),avg(AST),avg(STL),avg(BLK),avg(TO),avg(PF),avg(PTS),avg(PLUS_MINUS),sum(FGM),sum(FGA),sum(FG3M),sum(FG3A),sum(FTM),sum(FTA),sum(OREB),sum(DREB),sum(REB),sum(AST),sum(STL),sum(BLK),sum(TO),sum(PF),sum(PTS),sum(PLUS_MINUS),sum(ifminute),avg(seconds),sum(seconds)
1627732,Ben Simmons,6.5588235294117645,11.441176470588236,0.058823529411764705,0.17647058823529413,3.676470588235294,5.823529411764706,1.9705882352941178,6.617647058823529,8.588235294117647,7.0,1.8235294117647058,0.7058823529411765,3.235294117647059,2.9705882352941178,16.852941176470587,0.6176470588235294,223.0,389.0,2.0,6.0,125.0,198.0,67.0,225.0,292.0,238.0,62.0,24.0,110.0,101.0,573.0,21.0,34,1997.0588235294117,67900.0
1628391,D.J. Wilson,1.3214285714285714,3.7142857142857144,0.5,2.0357142857142856,0.39285714285714285,0.6428571428571429,0.5714285714285714,2.607142857142857,3.1785714285714284,0.6071428571428571,0.10714285714285714,0.25,0.4642857142857143,1.3571428571428572,3.5357142857142856,-2.0,37.0,104.0,14.0,57.0,11.0,18.0,16.0,73.0,89.0,17.0,3.0,7.0,13.0,38.0,99.0,-56.0,28,592.25,16583.0
203914,Gary Harris,3.276595744680851,8.0,1.127659574468085,3.5106382978723403,1.127659574468085,1.4680851063829787,0.425531914893617,2.1914893617021276,2.617021276595745,1.872340425531915,1.2765957446808511,0.23404255319148937,1.2765957446808511,2.1702127659574466,8.808510638297872,0.7872340425531915,154.0,376.0,53.0,165.0,53.0,69.0,20.0,103.0,123.0,88.0,60.0,11.0,60.0,102.0,414.0,37.0,47,1733.723404255319,81485.0
1629683,Quinndary Weatherspoon,0.46153846153846156,1.6923076923076923,0.07692307692307693,0.46153846153846156,0.07692307692307693,0.15384615384615385,0.07692307692307693,0.6923076923076923,0.7692307692307693,1.3076923076923077,0.3076923076923077,0.15384615384615385,0.6153846153846154,1.0769230769230769,1.0769230769230769,-2.769230769230769,6.0,22.0,1.0,6.0,1.0,2.0,1.0,9.0,10.0,17.0,4.0,2.0,8.0,14.0,14.0,-36.0,13,436.46153846153845,5674.0
