PLAYER_ID,PLAYER_NAME,avg(FGM),avg(FGA),avg(FG3M),avg(FG3A),avg(FTM),avg(FTA),avg(OREB),avg(DREB),avg(REB),avg(AST),avg(STL),avg(BLK),avg(TO),avg(PF),avg(PTS),avg(PLUS_MINUS),sum(FGM),sum(FGA),sum(FG3M),sum(FG3A),sum(FTM),sum(FTA),sum(OREB),sum(DREB),sum(REB),sum(AST),sum(STL),sum(BLK),sum(TO),sum(PF),sum(PTS),sum(PLUS_MINUS),sum(ifminute),avg(seconds),sum(seconds)
1629645,Kevin Porter Jr.,6.0,14.115384615384615,1.9230769230769231,6.1923076923076925,2.6538461538461537,3.6153846153846154,0.7692307692307693,3.0384615384615383,3.8076923076923075,6.3076923076923075,0.7307692307692307,0.3076923076923077,3.5,2.3461538461538463,16.576923076923077,-8.615384615384615,156.0,367.0,50.0,161.0,69.0,94.0,20.0,79.0,99.0,164.0,19.0,8.0,91.0,61.0,431.0,-224.0,26,1928.076923076923,50130.0
