PLAYER_ID,PLAYER_NAME,avg(FGM),avg(FGA),avg(FG3M),avg(FG3A),avg(FTM),avg(FTA),avg(OREB),avg(DREB),avg(REB),avg(AST),avg(STL),avg(BLK),avg(TO),avg(PF),avg(PTS),avg(PLUS_MINUS),sum(FGM),sum(FGA),sum(FG3M),sum(FG3A),sum(FTM),sum(FTA),sum(OREB),sum(DREB),sum(REB),sum(AST),sum(STL),sum(BLK),sum(TO),sum(PF),sum(PTS),sum(PLUS_MINUS),sum(ifminute),avg(seconds),sum(seconds)
1629631,De'Andre Hunter,4.9,10.533333333333333,1.5666666666666667,4.566666666666666,3.2,3.7666666666666666,0.7,4.066666666666666,4.766666666666667,1.6666666666666667,0.7,0.43333333333333335,1.2666666666666666,2.7,14.566666666666666,1.8333333333333333,147.0,316.0,47.0,137.0,96.0,113.0,21.0,122.0,143.0,50.0,21.0,13.0,38.0,81.0,437.0,55.0,30,1753.5333333333333,52606.0
1628395,Jordan Bell,1.1666666666666667,3.6666666666666665,0.0,0.3333333333333333,0.16666666666666666,0.3333333333333333,1.1666666666666667,2.8333333333333335,4.0,1.1666666666666667,0.5,0.8333333333333334,0.6666666666666666,1.1666666666666667,2.5,-5.333333333333333,7.0,22.0,0.0,2.0,1.0,2.0,7.0,17.0,24.0,7.0,3.0,5.0,4.0,7.0,15.0,-32.0,6,818.8333333333334,4913.0
1630203,Grant Riller,1.0,1.7777777777777777,0.2222222222222222,0.5555555555555556,0.4444444444444444,0.6666666666666666,0.0,0.1111111111111111,0.1111111111111111,0.5555555555555556,0.2222222222222222,0.0,0.1111111111111111,0.0,2.6666666666666665,0.8888888888888888,9.0,16.0,2.0,5.0,4.0,6.0,0.0,1.0,1.0,5.0,2.0,0.0,1.0,0.0,24.0,8.0,9,284.22222222222223,2558.0
1629007,Jontay Porter,0.7272727272727273,1.3636363636363635,0.2727272727272727,0.7272727272727273,0.2727272727272727,0.45454545454545453,0.36363636363636365,0.9090909090909091,1.2727272727272727,0.09090909090909091,0.2727272727272727,0.09090909090909091,0.6363636363636364,1.0909090909090908,2.0,0.09090909090909091,8.0,15.0,3.0,8.0,3.0,5.0,4.0,10.0,14.0,1.0,3.0,1.0,7.0,12.0,22.0,1.0,11,294.54545454545456,3240.0
1629675,Naz Reid,4.388888888888889,8.416666666666666,0.8611111111111112,2.513888888888889,1.6805555555555556,2.4305555555555554,1.1805555555555556,3.4722222222222223,4.652777777777778,1.0555555555555556,0.5,1.1111111111111112,1.0138888888888888,2.5972222222222223,11.319444444444445,-3.861111111111111,316.0,606.0,62.0,181.0,121.0,175.0,85.0,250.0,335.0,76.0,36.0,80.0,73.0,187.0,815.0,-278.0,72,1164.4027777777778,83837.0
