PLAYER_ID,PLAYER_NAME,avg(FGM),avg(FGA),avg(FG3M),avg(FG3A),avg(FTM),avg(FTA),avg(OREB),avg(DREB),avg(REB),avg(AST),avg(STL),avg(BLK),avg(TO),avg(PF),avg(PTS),avg(PLUS_MINUS),sum(FGM),sum(FGA),sum(FG3M),sum(FG3A),sum(FTM),sum(FTA),sum(OREB),sum(DREB),sum(REB),sum(AST),sum(STL),sum(BLK),sum(TO),sum(PF),sum(PTS),sum(PLUS_MINUS),sum(ifminute),avg(seconds),sum(seconds)
1629012,Collin Sexton,8.81578947368421,17.789473684210527,2.0789473684210527,4.552631578947368,3.6842105263157894,4.315789473684211,0.7368421052631579,2.1842105263157894,2.9210526315789473,3.6315789473684212,1.0263157894736843,0.15789473684210525,2.736842105263158,2.4210526315789473,23.394736842105264,-4.815789473684211,335.0,676.0,79.0,173.0,140.0,164.0,28.0,83.0,111.0,138.0,39.0,6.0,104.0,92.0,889.0,-183.0,38,2119.2631578947367,80532.0
203490,Otto Porter Jr.,4.6,9.8,1.5333333333333334,4.333333333333333,1.8666666666666667,2.2,1.2666666666666666,4.333333333333333,5.6,2.1333333333333333,0.8,0.2,1.2666666666666666,1.7333333333333334,12.6,-1.4666666666666666,69.0,147.0,23.0,65.0,28.0,33.0,19.0,65.0,84.0,32.0,12.0,3.0,19.0,26.0,189.0,-22.0,15,1334.0666666666666,20011.0
1628436,Luke Kornet,3.0952380952380953,6.619047619047619,1.1428571428571428,3.857142857142857,0.7142857142857143,1.0952380952380953,0.7619047619047619,2.3333333333333335,3.0952380952380953,1.2380952380952381,0.42857142857142855,0.7142857142857143,0.5714285714285714,2.0476190476190474,8.047619047619047,-0.09523809523809523,65.0,139.0,24.0,81.0,15.0,23.0,16.0,49.0,65.0,26.0,9.0,15.0,12.0,43.0,169.0,-2.0,21,1204.857142857143,25302.0
1628978,Donte DiVincenzo,3.6363636363636362,7.7272727272727275,1.4,3.8181818181818183,0.9818181818181818,1.509090909090909,1.0363636363636364,3.4727272727272727,4.509090909090909,1.981818181818182,1.0909090909090908,0.32727272727272727,1.3818181818181818,1.7454545454545454,9.654545454545454,3.109090909090909,200.0,425.0,77.0,210.0,54.0,83.0,57.0,191.0,248.0,109.0,60.0,18.0,76.0,96.0,531.0,171.0,55,1317.0363636363636,72437.0
1628379,Luke Kennard,2.7,6.8,1.3,3.3,0.6,0.6,0.1,2.9,3.0,1.9,0.5,0.3,1.5,2.1,7.3,-4.1,27.0,68.0,13.0,33.0,6.0,6.0,1.0,29.0,30.0,19.0,5.0,3.0,15.0,21.0,73.0,-41.0,10,1292.0,12920.0
1629147,Joe Chealey,0.0,1.75,0.0,1.0,0.5,0.5,0.0,0.0,0.0,0.25,1.0,0.0,0.5,0.5,0.5,-4.5,0.0,7.0,0.0,4.0,2.0,2.0,0.0,0.0,0.0,1.0,4.0,0.0,2.0,2.0,2.0,-18.0,4,501.75,2007.0
