PLAYER_ID,PLAYER_NAME,avg(FGM),avg(FGA),avg(FG3M),avg(FG3A),avg(FTM),avg(FTA),avg(OREB),avg(DREB),avg(REB),avg(AST),avg(STL),avg(BLK),avg(TO),avg(PF),avg(PTS),avg(PLUS_MINUS),sum(FGM),sum(FGA),sum(FG3M),sum(FG3A),sum(FTM),sum(FTA),sum(OREB),sum(DREB),sum(REB),sum(AST),sum(STL),sum(BLK),sum(TO),sum(PF),sum(PTS),sum(PLUS_MINUS),sum(ifminute),avg(seconds),sum(seconds)
1629632,Coby White,5.5,13.428571428571429,2.4285714285714284,6.5,1.9285714285714286,2.4285714285714284,0.5,3.357142857142857,3.857142857142857,3.857142857142857,0.5952380952380952,0.11904761904761904,2.1904761904761907,2.3333333333333335,15.357142857142858,-2.619047619047619,231.0,564.0,102.0,273.0,81.0,102.0,21.0,141.0,162.0,162.0,25.0,5.0,92.0,98.0,645.0,-110.0,42,1724.595238095238,72433.0
1627783,Pascal Siakam,7.0,16.074074074074073,1.8518518518518519,5.722222222222222,3.4074074074074074,4.444444444444445,0.9074074074074074,5.925925925925926,6.833333333333333,3.388888888888889,1.0,0.6111111111111112,2.314814814814815,2.7222222222222223,19.25925925925926,3.0925925925925926,378.0,868.0,100.0,309.0,184.0,240.0,49.0,320.0,369.0,183.0,54.0,33.0,125.0,147.0,1040.0,167.0,54,2038.4444444444443,110076.0
202684,Tristan Thompson,4.517241379310345,8.655172413793103,0.20689655172413793,0.5517241379310345,1.5862068965517242,2.310344827586207,4.0,5.896551724137931,9.89655172413793,1.7586206896551724,0.27586206896551724,0.7241379310344828,1.7241379310344827,2.2413793103448274,10.827586206896552,-7.241379310344827,131.0,251.0,6.0,16.0,46.0,67.0,116.0,171.0,287.0,51.0,8.0,21.0,50.0,65.0,314.0,-210.0,29,1677.5172413793102,48648.0
201937,Ricky Rubio,3.7708333333333335,8.958333333333334,1.1666666666666667,3.0,2.9166666666666665,3.375,0.6041666666666666,3.6458333333333335,4.25,7.520833333333333,1.5208333333333333,0.125,2.5,2.5833333333333335,11.625,0.9166666666666666,181.0,430.0,56.0,144.0,140.0,162.0,29.0,175.0,204.0,361.0,73.0,6.0,120.0,124.0,558.0,44.0,48,1718.6666666666667,82496.0
201959,Taj Gibson,3.34375,5.0,0.0625,0.125,1.0,1.21875,1.8125,2.4375,4.25,0.5625,0.28125,0.5625,0.71875,1.78125,7.75,-3.15625,107.0,160.0,2.0,4.0,32.0,39.0,58.0,78.0,136.0,18.0,9.0,18.0,23.0,57.0,248.0,-101.0,32,1021.15625,32677.0
