PLAYER_ID,PLAYER_NAME,avg(FGM),avg(FGA),avg(FG3M),avg(FG3A),avg(FTM),avg(FTA),avg(OREB),avg(DREB),avg(REB),avg(AST),avg(STL),avg(BLK),avg(TO),avg(PF),avg(PTS),avg(PLUS_MINUS),sum(FGM),sum(FGA),sum(FG3M),sum(FG3A),sum(FTM),sum(FTA),sum(OREB),sum(DREB),sum(REB),sum(AST),sum(STL),sum(BLK),sum(TO),sum(PF),sum(PTS),sum(PLUS_MINUS),sum(ifminute),avg(seconds),sum(seconds)
203493,Reggie Bullock,3.788732394366197,8.52112676056338,2.436619718309859,6.042253521126761,0.7464788732394366,0.8591549295774648,0.2676056338028169,3.1549295774647885,3.4225352112676055,1.4366197183098592,0.7887323943661971,0.16901408450704225,0.6901408450704225,2.1971830985915495,10.76056338028169,1.3098591549295775,269.0,605.0,173.0,429.0,53.0,61.0,19.0,224.0,243.0,102.0,56.0,12.0,49.0,156.0,764.0,93.0,71,1752.8309859154929,124451.0
1629013,Landry Shamet,2.9402985074626864,7.223880597014926,2.044776119402985,5.268656716417911,1.1194029850746268,1.3432835820895523,0.208955223880597,1.6865671641791045,1.8955223880597014,1.5223880597014925,0.5223880597014925,0.19402985074626866,0.746268656716418,1.5223880597014925,9.044776119402986,1.1194029850746268,197.0,484.0,137.0,353.0,75.0,90.0,14.0,113.0,127.0,102.0,35.0,13.0,50.0,102.0,606.0,75.0,67,1365.0,91455.0
203484,Kentavious Caldwell-Pope,3.2162162162162162,7.445945945945946,1.7702702702702702,4.405405405405405,1.5,1.7297297297297298,0.3918918918918919,2.2567567567567566,2.6486486486486487,1.864864864864865,1.0,0.40540540540540543,0.9594594594594594,1.7567567567567568,9.702702702702704,2.1486486486486487,238.0,551.0,131.0,326.0,111.0,128.0,29.0,167.0,196.0,138.0,74.0,30.0,71.0,130.0,718.0,159.0,74,1699.1486486486488,125737.0
1627750,Jamal Murray,7.588235294117647,15.901960784313726,2.5686274509803924,6.313725490196078,2.764705882352941,3.196078431372549,0.7647058823529411,3.3137254901960786,4.078431372549019,4.7254901960784315,1.2549019607843137,0.29411764705882354,2.2941176470588234,1.9803921568627452,20.50980392156863,6.431372549019608,387.0,811.0,131.0,322.0,141.0,163.0,39.0,169.0,208.0,241.0,64.0,15.0,117.0,101.0,1046.0,328.0,51,2079.9803921568628,106079.0
1629738,Vincent Poirier,0.3333333333333333,1.25,0.0,0.08333333333333333,0.3333333333333333,0.6666666666666666,0.75,0.8333333333333334,1.5833333333333333,0.16666666666666666,0.0,0.3333333333333333,0.3333333333333333,0.6666666666666666,1.0,-1.75,4.0,15.0,0.0,1.0,4.0,8.0,9.0,10.0,19.0,2.0,0.0,4.0,4.0,8.0,12.0,-21.0,12,241.25,2895.0
