PLAYER_ID,PLAYER_NAME,avg(FGM),avg(FGA),avg(FG3M),avg(FG3A),avg(FTM),avg(FTA),avg(OREB),avg(DREB),avg(REB),avg(AST),avg(STL),avg(BLK),avg(TO),avg(PF),avg(PTS),avg(PLUS_MINUS),sum(FGM),sum(FGA),sum(FG3M),sum(FG3A),sum(FTM),sum(FTA),sum(OREB),sum(DREB),sum(REB),sum(AST),sum(STL),sum(BLK),sum(TO),sum(PF),sum(PTS),sum(PLUS_MINUS),sum(ifminute),avg(seconds),sum(seconds)
1629647,Darius Bazley,2.888888888888889,6.8,1.1111111111111112,2.8444444444444446,1.1555555555555554,1.6,0.6666666666666666,4.533333333333333,5.2,1.0,0.4,0.7333333333333333,0.9555555555555556,0.6444444444444445,8.044444444444444,-0.5111111111111111,130.0,306.0,50.0,128.0,52.0,72.0,30.0,204.0,234.0,45.0,18.0,33.0,43.0,29.0,362.0,-23.0,45,1270.4666666666667,57171.0
1629066,Rodions Kurucs,2.225,4.625,0.9,2.45,0.575,0.925,0.525,2.7,3.225,1.275,0.625,0.225,0.925,2.05,5.925,-2.0,89.0,185.0,36.0,98.0,23.0,37.0,21.0,108.0,129.0,51.0,25.0,9.0,37.0,82.0,237.0,-80.0,40,965.65,38626.0
1626188,Quinn Cook,2.076923076923077,4.589743589743589,0.7692307692307693,1.9230769230769231,0.5128205128205128,0.5641025641025641,0.20512820512820512,1.0256410256410255,1.2307692307692308,1.205128205128205,0.28205128205128205,0.02564102564102564,0.5897435897435898,0.5384615384615384,5.435897435897436,-0.05128205128205128,81.0,179.0,30.0,75.0,20.0,22.0,8.0,40.0,48.0,47.0,11.0,1.0,23.0,21.0,212.0,-2.0,39,626.2307692307693,24423.0
1626147,Justin Anderson,1.1764705882352942,3.7058823529411766,0.8235294117647058,2.9411764705882355,0.4117647058823529,0.7058823529411765,0.058823529411764705,2.3529411764705883,2.411764705882353,1.0,0.17647058823529413,0.4117647058823529,0.35294117647058826,1.1764705882352942,3.588235294117647,-2.3529411764705883,20.0,63.0,14.0,50.0,7.0,12.0,1.0,40.0,41.0,17.0,3.0,7.0,6.0,20.0,61.0,-40.0,17,644.2941176470588,10953.0
202718,Chandler Parsons,"","","","","","","","","","","","","","","","","","","","","","","","","","","","","","","","",0,"",""
