PLAYER_ID,PLAYER_NAME,avg(FGM),avg(FGA),avg(FG3M),avg(FG3A),avg(FTM),avg(FTA),avg(OREB),avg(DREB),avg(REB),avg(AST),avg(STL),avg(BLK),avg(TO),avg(PF),avg(PTS),avg(PLUS_MINUS),sum(FGM),sum(FGA),sum(FG3M),sum(FG3A),sum(FTM),sum(FTA),sum(OREB),sum(DREB),sum(REB),sum(AST),sum(STL),sum(BLK),sum(TO),sum(PF),sum(PTS),sum(PLUS_MINUS),sum(ifminute),avg(seconds),sum(seconds)
1629670,Jordan Nwora,2.057142857142857,4.514285714285714,0.8857142857142857,2.0285714285714285,0.6285714285714286,0.8285714285714286,0.34285714285714286,1.5714285714285714,1.9142857142857144,0.2571428571428571,0.5428571428571428,0.2571428571428571,0.7714285714285715,0.7142857142857143,5.628571428571429,0.2,72.0,158.0,31.0,71.0,22.0,29.0,12.0,55.0,67.0,9.0,19.0,9.0,27.0,25.0,197.0,7.0,35,542.2857142857143,18980.0
202339,Eric Bledsoe,4.333333333333333,10.291666666666666,1.7083333333333333,5.0,1.8888888888888888,2.8055555555555554,0.4166666666666667,3.0694444444444446,3.486111111111111,3.8055555555555554,0.7777777777777778,0.3472222222222222,1.6111111111111112,1.5833333333333333,12.26388888888889,-0.9305555555555556,312.0,741.0,123.0,360.0,136.0,202.0,30.0,221.0,251.0,274.0,56.0,25.0,116.0,114.0,883.0,-67.0,72,1787.0833333333333,128670.0
