PLAYER_ID,PLAYER_NAME,avg(FGM),avg(FGA),avg(FG3M),avg(FG3A),avg(FTM),avg(FTA),avg(OREB),avg(DREB),avg(REB),avg(AST),avg(STL),avg(BLK),avg(TO),avg(PF),avg(PTS),avg(PLUS_MINUS),sum(FGM),sum(FGA),sum(FG3M),sum(FG3A),sum(FTM),sum(FTA),sum(OREB),sum(DREB),sum(REB),sum(AST),sum(STL),sum(BLK),sum(TO),sum(PF),sum(PTS),sum(PLUS_MINUS),sum(ifminute),avg(seconds),sum(seconds)
1628373,Frank Ntilikina,0.918918918918919,2.4864864864864864,0.7027027027027027,1.4594594594594594,0.2702702702702703,0.5945945945945946,0.2702702702702703,0.8108108108108109,1.0810810810810811,0.6216216216216216,0.5405405405405406,0.10810810810810811,0.4594594594594595,1.4864864864864864,2.810810810810811,-0.8648648648648649,34.0,92.0,26.0,54.0,10.0,22.0,10.0,30.0,40.0,23.0,20.0,4.0,17.0,55.0,104.0,-32.0,37,599.4054054054054,22178.0
1629712,Didi Louzada,1.0,4.333333333333333,0.6666666666666666,2.6666666666666665,0.0,0.0,0.3333333333333333,0.6666666666666666,1.0,1.0,0.6666666666666666,0.0,1.0,1.6666666666666667,2.6666666666666665,-3.6666666666666665,3.0,13.0,2.0,8.0,0.0,0.0,1.0,2.0,3.0,3.0,2.0,0.0,3.0,5.0,8.0,-11.0,3,1126.6666666666667,3380.0
1628392,Isaiah Hartenstein,2.0784313725490198,3.764705882352941,0.0392156862745098,0.11764705882352941,1.1176470588235294,1.7647058823529411,1.4705882352941178,2.450980392156863,3.9215686274509802,1.2156862745098038,0.43137254901960786,0.8431372549019608,1.0,2.3333333333333335,5.313725490196078,0.23529411764705882,106.0,192.0,2.0,6.0,57.0,90.0,75.0,125.0,200.0,62.0,22.0,43.0,51.0,119.0,271.0,12.0,51,729.2549019607843,37192.0
