PLAYER_ID,PLAYER_NAME,avg(FGM),avg(FGA),avg(FG3M),avg(FG3A),avg(FTM),avg(FTA),avg(OREB),avg(DREB),avg(REB),avg(AST),avg(STL),avg(BLK),avg(TO),avg(PF),avg(PTS),avg(PLUS_MINUS),sum(FGM),sum(FGA),sum(FG3M),sum(FG3A),sum(FTM),sum(FTA),sum(OREB),sum(DREB),sum(REB),sum(AST),sum(STL),sum(BLK),sum(TO),sum(PF),sum(PTS),sum(PLUS_MINUS),sum(ifminute),avg(seconds),sum(seconds)
201980,Danny Green,3.175675675675676,7.648648648648648,2.472972972972973,6.081081081081081,0.47297297297297297,0.5945945945945946,0.7837837837837838,2.864864864864865,3.6486486486486487,1.7027027027027026,1.3918918918918919,0.8108108108108109,0.9459459459459459,1.7972972972972974,9.297297297297296,4.621621621621622,235.0,566.0,183.0,450.0,35.0,44.0,58.0,212.0,270.0,126.0,103.0,60.0,70.0,133.0,688.0,342.0,74,1657.1216216216217,122627.0
1630273,Freddie Gillespie,2.142857142857143,4.095238095238095,0.0,0.047619047619047616,1.0952380952380953,1.5714285714285714,2.0,2.6666666666666665,4.666666666666667,0.42857142857142855,0.6190476190476191,0.9523809523809523,0.6190476190476191,2.0952380952380953,5.380952380952381,-3.9523809523809526,45.0,86.0,0.0,1.0,23.0,33.0,42.0,56.0,98.0,9.0,13.0,20.0,13.0,44.0,113.0,-83.0,21,1136.0,23856.0
1627745,Damian Jones,1.7272727272727273,2.5681818181818183,0.022727272727272728,0.11363636363636363,1.0227272727272727,1.3863636363636365,0.9090909090909091,2.340909090909091,3.25,0.7727272727272727,0.29545454545454547,0.7272727272727273,0.6363636363636364,2.090909090909091,4.5,-2.0454545454545454,76.0,113.0,1.0,5.0,45.0,61.0,40.0,103.0,143.0,34.0,13.0,32.0,28.0,92.0,198.0,-90.0,44,843.5681818181819,37117.0
