PLAYER_ID,PLAYER_NAME,avg(FGM),avg(FGA),avg(FG3M),avg(FG3A),avg(FTM),avg(FTA),avg(OREB),avg(DREB),avg(REB),avg(AST),avg(STL),avg(BLK),avg(TO),avg(PF),avg(PTS),avg(PLUS_MINUS),sum(FGM),sum(FGA),sum(FG3M),sum(FG3A),sum(FTM),sum(FTA),sum(OREB),sum(DREB),sum(REB),sum(AST),sum(STL),sum(BLK),sum(TO),sum(PF),sum(PTS),sum(PLUS_MINUS),sum(ifminute),avg(seconds),sum(seconds)
203210,JaMychal Green,2.838709677419355,6.306451612903226,1.2741935483870968,3.338709677419355,0.7419354838709677,0.9193548387096774,1.4193548387096775,3.193548387096774,4.612903225806452,1.0,0.41935483870967744,0.3709677419354839,0.9032258064516129,2.4838709677419355,7.693548387096774,1.6612903225806452,176.0,391.0,79.0,207.0,46.0,57.0,88.0,198.0,286.0,62.0,26.0,23.0,56.0,154.0,477.0,103.0,62,1153.9032258064517,71542.0
200752,Rudy Gay,4.25,10.058823529411764,1.6764705882352942,4.426470588235294,1.3235294117647058,1.6911764705882353,0.6911764705882353,4.161764705882353,4.852941176470588,1.411764705882353,0.7205882352941176,0.6029411764705882,1.0735294117647058,1.7941176470588236,11.5,1.8235294117647058,289.0,684.0,114.0,301.0,90.0,115.0,47.0,283.0,330.0,96.0,49.0,41.0,73.0,122.0,782.0,124.0,68,1312.3970588235295,89243.0
