PLAYER_ID,PLAYER_NAME,avg(FGM),avg(FGA),avg(FG3M),avg(FG3A),avg(FTM),avg(FTA),avg(OREB),avg(DREB),avg(REB),avg(AST),avg(STL),avg(BLK),avg(TO),avg(PF),avg(PTS),avg(PLUS_MINUS),sum(FGM),sum(FGA),sum(FG3M),sum(FG3A),sum(FTM),sum(FTA),sum(OREB),sum(DREB),sum(REB),sum(AST),sum(STL),sum(BLK),sum(TO),sum(PF),sum(PTS),sum(PLUS_MINUS),sum(ifminute),avg(seconds),sum(seconds)
1629714,Jarrell Brantley,0.8387096774193549,1.8709677419354838,0.3870967741935484,1.032258064516129,0.0967741935483871,0.12903225806451613,0.3225806451612903,0.6774193548387096,1.0,0.6129032258064516,0.22580645161290322,0.06451612903225806,0.3225806451612903,0.5806451612903226,2.161290322580645,-0.6129032258064516,26.0,58.0,12.0,32.0,3.0,4.0,10.0,21.0,31.0,19.0,7.0,2.0,10.0,18.0,67.0,-19.0,31,315.0,9765.0
1626171,Bobby Portis,4.63013698630137,8.904109589041095,1.0547945205479452,2.3013698630136985,0.9041095890410958,1.2328767123287672,1.821917808219178,5.136986301369863,6.958904109589041,1.0410958904109588,0.7534246575342466,0.3835616438356164,0.8767123287671232,1.7671232876712328,11.219178082191782,1.9863013698630136,338.0,650.0,77.0,168.0,66.0,90.0,133.0,375.0,508.0,76.0,55.0,28.0,64.0,129.0,819.0,145.0,73,1241.6301369863013,90639.0
1626224,Cedi Osman,3.80327868852459,9.918032786885245,1.7540983606557377,5.508196721311475,1.3770491803278688,1.7049180327868851,0.6229508196721312,2.7868852459016393,3.4098360655737703,2.8852459016393444,0.9016393442622951,0.14754098360655737,1.3278688524590163,2.0327868852459017,10.737704918032787,-5.704918032786885,232.0,605.0,107.0,336.0,84.0,104.0,38.0,170.0,208.0,176.0,55.0,9.0,81.0,124.0,655.0,-348.0,61,1529.4754098360656,93298.0
