PLAYER_ID,PLAYER_NAME,avg(FGM),avg(FGA),avg(FG3M),avg(FG3A),avg(FTM),avg(FTA),avg(OREB),avg(DREB),avg(REB),avg(AST),avg(STL),avg(BLK),avg(TO),avg(PF),avg(PTS),avg(PLUS_MINUS),sum(FGM),sum(FGA),sum(FG3M),sum(FG3A),sum(FTM),sum(FTA),sum(OREB),sum(DREB),sum(REB),sum(AST),sum(STL),sum(BLK),sum(TO),sum(PF),sum(PTS),sum(PLUS_MINUS),sum(ifminute),avg(seconds),sum(seconds)
203468,CJ McCollum,8.425925925925926,18.333333333333332,3.5555555555555554,8.574074074074074,2.259259259259259,2.7777777777777777,0.5740740740740741,3.3333333333333335,3.9074074074074074,4.481481481481482,0.9259259259259259,0.46296296296296297,1.4814814814814814,1.9259259259259258,22.666666666666668,2.759259259259259,455.0,990.0,192.0,463.0,122.0,150.0,31.0,180.0,211.0,242.0,50.0,25.0,80.0,104.0,1224.0,149.0,54,1995.7777777777778,107772.0
1626174,Christian Wood,8.071428571428571,15.666666666666666,1.880952380952381,5.0476190476190474,3.0952380952380953,4.833333333333333,1.8095238095238095,7.833333333333333,9.642857142857142,1.7380952380952381,0.8333333333333334,1.1666666666666667,1.9047619047619047,2.119047619047619,21.11904761904762,-1.8333333333333333,339.0,658.0,79.0,212.0,130.0,203.0,76.0,329.0,405.0,73.0,35.0,49.0,80.0,89.0,887.0,-77.0,42,1928.3095238095239,80989.0
