PLAYER_ID,PLAYER_NAME,avg(FGM),avg(FGA),avg(FG3M),avg(FG3A),avg(FTM),avg(FTA),avg(OREB),avg(DREB),avg(REB),avg(AST),avg(STL),avg(BLK),avg(TO),avg(PF),avg(PTS),avg(PLUS_MINUS),sum(FGM),sum(FGA),sum(FG3M),sum(FG3A),sum(FTM),sum(FTA),sum(OREB),sum(DREB),sum(REB),sum(AST),sum(STL),sum(BLK),sum(TO),sum(PF),sum(PTS),sum(PLUS_MINUS),sum(ifminute),avg(seconds),sum(seconds)
1628449,Chris Boucher,2.306122448979592,4.857142857142857,0.673469387755102,2.0408163265306123,1.1224489795918366,1.5510204081632653,1.3265306122448979,3.142857142857143,4.469387755102041,0.4897959183673469,0.32653061224489793,1.183673469387755,0.6530612244897959,2.122448979591837,6.408163265306122,1.2448979591836735,113.0,238.0,33.0,100.0,55.0,76.0,65.0,154.0,219.0,24.0,16.0,58.0,32.0,104.0,314.0,61.0,49,796.0612244897959,39007.0
