PLAYER_ID,PLAYER_NAME,avg(FGM),avg(FGA),avg(FG3M),avg(FG3A),avg(FTM),avg(FTA),avg(OREB),avg(DREB),avg(REB),avg(AST),avg(STL),avg(BLK),avg(TO),avg(PF),avg(PTS),avg(PLUS_MINUS),sum(FGM),sum(FGA),sum(FG3M),sum(FG3A),sum(FTM),sum(FTA),sum(OREB),sum(DREB),sum(REB),sum(AST),sum(STL),sum(BLK),sum(TO),sum(PF),sum(PTS),sum(PLUS_MINUS),sum(ifminute),avg(seconds),sum(seconds)
1630172,Patrick Williams,3.909090909090909,8.272727272727273,0.9090909090909091,1.9090909090909092,2.4545454545454546,3.1818181818181817,0.8181818181818182,2.272727272727273,3.090909090909091,0.9090909090909091,0.45454545454545453,0.8181818181818182,2.272727272727273,2.090909090909091,11.181818181818182,-5.545454545454546,43.0,91.0,10.0,21.0,27.0,35.0,9.0,25.0,34.0,10.0,5.0,9.0,25.0,23.0,123.0,-61.0,11,1548.090909090909,17029.0
1626153,Delon Wright,2.3620689655172415,5.258620689655173,0.6724137931034483,1.7241379310344827,1.0172413793103448,1.3793103448275863,0.8620689655172413,2.7413793103448274,3.603448275862069,3.2241379310344827,0.9482758620689655,0.29310344827586204,1.1206896551724137,1.206896551724138,6.413793103448276,-1.5689655172413792,137.0,305.0,39.0,100.0,59.0,80.0,50.0,159.0,209.0,187.0,55.0,17.0,65.0,70.0,372.0,-91.0,58,1290.051724137931,74823.0
