PLAYER_ID,PLAYER_NAME,avg(FGM),avg(FGA),avg(FG3M),avg(FG3A),avg(FTM),avg(FTA),avg(OREB),avg(DREB),avg(REB),avg(AST),avg(STL),avg(BLK),avg(TO),avg(PF),avg(PTS),avg(PLUS_MINUS),sum(FGM),sum(FGA),sum(FG3M),sum(FG3A),sum(FTM),sum(FTA),sum(OREB),sum(DREB),sum(REB),sum(AST),sum(STL),sum(BLK),sum(TO),sum(PF),sum(PTS),sum(PLUS_MINUS),sum(ifminute),avg(seconds),sum(seconds)
1629738,Vincent Poirier,0.7368421052631579,1.736842105263158,0.05263157894736842,0.15789473684210525,0.42105263157894735,0.42105263157894735,0.631578947368421,1.7894736842105263,2.4210526315789473,0.3157894736842105,0.05263157894736842,0.47368421052631576,0.47368421052631576,1.105263157894737,1.9473684210526316,-2.6315789473684212,14.0,33.0,1.0,3.0,8.0,8.0,12.0,34.0,46.0,6.0,1.0,9.0,9.0,21.0,37.0,-50.0,19,395.1578947368421,7508.0
