PLAYER_ID,PLAYER_NAME,avg(FGM),avg(FGA),avg(FG3M),avg(FG3A),avg(FTM),avg(FTA),avg(OREB),avg(DREB),avg(REB),avg(AST),avg(STL),avg(BLK),avg(TO),avg(PF),avg(PTS),avg(PLUS_MINUS),sum(FGM),sum(FGA),sum(FG3M),sum(FG3A),sum(FTM),sum(FTA),sum(OREB),sum(DREB),sum(REB),sum(AST),sum(STL),sum(BLK),sum(TO),sum(PF),sum(PTS),sum(PLUS_MINUS),sum(ifminute),avg(seconds),sum(seconds)
1629014,Anfernee Simons,2.611940298507463,6.134328358208955,1.8805970149253732,4.343283582089552,0.6865671641791045,0.8507462686567164,0.22388059701492538,1.9701492537313432,2.1940298507462686,1.3880597014925373,0.2835820895522388,0.11940298507462686,0.6567164179104478,1.462686567164179,7.791044776119403,0.6119402985074627,175.0,411.0,126.0,291.0,46.0,57.0,15.0,132.0,147.0,93.0,19.0,8.0,44.0,98.0,522.0,41.0,67,1026.8208955223881,68797.0
204222,Greg Whittington,0.0,0.75,0.0,0.5,0.0,0.0,0.0,0.0,0.0,0.0,0.0,0.0,0.0,0.0,0.0,2.25,0.0,3.0,0.0,2.0,0.0,0.0,0.0,0.0,0.0,0.0,0.0,0.0,0.0,0.0,0.0,9.0,4,180.25,721.0
