PLAYER_ID,PLAYER_NAME,avg(FGM),avg(FGA),avg(FG3M),avg(FG3A),avg(FTM),avg(FTA),avg(OREB),avg(DREB),avg(REB),avg(AST),avg(STL),avg(BLK),avg(TO),avg(PF),avg(PTS),avg(PLUS_MINUS),sum(FGM),sum(FGA),sum(FG3M),sum(FG3A),sum(FTM),sum(FTA),sum(OREB),sum(DREB),sum(REB),sum(AST),sum(STL),sum(BLK),sum(TO),sum(PF),sum(PTS),sum(PLUS_MINUS),sum(ifminute),avg(seconds),sum(seconds)
204025,Tim Frazier,0.6,4.0,0.0,1.6,0.4,1.2,0.0,1.6,1.6,3.2,0.4,0.2,0.8,1.4,1.6,1.0,3.0,20.0,0.0,8.0,2.0,6.0,0.0,8.0,8.0,16.0,2.0,1.0,4.0,7.0,8.0,5.0,5,743.6,3718.0
202734,E'Twaun Moore,2.032258064516129,4.612903225806452,0.41935483870967744,1.3225806451612903,0.3870967741935484,0.45161290322580644,0.4838709677419355,1.1290322580645162,1.6129032258064515,1.4838709677419355,0.5483870967741935,0.16129032258064516,0.8709677419354839,1.2903225806451613,4.870967741935484,-0.5161290322580645,63.0,143.0,13.0,41.0,12.0,14.0,15.0,35.0,50.0,46.0,17.0,5.0,27.0,40.0,151.0,-16.0,31,854.483870967742,26489.0
1628379,Luke Kennard,3.073529411764706,6.544117647058823,1.5588235294117647,3.514705882352941,0.4411764705882353,0.5147058823529411,0.23529411764705882,2.3823529411764706,2.6176470588235294,1.661764705882353,0.36764705882352944,0.16176470588235295,0.7941176470588235,1.5,8.147058823529411,-0.75,209.0,445.0,106.0,239.0,30.0,35.0,16.0,162.0,178.0,113.0,25.0,11.0,54.0,102.0,554.0,-51.0,68,1173.9117647058824,79826.0
1628578,Amida Brimah,0.7142857142857143,1.1428571428571428,0.0,0.0,0.8571428571428571,1.0,0.2857142857142857,1.1428571428571428,1.4285714285714286,0.14285714285714285,0.0,0.8571428571428571,0.5714285714285714,0.7142857142857143,2.2857142857142856,3.4285714285714284,5.0,8.0,0.0,0.0,6.0,7.0,2.0,8.0,10.0,1.0,0.0,6.0,4.0,5.0,16.0,24.0,7,307.2857142857143,2151.0
1626203,Treveon Graham,0.0,0.0,0.0,0.0,0.0,0.0,0.0,0.0,0.0,0.0,0.0,0.0,2.0,1.0,0.0,-7.0,0.0,0.0,0.0,0.0,0.0,0.0,0.0,0.0,0.0,0.0,0.0,0.0,2.0,1.0,0.0,-7.0,1,197.0,197.0
1628405,Johnathan Motley,2.0,3.75,0.0,0.25,2.0,3.0,1.75,3.0,4.75,0.25,0.25,0.25,1.5,2.5,6.0,-6.25,8.0,15.0,0.0,1.0,8.0,12.0,7.0,12.0,19.0,1.0,1.0,1.0,6.0,10.0,24.0,-25.0,4,699.25,2797.0
