PLAYER_ID,PLAYER_NAME,avg(FGM),avg(FGA),avg(FG3M),avg(FG3A),avg(FTM),avg(FTA),avg(OREB),avg(DREB),avg(REB),avg(AST),avg(STL),avg(BLK),avg(TO),avg(PF),avg(PTS),avg(PLUS_MINUS),sum(FGM),sum(FGA),sum(FG3M),sum(FG3A),sum(FTM),sum(FTA),sum(OREB),sum(DREB),sum(REB),sum(AST),sum(STL),sum(BLK),sum(TO),sum(PF),sum(PTS),sum(PLUS_MINUS),sum(ifminute),avg(seconds),sum(seconds)
1630206,Jay Scrubb,3.5,9.0,0.5,2.25,1.25,1.25,0.5,3.0,3.5,0.25,1.0,0.0,1.75,1.25,8.75,0.5,14.0,36.0,2.0,9.0,5.0,5.0,2.0,12.0,14.0,1.0,4.0,0.0,7.0,5.0,35.0,2.0,4,1262.75,5051.0
202340,Avery Bradley,2.4827586206896552,6.482758620689655,1.206896551724138,3.8275862068965516,0.5517241379310345,0.6551724137931034,0.27586206896551724,1.896551724137931,2.1724137931034484,1.5862068965517242,0.7586206896551724,0.10344827586206896,1.103448275862069,2.0689655172413794,6.724137931034483,-4.827586206896552,72.0,188.0,35.0,111.0,16.0,19.0,8.0,55.0,63.0,46.0,22.0,3.0,32.0,60.0,195.0,-140.0,29,1359.344827586207,39421.0
