PLAYER_ID,PLAYER_NAME,avg(FGM),avg(FGA),avg(FG3M),avg(FG3A),avg(FTM),avg(FTA),avg(OREB),avg(DREB),avg(REB),avg(AST),avg(STL),avg(BLK),avg(TO),avg(PF),avg(PTS),avg(PLUS_MINUS),sum(FGM),sum(FGA),sum(FG3M),sum(FG3A),sum(FTM),sum(FTA),sum(OREB),sum(DREB),sum(REB),sum(AST),sum(STL),sum(BLK),sum(TO),sum(PF),sum(PTS),sum(PLUS_MINUS),sum(ifminute),avg(seconds),sum(seconds)
1630162,Anthony Edwards,4.875,13.125,1.75,6.125,2.125,2.25,0.875,2.125,3.0,2.125,0.625,0.25,1.375,2.375,13.625,-5.75,39.0,105.0,14.0,49.0,17.0,18.0,7.0,17.0,24.0,17.0,5.0,2.0,11.0,19.0,109.0,-46.0,8,1532.875,12263.0
1629168,BJ Johnson,1.0666666666666667,3.066666666666667,0.3333333333333333,0.8,1.0,1.1333333333333333,0.26666666666666666,1.0666666666666667,1.3333333333333333,0.4666666666666667,0.2,0.0,0.7333333333333333,0.4666666666666667,3.466666666666667,-1.2666666666666666,16.0,46.0,5.0,12.0,15.0,17.0,4.0,16.0,20.0,7.0,3.0,0.0,11.0,7.0,52.0,-19.0,15,482.26666666666665,7234.0
202689,Kemba Walker,6.113636363636363,14.363636363636363,2.522727272727273,7.4772727272727275,3.659090909090909,4.340909090909091,0.38636363636363635,3.477272727272727,3.8636363636363638,4.4772727272727275,0.7954545454545454,0.38636363636363635,1.8409090909090908,2.022727272727273,18.40909090909091,2.8863636363636362,269.0,632.0,111.0,329.0,161.0,191.0,17.0,153.0,170.0,197.0,35.0,17.0,81.0,89.0,810.0,127.0,44,1922.5227272727273,84591.0
