PLAYER_ID,PLAYER_NAME,avg(FGM),avg(FGA),avg(FG3M),avg(FG3A),avg(FTM),avg(FTA),avg(OREB),avg(DREB),avg(REB),avg(AST),avg(STL),avg(BLK),avg(TO),avg(PF),avg(PTS),avg(PLUS_MINUS),sum(FGM),sum(FGA),sum(FG3M),sum(FG3A),sum(FTM),sum(FTA),sum(OREB),sum(DREB),sum(REB),sum(AST),sum(STL),sum(BLK),sum(TO),sum(PF),sum(PTS),sum(PLUS_MINUS),sum(ifminute),avg(seconds),sum(seconds)
203095,Evan Fournier,5.269230769230769,11.923076923076923,2.25,6.134615384615385,2.3653846153846154,2.8653846153846154,0.4230769230769231,1.9615384615384615,2.3846153846153846,2.9423076923076925,1.1538461538461537,0.3076923076923077,1.7884615384615385,2.4038461538461537,15.153846153846153,-1.9615384615384615,274.0,620.0,117.0,319.0,123.0,149.0,22.0,102.0,124.0,153.0,60.0,16.0,93.0,125.0,788.0,-102.0,52,1811.3076923076924,94188.0
1630219,Skylar Mays,0.25,1.5,0.0,0.5,0.75,1.0,0.5,0.0,0.5,0.5,0.0,0.0,0.25,0.5,1.25,-2.5,1.0,6.0,0.0,2.0,3.0,4.0,2.0,0.0,2.0,2.0,0.0,0.0,1.0,2.0,5.0,-10.0,4,232.0,928.0
1629234,Drew Eubanks,2.0,3.3333333333333335,0.041666666666666664,0.08333333333333333,1.5,2.0,1.5,2.875,4.375,0.75,0.25,1.0416666666666667,0.875,2.0833333333333335,5.541666666666667,-2.7916666666666665,48.0,80.0,1.0,2.0,36.0,48.0,36.0,69.0,105.0,18.0,6.0,25.0,21.0,50.0,133.0,-67.0,24,846.625,20319.0
204222,Greg Whittington,"","","","","","","","","","","","","","","","","","","","","","","","","","","","","","","","",0,"",""
