PLAYER_ID,PLAYER_NAME,avg(FGM),avg(FGA),avg(FG3M),avg(FG3A),avg(FTM),avg(FTA),avg(OREB),avg(DREB),avg(REB),avg(AST),avg(STL),avg(BLK),avg(TO),avg(PF),avg(PTS),avg(PLUS_MINUS),sum(FGM),sum(FGA),sum(FG3M),sum(FG3A),sum(FTM),sum(FTA),sum(OREB),sum(DREB),sum(REB),sum(AST),sum(STL),sum(BLK),sum(TO),sum(PF),sum(PTS),sum(PLUS_MINUS),sum(ifminute),avg(seconds),sum(seconds)
1629035,Carsen Edwards,1.6818181818181819,4.590909090909091,0.5909090909090909,2.409090909090909,0.2727272727272727,0.5454545454545454,0.13636363636363635,1.0909090909090908,1.2272727272727273,0.9090909090909091,0.3181818181818182,0.18181818181818182,0.2727272727272727,1.3636363636363635,4.2272727272727275,-1.7727272727272727,37.0,101.0,13.0,53.0,6.0,12.0,3.0,24.0,27.0,20.0,7.0,4.0,6.0,30.0,93.0,-39.0,22,604.0909090909091,13290.0
