PLAYER_ID,PLAYER_NAME,avg(FGM),avg(FGA),avg(FG3M),avg(FG3A),avg(FTM),avg(FTA),avg(OREB),avg(DREB),avg(REB),avg(AST),avg(STL),avg(BLK),avg(TO),avg(PF),avg(PTS),avg(PLUS_MINUS),sum(FGM),sum(FGA),sum(FG3M),sum(FG3A),sum(FTM),sum(FTA),sum(OREB),sum(DREB),sum(REB),sum(AST),sum(STL),sum(BLK),sum(TO),sum(PF),sum(PTS),sum(PLUS_MINUS),sum(ifminute),avg(seconds),sum(seconds)
1629744,Matt Thomas,1.183673469387755,3.020408163265306,0.673469387755102,1.9387755102040816,0.30612244897959184,0.3469387755102041,0.14285714285714285,0.7959183673469388,0.9387755102040817,0.5306122448979592,0.16326530612244897,0.02040816326530612,0.32653061224489793,0.40816326530612246,3.3469387755102042,-1.1224489795918366,58.0,148.0,33.0,95.0,15.0,17.0,7.0,39.0,46.0,26.0,8.0,1.0,16.0,20.0,164.0,-55.0,49,471.7959183673469,23118.0
1629244,Cameron Reynolds,1.1428571428571428,3.4285714285714284,0.42857142857142855,2.0,0.2857142857142857,0.2857142857142857,0.5714285714285714,0.5714285714285714,1.1428571428571428,0.2857142857142857,0.0,0.0,0.14285714285714285,0.7142857142857143,3.0,-4.857142857142857,8.0,24.0,3.0,14.0,2.0,2.0,4.0,4.0,8.0,2.0,0.0,0.0,1.0,5.0,21.0,-34.0,7,511.14285714285717,3578.0
