TEAM_ID,PLAYER_ID,PLAYER_NAME,avg(FGM),avg(FGA),avg(FG3M),avg(FG3A),avg(FTM),avg(FTA),avg(OREB),avg(DREB),avg(REB),avg(AST),avg(STL),avg(BLK),avg(TO),avg(PF),avg(PTS),avg(PLUS_MINUS),sum(FGM),sum(FGA),sum(FG3M),sum(FG3A),sum(FTM),sum(FTA),sum(OREB),sum(DREB),sum(REB),sum(AST),sum(STL),sum(BLK),sum(TO),sum(PF),sum(PTS),sum(PLUS_MINUS),sum(ifminute),avg(seconds),sum(seconds)
1610612741,2399,Mike Dunleavy,2.4838709677419355,6.064516129032258,1.2580645161290323,3.193548387096774,0.9354838709677419,1.1935483870967742,0.25806451612903225,2.4193548387096775,2.6774193548387095,1.2580645161290323,0.45161290322580644,0.3225806451612903,0.8387096774193549,2.129032258064516,7.161290322580645,-2.129032258064516,77.0,188.0,39.0,99.0,29.0,37.0,8.0,75.0,83.0,39.0,14.0,10.0,26.0,66.0,222.0,-66.0,31,1359.9354838709678,42158.0
