TEAM_ID,PLAYER_ID,PLAYER_NAME,avg(FGM),avg(FGA),avg(FG3M),avg(FG3A),avg(FTM),avg(FTA),avg(OREB),avg(DREB),avg(REB),avg(AST),avg(STL),avg(BLK),avg(TO),avg(PF),avg(PTS),avg(PLUS_MINUS),sum(FGM),sum(FGA),sum(FG3M),sum(FG3A),sum(FTM),sum(FTA),sum(OREB),sum(DREB),sum(REB),sum(AST),sum(STL),sum(BLK),sum(TO),sum(PF),sum(PTS),sum(PLUS_MINUS),sum(ifminute),avg(seconds),sum(seconds)
1610612763,2365,Chris Andersen,1.7,3.1,0.1,0.45,1.1,1.6,1.65,2.8,4.45,0.45,0.7,0.5,0.35,1.25,4.6,-2.65,34.0,62.0,2.0,9.0,22.0,32.0,33.0,56.0,89.0,9.0,14.0,10.0,7.0,25.0,92.0,-53.0,20,1099.35,21987.0
1610612739,2210,Richard Jefferson,2.05,4.425,0.95,2.475,0.9125,1.3125,0.2,1.7375,1.9375,0.7875,0.4625,0.175,0.65,1.8,5.9625,-0.7125,164.0,354.0,76.0,198.0,73.0,105.0,16.0,139.0,155.0,63.0,37.0,14.0,52.0,144.0,477.0,-57.0,80,1096.95,87756.0
1610612738,203935,Marcus Smart,3.03125,8.59375,1.0,3.953125,2.0625,2.640625,1.234375,2.859375,4.09375,3.109375,1.453125,0.28125,1.34375,2.953125,9.125,1.59375,194.0,550.0,64.0,253.0,132.0,169.0,79.0,183.0,262.0,199.0,93.0,18.0,86.0,189.0,584.0,102.0,64,1635.96875,104702.0
1610612755,203895,Jordan McRae,2.2857142857142856,7.714285714285714,0.2857142857142857,3.4285714285714284,2.2857142857142856,2.857142857142857,0.42857142857142855,2.0,2.4285714285714284,1.5714285714285714,0.7142857142857143,0.2857142857142857,2.0,2.142857142857143,7.142857142857143,-5.714285714285714,16.0,54.0,2.0,24.0,16.0,20.0,3.0,14.0,17.0,11.0,5.0,2.0,14.0,15.0,50.0,-40.0,7,1194.2857142857142,8360.0
1610612762,203955,Bryce Cotton,2.0,9.5,0.0,2.0,2.5,3.0,1.5,1.0,2.5,0.5,0.5,0.0,1.5,0.0,6.5,-13.0,4.0,19.0,0.0,4.0,5.0,6.0,3.0,2.0,5.0,1.0,1.0,0.0,3.0,0.0,13.0,-26.0,2,1024.5,2049.0
