TEAM_ID,PLAYER_ID,PLAYER_NAME,avg(FGM),avg(FGA),avg(FG3M),avg(FG3A),avg(FTM),avg(FTA),avg(OREB),avg(DREB),avg(REB),avg(AST),avg(STL),avg(BLK),avg(TO),avg(PF),avg(PTS),avg(PLUS_MINUS),sum(FGM),sum(FGA),sum(FG3M),sum(FG3A),sum(FTM),sum(FTA),sum(OREB),sum(DREB),sum(REB),sum(AST),sum(STL),sum(BLK),sum(TO),sum(PF),sum(PTS),sum(PLUS_MINUS),sum(ifminute),avg(seconds),sum(seconds)
1610612762,203187,Chris Johnson,1.04,2.8,0.37333333333333335,1.4133333333333333,0.4533333333333333,0.5733333333333334,0.37333333333333335,1.4666666666666666,1.84,0.6,0.4666666666666667,0.26666666666666666,0.5866666666666667,1.4,2.9066666666666667,-0.44,78.0,210.0,28.0,106.0,34.0,43.0,28.0,110.0,138.0,45.0,35.0,20.0,44.0,105.0,218.0,-33.0,75,729.0666666666667,54680.0
1610612751,1626178,Rondae Hollis-Jefferson,2.0,4.484848484848484,0.12121212121212122,0.42424242424242425,1.121212121212121,1.5757575757575757,1.2121212121212122,3.757575757575758,4.96969696969697,1.4848484848484849,1.3333333333333333,0.5151515151515151,0.8787878787878788,2.0303030303030303,5.242424242424242,-1.4242424242424243,66.0,148.0,4.0,14.0,37.0,52.0,40.0,124.0,164.0,49.0,44.0,17.0,29.0,67.0,173.0,-47.0,33,1229.8484848484848,40585.0
1610612740,203111,Orlando Johnson,0.8,3.4,0.2,1.0,0.2,0.4,0.2,1.0,1.2,0.4,0.2,0.0,0.6,0.8,2.0,-7.0,4.0,17.0,1.0,5.0,1.0,2.0,1.0,5.0,6.0,2.0,1.0,0.0,3.0,4.0,10.0,-35.0,5,652.0,3260.0
1610612748,2365,Chris Andersen,1.0,2.5714285714285716,0.21428571428571427,0.5714285714285714,0.5,0.6428571428571429,1.0,2.0714285714285716,3.0714285714285716,0.5714285714285714,0.35714285714285715,0.6428571428571429,0.14285714285714285,0.6428571428571429,2.7142857142857144,-0.5714285714285714,14.0,36.0,3.0,8.0,7.0,9.0,14.0,29.0,43.0,8.0,5.0,9.0,2.0,9.0,38.0,-8.0,14,617.5,8645.0
1610612739,202419,Chris Johnson,0.75,1.5,0.0,0.0,0.75,1.5,0.25,1.5,1.75,0.75,0.25,0.75,0.5,2.25,2.25,-5.0,3.0,6.0,0.0,0.0,3.0,6.0,1.0,6.0,7.0,3.0,1.0,3.0,2.0,9.0,9.0,-20.0,4,549.25,2197.0
1610612763,1626261,Michael Holyfield,0.0,0.0,0.0,0.0,0.0,0.0,0.0,0.0,0.0,0.0,0.0,0.0,1.0,2.0,0.0,-3.0,0.0,0.0,0.0,0.0,0.0,0.0,0.0,0.0,0.0,0.0,0.0,0.0,1.0,2.0,0.0,-3.0,1,478.0,478.0
