TEAM_ID,PLAYER_ID,PLAYER_NAME,avg(FGM),avg(FGA),avg(FG3M),avg(FG3A),avg(FTM),avg(FTA),avg(OREB),avg(DREB),avg(REB),avg(AST),avg(STL),avg(BLK),avg(TO),avg(PF),avg(PTS),avg(PLUS_MINUS),sum(FGM),sum(FGA),sum(FG3M),sum(FG3A),sum(FTM),sum(FTA),sum(OREB),sum(DREB),sum(REB),sum(AST),sum(STL),sum(BLK),sum(TO),sum(PF),sum(PTS),sum(PLUS_MINUS),sum(ifminute),avg(seconds),sum(seconds)
1610612744,101106,Andrew Bogut,2.472972972972973,3.918918918918919,0.013513513513513514,0.013513513513513514,0.33783783783783783,0.7027027027027027,1.6486486486486487,5.216216216216216,6.864864864864865,2.310810810810811,0.4864864864864865,1.6081081081081081,1.1756756756756757,3.1486486486486487,5.297297297297297,5.675675675675675,183.0,290.0,1.0,1.0,25.0,52.0,122.0,386.0,508.0,171.0,36.0,119.0,87.0,233.0,392.0,420.0,74,1234.0945945945946,91323.0
1610612739,2747,JR Smith,4.604938271604938,10.962962962962964,2.6296296296296298,6.530864197530864,0.5802469135802469,0.9012345679012346,0.5432098765432098,2.2222222222222223,2.765432098765432,1.7654320987654322,1.0493827160493827,0.2839506172839506,0.8024691358024691,2.6419753086419755,12.419753086419753,4.012345679012346,373.0,888.0,213.0,529.0,47.0,73.0,44.0,180.0,224.0,143.0,85.0,23.0,65.0,214.0,1006.0,325.0,81,1813.5555555555557,146898.0
