TEAM_ID,PLAYER_ID,PLAYER_NAME,avg(FGM),avg(FGA),avg(FG3M),avg(FG3A),avg(FTM),avg(FTA),avg(OREB),avg(DREB),avg(REB),avg(AST),avg(STL),avg(BLK),avg(TO),avg(PF),avg(PTS),avg(PLUS_MINUS),sum(FGM),sum(FGA),sum(FG3M),sum(FG3A),sum(FTM),sum(FTA),sum(OREB),sum(DREB),sum(REB),sum(AST),sum(STL),sum(BLK),sum(TO),sum(PF),sum(PTS),sum(PLUS_MINUS),sum(ifminute),avg(seconds),sum(seconds)
1610612746,101108,Chris Paul,6.746835443037975,14.670886075949367,1.6075949367088607,4.3544303797468356,3.848101265822785,4.291139240506329,0.5316455696202531,3.5822784810126582,4.113924050632911,9.860759493670885,1.9493670886075949,0.16455696202531644,2.632911392405063,2.4936708860759493,18.949367088607595,6.949367088607595,533.0,1159.0,127.0,344.0,304.0,339.0,42.0,283.0,325.0,779.0,154.0,13.0,208.0,197.0,1497.0,549.0,79,1927.1772151898733,152247.0
1610612762,203918,Rodney Hood,5.0813953488372094,12.104651162790697,1.9534883720930232,5.5,2.244186046511628,2.604651162790698,0.45348837209302323,2.86046511627907,3.313953488372093,2.616279069767442,0.8953488372093024,0.19767441860465115,1.569767441860465,2.546511627906977,14.36046511627907,1.558139534883721,437.0,1041.0,168.0,473.0,193.0,224.0,39.0,246.0,285.0,225.0,77.0,17.0,135.0,219.0,1235.0,134.0,86,1885.9883720930231,162195.0
1610612740,202347,Quincy Pondexter,"","","","","","","","","","","","","","","","","","","","","","","","","","","","","","","","",0,"",""
1610612737,201168,Tiago Splitter,2.097560975609756,4.195121951219512,0.0,0.04878048780487805,1.146341463414634,1.4634146341463414,1.2682926829268293,2.2439024390243905,3.5121951219512195,0.8536585365853658,0.5121951219512195,0.3902439024390244,0.6829268292682927,1.951219512195122,5.341463414634147,1.853658536585366,86.0,172.0,0.0,2.0,47.0,60.0,52.0,92.0,144.0,35.0,21.0,16.0,28.0,80.0,219.0,76.0,41,964.2682926829268,39535.0
1610612756,203955,Bryce Cotton,0.6666666666666666,2.6666666666666665,0.0,1.0,0.0,0.0,0.0,0.0,0.0,1.0,1.0,0.0,1.6666666666666667,0.6666666666666666,1.3333333333333333,-4.666666666666667,2.0,8.0,0.0,3.0,0.0,0.0,0.0,0.0,0.0,3.0,3.0,0.0,5.0,2.0,4.0,-14.0,3,654.0,1962.0
