TEAM_ID,PLAYER_ID,PLAYER_NAME,avg(FGM),avg(FGA),avg(FG3M),avg(FG3A),avg(FTM),avg(FTA),avg(OREB),avg(DREB),avg(REB),avg(AST),avg(STL),avg(BLK),avg(TO),avg(PF),avg(PTS),avg(PLUS_MINUS),sum(FGM),sum(FGA),sum(FG3M),sum(FG3A),sum(FTM),sum(FTA),sum(OREB),sum(DREB),sum(REB),sum(AST),sum(STL),sum(BLK),sum(TO),sum(PF),sum(PTS),sum(PLUS_MINUS),sum(ifminute),avg(seconds),sum(seconds)
1610612754,203524,Solomon Hill,1.596774193548387,3.596774193548387,0.4032258064516129,1.2580645161290323,0.6290322580645161,0.7419354838709677,0.6774193548387096,2.129032258064516,2.806451612903226,0.9193548387096774,0.6451612903225806,0.1774193548387097,0.5483870967741935,1.1290322580645162,4.225806451612903,0.3387096774193548,99.0,223.0,25.0,78.0,39.0,46.0,42.0,132.0,174.0,57.0,40.0,11.0,34.0,70.0,262.0,21.0,62,878.2903225806451,54454.0
1610612761,200768,Kyle Lowry,6.658536585365853,15.402439024390244,2.7560975609756095,6.987804878048781,5.195121951219512,6.402439024390244,0.7439024390243902,3.8902439024390243,4.634146341463414,6.329268292682927,2.024390243902439,0.4146341463414634,2.8292682926829267,2.6707317073170733,21.26829268292683,5.219512195121951,546.0,1263.0,226.0,573.0,426.0,525.0,61.0,319.0,380.0,519.0,166.0,34.0,232.0,219.0,1744.0,428.0,82,2181.731707317073,178902.0
