TEAM_ID,PLAYER_ID,PLAYER_NAME,avg(FGM),avg(FGA),avg(FG3M),avg(FG3A),avg(FTM),avg(FTA),avg(OREB),avg(DREB),avg(REB),avg(AST),avg(STL),avg(BLK),avg(TO),avg(PF),avg(PTS),avg(PLUS_MINUS),sum(FGM),sum(FGA),sum(FG3M),sum(FG3A),sum(FTM),sum(FTA),sum(OREB),sum(DREB),sum(REB),sum(AST),sum(STL),sum(BLK),sum(TO),sum(PF),sum(PTS),sum(PLUS_MINUS),sum(ifminute),avg(seconds),sum(seconds)
1610612748,1626159,Justise Winslow,2.4404761904761907,5.940476190476191,0.40476190476190477,1.5119047619047619,1.1428571428571428,1.6666666666666667,1.0476190476190477,4.142857142857143,5.190476190476191,1.6428571428571428,0.8809523809523809,0.34523809523809523,1.25,2.392857142857143,6.428571428571429,1.6428571428571428,205.0,499.0,34.0,127.0,96.0,140.0,88.0,348.0,436.0,138.0,74.0,29.0,105.0,201.0,540.0,138.0,84,1716.7142857142858,144204.0
1610612749,203142,Chris Copeland,0.9629629629629629,2.7777777777777777,0.5925925925925926,1.962962962962963,0.5925925925925926,0.7037037037037037,0.07407407407407407,0.7407407407407407,0.8148148148148148,0.5185185185185185,0.1111111111111111,0.0,0.2222222222222222,0.7777777777777778,3.111111111111111,-2.962962962962963,26.0,75.0,16.0,53.0,16.0,19.0,2.0,20.0,22.0,14.0,3.0,0.0,6.0,21.0,84.0,-80.0,27,507.2962962962963,13697.0
1610612766,203798,PJ Hairston,2.056603773584906,5.811320754716981,1.1320754716981132,3.660377358490566,0.7358490566037735,0.9056603773584906,0.3584905660377358,2.2452830188679247,2.6037735849056602,0.5849056603773585,0.5471698113207547,0.1320754716981132,0.49056603773584906,2.3207547169811322,5.981132075471698,-2.3962264150943398,109.0,308.0,60.0,194.0,39.0,48.0,19.0,119.0,138.0,31.0,29.0,7.0,26.0,123.0,317.0,-127.0,53,1172.3962264150944,62137.0
