TEAM_ID,PLAYER_ID,PLAYER_NAME,avg(FGM),avg(FGA),avg(FG3M),avg(FG3A),avg(FTM),avg(FTA),avg(OREB),avg(DREB),avg(REB),avg(AST),avg(STL),avg(BLK),avg(TO),avg(PF),avg(PTS),avg(PLUS_MINUS),sum(FGM),sum(FGA),sum(FG3M),sum(FG3A),sum(FTM),sum(FTA),sum(OREB),sum(DREB),sum(REB),sum(AST),sum(STL),sum(BLK),sum(TO),sum(PF),sum(PTS),sum(PLUS_MINUS),sum(ifminute),avg(seconds),sum(seconds)
1610612765,202699,Tobias Harris,6.148148148148148,12.88888888888889,1.2222222222222223,3.259259259259259,3.037037037037037,3.3333333333333335,0.9259259259259259,5.296296296296297,6.222222222222222,2.5925925925925926,0.6666666666666666,0.4444444444444444,1.1111111111111112,2.2962962962962963,16.555555555555557,1.8518518518518519,166.0,348.0,33.0,88.0,82.0,90.0,25.0,143.0,168.0,70.0,18.0,12.0,30.0,62.0,447.0,50.0,27,2007.5925925925926,54205.0
