TEAM_ID,PLAYER_ID,PLAYER_NAME,avg(FGM),avg(FGA),avg(FG3M),avg(FG3A),avg(FTM),avg(FTA),avg(OREB),avg(DREB),avg(REB),avg(AST),avg(STL),avg(BLK),avg(TO),avg(PF),avg(PTS),avg(PLUS_MINUS),sum(FGM),sum(FGA),sum(FG3M),sum(FG3A),sum(FTM),sum(FTA),sum(OREB),sum(DREB),sum(REB),sum(AST),sum(STL),sum(BLK),sum(TO),sum(PF),sum(PTS),sum(PLUS_MINUS),sum(ifminute),avg(seconds),sum(seconds)
1610612757,202329,Al-Farouq Aminu,3.6823529411764704,8.83529411764706,1.5176470588235293,4.247058823529412,1.4352941176470588,1.9411764705882353,1.2117647058823529,4.870588235294117,6.08235294117647,1.6823529411764706,0.8705882352941177,0.6705882352941176,1.5294117647058822,2.1176470588235294,10.31764705882353,0.7647058823529411,313.0,751.0,129.0,361.0,122.0,165.0,103.0,414.0,517.0,143.0,74.0,57.0,130.0,180.0,877.0,65.0,85,1717.6,145996.0
1610612766,203469,Cody Zeller,3.0987654320987654,5.802469135802469,0.06172839506172839,0.19753086419753085,2.345679012345679,3.185185185185185,1.7901234567901234,4.382716049382716,6.172839506172839,1.0246913580246915,0.7901234567901234,0.8024691358024691,0.9382716049382716,2.740740740740741,8.604938271604938,2.1728395061728394,251.0,470.0,5.0,16.0,190.0,258.0,145.0,355.0,500.0,83.0,64.0,65.0,76.0,222.0,697.0,176.0,81,1444.679012345679,117019.0
