TEAM_ID,PLAYER_ID,PLAYER_NAME,avg(FGM),avg(FGA),avg(FG3M),avg(FG3A),avg(FTM),avg(FTA),avg(OREB),avg(DREB),avg(REB),avg(AST),avg(STL),avg(BLK),avg(TO),avg(PF),avg(PTS),avg(PLUS_MINUS),sum(FGM),sum(FGA),sum(FG3M),sum(FG3A),sum(FTM),sum(FTA),sum(OREB),sum(DREB),sum(REB),sum(AST),sum(STL),sum(BLK),sum(TO),sum(PF),sum(PTS),sum(PLUS_MINUS),sum(ifminute),avg(seconds),sum(seconds)
1610612740,201967,Dante Cunningham,2.2528735632183907,5.137931034482759,0.6666666666666666,2.1724137931034484,0.735632183908046,1.0574712643678161,0.7471264367816092,2.425287356321839,3.1724137931034484,0.9655172413793104,0.5287356321839081,0.42528735632183906,0.5632183908045977,2.264367816091954,5.908045977011494,-3.0804597701149423,196.0,447.0,58.0,189.0,64.0,92.0,65.0,211.0,276.0,84.0,46.0,37.0,49.0,197.0,514.0,-268.0,87,1496.9310344827586,130233.0
