TEAM_ID,PLAYER_ID,PLAYER_NAME,avg(FGM),avg(FGA),avg(FG3M),avg(FG3A),avg(FTM),avg(FTA),avg(OREB),avg(DREB),avg(REB),avg(AST),avg(STL),avg(BLK),avg(TO),avg(PF),avg(PTS),avg(PLUS_MINUS),sum(FGM),sum(FGA),sum(FG3M),sum(FG3A),sum(FTM),sum(FTA),sum(OREB),sum(DREB),sum(REB),sum(AST),sum(STL),sum(BLK),sum(TO),sum(PF),sum(PTS),sum(PLUS_MINUS),sum(ifminute),avg(seconds),sum(seconds)
1610612737,2743,Kris Humphries,2.238095238095238,4.809523809523809,0.38095238095238093,1.4761904761904763,1.5238095238095237,2.142857142857143,0.9523809523809523,2.4285714285714284,3.380952380952381,0.6190476190476191,0.47619047619047616,0.3333333333333333,0.6666666666666666,2.0952380952380953,6.380952380952381,-0.047619047619047616,47.0,101.0,8.0,31.0,32.0,45.0,20.0,51.0,71.0,13.0,10.0,7.0,14.0,44.0,134.0,-1.0,21,842.952380952381,17702.0
1610612739,201619,Sasha Kaun,0.45161290322580644,0.9032258064516129,0.0,0.0,0.3548387096774194,0.7419354838709677,0.5161290322580645,1.1290322580645162,1.6451612903225807,0.1935483870967742,0.16129032258064516,0.22580645161290322,0.4838709677419355,0.8387096774193549,1.2580645161290323,-0.0967741935483871,14.0,28.0,0.0,0.0,11.0,23.0,16.0,35.0,51.0,6.0,5.0,7.0,15.0,26.0,39.0,-3.0,31,393.80645161290323,12208.0
