TEAM_ID,PLAYER_ID,PLAYER_NAME,avg(FGM),avg(FGA),avg(FG3M),avg(FG3A),avg(FTM),avg(FTA),avg(OREB),avg(DREB),avg(REB),avg(AST),avg(STL),avg(BLK),avg(TO),avg(PF),avg(PTS),avg(PLUS_MINUS),sum(FGM),sum(FGA),sum(FG3M),sum(FG3A),sum(FTM),sum(FTA),sum(OREB),sum(DREB),sum(REB),sum(AST),sum(STL),sum(BLK),sum(TO),sum(PF),sum(PTS),sum(PLUS_MINUS),sum(ifminute),avg(seconds),sum(seconds)
1610612747,1626204,Larry Nance Jr.,2.462686567164179,4.626865671641791,0.04477611940298507,0.1791044776119403,0.5074626865671642,0.7910447761194029,1.5522388059701493,3.3134328358208953,4.865671641791045,0.7164179104477612,0.8656716417910447,0.34328358208955223,0.6119402985074627,1.9402985074626866,5.477611940298507,-1.5223880597014925,165.0,310.0,3.0,12.0,34.0,53.0,104.0,222.0,326.0,48.0,58.0,23.0,41.0,130.0,367.0,-102.0,67,1176.2238805970148,78807.0
1610612759,2561,David West,3.0714285714285716,5.690476190476191,0.03571428571428571,0.08333333333333333,0.8095238095238095,1.0238095238095237,0.9404761904761905,3.0238095238095237,3.9642857142857144,1.7976190476190477,0.5714285714285714,0.7261904761904762,0.9166666666666666,1.8928571428571428,6.988095238095238,3.6666666666666665,258.0,478.0,3.0,7.0,68.0,86.0,79.0,254.0,333.0,151.0,48.0,61.0,77.0,159.0,587.0,308.0,84,1076.952380952381,90464.0
1610612761,1626153,Delon Wright,1.3235294117647058,3.0,0.20588235294117646,0.5294117647058824,0.7941176470588235,1.1176470588235294,0.29411764705882354,1.1470588235294117,1.4411764705882353,1.1176470588235294,0.29411764705882354,0.08823529411764706,0.7058823529411765,0.2647058823529412,3.6470588235294117,-0.4411764705882353,45.0,102.0,7.0,18.0,27.0,38.0,10.0,39.0,49.0,38.0,10.0,3.0,24.0,9.0,124.0,-15.0,34,532.2352941176471,18096.0
1610612745,1626269,Denzel Livingston,2.25,6.75,1.0,3.25,2.0,2.75,0.5,1.5,2.0,1.5,1.0,0.0,0.25,0.5,7.5,3.0,9.0,27.0,4.0,13.0,8.0,11.0,2.0,6.0,8.0,6.0,4.0,0.0,1.0,2.0,30.0,12.0,4,691.75,2767.0
