TEAM_ID,PLAYER_ID,PLAYER_NAME,avg(FGM),avg(FGA),avg(FG3M),avg(FG3A),avg(FTM),avg(FTA),avg(OREB),avg(DREB),avg(REB),avg(AST),avg(STL),avg(BLK),avg(TO),avg(PF),avg(PTS),avg(PLUS_MINUS),sum(FGM),sum(FGA),sum(FG3M),sum(FG3A),sum(FTM),sum(FTA),sum(OREB),sum(DREB),sum(REB),sum(AST),sum(STL),sum(BLK),sum(TO),sum(PF),sum(PTS),sum(PLUS_MINUS),sum(ifminute),avg(seconds),sum(seconds)
1610612757,202334,Ed Davis,2.5113636363636362,4.215909090909091,0.0,0.0,1.4204545454545454,2.5,2.727272727272727,4.670454545454546,7.3977272727272725,1.0795454545454546,0.7386363636363636,0.9318181818181818,0.7954545454545454,2.4545454545454546,6.443181818181818,0.3181818181818182,221.0,371.0,0.0,0.0,125.0,220.0,240.0,411.0,651.0,95.0,65.0,82.0,70.0,216.0,567.0,28.0,88,1255.1136363636363,110450.0
1610612756,202720,Jon Leuer,3.328767123287671,6.835616438356165,0.6575342465753424,1.6712328767123288,1.2328767123287672,1.643835616438356,1.1643835616438356,4.47945205479452,5.6438356164383565,1.1095890410958904,0.5753424657534246,0.4383561643835616,1.095890410958904,1.904109589041096,8.547945205479452,-0.547945205479452,243.0,499.0,48.0,122.0,90.0,120.0,85.0,327.0,412.0,81.0,42.0,32.0,80.0,139.0,624.0,-40.0,73,1115.8082191780823,81454.0
1610612759,2588,Matt Bonner,0.90625,1.875,0.46875,1.15625,0.09375,0.125,0.09375,0.78125,0.875,0.28125,0.1875,0.03125,0.09375,0.5,2.375,1.625,29.0,60.0,15.0,37.0,3.0,4.0,3.0,25.0,28.0,9.0,6.0,1.0,3.0,16.0,76.0,52.0,32,409.0625,13090.0
1610612742,202083,Wesley Matthews,4.227848101265823,10.886075949367088,2.4050632911392404,6.670886075949367,1.5949367088607596,1.8481012658227849,0.34177215189873417,2.7088607594936707,3.050632911392405,1.9367088607594938,1.0126582278481013,0.21518987341772153,0.9873417721518988,2.278481012658228,12.455696202531646,1.2784810126582278,334.0,860.0,190.0,527.0,126.0,146.0,27.0,214.0,241.0,153.0,80.0,17.0,78.0,180.0,984.0,101.0,79,2020.139240506329,159591.0
1610612745,201977,Marcus Thornton,3.7169811320754715,9.566037735849056,1.5849056603773586,4.773584905660377,1.0754716981132075,1.2641509433962264,0.7169811320754716,1.8679245283018868,2.5849056603773586,1.4339622641509433,0.7547169811320755,0.05660377358490566,0.8301886792452831,1.5660377358490567,10.09433962264151,0.2830188679245283,197.0,507.0,84.0,253.0,57.0,67.0,38.0,99.0,137.0,76.0,40.0,3.0,44.0,83.0,535.0,15.0,53,1155.4905660377358,61241.0
