TEAM_ID,PLAYER_ID,PLAYER_NAME,avg(FGM),avg(FGA),avg(FG3M),avg(FG3A),avg(FTM),avg(FTA),avg(OREB),avg(DREB),avg(REB),avg(AST),avg(STL),avg(BLK),avg(TO),avg(PF),avg(PTS),avg(PLUS_MINUS),sum(FGM),sum(FGA),sum(FG3M),sum(FG3A),sum(FTM),sum(FTA),sum(OREB),sum(DREB),sum(REB),sum(AST),sum(STL),sum(BLK),sum(TO),sum(PF),sum(PTS),sum(PLUS_MINUS),sum(ifminute),avg(seconds),sum(seconds)
1610612741,202703,Nikola Mirotic,3.77027027027027,9.162162162162161,2.027027027027027,5.202702702702703,2.324324324324324,2.864864864864865,0.8783783783783784,4.675675675675675,5.554054054054054,1.5405405405405406,0.8783783783783784,0.6621621621621622,1.635135135135135,2.324324324324324,11.891891891891891,0.47297297297297297,279.0,678.0,150.0,385.0,172.0,212.0,65.0,346.0,411.0,114.0,65.0,49.0,121.0,172.0,880.0,35.0,74,1481.0135135135135,109595.0
1610612739,203521,Matthew Dellavedova,2.792682926829268,6.853658536585366,1.3048780487804879,3.1341463414634148,0.7195121951219512,0.8292682926829268,0.43902439024390244,1.7073170731707317,2.1463414634146343,4.402439024390244,0.5975609756097561,0.10975609756097561,1.5121951219512195,2.317073170731707,7.609756097560975,4.2926829268292686,229.0,562.0,107.0,257.0,59.0,68.0,36.0,140.0,176.0,361.0,49.0,9.0,124.0,190.0,624.0,352.0,82,1469.439024390244,120494.0
1610612760,203500,Steven Adams,3.2976190476190474,5.333333333333333,0.0,0.0,1.4642857142857142,2.5238095238095237,2.75,3.9404761904761907,6.690476190476191,0.8214285714285714,0.5238095238095238,1.1071428571428572,1.130952380952381,2.7857142857142856,8.05952380952381,5.964285714285714,277.0,448.0,0.0,0.0,123.0,212.0,231.0,331.0,562.0,69.0,44.0,93.0,95.0,234.0,677.0,501.0,84,1514.7142857142858,127236.0
1610612752,203124,Kyle O'Quinn,2.0579710144927534,4.304347826086956,0.07246376811594203,0.36231884057971014,0.782608695652174,1.0,1.1884057971014492,2.927536231884058,4.115942028985507,1.1304347826086956,0.3188405797101449,0.782608695652174,0.9565217391304348,1.7246376811594204,4.971014492753623,-0.9855072463768116,142.0,297.0,5.0,25.0,54.0,69.0,82.0,202.0,284.0,78.0,22.0,54.0,66.0,119.0,343.0,-68.0,69,733.0869565217391,50583.0
