TEAM_ID,PLAYER_ID,PLAYER_NAME,avg(FGM),avg(FGA),avg(FG3M),avg(FG3A),avg(FTM),avg(FTA),avg(OREB),avg(DREB),avg(REB),avg(AST),avg(STL),avg(BLK),avg(TO),avg(PF),avg(PTS),avg(PLUS_MINUS),sum(FGM),sum(FGA),sum(FG3M),sum(FG3A),sum(FTM),sum(FTA),sum(OREB),sum(DREB),sum(REB),sum(AST),sum(STL),sum(BLK),sum(TO),sum(PF),sum(PTS),sum(PLUS_MINUS),sum(ifminute),avg(seconds),sum(seconds)
1610612744,2738,Andre Iguodala,2.6338028169014085,5.52112676056338,0.8028169014084507,2.323943661971831,0.7887323943661971,1.295774647887324,0.7464788732394366,3.084507042253521,3.8309859154929575,3.211267605633803,1.0845070422535212,0.30985915492957744,1.2253521126760563,1.5070422535211268,6.859154929577465,6.436619718309859,187.0,392.0,57.0,165.0,56.0,92.0,53.0,219.0,272.0,228.0,77.0,22.0,87.0,107.0,487.0,457.0,71,1541.2394366197184,109428.0
1610612738,203923,James Young,0.5588235294117647,1.8823529411764706,0.35294117647058826,1.2352941176470589,0.20588235294117646,0.35294117647058826,0.14705882352941177,0.8823529411764706,1.0294117647058822,0.35294117647058826,0.23529411764705882,0.058823529411764705,0.20588235294117646,0.6764705882352942,1.6764705882352942,-0.6470588235294118,19.0,64.0,12.0,42.0,7.0,12.0,5.0,30.0,35.0,12.0,8.0,2.0,7.0,23.0,57.0,-22.0,34,480.52941176470586,16338.0
1610612756,203111,Orlando Johnson,2.5,8.5,0.5,2.5,2.5,3.0,1.5,3.0,4.5,0.0,1.0,1.5,0.5,2.5,8.0,-1.0,5.0,17.0,1.0,5.0,5.0,6.0,3.0,6.0,9.0,0.0,2.0,3.0,1.0,5.0,16.0,-2.0,2,1421.5,2843.0
1610612755,203510,Pierre Jackson,0.3333333333333333,4.666666666666667,0.0,2.0,1.3333333333333333,1.3333333333333333,1.0,1.6666666666666667,2.6666666666666665,2.3333333333333335,0.3333333333333333,0.0,1.6666666666666667,1.0,2.0,-9.0,1.0,14.0,0.0,6.0,4.0,4.0,3.0,5.0,8.0,7.0,1.0,0.0,5.0,3.0,6.0,-27.0,3,858.0,2574.0
1610612766,1626280,Sam Thompson,0.4,1.2,0.0,0.4,0.0,0.0,0.0,0.2,0.2,0.0,0.2,0.0,0.0,0.4,0.8,0.8,2.0,6.0,0.0,2.0,0.0,0.0,0.0,1.0,1.0,0.0,1.0,0.0,0.0,2.0,4.0,4.0,5,363.6,1818.0
