TEAM_ID,PLAYER_ID,PLAYER_NAME,avg(FGM),avg(FGA),avg(FG3M),avg(FG3A),avg(FTM),avg(FTA),avg(OREB),avg(DREB),avg(REB),avg(AST),avg(STL),avg(BLK),avg(TO),avg(PF),avg(PTS),avg(PLUS_MINUS),sum(FGM),sum(FGA),sum(FG3M),sum(FG3A),sum(FTM),sum(FTA),sum(OREB),sum(DREB),sum(REB),sum(AST),sum(STL),sum(BLK),sum(TO),sum(PF),sum(PTS),sum(PLUS_MINUS),sum(ifminute),avg(seconds),sum(seconds)
1610612745,203909,KJ McDaniels,1.0666666666666667,2.8666666666666667,0.26666666666666666,1.0222222222222221,1.1777777777777778,1.4444444444444444,0.6,1.1777777777777778,1.7777777777777777,0.4666666666666667,0.28888888888888886,0.3111111111111111,0.6222222222222222,1.1333333333333333,3.577777777777778,0.8,48.0,129.0,12.0,46.0,53.0,65.0,27.0,53.0,80.0,21.0,13.0,14.0,28.0,51.0,161.0,36.0,45,509.55555555555554,22930.0
1610612737,203501,Tim Hardaway Jr.,2.1724137931034484,5.362068965517241,0.9482758620689655,2.913793103448276,1.0,1.1206896551724137,0.15517241379310345,1.603448275862069,1.7586206896551724,0.9827586206896551,0.39655172413793105,0.1206896551724138,0.4827586206896552,0.9827586206896551,6.293103448275862,1.3448275862068966,126.0,311.0,55.0,169.0,58.0,65.0,9.0,93.0,102.0,57.0,23.0,7.0,28.0,57.0,365.0,78.0,58,1034.4827586206898,60000.0
1610612752,204001,Kristaps Porzingis,5.12,12.2,1.0933333333333333,3.3066666666666666,2.68,3.2,1.8533333333333333,5.453333333333333,7.306666666666667,1.3733333333333333,0.7333333333333333,1.8266666666666667,1.6666666666666667,2.8133333333333335,14.013333333333334,0.18666666666666668,384.0,915.0,82.0,248.0,201.0,240.0,139.0,409.0,548.0,103.0,55.0,137.0,125.0,211.0,1051.0,14.0,75,1682.7733333333333,126208.0
1610612739,2590,Mo Williams,3.1956521739130435,7.478260869565218,0.8913043478260869,2.630434782608696,1.0217391304347827,1.1304347826086956,0.17391304347826086,1.7608695652173914,1.934782608695652,2.4782608695652173,0.34782608695652173,0.10869565217391304,1.5217391304347827,1.4782608695652173,8.304347826086957,-0.7608695652173914,147.0,344.0,41.0,121.0,47.0,52.0,8.0,81.0,89.0,114.0,16.0,5.0,70.0,68.0,382.0,-35.0,46,1120.6521739130435,51550.0
