TEAM_ID,PLAYER_ID,PLAYER_NAME,avg(FGM),avg(FGA),avg(FG3M),avg(FG3A),avg(FTM),avg(FTA),avg(OREB),avg(DREB),avg(REB),avg(AST),avg(STL),avg(BLK),avg(TO),avg(PF),avg(PTS),avg(PLUS_MINUS),sum(FGM),sum(FGA),sum(FG3M),sum(FG3A),sum(FTM),sum(FTA),sum(OREB),sum(DREB),sum(REB),sum(AST),sum(STL),sum(BLK),sum(TO),sum(PF),sum(PTS),sum(PLUS_MINUS),sum(ifminute),avg(seconds),sum(seconds)
1610612763,200770,Jordan Farmar,3.5,8.333333333333334,1.3333333333333333,3.75,0.8333333333333334,0.8333333333333334,0.3333333333333333,1.75,2.0833333333333335,3.0833333333333335,1.25,0.16666666666666666,1.5,1.8333333333333333,9.166666666666666,-5.333333333333333,42.0,100.0,16.0,45.0,10.0,10.0,4.0,21.0,25.0,37.0,15.0,2.0,18.0,22.0,110.0,-64.0,12,1456.5,17478.0
1610612744,203546,Ian Clark,1.4246575342465753,3.3013698630136985,0.4794520547945205,1.3150684931506849,0.4657534246575342,0.5616438356164384,0.2054794520547945,0.8356164383561644,1.0410958904109588,1.0136986301369864,0.2328767123287671,0.1917808219178082,0.7123287671232876,0.958904109589041,3.7945205479452055,-1.3972602739726028,104.0,241.0,35.0,96.0,34.0,41.0,15.0,61.0,76.0,74.0,17.0,14.0,52.0,70.0,277.0,-102.0,73,550.5205479452055,40188.0
1610612740,202690,Jimmer Fredette,0.25,1.0,0.0,0.25,0.0,0.0,0.0,0.0,0.0,0.25,0.25,0.0,0.25,0.25,0.5,-4.75,1.0,4.0,0.0,1.0,0.0,0.0,0.0,0.0,0.0,1.0,1.0,0.0,1.0,1.0,2.0,-19.0,4,188.0,752.0
