TEAM_ID,PLAYER_ID,PLAYER_NAME,avg(FGM),avg(FGA),avg(FG3M),avg(FG3A),avg(FTM),avg(FTA),avg(OREB),avg(DREB),avg(REB),avg(AST),avg(STL),avg(BLK),avg(TO),avg(PF),avg(PTS),avg(PLUS_MINUS),sum(FGM),sum(FGA),sum(FG3M),sum(FG3A),sum(FTM),sum(FTA),sum(OREB),sum(DREB),sum(REB),sum(AST),sum(STL),sum(BLK),sum(TO),sum(PF),sum(PTS),sum(PLUS_MINUS),sum(ifminute),avg(seconds),sum(seconds)
1610612763,203210,JaMychal Green,2.9397590361445785,6.253012048192771,0.1927710843373494,0.5662650602409639,1.2891566265060241,1.7108433734939759,1.7590361445783131,3.036144578313253,4.795180722891566,0.8674698795180723,0.5542168674698795,0.40963855421686746,1.072289156626506,2.3493975903614457,7.36144578313253,0.04819277108433735,244.0,519.0,16.0,47.0,107.0,142.0,146.0,252.0,398.0,72.0,46.0,34.0,89.0,195.0,611.0,4.0,83,1096.5301204819277,91012.0
1610612742,201580,JaVale McGee,2.264705882352941,3.9411764705882355,0.0,0.029411764705882353,0.5294117647058824,1.0588235294117647,1.5588235294117647,2.3529411764705883,3.911764705882353,0.08823529411764706,0.14705882352941177,0.7647058823529411,0.6176470588235294,1.4411764705882353,5.0588235294117645,-1.588235294117647,77.0,134.0,0.0,1.0,18.0,36.0,53.0,80.0,133.0,3.0,5.0,26.0,21.0,49.0,172.0,-54.0,34,652.5882352941177,22188.0
