TEAM_ID,PLAYER_ID,PLAYER_NAME,avg(FGM),avg(FGA),avg(FG3M),avg(FG3A),avg(FTM),avg(FTA),avg(OREB),avg(DREB),avg(REB),avg(AST),avg(STL),avg(BLK),avg(TO),avg(PF),avg(PTS),avg(PLUS_MINUS),sum(FGM),sum(FGA),sum(FG3M),sum(FG3A),sum(FTM),sum(FTA),sum(OREB),sum(DREB),sum(REB),sum(AST),sum(STL),sum(BLK),sum(TO),sum(PF),sum(PTS),sum(PLUS_MINUS),sum(ifminute),avg(seconds),sum(seconds)
1610612764,202066,Garrett Temple,2.4698795180722892,6.301204819277109,1.0963855421686748,3.1927710843373496,1.1204819277108433,1.5301204819277108,0.46987951807228917,2.2289156626506026,2.6987951807228914,1.7951807228915662,0.8433734939759037,0.2289156626506024,0.7831325301204819,2.4096385542168677,7.156626506024097,-0.4457831325301205,205.0,523.0,91.0,265.0,93.0,127.0,39.0,185.0,224.0,149.0,70.0,19.0,65.0,200.0,594.0,-37.0,83,1449.9638554216867,120347.0
1610612760,201586,Serge Ibaka,5.341463414634147,11.060975609756097,0.7682926829268293,2.3048780487804876,1.170731707317073,1.548780487804878,1.7560975609756098,5.024390243902439,6.780487804878049,0.8170731707317073,0.47560975609756095,1.8780487804878048,1.3902439024390243,2.682926829268293,12.621951219512194,7.060975609756097,438.0,907.0,63.0,189.0,96.0,127.0,144.0,412.0,556.0,67.0,39.0,154.0,114.0,220.0,1035.0,579.0,82,1904.0487804878048,156132.0
1610612757,203515,Phil Pressey,1.5,5.5,0.5,2.0,1.25,1.5,1.0,0.75,1.75,2.0,0.25,0.25,1.0,3.0,4.75,-8.25,6.0,22.0,2.0,8.0,5.0,6.0,4.0,3.0,7.0,8.0,1.0,1.0,4.0,12.0,19.0,-33.0,4,985.0,3940.0
