TEAM_ID,PLAYER_ID,PLAYER_NAME,avg(FGM),avg(FGA),avg(FG3M),avg(FG3A),avg(FTM),avg(FTA),avg(OREB),avg(DREB),avg(REB),avg(AST),avg(STL),avg(BLK),avg(TO),avg(PF),avg(PTS),avg(PLUS_MINUS),sum(FGM),sum(FGA),sum(FG3M),sum(FG3A),sum(FTM),sum(FTA),sum(OREB),sum(DREB),sum(REB),sum(AST),sum(STL),sum(BLK),sum(TO),sum(PF),sum(PTS),sum(PLUS_MINUS),sum(ifminute),avg(seconds),sum(seconds)
1610612756,203141,Mirza Teletovic,4.094117647058823,9.729411764705882,2.2705882352941176,5.8,1.4823529411764707,1.8941176470588235,0.7058823529411765,3.1294117647058823,3.835294117647059,1.1411764705882352,0.4117647058823529,0.25882352941176473,1.0823529411764705,2.023529411764706,11.941176470588236,-1.6941176470588235,348.0,827.0,193.0,493.0,126.0,161.0,60.0,266.0,326.0,97.0,35.0,22.0,92.0,172.0,1015.0,-144.0,85,1267.729411764706,107757.0
