PLAYER_ID,PLAYER_NAME,avg(FGM),avg(FGA),avg(FG3M),avg(FG3A),avg(FTM),avg(FTA),avg(OREB),avg(DREB),avg(REB),avg(AST),avg(STL),avg(BLK),avg(TO),avg(PF),avg(PTS),avg(PLUS_MINUS),sum(FGM),sum(FGA),sum(FG3M),sum(FG3A),sum(FTM),sum(FTA),sum(OREB),sum(DREB),sum(REB),sum(AST),sum(STL),sum(BLK),sum(TO),sum(PF),sum(PTS),sum(PLUS_MINUS),sum(ifminute),avg(seconds),sum(seconds)
201202,Joel Anthony,1.1262135922330097,2.0,0.0,0.0,0.7184466019417476,0.9902912621359223,1.2815533980582525,1.9514563106796117,3.233009708737864,0.1262135922330097,0.42718446601941745,1.1067961165048543,0.6019417475728155,1.7184466019417475,2.970873786407767,2.6372549019607843,116.0,206.0,0.0,0.0,74.0,102.0,132.0,201.0,333.0,13.0,44.0,114.0,62.0,177.0,306.0,269.0,103,1056.3009708737864,108799.0
