PLAYER_ID,PLAYER_NAME,avg(FGM),avg(FGA),avg(FG3M),avg(FG3A),avg(FTM),avg(FTA),avg(OREB),avg(DREB),avg(REB),avg(AST),avg(STL),avg(BLK),avg(TO),avg(PF),avg(PTS),avg(PLUS_MINUS),sum(FGM),sum(FGA),sum(FG3M),sum(FG3A),sum(FTM),sum(FTA),sum(OREB),sum(DREB),sum(REB),sum(AST),sum(STL),sum(BLK),sum(TO),sum(PF),sum(PTS),sum(PLUS_MINUS),sum(ifminute),avg(seconds),sum(seconds)
201590,Donte Greene,"","","","","","","","","","","","","","","","","","","","","","","","","","","","","","","","",0,"",""
203101,Miles Plumlee,0.8421052631578947,2.210526315789474,0.0,0.0,0.3157894736842105,0.42105263157894735,0.7368421052631579,0.8947368421052632,1.631578947368421,0.10526315789473684,0.0,0.3157894736842105,0.2631578947368421,0.5789473684210527,2.0,-0.8571428571428571,16.0,42.0,0.0,0.0,6.0,8.0,14.0,17.0,31.0,2.0,0.0,6.0,5.0,11.0,38.0,-12.0,19,177.10526315789474,3365.0
202698,Chris Singleton,1.7301587301587302,4.365079365079365,0.12698412698412698,0.6031746031746031,0.8253968253968254,1.3650793650793651,1.0,2.4603174603174605,3.4603174603174605,0.6190476190476191,0.6984126984126984,0.38095238095238093,0.7936507936507936,2.1904761904761907,4.412698412698413,-1.5789473684210527,109.0,275.0,8.0,38.0,52.0,86.0,63.0,155.0,218.0,39.0,44.0,24.0,50.0,138.0,278.0,-90.0,63,881.7301587301587,55549.0
