PLAYER_ID,PLAYER_NAME,avg(FGM),avg(FGA),avg(FG3M),avg(FG3A),avg(FTM),avg(FTA),avg(OREB),avg(DREB),avg(REB),avg(AST),avg(STL),avg(BLK),avg(TO),avg(PF),avg(PTS),avg(PLUS_MINUS),sum(FGM),sum(FGA),sum(FG3M),sum(FG3A),sum(FTM),sum(FTA),sum(OREB),sum(DREB),sum(REB),sum(AST),sum(STL),sum(BLK),sum(TO),sum(PF),sum(PTS),sum(PLUS_MINUS),sum(ifminute),avg(seconds),sum(seconds)
2744,Al Jefferson,7.8316831683168315,15.98019801980198,0.0297029702970297,0.1188118811881188,2.207920792079208,2.762376237623762,2.0792079207920793,7.346534653465347,9.425742574257425,2.118811881188119,0.8514851485148515,1.4455445544554455,1.118811881188119,2.514851485148515,17.900990099009903,0.6344086021505376,791.0,1614.0,3.0,12.0,223.0,279.0,210.0,742.0,952.0,214.0,86.0,146.0,113.0,254.0,1808.0,59.0,101,1869.2376237623762,188793.0
202338,Kevin Seraphin,4.141176470588236,8.4,0.0,0.011764705882352941,0.7411764705882353,1.1411764705882352,1.8941176470588235,3.211764705882353,5.105882352941176,0.6705882352941176,0.32941176470588235,1.2,1.423529411764706,2.552941176470588,9.023529411764706,-2.402439024390244,352.0,714.0,0.0,1.0,63.0,97.0,161.0,273.0,434.0,57.0,28.0,102.0,121.0,217.0,767.0,-197.0,85,1297.4705882352941,110285.0
203159,Scott Machado,0.9090909090909091,2.727272727272727,0.09090909090909091,0.5454545454545454,0.5454545454545454,0.6363636363636364,0.2727272727272727,0.7272727272727273,1.0,3.4545454545454546,0.18181818181818182,0.0,1.1818181818181819,0.36363636363636365,2.4545454545454546,-1.2,10.0,30.0,1.0,6.0,6.0,7.0,3.0,8.0,11.0,38.0,2.0,0.0,13.0,4.0,27.0,-6.0,11,109.0,1199.0
