PLAYER_ID,PLAYER_NAME,avg(FGM),avg(FGA),avg(FG3M),avg(FG3A),avg(FTM),avg(FTA),avg(OREB),avg(DREB),avg(REB),avg(AST),avg(STL),avg(BLK),avg(TO),avg(PF),avg(PTS),avg(PLUS_MINUS),sum(FGM),sum(FGA),sum(FG3M),sum(FG3A),sum(FTM),sum(FTA),sum(OREB),sum(DREB),sum(REB),sum(AST),sum(STL),sum(BLK),sum(TO),sum(PF),sum(PTS),sum(PLUS_MINUS),sum(ifminute),avg(seconds),sum(seconds)
200779,Steve Novak,2.8131868131868134,6.153846153846154,2.3516483516483517,5.065934065934066,0.4065934065934066,0.46153846153846156,0.25274725274725274,1.9230769230769231,2.1758241758241756,0.3626373626373626,0.34065934065934067,0.17582417582417584,0.31868131868131866,1.1758241758241759,8.384615384615385,2.7411764705882353,256.0,560.0,214.0,461.0,37.0,42.0,23.0,175.0,198.0,33.0,31.0,16.0,29.0,107.0,763.0,233.0,91,1190.7802197802198,108361.0
202329,Al-Farouq Aminu,2.6382978723404253,6.180851063829787,0.18085106382978725,0.6808510638297872,1.4148936170212767,1.925531914893617,1.4680851063829787,3.6914893617021276,5.159574468085107,1.1808510638297873,1.0106382978723405,0.5531914893617021,1.6063829787234043,2.0851063829787235,6.872340425531915,-1.1379310344827587,248.0,581.0,17.0,64.0,133.0,181.0,138.0,347.0,485.0,111.0,95.0,52.0,151.0,196.0,646.0,-99.0,94,1320.3191489361702,124110.0
202360,Andy Rautins,2.5,4.75,1.5,3.25,0.5,0.5,0.0,1.25,1.25,0.75,1.0,0.0,0.25,0.75,7.0,"",10.0,19.0,6.0,13.0,2.0,2.0,0.0,5.0,5.0,3.0,4.0,0.0,1.0,3.0,28.0,"",4,11.5,46.0
