PLAYER_ID,PLAYER_NAME,avg(FGM),avg(FGA),avg(FG3M),avg(FG3A),avg(FTM),avg(FTA),avg(OREB),avg(DREB),avg(REB),avg(AST),avg(STL),avg(BLK),avg(TO),avg(PF),avg(PTS),avg(PLUS_MINUS),sum(FGM),sum(FGA),sum(FG3M),sum(FG3A),sum(FTM),sum(FTA),sum(OREB),sum(DREB),sum(REB),sum(AST),sum(STL),sum(BLK),sum(TO),sum(PF),sum(PTS),sum(PLUS_MINUS),sum(ifminute),avg(seconds),sum(seconds)
2400,Drew Gooden,1.3478260869565217,4.260869565217392,0.08695652173913043,0.34782608695652173,0.9565217391304348,1.2608695652173914,0.8260869565217391,1.2608695652173914,2.0869565217391304,0.7391304347826086,0.2608695652173913,0.34782608695652173,0.7391304347826086,1.3043478260869565,3.739130434782609,-1.0,31.0,98.0,2.0,8.0,22.0,29.0,19.0,29.0,48.0,17.0,6.0,8.0,17.0,30.0,86.0,-16.0,23,398.82608695652175,9173.0
2679,Matt Carroll,0.16666666666666666,1.3333333333333333,0.0,1.0,0.5,0.5,0.0,1.3333333333333333,1.3333333333333333,0.6666666666666666,0.16666666666666666,0.0,0.5,0.8333333333333334,0.8333333333333334,-2.0,1.0,8.0,0.0,6.0,3.0,3.0,0.0,8.0,8.0,4.0,1.0,0.0,3.0,5.0,5.0,-2.0,6,63.166666666666664,379.0
