PLAYER_ID,PLAYER_NAME,avg(FGM),avg(FGA),avg(FG3M),avg(FG3A),avg(FTM),avg(FTA),avg(OREB),avg(DREB),avg(REB),avg(AST),avg(STL),avg(BLK),avg(TO),avg(PF),avg(PTS),avg(PLUS_MINUS),sum(FGM),sum(FGA),sum(FG3M),sum(FG3A),sum(FTM),sum(FTA),sum(OREB),sum(DREB),sum(REB),sum(AST),sum(STL),sum(BLK),sum(TO),sum(PF),sum(PTS),sum(PLUS_MINUS),sum(ifminute),avg(seconds),sum(seconds)
201959,Taj Gibson,3.0952380952380953,6.583333333333333,0.0,0.08333333333333333,1.5,2.130952380952381,1.9047619047619047,3.2976190476190474,5.2023809523809526,0.7976190476190477,0.42857142857142855,1.2976190476190477,1.2142857142857142,2.75,7.690476190476191,0.974025974025974,260.0,553.0,0.0,7.0,126.0,179.0,160.0,277.0,437.0,67.0,36.0,109.0,102.0,231.0,646.0,75.0,84,1191.1666666666667,100058.0
