PLAYER_ID,PLAYER_NAME,avg(FGM),avg(FGA),avg(FG3M),avg(FG3A),avg(FTM),avg(FTA),avg(OREB),avg(DREB),avg(REB),avg(AST),avg(STL),avg(BLK),avg(TO),avg(PF),avg(PTS),avg(PLUS_MINUS),sum(FGM),sum(FGA),sum(FG3M),sum(FG3A),sum(FTM),sum(FTA),sum(OREB),sum(DREB),sum(REB),sum(AST),sum(STL),sum(BLK),sum(TO),sum(PF),sum(PTS),sum(PLUS_MINUS),sum(ifminute),avg(seconds),sum(seconds)
202719,Jeremy Tyler,1.8214285714285714,4.25,0.0,0.017857142857142856,0.6428571428571429,1.0892857142857142,1.1071428571428572,1.7321428571428572,2.8392857142857144,0.2857142857142857,0.32142857142857145,0.4107142857142857,0.8035714285714286,1.8214285714285714,4.285714285714286,-2.52,102.0,238.0,0.0,1.0,36.0,61.0,62.0,97.0,159.0,16.0,18.0,23.0,45.0,102.0,240.0,-126.0,56,632.4107142857143,35415.0
203108,Bernard James,1.4583333333333333,2.8333333333333335,0.0,0.041666666666666664,0.875,1.4166666666666667,1.5416666666666667,2.2083333333333335,3.75,0.041666666666666664,0.2916666666666667,1.0416666666666667,0.4583333333333333,1.2916666666666667,3.7916666666666665,0.0,35.0,68.0,0.0,1.0,21.0,34.0,37.0,53.0,90.0,1.0,7.0,25.0,11.0,31.0,91.0,0.0,24,528.7916666666666,12691.0
201207,Coby Karl,1.25,2.5,1.0,1.25,1.25,1.5,0.25,1.0,1.25,2.0,0.5,0.0,0.5,1.25,4.75,"",5.0,10.0,4.0,5.0,5.0,6.0,1.0,4.0,5.0,8.0,2.0,0.0,2.0,5.0,19.0,"",4,11.5,46.0
