PLAYER_ID,PLAYER_NAME,avg(FGM),avg(FGA),avg(FG3M),avg(FG3A),avg(FTM),avg(FTA),avg(OREB),avg(DREB),avg(REB),avg(AST),avg(STL),avg(BLK),avg(TO),avg(PF),avg(PTS),avg(PLUS_MINUS),sum(FGM),sum(FGA),sum(FG3M),sum(FG3A),sum(FTM),sum(FTA),sum(OREB),sum(DREB),sum(REB),sum(AST),sum(STL),sum(BLK),sum(TO),sum(PF),sum(PTS),sum(PLUS_MINUS),sum(ifminute),avg(seconds),sum(seconds)
2037,Jamal Crawford,5.629213483146067,12.92134831460674,1.8089887640449438,4.943820224719101,2.808988764044944,3.191011235955056,0.2696629213483146,1.3707865168539326,1.6404494382022472,2.550561797752809,1.0337078651685394,0.16853932584269662,1.9101123595505618,0.9887640449438202,15.876404494382022,4.439024390243903,501.0,1150.0,161.0,440.0,250.0,284.0,24.0,122.0,146.0,227.0,92.0,15.0,170.0,88.0,1413.0,364.0,89,1614.5505617977528,143695.0
1536,Stephen Jackson,2.316666666666667,6.016666666666667,0.8833333333333333,3.1,1.0166666666666666,1.4166666666666667,0.4,2.3833333333333333,2.783333333333333,1.45,0.7333333333333333,0.25,1.3666666666666667,1.6166666666666667,6.533333333333333,1.7636363636363637,139.0,361.0,53.0,186.0,61.0,85.0,24.0,143.0,167.0,87.0,44.0,15.0,82.0,97.0,392.0,97.0,60,1076.6833333333334,64601.0
