PLAYER_ID,PLAYER_NAME,avg(FGM),avg(FGA),avg(FG3M),avg(FG3A),avg(FTM),avg(FTA),avg(OREB),avg(DREB),avg(REB),avg(AST),avg(STL),avg(BLK),avg(TO),avg(PF),avg(PTS),avg(PLUS_MINUS),sum(FGM),sum(FGA),sum(FG3M),sum(FG3A),sum(FTM),sum(FTA),sum(OREB),sum(DREB),sum(REB),sum(AST),sum(STL),sum(BLK),sum(TO),sum(PF),sum(PTS),sum(PLUS_MINUS),sum(ifminute),avg(seconds),sum(seconds)
200777,Joel Freeland,1.1896551724137931,3.0172413793103448,0.017241379310344827,0.1206896551724138,0.46551724137931033,0.6379310344827587,0.896551724137931,1.5689655172413792,2.4655172413793105,0.2413793103448276,0.29310344827586204,0.22413793103448276,0.46551724137931033,1.4827586206896552,2.8620689655172415,-1.8235294117647058,69.0,175.0,1.0,7.0,27.0,37.0,52.0,91.0,143.0,14.0,17.0,13.0,27.0,86.0,166.0,-93.0,58,495.87931034482756,28761.0
