PLAYER_ID,PLAYER_NAME,avg(FGM),avg(FGA),avg(FG3M),avg(FG3A),avg(FTM),avg(FTA),avg(OREB),avg(DREB),avg(REB),avg(AST),avg(STL),avg(BLK),avg(TO),avg(PF),avg(PTS),avg(PLUS_MINUS),sum(FGM),sum(FGA),sum(FG3M),sum(FG3A),sum(FTM),sum(FTA),sum(OREB),sum(DREB),sum(REB),sum(AST),sum(STL),sum(BLK),sum(TO),sum(PF),sum(PTS),sum(PLUS_MINUS),sum(ifminute),avg(seconds),sum(seconds)
201163,Wilson Chandler,4.615384615384615,10.48076923076923,1.1730769230769231,3.019230769230769,1.8846153846153846,2.3846153846153846,1.0576923076923077,4.0,5.0576923076923075,1.3076923076923077,1.0769230769230769,0.3076923076923077,1.3269230769230769,2.826923076923077,12.288461538461538,3.4285714285714284,240.0,545.0,61.0,157.0,98.0,124.0,55.0,208.0,263.0,68.0,56.0,16.0,69.0,147.0,639.0,168.0,52,1483.173076923077,77125.0
202702,Kenneth Faried,4.684782608695652,8.478260869565217,0.0,0.010869565217391304,2.0217391304347827,3.282608695652174,3.141304347826087,5.782608695652174,8.923913043478262,0.8695652173913043,0.9782608695652174,0.9347826086956522,1.4782608695652173,3.0217391304347827,11.391304347826088,2.6705882352941175,431.0,780.0,0.0,1.0,186.0,302.0,289.0,532.0,821.0,80.0,90.0,86.0,136.0,278.0,1048.0,227.0,92,1562.1630434782608,143719.0
203156,Henry Sims,1.1428571428571428,2.2857142857142856,0.0,0.0,0.5714285714285714,1.1428571428571428,0.42857142857142855,1.2857142857142858,1.7142857142857142,0.5714285714285714,0.14285714285714285,0.2857142857142857,0.42857142857142855,1.7142857142857142,2.857142857142857,0.5,8.0,16.0,0.0,0.0,4.0,8.0,3.0,9.0,12.0,4.0,1.0,2.0,3.0,12.0,20.0,1.0,7,49.0,343.0
