PLAYER_ID,PLAYER_NAME,avg(FGM),avg(FGA),avg(FG3M),avg(FG3A),avg(FTM),avg(FTA),avg(OREB),avg(DREB),avg(REB),avg(AST),avg(STL),avg(BLK),avg(TO),avg(PF),avg(PTS),avg(PLUS_MINUS),sum(FGM),sum(FGA),sum(FG3M),sum(FG3A),sum(FTM),sum(FTA),sum(OREB),sum(DREB),sum(REB),sum(AST),sum(STL),sum(BLK),sum(TO),sum(PF),sum(PTS),sum(PLUS_MINUS),sum(ifminute),avg(seconds),sum(seconds)
2034,Mike Miller,1.6375,3.7125,1.225,2.825,0.1,0.1375,0.2875,2.3375,2.625,1.525,0.375,0.0875,0.5375,1.2125,4.6,1.381578947368421,131.0,297.0,98.0,226.0,8.0,11.0,23.0,187.0,210.0,122.0,30.0,7.0,43.0,97.0,368.0,105.0,80,849.525,67962.0
201988,Patty Mills,1.8115942028985508,3.8260869565217392,0.7971014492753623,2.0579710144927534,0.2463768115942029,0.30434782608695654,0.14492753623188406,0.6376811594202898,0.782608695652174,0.9855072463768116,0.391304347826087,0.057971014492753624,0.6086956521739131,0.8985507246376812,4.666666666666667,0.8208955223880597,125.0,264.0,55.0,142.0,17.0,21.0,10.0,44.0,54.0,68.0,27.0,4.0,42.0,62.0,322.0,55.0,69,597.8695652173913,41253.0
200826,J.J. Barea,4.05,9.8875,1.225,3.65,1.45,1.825,0.425,2.3,2.725,3.9375,0.4625,0.0,1.975,1.75,10.775,-0.8513513513513513,324.0,791.0,98.0,292.0,116.0,146.0,34.0,184.0,218.0,315.0,37.0,0.0,158.0,140.0,862.0,-63.0,80,1286.1875,102895.0
