PLAYER_ID,PLAYER_NAME,avg(FGM),avg(FGA),avg(FG3M),avg(FG3A),avg(FTM),avg(FTA),avg(OREB),avg(DREB),avg(REB),avg(AST),avg(STL),avg(BLK),avg(TO),avg(PF),avg(PTS),avg(PLUS_MINUS),sum(FGM),sum(FGA),sum(FG3M),sum(FG3A),sum(FTM),sum(FTA),sum(OREB),sum(DREB),sum(REB),sum(AST),sum(STL),sum(BLK),sum(TO),sum(PF),sum(PTS),sum(PLUS_MINUS),sum(ifminute),avg(seconds),sum(seconds)
2404,Chris Wilcox,1.746031746031746,2.4285714285714284,0.0,0.015873015873015872,0.6190476190476191,0.9206349206349206,0.873015873015873,2.015873015873016,2.888888888888889,0.3492063492063492,0.5079365079365079,0.4444444444444444,0.5396825396825397,1.9841269841269842,4.111111111111111,-0.9523809523809523,110.0,153.0,0.0,1.0,39.0,58.0,55.0,127.0,182.0,22.0,32.0,28.0,34.0,125.0,259.0,-60.0,63,796.031746031746,50150.0
