PLAYER_ID,PLAYER_NAME,avg(FGM),avg(FGA),avg(FG3M),avg(FG3A),avg(FTM),avg(FTA),avg(OREB),avg(DREB),avg(REB),avg(AST),avg(STL),avg(BLK),avg(TO),avg(PF),avg(PTS),avg(PLUS_MINUS),sum(FGM),sum(FGA),sum(FG3M),sum(FG3A),sum(FTM),sum(FTA),sum(OREB),sum(DREB),sum(REB),sum(AST),sum(STL),sum(BLK),sum(TO),sum(PF),sum(PTS),sum(PLUS_MINUS),sum(ifminute),avg(seconds),sum(seconds)
203103,Perry Jones III,1.488888888888889,3.311111111111111,0.044444444444444446,0.17777777777777778,0.24444444444444444,0.4888888888888889,0.4,1.4222222222222223,1.8222222222222222,0.4222222222222222,0.17777777777777778,0.15555555555555556,0.4222222222222222,0.7333333333333333,3.2666666666666666,-0.10256410256410256,67.0,149.0,2.0,8.0,11.0,22.0,18.0,64.0,82.0,19.0,8.0,7.0,19.0,33.0,147.0,-4.0,45,382.31111111111113,17204.0
