PLAYER_ID,PLAYER_NAME,avg(FGM),avg(FGA),avg(FG3M),avg(FG3A),avg(FTM),avg(FTA),avg(OREB),avg(DREB),avg(REB),avg(AST),avg(STL),avg(BLK),avg(TO),avg(PF),avg(PTS),avg(PLUS_MINUS),sum(FGM),sum(FGA),sum(FG3M),sum(FG3A),sum(FTM),sum(FTA),sum(OREB),sum(DREB),sum(REB),sum(AST),sum(STL),sum(BLK),sum(TO),sum(PF),sum(PTS),sum(PLUS_MINUS),sum(ifminute),avg(seconds),sum(seconds)
1740,Rashard Lewis,1.7027027027027026,4.148648648648648,0.7972972972972973,2.135135135135135,0.47297297297297297,0.7432432432432432,0.2972972972972973,1.7027027027027026,2.0,0.5540540540540541,0.4189189189189189,0.21621621621621623,0.6621621621621622,1.1891891891891893,4.675675675675675,-0.6212121212121212,126.0,307.0,59.0,158.0,35.0,55.0,22.0,126.0,148.0,41.0,31.0,16.0,49.0,88.0,346.0,-41.0,74,682.1621621621622,50480.0
959,Steve Nash,4.416666666666667,8.95,0.9833333333333333,2.3833333333333333,1.9666666666666666,2.1333333333333333,0.5166666666666667,2.2333333333333334,2.75,6.266666666666667,0.6166666666666667,0.08333333333333333,2.4833333333333334,1.3333333333333333,11.783333333333333,0.5961538461538461,265.0,537.0,59.0,143.0,118.0,128.0,31.0,134.0,165.0,376.0,37.0,5.0,149.0,80.0,707.0,31.0,60,1690.5166666666667,101431.0
203185,Carlon Brown,0.0,0.4,0.0,0.2,0.4,0.8,0.0,0.4,0.4,0.6,0.0,0.0,0.8,0.8,0.4,"",0.0,2.0,0.0,1.0,2.0,4.0,0.0,2.0,2.0,3.0,0.0,0.0,4.0,4.0,2.0,"",5,4.0,20.0
201821,Trey Gilder,0.0,2.5,0.0,0.5,1.0,1.0,0.0,3.5,3.5,0.0,0.5,0.0,1.0,0.0,1.0,"",0.0,5.0,0.0,1.0,2.0,2.0,0.0,7.0,7.0,0.0,1.0,0.0,2.0,0.0,2.0,"",2,8.0,16.0
