PLAYER_ID,PLAYER_NAME,avg(FGM),avg(FGA),avg(FG3M),avg(FG3A),avg(FTM),avg(FTA),avg(OREB),avg(DREB),avg(REB),avg(AST),avg(STL),avg(BLK),avg(TO),avg(PF),avg(PTS),avg(PLUS_MINUS),sum(FGM),sum(FGA),sum(FG3M),sum(FG3A),sum(FTM),sum(FTA),sum(OREB),sum(DREB),sum(REB),sum(AST),sum(STL),sum(BLK),sum(TO),sum(PF),sum(PTS),sum(PLUS_MINUS),sum(ifminute),avg(seconds),sum(seconds)
1737,Nazr Mohammed,1.3048780487804879,3.2195121951219514,0.0,0.024390243902439025,0.5365853658536586,0.7682926829268293,1.3170731707317074,1.9268292682926829,3.2439024390243905,0.4024390243902439,0.3048780487804878,0.5609756097560976,0.4024390243902439,1.548780487804878,3.1463414634146343,-0.05333333333333334,107.0,264.0,0.0,2.0,44.0,63.0,108.0,158.0,266.0,33.0,25.0,46.0,33.0,127.0,258.0,-4.0,82,591.7926829268292,48527.0
203087,Jeremy Lamb,1.2758620689655173,3.5172413793103448,0.4827586206896552,1.4827586206896552,0.6896551724137931,0.7241379310344828,0.3103448275862069,1.0344827586206897,1.3448275862068966,0.4482758620689655,0.2413793103448276,0.06896551724137931,0.3448275862068966,0.6206896551724138,3.7241379310344827,-1.9565217391304348,37.0,102.0,14.0,43.0,20.0,21.0,9.0,30.0,39.0,13.0,7.0,2.0,10.0,18.0,108.0,-45.0,29,306.7241379310345,8895.0
201564,O.J. Mayo,5.545454545454546,12.431818181818182,1.7272727272727273,4.295454545454546,2.3295454545454546,2.875,0.4090909090909091,3.1136363636363638,3.522727272727273,4.306818181818182,1.0909090909090908,0.2727272727272727,2.5454545454545454,2.352272727272727,15.147727272727273,-1.2560975609756098,488.0,1094.0,152.0,378.0,205.0,253.0,36.0,274.0,310.0,379.0,96.0,24.0,224.0,207.0,1333.0,-103.0,88,1988.1136363636363,174954.0
203094,Andrew Nicholson,3.5121951219512195,6.7560975609756095,0.0,0.0,1.0365853658536586,1.353658536585366,0.9878048780487805,2.597560975609756,3.5853658536585367,0.5609756097560976,0.3170731707317073,0.4634146341463415,1.0609756097560976,1.9268292682926829,8.060975609756097,-2.0933333333333333,288.0,554.0,0.0,0.0,85.0,111.0,81.0,213.0,294.0,46.0,26.0,38.0,87.0,158.0,661.0,-157.0,82,915.9512195121952,75108.0
201604,Chris Douglas-Roberts,1.0,2.5,0.2,0.8,1.1,1.6,0.0,0.8,0.8,0.5,0.4,0.1,0.2,0.5,3.3,-2.1666666666666665,10.0,25.0,2.0,8.0,11.0,16.0,0.0,8.0,8.0,5.0,4.0,1.0,2.0,5.0,33.0,-13.0,10,382.0,3820.0
