PLAYER_ID,PLAYER_NAME,avg(FGM),avg(FGA),avg(FG3M),avg(FG3A),avg(FTM),avg(FTA),avg(OREB),avg(DREB),avg(REB),avg(AST),avg(STL),avg(BLK),avg(TO),avg(PF),avg(PTS),avg(PLUS_MINUS),sum(FGM),sum(FGA),sum(FG3M),sum(FG3A),sum(FTM),sum(FTA),sum(OREB),sum(DREB),sum(REB),sum(AST),sum(STL),sum(BLK),sum(TO),sum(PF),sum(PTS),sum(PLUS_MINUS),sum(ifminute),avg(seconds),sum(seconds)
201935,James Harden,5.657657657657658,12.333333333333334,1.837837837837838,4.774774774774775,6.009009009009009,7.063063063063063,0.6306306306306306,3.6036036036036037,4.2342342342342345,4.072072072072072,1.3513513513513513,0.27927927927927926,2.6126126126126126,2.5405405405405403,19.16216216216216,4.981308411214953,628.0,1369.0,204.0,530.0,667.0,784.0,70.0,400.0,470.0,452.0,150.0,31.0,290.0,282.0,2127.0,533.0,111,1929.2162162162163,214143.0
1536,Stephen Jackson,3.049382716049383,7.555555555555555,1.1728395061728396,3.382716049382716,1.7160493827160495,2.0987654320987654,0.4691358024691358,2.7777777777777777,3.246913580246914,2.074074074074074,1.0,0.25925925925925924,1.7654320987654322,2.0617283950617282,8.987654320987655,0.4868421052631579,247.0,612.0,95.0,274.0,139.0,170.0,38.0,225.0,263.0,168.0,81.0,21.0,143.0,167.0,728.0,37.0,81,1371.9753086419753,111130.0
202704,Reggie Jackson,1.2537313432835822,3.5223880597014925,0.3283582089552239,1.2537313432835822,0.5223880597014925,0.582089552238806,0.3283582089552239,1.1791044776119404,1.507462686567164,1.6417910447761195,0.4925373134328358,0.04477611940298507,1.0,0.7910447761194029,3.3582089552238807,0.11290322580645161,84.0,236.0,22.0,84.0,35.0,39.0,22.0,79.0,101.0,110.0,33.0,3.0,67.0,53.0,225.0,7.0,67,584.5522388059702,39165.0
