PLAYER_ID,PLAYER_NAME,avg(FGM),avg(FGA),avg(FG3M),avg(FG3A),avg(FTM),avg(FTA),avg(OREB),avg(DREB),avg(REB),avg(AST),avg(STL),avg(BLK),avg(TO),avg(PF),avg(PTS),avg(PLUS_MINUS),sum(FGM),sum(FGA),sum(FG3M),sum(FG3A),sum(FTM),sum(FTA),sum(OREB),sum(DREB),sum(REB),sum(AST),sum(STL),sum(BLK),sum(TO),sum(PF),sum(PTS),sum(PLUS_MINUS),sum(ifminute),avg(seconds),sum(seconds)
202339,Eric Bledsoe,3.411111111111111,7.644444444444445,0.4,1.1333333333333333,1.5,1.9222222222222223,0.9777777777777777,2.1222222222222222,3.1,3.1555555555555554,1.4777777777777779,0.6888888888888889,1.8777777777777778,1.5,8.722222222222221,1.6097560975609757,307.0,688.0,36.0,102.0,135.0,173.0,88.0,191.0,279.0,284.0,133.0,62.0,169.0,135.0,785.0,132.0,90,1102.7666666666667,99249.0
2732,Ben Gordon,4.182926829268292,10.304878048780488,1.524390243902439,3.9146341463414633,1.5365853658536586,1.8048780487804879,0.23170731707317074,1.4878048780487805,1.7195121951219512,1.8902439024390243,0.4878048780487805,0.2073170731707317,1.7439024390243902,1.8658536585365855,11.426829268292684,-5.733333333333333,343.0,845.0,125.0,321.0,126.0,148.0,19.0,122.0,141.0,155.0,40.0,17.0,143.0,153.0,937.0,-430.0,82,1143.658536585366,93780.0
