PLAYER_ID,PLAYER_NAME,avg(FGM),avg(FGA),avg(FG3M),avg(FG3A),avg(FTM),avg(FTA),avg(OREB),avg(DREB),avg(REB),avg(AST),avg(STL),avg(BLK),avg(TO),avg(PF),avg(PTS),avg(PLUS_MINUS),sum(FGM),sum(FGA),sum(FG3M),sum(FG3A),sum(FTM),sum(FTA),sum(OREB),sum(DREB),sum(REB),sum(AST),sum(STL),sum(BLK),sum(TO),sum(PF),sum(PTS),sum(PLUS_MINUS),sum(ifminute),avg(seconds),sum(seconds)
201600,Omer Asik,2.1320754716981134,4.169811320754717,0.0,0.0,1.330188679245283,2.5754716981132075,2.3207547169811322,5.311320754716981,7.632075471698113,0.7830188679245284,0.5377358490566038,1.0943396226415094,1.5,2.0849056603773586,5.59433962264151,2.4343434343434343,226.0,442.0,0.0,0.0,141.0,273.0,246.0,563.0,809.0,83.0,57.0,116.0,159.0,221.0,593.0,241.0,106,1124.2264150943397,119168.0
202775,Edwin Ubiles,1.25,4.5,0.25,1.25,0.75,0.75,0.5,2.0,2.5,0.25,0.25,0.25,0.25,0.25,3.5,-4.5,5.0,18.0,1.0,5.0,3.0,3.0,2.0,8.0,10.0,1.0,1.0,1.0,1.0,1.0,14.0,-18.0,4,780.0,3120.0
2246,Mehmet Okur,3.1538461538461537,8.615384615384615,1.3846153846153846,4.6923076923076925,0.23076923076923078,0.3076923076923077,1.4615384615384615,3.3846153846153846,4.846153846153846,1.8461538461538463,0.6153846153846154,0.38461538461538464,1.5384615384615385,2.3846153846153846,7.923076923076923,-5.846153846153846,41.0,112.0,18.0,61.0,3.0,4.0,19.0,44.0,63.0,24.0,8.0,5.0,20.0,31.0,103.0,-76.0,13,1634.076923076923,21243.0
201616,Darnell Jackson,0.5,1.1666666666666667,0.0,0.0,0.6666666666666666,1.0,0.3333333333333333,0.3333333333333333,0.6666666666666666,0.16666666666666666,0.0,0.0,0.6666666666666666,1.6666666666666667,1.6666666666666667,"",3.0,7.0,0.0,0.0,4.0,6.0,2.0,2.0,4.0,1.0,0.0,0.0,4.0,10.0,10.0,"",6,5.5,33.0
