PLAYER_ID,PLAYER_NAME,avg(FGM),avg(FGA),avg(FG3M),avg(FG3A),avg(FTM),avg(FTA),avg(OREB),avg(DREB),avg(REB),avg(AST),avg(STL),avg(BLK),avg(TO),avg(PF),avg(PTS),avg(PLUS_MINUS),sum(FGM),sum(FGA),sum(FG3M),sum(FG3A),sum(FTM),sum(FTA),sum(OREB),sum(DREB),sum(REB),sum(AST),sum(STL),sum(BLK),sum(TO),sum(PF),sum(PTS),sum(PLUS_MINUS),sum(ifminute),avg(seconds),sum(seconds)
201599,DeAndre Jordan,3.7916666666666665,5.927083333333333,0.0,0.010416666666666666,1.2083333333333333,3.2291666666666665,2.625,4.677083333333333,7.302083333333333,0.3645833333333333,0.5520833333333334,1.4270833333333333,1.2395833333333333,2.4479166666666665,8.791666666666666,2.7613636363636362,364.0,569.0,0.0,1.0,116.0,310.0,252.0,449.0,701.0,35.0,53.0,137.0,119.0,235.0,844.0,243.0,96,1348.6145833333333,129467.0
200797,Ryan Hollins,1.2054794520547945,2.0684931506849313,0.0,0.0,1.1095890410958904,1.4657534246575343,0.8904109589041096,1.5205479452054795,2.410958904109589,0.2465753424657534,0.1506849315068493,0.7534246575342466,0.7397260273972602,2.3835616438356166,3.5205479452054793,1.1846153846153846,88.0,151.0,0.0,0.0,81.0,107.0,65.0,111.0,176.0,18.0,11.0,55.0,54.0,174.0,257.0,77.0,73,577.7260273972603,42174.0
