PLAYER_ID,PLAYER_NAME,avg(FGM),avg(FGA),avg(FG3M),avg(FG3A),avg(FTM),avg(FTA),avg(OREB),avg(DREB),avg(REB),avg(AST),avg(STL),avg(BLK),avg(TO),avg(PF),avg(PTS),avg(PLUS_MINUS),sum(FGM),sum(FGA),sum(FG3M),sum(FG3A),sum(FTM),sum(FTA),sum(OREB),sum(DREB),sum(REB),sum(AST),sum(STL),sum(BLK),sum(TO),sum(PF),sum(PTS),sum(PLUS_MINUS),sum(ifminute),avg(seconds),sum(seconds)
2203,Shane Battier,1.9019607843137254,4.764705882352941,1.7352941176470589,4.254901960784314,0.5588235294117647,0.6666666666666666,0.4803921568627451,1.7156862745098038,2.196078431372549,0.8921568627450981,0.5196078431372549,0.6176470588235294,0.4117647058823529,2.049019607843137,6.098039215686274,4.308510638297872,194.0,486.0,177.0,434.0,57.0,68.0,49.0,175.0,224.0,91.0,53.0,63.0,42.0,209.0,622.0,405.0,102,1282.9803921568628,130864.0
203143,Pablo Prigioni,1.3473684210526315,3.094736842105263,0.7684210526315789,1.9684210526315788,0.3263157894736842,0.3894736842105263,0.49473684210526314,1.3263157894736841,1.8210526315789475,3.2421052631578946,1.0105263157894737,0.031578947368421054,1.0947368421052632,1.6842105263157894,3.789473684210526,2.606741573033708,128.0,294.0,73.0,187.0,31.0,37.0,47.0,126.0,173.0,308.0,96.0,3.0,104.0,160.0,360.0,232.0,95,944.6947368421053,89746.0
202388,Donald Sloan,1.1538461538461537,3.423076923076923,0.34615384615384615,0.8846153846153846,0.7692307692307693,0.9615384615384616,0.11538461538461539,1.0384615384615385,1.1538461538461537,1.7307692307692308,0.23076923076923078,0.0,0.6923076923076923,0.8076923076923077,3.423076923076923,-2.9130434782608696,30.0,89.0,9.0,23.0,20.0,25.0,3.0,27.0,30.0,45.0,6.0,0.0,18.0,21.0,89.0,-67.0,26,609.3076923076923,15842.0
