PLAYER_ID,PLAYER_NAME,avg(FGM),avg(FGA),avg(FG3M),avg(FG3A),avg(FTM),avg(FTA),avg(OREB),avg(DREB),avg(REB),avg(AST),avg(STL),avg(BLK),avg(TO),avg(PF),avg(PTS),avg(PLUS_MINUS),sum(FGM),sum(FGA),sum(FG3M),sum(FG3A),sum(FTM),sum(FTA),sum(OREB),sum(DREB),sum(REB),sum(AST),sum(STL),sum(BLK),sum(TO),sum(PF),sum(PTS),sum(PLUS_MINUS),sum(ifminute),avg(seconds),sum(seconds)
202723,Malcolm Lee,1.5526315789473684,4.0,0.2894736842105263,1.0,0.7105263157894737,1.0263157894736843,0.6578947368421053,1.2105263157894737,1.868421052631579,1.3421052631578947,0.5789473684210527,0.3157894736842105,0.8157894736842105,1.5,4.105263157894737,-0.3142857142857143,59.0,152.0,11.0,38.0,27.0,39.0,25.0,46.0,71.0,51.0,22.0,12.0,31.0,57.0,156.0,-11.0,38,840.6578947368421,31945.0
