PLAYER_ID,PLAYER_NAME,avg(FGM),avg(FGA),avg(FG3M),avg(FG3A),avg(FTM),avg(FTA),avg(OREB),avg(DREB),avg(REB),avg(AST),avg(STL),avg(BLK),avg(TO),avg(PF),avg(PTS),avg(PLUS_MINUS),sum(FGM),sum(FGA),sum(FG3M),sum(FG3A),sum(FTM),sum(FTA),sum(OREB),sum(DREB),sum(REB),sum(AST),sum(STL),sum(BLK),sum(TO),sum(PF),sum(PTS),sum(PLUS_MINUS),sum(ifminute),avg(seconds),sum(seconds)
2581,Steve Blake,1.837837837837838,4.716216216216216,1.0405405405405406,2.824324324324324,0.3783783783783784,0.47297297297297297,0.24324324324324326,1.5,1.7432432432432432,3.108108108108108,0.7567567567567568,0.08108108108108109,1.3783783783783783,1.554054054054054,5.094594594594595,-0.23880597014925373,136.0,349.0,77.0,209.0,28.0,35.0,18.0,111.0,129.0,230.0,56.0,6.0,102.0,115.0,377.0,-16.0,74,1307.2972972972973,96740.0
1890,Shawn Marion,4.521739130434782,9.945652173913043,0.31521739130434784,1.0978260869565217,1.2934782608695652,1.5434782608695652,2.239130434782609,5.413043478260869,7.6521739130434785,2.1630434782608696,0.9782608695652174,0.7065217391304348,1.673913043478261,1.5,10.652173913043478,-2.2298850574712645,416.0,915.0,29.0,101.0,119.0,142.0,206.0,498.0,704.0,199.0,90.0,65.0,154.0,138.0,980.0,-194.0,92,1739.0326086956522,159991.0
202727,Travis Leslie,0.7692307692307693,2.230769230769231,0.0,0.15384615384615385,0.46153846153846156,0.8461538461538461,0.6153846153846154,0.46153846153846156,1.0769230769230769,0.5384615384615384,0.23076923076923078,0.3076923076923077,0.3076923076923077,0.3076923076923077,2.0,-2.6666666666666665,10.0,29.0,0.0,2.0,6.0,11.0,8.0,6.0,14.0,7.0,3.0,4.0,4.0,4.0,26.0,-24.0,13,193.53846153846155,2516.0
2732,Ben Gordon,4.530864197530864,10.37037037037037,1.382716049382716,3.259259259259259,2.0864197530864197,2.4074074074074074,0.25925925925925924,1.8395061728395061,2.0987654320987654,2.2962962962962963,0.6419753086419753,0.24691358024691357,1.9753086419753085,2.111111111111111,12.530864197530864,-4.5675675675675675,367.0,840.0,112.0,264.0,169.0,195.0,21.0,149.0,170.0,186.0,52.0,20.0,160.0,171.0,1015.0,-338.0,81,1356.1234567901236,109846.0
201986,Nando De Colo,1.4848484848484849,3.3636363636363638,0.45454545454545453,1.3333333333333333,0.6060606060606061,0.7272727272727273,0.30303030303030304,1.3636363636363635,1.6666666666666667,2.212121212121212,0.5151515151515151,0.09090909090909091,1.2727272727272727,1.0303030303030303,4.03030303030303,1.1428571428571428,49.0,111.0,15.0,44.0,20.0,24.0,10.0,45.0,55.0,73.0,17.0,3.0,42.0,34.0,133.0,32.0,33,631.3030303030303,20833.0
