PLAYER_ID,PLAYER_NAME,avg(FGM),avg(FGA),avg(FG3M),avg(FG3A),avg(FTM),avg(FTA),avg(OREB),avg(DREB),avg(REB),avg(AST),avg(STL),avg(BLK),avg(TO),avg(PF),avg(PTS),avg(PLUS_MINUS),sum(FGM),sum(FGA),sum(FG3M),sum(FG3A),sum(FTM),sum(FTA),sum(OREB),sum(DREB),sum(REB),sum(AST),sum(STL),sum(BLK),sum(TO),sum(PF),sum(PTS),sum(PLUS_MINUS),sum(ifminute),avg(seconds),sum(seconds)
201988,Patty Mills,2.5555555555555554,5.203703703703703,1.0740740740740742,2.4814814814814814,0.3333333333333333,0.37037037037037035,0.2037037037037037,0.8703703703703703,1.0740740740740742,1.2777777777777777,0.48148148148148145,0.05555555555555555,0.9814814814814815,0.8333333333333334,6.518518518518518,1.2884615384615385,138.0,281.0,58.0,134.0,18.0,20.0,11.0,47.0,58.0,69.0,26.0,3.0,53.0,45.0,352.0,67.0,54,694.1851851851852,37486.0
