PLAYER_ID,PLAYER_NAME,avg(FGM),avg(FGA),avg(FG3M),avg(FG3A),avg(FTM),avg(FTA),avg(OREB),avg(DREB),avg(REB),avg(AST),avg(STL),avg(BLK),avg(TO),avg(PF),avg(PTS),avg(PLUS_MINUS),sum(FGM),sum(FGA),sum(FG3M),sum(FG3A),sum(FTM),sum(FTA),sum(OREB),sum(DREB),sum(REB),sum(AST),sum(STL),sum(BLK),sum(TO),sum(PF),sum(PTS),sum(PLUS_MINUS),sum(ifminute),avg(seconds),sum(seconds)
202322,John Wall,5.841269841269841,13.603174603174603,0.047619047619047616,0.6507936507936508,4.73015873015873,5.9523809523809526,0.6825396825396826,3.9047619047619047,4.587301587301587,8.126984126984127,1.3968253968253967,0.8253968253968254,3.8253968253968256,2.111111111111111,16.46031746031746,-3.380952380952381,368.0,857.0,3.0,41.0,298.0,375.0,43.0,246.0,289.0,512.0,88.0,52.0,241.0,133.0,1037.0,-213.0,63,2165.15873015873,136405.0
101127,Jarrett Jack,5.234567901234568,11.123456790123457,0.9629629629629629,2.493827160493827,2.234567901234568,2.5925925925925926,0.41975308641975306,3.234567901234568,3.654320987654321,5.851851851851852,0.7777777777777778,0.09876543209876543,2.0987654320987654,1.8148148148148149,13.666666666666666,-2.527027027027027,424.0,901.0,78.0,202.0,181.0,210.0,34.0,262.0,296.0,474.0,63.0,8.0,170.0,147.0,1107.0,-187.0,81,1715.530864197531,138958.0
201602,Kyle Weaver,0.6666666666666666,2.0,0.3333333333333333,0.6666666666666666,0.6666666666666666,0.6666666666666666,0.0,0.3333333333333333,0.3333333333333333,0.0,0.6666666666666666,0.0,0.3333333333333333,0.6666666666666666,2.3333333333333335,"",2.0,6.0,1.0,2.0,2.0,2.0,0.0,1.0,1.0,0.0,2.0,0.0,1.0,2.0,7.0,"",3,5.333333333333333,16.0
202446,Jamar Smith,1.0,6.0,0.5,2.5,0.0,0.0,0.0,1.0,1.0,1.0,0.0,0.0,1.5,1.0,2.5,"",2.0,12.0,1.0,5.0,0.0,0.0,0.0,2.0,2.0,2.0,0.0,0.0,3.0,2.0,5.0,"",2,15.5,31.0
