PLAYER_ID,PLAYER_NAME,avg(FGM),avg(FGA),avg(FG3M),avg(FG3A),avg(FTM),avg(FTA),avg(OREB),avg(DREB),avg(REB),avg(AST),avg(STL),avg(BLK),avg(TO),avg(PF),avg(PTS),avg(PLUS_MINUS),sum(FGM),sum(FGA),sum(FG3M),sum(FG3A),sum(FTM),sum(FTA),sum(OREB),sum(DREB),sum(REB),sum(AST),sum(STL),sum(BLK),sum(TO),sum(PF),sum(PTS),sum(PLUS_MINUS),sum(ifminute),avg(seconds),sum(seconds)
202498,Lance Thomas,1.0,2.0454545454545454,0.0,0.0,0.7727272727272727,1.106060606060606,0.7272727272727273,1.3484848484848484,2.0757575757575757,0.3181818181818182,0.22727272727272727,0.13636363636363635,0.2727272727272727,1.2575757575757576,2.772727272727273,-0.9152542372881356,66.0,135.0,0.0,0.0,51.0,73.0,48.0,89.0,137.0,21.0,15.0,9.0,18.0,83.0,183.0,-54.0,66,589.1515151515151,38884.0
