PLAYER_ID,PLAYER_NAME,avg(FGM),avg(FGA),avg(FG3M),avg(FG3A),avg(FTM),avg(FTA),avg(OREB),avg(DREB),avg(REB),avg(AST),avg(STL),avg(BLK),avg(TO),avg(PF),avg(PTS),avg(PLUS_MINUS),sum(FGM),sum(FGA),sum(FG3M),sum(FG3A),sum(FTM),sum(FTA),sum(OREB),sum(DREB),sum(REB),sum(AST),sum(STL),sum(BLK),sum(TO),sum(PF),sum(PTS),sum(PLUS_MINUS),sum(ifminute),avg(seconds),sum(seconds)
948,Marcus Camby,0.6666666666666666,2.0,0.0,0.0,0.2962962962962963,0.7037037037037037,0.9259259259259259,2.111111111111111,3.037037037037037,0.5185185185185185,0.25925925925925924,0.5185185185185185,0.5925925925925926,1.0740740740740742,1.6296296296296295,-0.8888888888888888,18.0,54.0,0.0,0.0,8.0,19.0,25.0,57.0,82.0,14.0,7.0,14.0,16.0,29.0,44.0,-24.0,27,563.7037037037037,15220.0
101130,Johan Petro,1.6,3.7,0.025,0.1,0.35,0.4,1.0,2.575,3.575,0.525,0.3,0.325,0.7,1.75,3.575,-3.1621621621621623,64.0,148.0,1.0,4.0,14.0,16.0,40.0,103.0,143.0,21.0,12.0,13.0,28.0,70.0,143.0,-117.0,40,680.05,27202.0
201960,DeMarre Carroll,2.2432432432432434,5.0,0.2972972972972973,1.0405405405405406,1.0675675675675675,1.3918918918918919,1.2837837837837838,1.5405405405405406,2.824324324324324,1.0,0.918918918918919,0.33783783783783783,0.5675675675675675,1.7702702702702702,5.851351351351352,1.7727272727272727,166.0,370.0,22.0,77.0,79.0,103.0,95.0,114.0,209.0,74.0,68.0,25.0,42.0,131.0,433.0,117.0,74,902.6891891891892,66799.0
203096,Jared Sullinger,2.607843137254902,5.176470588235294,0.0392156862745098,0.1568627450980392,1.2549019607843137,1.6470588235294117,2.0392156862745097,3.9411764705882355,5.980392156862745,0.7647058823529411,0.47058823529411764,0.45098039215686275,0.7450980392156863,3.5098039215686274,6.509803921568627,0.9333333333333333,133.0,264.0,2.0,8.0,64.0,84.0,104.0,201.0,305.0,39.0,24.0,23.0,38.0,179.0,332.0,42.0,51,1052.1176470588234,53658.0
201966,Jermaine Taylor,0.0,0.0,0.0,0.0,1.0,2.0,0.0,2.0,2.0,1.0,0.0,0.0,0.0,2.0,1.0,"",0.0,0.0,0.0,0.0,1.0,2.0,0.0,2.0,2.0,1.0,0.0,0.0,0.0,2.0,1.0,"",1,6.0,6.0
203176,Kyle Fogg,1.0,2.0,1.0,2.0,0.0,0.0,0.0,2.0,2.0,0.0,0.0,0.0,0.0,0.0,3.0,"",1.0,2.0,1.0,2.0,0.0,0.0,0.0,2.0,2.0,0.0,0.0,0.0,0.0,0.0,3.0,"",1,4.0,4.0
