PLAYER_ID,PLAYER_NAME,avg(FGM),avg(FGA),avg(FG3M),avg(FG3A),avg(FTM),avg(FTA),avg(OREB),avg(DREB),avg(REB),avg(AST),avg(STL),avg(BLK),avg(TO),avg(PF),avg(PTS),avg(PLUS_MINUS),sum(FGM),sum(FGA),sum(FG3M),sum(FG3A),sum(FTM),sum(FTA),sum(OREB),sum(DREB),sum(REB),sum(AST),sum(STL),sum(BLK),sum(TO),sum(PF),sum(PTS),sum(PLUS_MINUS),sum(ifminute),avg(seconds),sum(seconds)
1712,Antawn Jamison,3.2954545454545454,7.306818181818182,1.0454545454545454,2.9545454545454546,1.1818181818181819,1.7386363636363635,1.3068181818181819,3.272727272727273,4.579545454545454,0.75,0.4090909090909091,0.29545454545454547,0.6931818181818182,1.6931818181818181,8.818181818181818,-0.4125,290.0,643.0,92.0,260.0,104.0,153.0,115.0,288.0,403.0,66.0,36.0,26.0,61.0,149.0,776.0,-33.0,88,1171.159090909091,103062.0
202349,Greivis Vasquez,5.337209302325581,12.430232558139535,1.0,2.988372093023256,1.6046511627906976,1.9767441860465116,0.5465116279069767,3.7906976744186047,4.337209302325581,8.872093023255815,0.8604651162790697,0.06976744186046512,3.2674418604651163,2.4069767441860463,13.279069767441861,-2.3461538461538463,459.0,1069.0,86.0,257.0,138.0,170.0,47.0,326.0,373.0,763.0,74.0,6.0,281.0,207.0,1142.0,-183.0,86,1875.8837209302326,161326.0
977,Kobe Bryant,9.228915662650602,19.89156626506024,1.6506024096385543,5.048192771084337,6.819277108433735,8.108433734939759,0.8674698795180723,4.63855421686747,5.506024096385542,5.855421686746988,1.3373493975903614,0.3253012048192771,3.6265060240963853,2.1927710843373496,26.927710843373493,1.7820512820512822,766.0,1651.0,137.0,419.0,566.0,673.0,72.0,385.0,457.0,486.0,111.0,27.0,301.0,182.0,2235.0,139.0,83,2179.385542168675,180889.0
