PLAYER_ID,PLAYER_NAME,avg(FGM),avg(FGA),avg(FG3M),avg(FG3A),avg(FTM),avg(FTA),avg(OREB),avg(DREB),avg(REB),avg(AST),avg(STL),avg(BLK),avg(TO),avg(PF),avg(PTS),avg(PLUS_MINUS),sum(FGM),sum(FGA),sum(FG3M),sum(FG3A),sum(FTM),sum(FTA),sum(OREB),sum(DREB),sum(REB),sum(AST),sum(STL),sum(BLK),sum(TO),sum(PF),sum(PTS),sum(PLUS_MINUS),sum(ifminute),avg(seconds),sum(seconds)
203096,Jared Sullinger,2.4444444444444446,4.805555555555555,0.05555555555555555,0.16666666666666666,1.3611111111111112,1.6666666666666667,1.8611111111111112,3.611111111111111,5.472222222222222,0.75,0.4444444444444444,0.4166666666666667,0.7777777777777778,3.1944444444444446,6.305555555555555,-0.03333333333333333,88.0,173.0,2.0,6.0,49.0,60.0,67.0,130.0,197.0,27.0,16.0,15.0,28.0,115.0,227.0,-1.0,36,910.5833333333334,32781.0
