PLAYER_ID,PLAYER_NAME,avg(FGM),avg(FGA),avg(FG3M),avg(FG3A),avg(FTM),avg(FTA),avg(OREB),avg(DREB),avg(REB),avg(AST),avg(STL),avg(BLK),avg(TO),avg(PF),avg(PTS),avg(PLUS_MINUS),sum(FGM),sum(FGA),sum(FG3M),sum(FG3A),sum(FTM),sum(FTA),sum(OREB),sum(DREB),sum(REB),sum(AST),sum(STL),sum(BLK),sum(TO),sum(PF),sum(PTS),sum(PLUS_MINUS),sum(ifminute),avg(seconds),sum(seconds)
201576,Anthony Randolph,1.625,3.25,0.0,0.1875,0.9375,1.2916666666666667,0.7083333333333334,1.875,2.5833333333333335,0.2708333333333333,0.4791666666666667,0.5208333333333334,0.875,1.0625,4.1875,0.0,78.0,156.0,0.0,9.0,45.0,62.0,34.0,90.0,124.0,13.0,23.0,25.0,42.0,51.0,201.0,0.0,48,449.6458333333333,21583.0
202684,Tristan Thompson,4.625,9.5,0.0,0.03409090909090909,2.1363636363636362,3.5454545454545454,3.659090909090909,5.568181818181818,9.227272727272727,1.2386363636363635,0.7272727272727273,0.9204545454545454,1.5113636363636365,2.8068181818181817,11.386363636363637,-2.8536585365853657,407.0,836.0,0.0,3.0,188.0,312.0,322.0,490.0,812.0,109.0,64.0,81.0,133.0,247.0,1002.0,-234.0,88,1749.715909090909,153975.0
202727,Travis Leslie,1.25,4.0,0.0,0.5,0.5,0.5,0.5,1.25,1.75,0.5,0.25,0.5,0.5,0.0,3.0,"",5.0,16.0,0.0,2.0,2.0,2.0,2.0,5.0,7.0,2.0,1.0,2.0,2.0,0.0,12.0,"",4,8.0,32.0
