PLAYER_ID,PLAYER_NAME,avg(FGM),avg(FGA),avg(FG3M),avg(FG3A),avg(FTM),avg(FTA),avg(OREB),avg(DREB),avg(REB),avg(AST),avg(STL),avg(BLK),avg(TO),avg(PF),avg(PTS),avg(PLUS_MINUS),sum(FGM),sum(FGA),sum(FG3M),sum(FG3A),sum(FTM),sum(FTA),sum(OREB),sum(DREB),sum(REB),sum(AST),sum(STL),sum(BLK),sum(TO),sum(PF),sum(PTS),sum(PLUS_MINUS),sum(ifminute),avg(seconds),sum(seconds)
202362,Lance Stephenson,1.9113924050632911,4.518987341772152,0.3670886075949367,1.2784810126582278,0.34177215189873417,0.5822784810126582,0.379746835443038,1.7468354430379747,2.1265822784810124,1.7341772151898733,0.569620253164557,0.08860759493670886,1.0,1.2025316455696202,4.531645569620253,1.0555555555555556,151.0,357.0,29.0,101.0,27.0,46.0,30.0,138.0,168.0,137.0,45.0,7.0,79.0,95.0,358.0,76.0,79,922.3291139240506,72864.0
201632,Hamed Haddadi,0.76,1.5,0.0,0.02,0.52,0.86,0.96,1.32,2.28,0.32,0.08,0.62,0.64,1.32,2.04,0.4318181818181818,38.0,75.0,0.0,1.0,26.0,43.0,48.0,66.0,114.0,16.0,4.0,31.0,32.0,66.0,102.0,19.0,50,313.0,15650.0
201958,Rodrigue Beaubois,2.6923076923076925,6.6923076923076925,0.5769230769230769,2.1666666666666665,0.8589743589743589,1.0256410256410255,0.2692307692307692,1.9230769230769231,2.1923076923076925,2.4871794871794872,0.782051282051282,0.3717948717948718,1.0256410256410255,1.5512820512820513,6.82051282051282,0.05405405405405406,210.0,522.0,45.0,169.0,67.0,80.0,21.0,150.0,171.0,194.0,61.0,29.0,80.0,121.0,532.0,4.0,78,1057.1153846153845,82455.0
