PLAYER_ID,PLAYER_NAME,avg(FGM),avg(FGA),avg(FG3M),avg(FG3A),avg(FTM),avg(FTA),avg(OREB),avg(DREB),avg(REB),avg(AST),avg(STL),avg(BLK),avg(TO),avg(PF),avg(PTS),avg(PLUS_MINUS),sum(FGM),sum(FGA),sum(FG3M),sum(FG3A),sum(FTM),sum(FTA),sum(OREB),sum(DREB),sum(REB),sum(AST),sum(STL),sum(BLK),sum(TO),sum(PF),sum(PTS),sum(PLUS_MINUS),sum(ifminute),avg(seconds),sum(seconds)
2225,Tony Parker,7.10377358490566,14.69811320754717,0.3490566037735849,1.1226415094339623,3.8773584905660377,4.811320754716981,0.3584905660377358,2.6320754716981134,2.990566037735849,7.311320754716981,0.8773584905660378,0.09433962264150944,2.5377358490566038,1.3867924528301887,18.433962264150942,7.465346534653466,753.0,1558.0,37.0,119.0,411.0,510.0,38.0,279.0,317.0,775.0,93.0,10.0,269.0,147.0,1954.0,754.0,106,1880.3301886792453,199315.0
203105,Festus Ezeli,1.2702702702702702,2.5945945945945947,0.0,0.0,0.5675675675675675,1.3783783783783783,1.7837837837837838,2.4324324324324325,4.216216216216216,0.32432432432432434,0.40540540540540543,1.135135135135135,1.135135135135135,2.3513513513513513,3.108108108108108,-0.36666666666666664,47.0,96.0,0.0,0.0,21.0,51.0,66.0,90.0,156.0,12.0,15.0,42.0,42.0,87.0,115.0,-11.0,37,780.0540540540541,28862.0
