PLAYER_ID,PLAYER_NAME,avg(FGM),avg(FGA),avg(FG3M),avg(FG3A),avg(FTM),avg(FTA),avg(OREB),avg(DREB),avg(REB),avg(AST),avg(STL),avg(BLK),avg(TO),avg(PF),avg(PTS),avg(PLUS_MINUS),sum(FGM),sum(FGA),sum(FG3M),sum(FG3A),sum(FTM),sum(FTA),sum(OREB),sum(DREB),sum(REB),sum(AST),sum(STL),sum(BLK),sum(TO),sum(PF),sum(PTS),sum(PLUS_MINUS),sum(ifminute),avg(seconds),sum(seconds)
203199,DeQuan Jones,1.8309859154929577,3.971830985915493,0.14084507042253522,0.5774647887323944,0.647887323943662,0.9436619718309859,0.30985915492957744,1.5211267605633803,1.8309859154929577,0.30985915492957744,0.36619718309859156,0.39436619718309857,0.5774647887323944,1.0422535211267605,4.450704225352113,-2.8412698412698414,130.0,282.0,10.0,41.0,46.0,67.0,22.0,108.0,130.0,22.0,26.0,28.0,41.0,74.0,316.0,-179.0,71,681.8169014084507,48409.0
