PLAYER_ID,PLAYER_NAME,avg(FGM),avg(FGA),avg(FG3M),avg(FG3A),avg(FTM),avg(FTA),avg(OREB),avg(DREB),avg(REB),avg(AST),avg(STL),avg(BLK),avg(TO),avg(PF),avg(PTS),avg(PLUS_MINUS),sum(FGM),sum(FGA),sum(FG3M),sum(FG3A),sum(FTM),sum(FTA),sum(OREB),sum(DREB),sum(REB),sum(AST),sum(STL),sum(BLK),sum(TO),sum(PF),sum(PTS),sum(PLUS_MINUS),sum(ifminute),avg(seconds),sum(seconds)
201565,Derrick Rose,7.861111111111111,18.333333333333332,1.3611111111111112,4.416666666666667,4.916666666666667,6.111111111111111,0.6944444444444444,2.7777777777777777,3.4722222222222223,7.75,0.9722222222222222,0.7777777777777778,2.9444444444444446,1.1388888888888888,22.0,7.583333333333333,283.0,660.0,49.0,159.0,177.0,220.0,25.0,100.0,125.0,279.0,35.0,28.0,106.0,41.0,792.0,273.0,36,2105.1111111111113,75784.0
202716,Jordan Williams,1.7906976744186047,3.5348837209302326,0.0,0.0,1.0,1.5348837209302326,1.5348837209302326,2.0930232558139537,3.627906976744186,0.2558139534883721,0.4883720930232558,0.3488372093023256,0.5348837209302325,1.4186046511627908,4.5813953488372094,0.4186046511627907,77.0,152.0,0.0,0.0,43.0,66.0,66.0,90.0,156.0,11.0,21.0,15.0,23.0,61.0,197.0,18.0,43,885.7906976744187,38089.0
203144,Alexey Shved,3.4242424242424243,8.818181818181818,1.4242424242424243,4.515151515151516,1.7272727272727273,2.272727272727273,0.5454545454545454,2.121212121212121,2.6666666666666665,4.303030303030303,0.8181818181818182,0.2727272727272727,2.242424242424242,1.9696969696969697,10.0,1.037037037037037,113.0,291.0,47.0,149.0,57.0,75.0,18.0,70.0,88.0,142.0,27.0,9.0,74.0,65.0,330.0,28.0,33,1372.3636363636363,45288.0
203101,Miles Plumlee,1.1818181818181819,2.727272727272727,0.0,0.0,0.45454545454545453,0.5454545454545454,0.6363636363636364,0.9090909090909091,1.5454545454545454,0.18181818181818182,0.0,0.45454545454545453,0.2727272727272727,0.8181818181818182,2.8181818181818183,0.16666666666666666,13.0,30.0,0.0,0.0,5.0,6.0,7.0,10.0,17.0,2.0,0.0,5.0,3.0,9.0,31.0,1.0,11,125.36363636363636,1379.0
203102,Arnett Moultrie,0.625,1.5625,0.0,0.0,0.5,0.875,1.0,1.25,2.25,0.0625,0.4375,0.125,0.4375,0.5,1.75,-2.6363636363636362,10.0,25.0,0.0,0.0,8.0,14.0,16.0,20.0,36.0,1.0,7.0,2.0,7.0,8.0,28.0,-29.0,16,232.5625,3721.0
