PLAYER_ID,PLAYER_NAME,avg(FGM),avg(FGA),avg(FG3M),avg(FG3A),avg(FTM),avg(FTA),avg(OREB),avg(DREB),avg(REB),avg(AST),avg(STL),avg(BLK),avg(TO),avg(PF),avg(PTS),avg(PLUS_MINUS),sum(FGM),sum(FGA),sum(FG3M),sum(FG3A),sum(FTM),sum(FTA),sum(OREB),sum(DREB),sum(REB),sum(AST),sum(STL),sum(BLK),sum(TO),sum(PF),sum(PTS),sum(PLUS_MINUS),sum(ifminute),avg(seconds),sum(seconds)
201144,Mike Conley,5.23,12.0,1.35,3.71,3.2,3.91,0.55,2.49,3.04,6.18,2.08,0.3,2.31,2.12,15.01,5.71578947368421,523.0,1200.0,135.0,371.0,320.0,391.0,55.0,249.0,304.0,618.0,208.0,30.0,231.0,212.0,1501.0,543.0,100,2000.38,200038.0
1897,Metta World Peace,4.267441860465116,10.755813953488373,1.813953488372093,5.395348837209302,1.5930232558139534,2.197674418604651,1.2906976744186047,3.5348837209302326,4.825581395348837,1.5348837209302326,1.6046511627906976,0.5348837209302325,1.3372093023255813,2.558139534883721,11.94186046511628,2.423076923076923,367.0,925.0,156.0,464.0,137.0,189.0,111.0,304.0,415.0,132.0,138.0,46.0,115.0,220.0,1027.0,189.0,86,1826.2790697674418,157060.0
202738,Isaiah Thomas,4.5,10.244186046511627,1.441860465116279,3.988372093023256,3.116279069767442,3.5232558139534884,0.36046511627906974,1.6511627906976745,2.011627906976744,3.9767441860465116,0.8604651162790697,0.03488372093023256,1.744186046511628,2.0697674418604652,13.55813953488372,-1.759493670886076,387.0,881.0,124.0,343.0,268.0,303.0,31.0,142.0,173.0,342.0,74.0,3.0,150.0,178.0,1166.0,-139.0,86,1481.7790697674418,127433.0
203083,Andre Drummond,3.5441176470588234,5.8088235294117645,0.014705882352941176,0.029411764705882353,0.9558823529411765,2.573529411764706,2.8676470588235294,4.544117647058823,7.411764705882353,0.47058823529411764,0.9411764705882353,1.5588235294117647,0.9558823529411765,2.4411764705882355,8.058823529411764,-0.8333333333333334,241.0,395.0,1.0,2.0,65.0,175.0,195.0,309.0,504.0,32.0,64.0,106.0,65.0,166.0,548.0,-50.0,68,1098.4705882352941,74696.0
202356,Armon Johnson,1.6,4.2,0.0,0.4,0.0,0.0,0.6,1.0,1.6,1.2,0.6,0.2,1.6,1.6,3.2,"",8.0,21.0,0.0,2.0,0.0,0.0,3.0,5.0,8.0,6.0,3.0,1.0,8.0,8.0,16.0,"",5,13.0,65.0
