PLAYER_ID,PLAYER_NAME,avg(FGM),avg(FGA),avg(FG3M),avg(FG3A),avg(FTM),avg(FTA),avg(OREB),avg(DREB),avg(REB),avg(AST),avg(STL),avg(BLK),avg(TO),avg(PF),avg(PTS),avg(PLUS_MINUS),sum(FGM),sum(FGA),sum(FG3M),sum(FG3A),sum(FTM),sum(FTA),sum(OREB),sum(DREB),sum(REB),sum(AST),sum(STL),sum(BLK),sum(TO),sum(PF),sum(PTS),sum(PLUS_MINUS),sum(ifminute),avg(seconds),sum(seconds)
201163,Wilson Chandler,2.933333333333333,8.333333333333334,0.3333333333333333,1.4666666666666666,1.0,1.4,1.1333333333333333,3.7333333333333334,4.866666666666666,1.2666666666666666,0.6,0.5333333333333333,1.6666666666666667,2.066666666666667,7.2,-2.3333333333333335,44.0,125.0,5.0,22.0,15.0,21.0,17.0,56.0,73.0,19.0,9.0,8.0,25.0,31.0,108.0,-28.0,15,1138.4666666666667,17077.0
201228,C.J. Watson,2.8850574712643677,7.793103448275862,1.2413793103448276,3.2298850574712645,1.4137931034482758,1.7816091954022988,0.3793103448275862,1.4482758620689655,1.8275862068965518,3.2413793103448274,0.8160919540229885,0.16091954022988506,1.471264367816092,1.8620689655172413,8.425287356321839,0.18292682926829268,251.0,678.0,108.0,281.0,123.0,155.0,33.0,126.0,159.0,282.0,71.0,14.0,128.0,162.0,733.0,15.0,87,1265.7586206896551,110121.0
2060,Marko Jaric,0.0,0.25,0.0,0.25,0.0,0.0,0.0,0.25,0.25,0.0,0.5,0.25,0.25,0.75,0.0,"",0.0,1.0,0.0,1.0,0.0,0.0,0.0,1.0,1.0,0.0,2.0,1.0,1.0,3.0,0.0,"",4,3.25,13.0
