PLAYER_ID,PLAYER_NAME,avg(FGM),avg(FGA),avg(FG3M),avg(FG3A),avg(FTM),avg(FTA),avg(OREB),avg(DREB),avg(REB),avg(AST),avg(STL),avg(BLK),avg(TO),avg(PF),avg(PTS),avg(PLUS_MINUS),sum(FGM),sum(FGA),sum(FG3M),sum(FG3A),sum(FTM),sum(FTA),sum(OREB),sum(DREB),sum(REB),sum(AST),sum(STL),sum(BLK),sum(TO),sum(PF),sum(PTS),sum(PLUS_MINUS),sum(ifminute),avg(seconds),sum(seconds)
2550,Kirk Hinrich,2.753623188405797,7.173913043478261,1.173913043478261,3.028985507246377,1.3043478260869565,1.826086956521739,0.2753623188405797,2.3043478260869565,2.579710144927536,5.2898550724637685,1.144927536231884,0.463768115942029,1.7391304347826086,3.1884057971014492,7.9855072463768115,1.703125,190.0,495.0,81.0,209.0,90.0,126.0,19.0,159.0,178.0,365.0,79.0,32.0,120.0,220.0,551.0,109.0,69,1677.072463768116,115718.0
201938,Jonny Flynn,0.6666666666666666,2.6666666666666665,0.3333333333333333,1.6666666666666667,0.0,0.0,0.0,1.0,1.0,2.6666666666666665,0.6666666666666666,0.0,2.6666666666666665,0.3333333333333333,1.6666666666666667,"",2.0,8.0,1.0,5.0,0.0,0.0,0.0,3.0,3.0,8.0,2.0,0.0,8.0,1.0,5.0,"",3,10.666666666666666,32.0
