PLAYER_ID,PLAYER_NAME,avg(FGM),avg(FGA),avg(FG3M),avg(FG3A),avg(FTM),avg(FTA),avg(OREB),avg(DREB),avg(REB),avg(AST),avg(STL),avg(BLK),avg(TO),avg(PF),avg(PTS),avg(PLUS_MINUS),sum(FGM),sum(FGA),sum(FG3M),sum(FG3A),sum(FTM),sum(FTA),sum(OREB),sum(DREB),sum(REB),sum(AST),sum(STL),sum(BLK),sum(TO),sum(PF),sum(PTS),sum(PLUS_MINUS),sum(ifminute),avg(seconds),sum(seconds)
203113,Quincy Miller,0.5714285714285714,1.7142857142857142,0.0,0.14285714285714285,0.14285714285714285,0.2857142857142857,0.14285714285714285,0.14285714285714285,0.2857142857142857,0.42857142857142855,0.14285714285714285,0.0,0.14285714285714285,0.42857142857142855,1.2857142857142858,-0.7142857142857143,4.0,12.0,0.0,1.0,1.0,2.0,1.0,1.0,2.0,3.0,1.0,0.0,1.0,3.0,9.0,-5.0,7,220.14285714285714,1541.0
201945,Gerald Henderson,5.5,12.486842105263158,0.47368421052631576,1.5526315789473684,3.6842105263157894,4.5,0.8421052631578947,2.789473684210526,3.6315789473684212,2.5921052631578947,1.0394736842105263,0.5131578947368421,1.618421052631579,2.1578947368421053,15.157894736842104,-5.9411764705882355,418.0,949.0,36.0,118.0,280.0,342.0,64.0,212.0,276.0,197.0,79.0,39.0,123.0,164.0,1152.0,-404.0,76,1686.9736842105262,128210.0
201207,Coby Karl,1.25,2.5,1.0,1.25,1.25,1.5,0.25,1.0,1.25,2.0,0.5,0.0,0.5,1.25,4.75,"",5.0,10.0,4.0,5.0,5.0,6.0,1.0,4.0,5.0,8.0,2.0,0.0,2.0,5.0,19.0,"",4,11.5,46.0
