PLAYER_ID,PLAYER_NAME,avg(FGM),avg(FGA),avg(FG3M),avg(FG3A),avg(FTM),avg(FTA),avg(OREB),avg(DREB),avg(REB),avg(AST),avg(STL),avg(BLK),avg(TO),avg(PF),avg(PTS),avg(PLUS_MINUS),sum(FGM),sum(FGA),sum(FG3M),sum(FG3A),sum(FTM),sum(FTA),sum(OREB),sum(DREB),sum(REB),sum(AST),sum(STL),sum(BLK),sum(TO),sum(PF),sum(PTS),sum(PLUS_MINUS),sum(ifminute),avg(seconds),sum(seconds)
202696,Nikola Vucevic,3.5172413793103448,7.402298850574713,0.022988505747126436,0.10344827586206896,0.5862068965517241,1.0,2.2988505747126435,4.850574712643678,7.149425287356322,0.9080459770114943,0.45977011494252873,0.8160919540229885,1.0459770114942528,2.367816091954023,7.64367816091954,-0.95,306.0,644.0,2.0,9.0,51.0,87.0,200.0,422.0,622.0,79.0,40.0,71.0,91.0,206.0,665.0,-76.0,87,1195.1724137931035,103980.0
