PLAYER_ID,PLAYER_NAME,avg(FGM),avg(FGA),avg(FG3M),avg(FG3A),avg(FTM),avg(FTA),avg(OREB),avg(DREB),avg(REB),avg(AST),avg(STL),avg(BLK),avg(TO),avg(PF),avg(PTS),avg(PLUS_MINUS),sum(FGM),sum(FGA),sum(FG3M),sum(FG3A),sum(FTM),sum(FTA),sum(OREB),sum(DREB),sum(REB),sum(AST),sum(STL),sum(BLK),sum(TO),sum(PF),sum(PTS),sum(PLUS_MINUS),sum(ifminute),avg(seconds),sum(seconds)
203116,Tyshawn Taylor,1.0,2.558139534883721,0.13953488372093023,0.37209302325581395,0.3953488372093023,0.6976744186046512,0.06976744186046512,0.37209302325581395,0.4418604651162791,0.6976744186046512,0.32558139534883723,0.0,0.6511627906976745,0.6511627906976745,2.5348837209302326,-1.6,43.0,110.0,6.0,16.0,17.0,30.0,3.0,16.0,19.0,30.0,14.0,0.0,28.0,28.0,109.0,-64.0,43,312.0232558139535,13417.0
202706,Jordan Hamilton,2.1739130434782608,5.3478260869565215,0.7608695652173914,2.0434782608695654,0.5869565217391305,0.9565217391304348,0.8260869565217391,1.608695652173913,2.4347826086956523,0.5217391304347826,0.391304347826087,0.21739130434782608,0.5434782608695652,0.717391304347826,5.695652173913044,-0.5609756097560976,100.0,246.0,35.0,94.0,27.0,44.0,38.0,74.0,112.0,24.0,18.0,10.0,25.0,33.0,262.0,-23.0,46,521.9130434782609,24008.0
2211,Troy Murphy,1.5714285714285714,4.357142857142857,0.7857142857142857,2.5,0.7142857142857143,0.7857142857142857,0.5,3.0,3.5,0.5,0.7142857142857143,0.42857142857142855,0.5,2.0714285714285716,4.642857142857143,-1.4285714285714286,22.0,61.0,11.0,35.0,10.0,11.0,7.0,42.0,49.0,7.0,10.0,6.0,7.0,29.0,65.0,-20.0,14,1097.0,15358.0
101113,Ike Diogu,2.3333333333333335,3.3333333333333335,0.0,0.0,1.0,1.0,1.6666666666666667,2.6666666666666665,4.333333333333333,0.3333333333333333,0.0,0.3333333333333333,0.3333333333333333,0.0,5.666666666666667,"",7.0,10.0,0.0,0.0,3.0,3.0,5.0,8.0,13.0,1.0,0.0,1.0,1.0,0.0,17.0,"",3,9.0,27.0
