PLAYER_ID,PLAYER_NAME,avg(FGM),avg(FGA),avg(FG3M),avg(FG3A),avg(FTM),avg(FTA),avg(OREB),avg(DREB),avg(REB),avg(AST),avg(STL),avg(BLK),avg(TO),avg(PF),avg(PTS),avg(PLUS_MINUS),sum(FGM),sum(FGA),sum(FG3M),sum(FG3A),sum(FTM),sum(FTA),sum(OREB),sum(DREB),sum(REB),sum(AST),sum(STL),sum(BLK),sum(TO),sum(PF),sum(PTS),sum(PLUS_MINUS),sum(ifminute),avg(seconds),sum(seconds)
201157,Sean Williams,0.8181818181818182,1.4545454545454546,0.0,0.0,0.7272727272727273,0.8181818181818182,0.9090909090909091,1.0,1.9090909090909092,0.45454545454545453,0.2727272727272727,0.6363636363636364,0.7272727272727273,1.0909090909090908,2.3636363636363638,2.1818181818181817,9.0,16.0,0.0,0.0,8.0,9.0,10.0,11.0,21.0,5.0,3.0,7.0,8.0,12.0,26.0,24.0,11,534.2727272727273,5877.0
201959,Taj Gibson,2.9504950495049505,6.326732673267327,0.0,0.019801980198019802,1.5544554455445545,2.2475247524752477,2.128712871287129,3.2475247524752477,5.376237623762377,0.7425742574257426,0.46534653465346537,1.2871287128712872,1.0198019801980198,2.3267326732673266,7.455445544554456,3.574468085106383,298.0,639.0,0.0,2.0,157.0,227.0,215.0,328.0,543.0,75.0,47.0,130.0,103.0,235.0,753.0,336.0,101,1138.029702970297,114941.0
202361,Landry Fields,3.2,7.1625,0.3625,1.525,1.0875,1.9375,0.8875,3.3125,4.2,2.35,1.05,0.2125,1.425,1.4125,7.85,2.2432432432432434,256.0,573.0,29.0,122.0,87.0,155.0,71.0,265.0,336.0,188.0,84.0,17.0,114.0,113.0,628.0,166.0,80,1523.75,121900.0
202412,Manny Harris,2.3076923076923075,5.769230769230769,0.46153846153846156,1.3846153846153846,1.5769230769230769,2.269230769230769,0.4230769230769231,2.269230769230769,2.6923076923076925,1.1923076923076923,0.5,0.23076923076923078,1.0384615384615385,1.0769230769230769,6.653846153846154,-2.6153846153846154,60.0,150.0,12.0,36.0,41.0,59.0,11.0,59.0,70.0,31.0,13.0,6.0,27.0,28.0,173.0,-68.0,26,1051.3461538461538,27335.0
101189,James Singleton,3.4166666666666665,6.25,0.16666666666666666,0.75,1.1666666666666667,1.25,2.0833333333333335,4.666666666666667,6.75,1.25,0.75,0.6666666666666666,0.8333333333333334,2.25,8.166666666666666,3.1666666666666665,41.0,75.0,2.0,9.0,14.0,15.0,25.0,56.0,81.0,15.0,9.0,8.0,10.0,27.0,98.0,38.0,12,1311.5833333333333,15739.0
