PLAYER_ID,PLAYER_NAME,avg(FGM),avg(FGA),avg(FG3M),avg(FG3A),avg(FTM),avg(FTA),avg(OREB),avg(DREB),avg(REB),avg(AST),avg(STL),avg(BLK),avg(TO),avg(PF),avg(PTS),avg(PLUS_MINUS),sum(FGM),sum(FGA),sum(FG3M),sum(FG3A),sum(FTM),sum(FTA),sum(OREB),sum(DREB),sum(REB),sum(AST),sum(STL),sum(BLK),sum(TO),sum(PF),sum(PTS),sum(PLUS_MINUS),sum(ifminute),avg(seconds),sum(seconds)
2748,Dorell Wright,3.4086021505376345,8.21505376344086,1.7311827956989247,4.634408602150538,1.4623655913978495,1.8279569892473118,0.8924731182795699,3.5913978494623655,4.483870967741935,1.5591397849462365,0.978494623655914,0.46236559139784944,0.946236559139785,1.4301075268817205,10.010752688172044,-2.8863636363636362,317.0,764.0,161.0,431.0,136.0,170.0,83.0,334.0,417.0,145.0,91.0,43.0,88.0,133.0,931.0,-254.0,93,1427.1290322580646,132723.0
2551,T.J. Ford,1.7,3.4,0.2,0.5,0.9,1.2,0.3,1.0,1.3,3.4,0.6,0.2,1.5,1.7,4.5,1.0,17.0,34.0,2.0,5.0,9.0,12.0,3.0,10.0,13.0,34.0,6.0,2.0,15.0,17.0,45.0,10.0,10,789.6,7896.0
203117,Doron Lamb,1.8695652173913044,4.869565217391305,0.17391304347826086,0.8260869565217391,0.43478260869565216,0.8260869565217391,0.13043478260869565,0.6521739130434783,0.782608695652174,0.9130434782608695,0.30434782608695654,0.0,0.7391304347826086,1.434782608695652,4.3478260869565215,-0.14285714285714285,43.0,112.0,4.0,19.0,10.0,19.0,3.0,15.0,18.0,21.0,7.0,0.0,17.0,33.0,100.0,-3.0,23,722.6521739130435,16621.0
