PLAYER_ID,PLAYER_NAME,avg(FGM),avg(FGA),avg(FG3M),avg(FG3A),avg(FTM),avg(FTA),avg(OREB),avg(DREB),avg(REB),avg(AST),avg(STL),avg(BLK),avg(TO),avg(PF),avg(PTS),avg(PLUS_MINUS),sum(FGM),sum(FGA),sum(FG3M),sum(FG3A),sum(FTM),sum(FTA),sum(OREB),sum(DREB),sum(REB),sum(AST),sum(STL),sum(BLK),sum(TO),sum(PF),sum(PTS),sum(PLUS_MINUS),sum(ifminute),avg(seconds),sum(seconds)
2203,Shane Battier,2.0,5.0,1.4322033898305084,3.6779661016949152,0.4152542372881356,0.5847457627118644,0.6949152542372882,1.923728813559322,2.6186440677966103,1.152542372881356,0.847457627118644,0.5932203389830508,0.5932203389830508,2.016949152542373,5.8474576271186445,3.463636363636364,236.0,590.0,169.0,434.0,49.0,69.0,82.0,227.0,309.0,136.0,100.0,70.0,70.0,238.0,690.0,381.0,118,1459.3898305084747,172208.0
203080,Thomas Robinson,1.9090909090909092,4.757575757575758,0.0,0.0,1.2727272727272727,1.9090909090909092,1.4545454545454546,2.787878787878788,4.242424242424242,0.6666666666666666,0.696969696969697,0.45454545454545453,1.2424242424242424,2.1818181818181817,5.090909090909091,-1.4074074074074074,63.0,157.0,0.0,0.0,42.0,63.0,48.0,92.0,140.0,22.0,23.0,15.0,41.0,72.0,168.0,-38.0,33,777.4848484848485,25657.0
