PLAYER_ID,PLAYER_NAME,avg(FGM),avg(FGA),avg(FG3M),avg(FG3A),avg(FTM),avg(FTA),avg(OREB),avg(DREB),avg(REB),avg(AST),avg(STL),avg(BLK),avg(TO),avg(PF),avg(PTS),avg(PLUS_MINUS),sum(FGM),sum(FGA),sum(FG3M),sum(FG3A),sum(FTM),sum(FTA),sum(OREB),sum(DREB),sum(REB),sum(AST),sum(STL),sum(BLK),sum(TO),sum(PF),sum(PTS),sum(PLUS_MINUS),sum(ifminute),avg(seconds),sum(seconds)
1737,Nazr Mohammed,1.1290322580645162,2.6129032258064515,0.0,0.010752688172043012,0.25806451612903225,0.41935483870967744,0.989247311827957,1.5806451612903225,2.5698924731182795,0.23655913978494625,0.27956989247311825,0.5591397849462365,0.40860215053763443,1.5376344086021505,2.5161290322580645,0.5116279069767442,105.0,243.0,0.0,1.0,24.0,39.0,92.0,147.0,239.0,22.0,26.0,52.0,38.0,143.0,234.0,44.0,93,533.6344086021505,49628.0
2404,Chris Wilcox,2.183673469387755,3.4081632653061225,0.0,0.0,0.8775510204081632,1.3061224489795917,1.1224489795918366,2.326530612244898,3.4489795918367347,0.3469387755102041,0.3469387755102041,0.3469387755102041,0.8775510204081632,2.306122448979592,5.244897959183674,-0.9591836734693877,107.0,167.0,0.0,0.0,43.0,64.0,55.0,114.0,169.0,17.0,17.0,17.0,43.0,113.0,257.0,-47.0,49,936.8367346938776,45905.0
203084,Harrison Barnes,3.3157894736842106,7.815789473684211,0.8157894736842105,2.236842105263158,1.5,2.1578947368421053,0.6842105263157895,3.263157894736842,3.9473684210526314,1.2105263157894737,0.6052631578947368,0.18421052631578946,1.2105263157894737,1.868421052631579,8.947368421052632,0.6774193548387096,126.0,297.0,31.0,85.0,57.0,82.0,26.0,124.0,150.0,46.0,23.0,7.0,46.0,71.0,340.0,21.0,38,1246.9736842105262,47385.0
201964,Victor Claver,0.9444444444444444,2.9444444444444446,0.3888888888888889,1.5,0.2777777777777778,0.5,0.6666666666666666,1.2222222222222223,1.8888888888888888,0.5555555555555556,0.6111111111111112,0.05555555555555555,1.0555555555555556,0.6111111111111112,2.5555555555555554,-0.23076923076923078,17.0,53.0,7.0,27.0,5.0,9.0,12.0,22.0,34.0,10.0,11.0,1.0,19.0,11.0,46.0,-3.0,18,572.8888888888889,10312.0
