PLAYER_ID,PLAYER_NAME,avg(FGM),avg(FGA),avg(FG3M),avg(FG3A),avg(FTM),avg(FTA),avg(OREB),avg(DREB),avg(REB),avg(AST),avg(STL),avg(BLK),avg(TO),avg(PF),avg(PTS),avg(PLUS_MINUS),sum(FGM),sum(FGA),sum(FG3M),sum(FG3A),sum(FTM),sum(FTA),sum(OREB),sum(DREB),sum(REB),sum(AST),sum(STL),sum(BLK),sum(TO),sum(PF),sum(PTS),sum(PLUS_MINUS),sum(ifminute),avg(seconds),sum(seconds)
2222,Gerald Wallace,2.814814814814815,6.925925925925926,0.7407407407407407,2.5555555555555554,1.8148148148148149,2.8641975308641974,1.037037037037037,3.617283950617284,4.654320987654321,2.54320987654321,1.382716049382716,0.6790123456790124,1.5679012345679013,1.8395061728395061,8.185185185185185,2.210526315789474,228.0,561.0,60.0,207.0,147.0,232.0,84.0,293.0,377.0,206.0,112.0,55.0,127.0,149.0,663.0,168.0,81,1719.4938271604938,139279.0
202690,Jimmer Fredette,2.493333333333333,5.946666666666666,0.96,2.3333333333333335,1.36,1.5866666666666667,0.28,0.76,1.04,1.32,0.4533333333333333,0.04,1.0666666666666667,0.9066666666666666,7.306666666666667,-1.173913043478261,187.0,446.0,72.0,175.0,102.0,119.0,21.0,57.0,78.0,99.0,34.0,3.0,80.0,68.0,548.0,-81.0,75,774.4533333333334,58084.0
