PLAYER_ID,PLAYER_NAME,avg(FGM),avg(FGA),avg(FG3M),avg(FG3A),avg(FTM),avg(FTA),avg(OREB),avg(DREB),avg(REB),avg(AST),avg(STL),avg(BLK),avg(TO),avg(PF),avg(PTS),avg(PLUS_MINUS),sum(FGM),sum(FGA),sum(FG3M),sum(FG3A),sum(FTM),sum(FTA),sum(OREB),sum(DREB),sum(REB),sum(AST),sum(STL),sum(BLK),sum(TO),sum(PF),sum(PTS),sum(PLUS_MINUS),sum(ifminute),avg(seconds),sum(seconds)
201568,Danilo Gallinari,4.831325301204819,11.927710843373495,1.5783132530120483,4.698795180722891,3.9156626506024095,4.554216867469879,0.927710843373494,4.0602409638554215,4.9879518072289155,2.6144578313253013,0.8433734939759037,0.4819277108433735,1.4698795180722892,1.891566265060241,15.156626506024097,3.5974025974025974,401.0,990.0,131.0,390.0,325.0,378.0,77.0,337.0,414.0,217.0,70.0,40.0,122.0,157.0,1258.0,277.0,83,1779.313253012048,147683.0
203201,Mustapha Farrakhan,0.0,1.0,0.0,0.3333333333333333,0.0,0.0,0.3333333333333333,0.3333333333333333,0.6666666666666666,1.0,0.3333333333333333,0.0,0.3333333333333333,0.0,0.0,"",0.0,3.0,0.0,1.0,0.0,0.0,1.0,1.0,2.0,3.0,1.0,0.0,1.0,0.0,0.0,"",3,2.6666666666666665,8.0
