PLAYER_ID,PLAYER_NAME,avg(FGM),avg(FGA),avg(FG3M),avg(FG3A),avg(FTM),avg(FTA),avg(OREB),avg(DREB),avg(REB),avg(AST),avg(STL),avg(BLK),avg(TO),avg(PF),avg(PTS),avg(PLUS_MINUS),sum(FGM),sum(FGA),sum(FG3M),sum(FG3A),sum(FTM),sum(FTA),sum(OREB),sum(DREB),sum(REB),sum(AST),sum(STL),sum(BLK),sum(TO),sum(PF),sum(PTS),sum(PLUS_MINUS),sum(ifminute),avg(seconds),sum(seconds)
201202,Joel Anthony,0.4935064935064935,1.0129870129870129,0.0,0.0,0.22077922077922077,0.36363636363636365,0.7142857142857143,1.051948051948052,1.7662337662337662,0.16883116883116883,0.19480519480519481,0.5974025974025974,0.3246753246753247,0.8051948051948052,1.2077922077922079,0.11842105263157894,38.0,78.0,0.0,0.0,17.0,28.0,55.0,81.0,136.0,13.0,15.0,46.0,25.0,62.0,93.0,9.0,77,496.7402597402597,38249.0
203088,Kendall Marshall,1.1538461538461537,3.1346153846153846,0.4807692307692308,1.5192307692307692,0.19230769230769232,0.3076923076923077,0.11538461538461539,0.8653846153846154,0.9807692307692307,3.0,0.46153846153846156,0.07692307692307693,1.2692307692307692,1.0192307692307692,2.980769230769231,-3.8541666666666665,60.0,163.0,25.0,79.0,10.0,16.0,6.0,45.0,51.0,156.0,24.0,4.0,66.0,53.0,155.0,-185.0,52,812.0192307692307,42225.0
101111,Charlie Villanueva,2.453333333333333,6.733333333333333,1.2133333333333334,3.68,0.4266666666666667,0.7733333333333333,0.6933333333333334,2.7333333333333334,3.4266666666666667,0.7733333333333333,0.4533333333333333,0.56,0.5733333333333334,1.3866666666666667,6.546666666666667,-1.3043478260869565,184.0,505.0,91.0,276.0,32.0,58.0,52.0,205.0,257.0,58.0,34.0,42.0,43.0,104.0,491.0,-90.0,75,874.4933333333333,65587.0
