PLAYER_ID,PLAYER_NAME,avg(FGM),avg(FGA),avg(FG3M),avg(FG3A),avg(FTM),avg(FTA),avg(OREB),avg(DREB),avg(REB),avg(AST),avg(STL),avg(BLK),avg(TO),avg(PF),avg(PTS),avg(PLUS_MINUS),sum(FGM),sum(FGA),sum(FG3M),sum(FG3A),sum(FTM),sum(FTA),sum(OREB),sum(DREB),sum(REB),sum(AST),sum(STL),sum(BLK),sum(TO),sum(PF),sum(PTS),sum(PLUS_MINUS),sum(ifminute),avg(seconds),sum(seconds)
201574,Jason Thompson,4.47191011235955,8.955056179775282,0.0,0.033707865168539325,1.7865168539325842,2.539325842696629,2.0786516853932584,4.50561797752809,6.584269662921348,1.0337078651685394,0.5842696629213483,0.7528089887640449,1.2134831460674158,2.8202247191011236,10.730337078651685,-2.9634146341463414,398.0,797.0,0.0,3.0,159.0,226.0,185.0,401.0,586.0,92.0,52.0,67.0,108.0,251.0,955.0,-243.0,89,1542.1460674157304,137251.0
