PLAYER_ID,PLAYER_NAME,avg(FGM),avg(FGA),avg(FG3M),avg(FG3A),avg(FTM),avg(FTA),avg(OREB),avg(DREB),avg(REB),avg(AST),avg(STL),avg(BLK),avg(TO),avg(PF),avg(PTS),avg(PLUS_MINUS),sum(FGM),sum(FGA),sum(FG3M),sum(FG3A),sum(FTM),sum(FTA),sum(OREB),sum(DREB),sum(REB),sum(AST),sum(STL),sum(BLK),sum(TO),sum(PF),sum(PTS),sum(PLUS_MINUS),sum(ifminute),avg(seconds),sum(seconds)
202693,Markieff Morris,3.337078651685393,8.202247191011235,0.550561797752809,1.6292134831460674,1.1797752808988764,1.6741573033707866,1.6179775280898876,3.303370786516854,4.921348314606742,1.348314606741573,0.9438202247191011,0.7640449438202247,1.2921348314606742,2.6179775280898876,8.404494382022472,-4.402439024390244,297.0,730.0,49.0,145.0,105.0,149.0,144.0,294.0,438.0,120.0,84.0,68.0,115.0,233.0,748.0,-361.0,89,1240.1460674157304,110373.0
202723,Malcolm Lee,1.894736842105263,4.894736842105263,0.47368421052631576,1.4736842105263157,0.6842105263157895,1.1578947368421053,0.8421052631578947,1.5263157894736843,2.3684210526315788,1.0526315789473684,0.7368421052631579,0.42105263157894735,0.7368421052631579,1.8421052631578947,4.947368421052632,0.75,36.0,93.0,9.0,28.0,13.0,22.0,16.0,29.0,45.0,20.0,14.0,8.0,14.0,35.0,94.0,12.0,19,913.9473684210526,17365.0
