PLAYER_ID,PLAYER_NAME,avg(FGM),avg(FGA),avg(FG3M),avg(FG3A),avg(FTM),avg(FTA),avg(OREB),avg(DREB),avg(REB),avg(AST),avg(STL),avg(BLK),avg(TO),avg(PF),avg(PTS),avg(PLUS_MINUS),sum(FGM),sum(FGA),sum(FG3M),sum(FG3A),sum(FTM),sum(FTA),sum(OREB),sum(DREB),sum(REB),sum(AST),sum(STL),sum(BLK),sum(TO),sum(PF),sum(PTS),sum(PLUS_MINUS),sum(ifminute),avg(seconds),sum(seconds)
2429,Dan Gadzuric,0.0,1.0,0.0,0.0,0.0,1.0,0.5,2.0,2.5,0.0,0.5,0.5,0.5,2.0,0.0,-1.0,0.0,2.0,0.0,0.0,0.0,2.0,1.0,4.0,5.0,0.0,1.0,1.0,1.0,4.0,0.0,-2.0,2,395.0,790.0
101130,Johan Petro,1.6307692307692307,4.061538461538461,0.015384615384615385,0.03076923076923077,0.49230769230769234,0.5538461538461539,1.0615384615384615,2.3692307692307693,3.4307692307692306,0.7230769230769231,0.3230769230769231,0.3384615384615385,0.5692307692307692,1.8153846153846154,3.769230769230769,-2.629032258064516,106.0,264.0,1.0,2.0,32.0,36.0,69.0,154.0,223.0,47.0,21.0,22.0,37.0,118.0,245.0,-163.0,65,824.3384615384615,53582.0
