PLAYER_ID,PLAYER_NAME,avg(FGM),avg(FGA),avg(FG3M),avg(FG3A),avg(FTM),avg(FTA),avg(OREB),avg(DREB),avg(REB),avg(AST),avg(STL),avg(BLK),avg(TO),avg(PF),avg(PTS),avg(PLUS_MINUS),sum(FGM),sum(FGA),sum(FG3M),sum(FG3A),sum(FTM),sum(FTA),sum(OREB),sum(DREB),sum(REB),sum(AST),sum(STL),sum(BLK),sum(TO),sum(PF),sum(PTS),sum(PLUS_MINUS),sum(ifminute),avg(seconds),sum(seconds)
203317,Tim Ohlbrecht,0.3333333333333333,1.0,0.0,0.0,0.3333333333333333,0.3333333333333333,0.0,0.3333333333333333,0.3333333333333333,0.3333333333333333,0.3333333333333333,0.0,1.3333333333333333,0.3333333333333333,1.0,-2.3333333333333335,1.0,3.0,0.0,0.0,1.0,1.0,0.0,1.0,1.0,1.0,1.0,0.0,4.0,1.0,3.0,-7.0,3,234.66666666666666,704.0
1894,Corey Maggette,1.6818181818181819,4.5,0.2727272727272727,1.1363636363636365,2.1363636363636362,2.8181818181818183,0.3181818181818182,1.1363636363636365,1.4545454545454546,1.0454545454545454,0.4090909090909091,0.09090909090909091,0.9545454545454546,2.090909090909091,5.7727272727272725,-0.9444444444444444,37.0,99.0,6.0,25.0,47.0,62.0,7.0,25.0,32.0,23.0,9.0,2.0,21.0,46.0,127.0,-17.0,22,703.3636363636364,15474.0
202707,JaJuan Johnson,2.5,3.5,0.0,0.0,0.0,0.0,0.5,1.5,2.0,0.0,0.0,0.0,0.0,0.5,5.0,"",5.0,7.0,0.0,0.0,0.0,0.0,1.0,3.0,4.0,0.0,0.0,0.0,0.0,1.0,10.0,"",2,6.0,12.0
