PLAYER_ID,PLAYER_NAME,avg(FGM),avg(FGA),avg(FG3M),avg(FG3A),avg(FTM),avg(FTA),avg(OREB),avg(DREB),avg(REB),avg(AST),avg(STL),avg(BLK),avg(TO),avg(PF),avg(PTS),avg(PLUS_MINUS),sum(FGM),sum(FGA),sum(FG3M),sum(FG3A),sum(FTM),sum(FTA),sum(OREB),sum(DREB),sum(REB),sum(AST),sum(STL),sum(BLK),sum(TO),sum(PF),sum(PTS),sum(PLUS_MINUS),sum(ifminute),avg(seconds),sum(seconds)
2225,Tony Parker,7.576086956521739,15.217391304347826,0.391304347826087,1.108695652173913,4.108695652173913,4.967391304347826,0.34782608695652173,2.630434782608696,2.9782608695652173,7.195652173913044,0.8695652173913043,0.10869565217391304,2.5434782608695654,1.3695652173913044,19.652173913043477,6.183908045977011,697.0,1400.0,36.0,102.0,378.0,457.0,32.0,242.0,274.0,662.0,80.0,10.0,234.0,126.0,1808.0,538.0,92,1917.7717391304348,176435.0
202713,Kyle Singler,3.258426966292135,7.584269662921348,0.8539325842696629,2.404494382022472,1.202247191011236,1.5168539325842696,1.2696629213483146,2.640449438202247,3.9101123595505616,0.9101123595505618,0.7078651685393258,0.43820224719101125,1.1573033707865168,2.5730337078651684,8.573033707865168,-1.951219512195122,290.0,675.0,76.0,214.0,107.0,135.0,113.0,235.0,348.0,81.0,63.0,39.0,103.0,229.0,763.0,-160.0,89,1547.2022471910113,137701.0
202712,Justin Harper,1.7142857142857142,4.428571428571429,0.42857142857142855,1.7142857142857142,0.14285714285714285,0.2857142857142857,0.0,2.2857142857142856,2.2857142857142856,0.7142857142857143,0.2857142857142857,0.14285714285714285,0.42857142857142855,0.7142857142857143,4.0,"",12.0,31.0,3.0,12.0,1.0,2.0,0.0,16.0,16.0,5.0,2.0,1.0,3.0,5.0,28.0,"",7,13.571428571428571,95.0
203192,Demonte Harper,0.0,0.3333333333333333,0.0,0.0,0.6666666666666666,1.3333333333333333,0.3333333333333333,0.0,0.3333333333333333,0.0,0.0,0.0,0.0,0.0,0.6666666666666666,"",0.0,1.0,0.0,0.0,2.0,4.0,1.0,0.0,1.0,0.0,0.0,0.0,0.0,0.0,2.0,"",3,1.3333333333333333,4.0
