PLAYER_ID,PLAYER_NAME,avg(FGM),avg(FGA),avg(FG3M),avg(FG3A),avg(FTM),avg(FTA),avg(OREB),avg(DREB),avg(REB),avg(AST),avg(STL),avg(BLK),avg(TO),avg(PF),avg(PTS),avg(PLUS_MINUS),sum(FGM),sum(FGA),sum(FG3M),sum(FG3A),sum(FTM),sum(FTA),sum(OREB),sum(DREB),sum(REB),sum(AST),sum(STL),sum(BLK),sum(TO),sum(PF),sum(PTS),sum(PLUS_MINUS),sum(ifminute),avg(seconds),sum(seconds)
101123,Gerald Green,2.789473684210526,7.25,1.0394736842105263,3.289473684210526,0.7763157894736842,0.9736842105263158,0.4473684210526316,1.8289473684210527,2.276315789473684,0.8157894736842105,0.2894736842105263,0.32894736842105265,0.881578947368421,1.2105263157894737,7.394736842105263,-0.4782608695652174,212.0,551.0,79.0,250.0,59.0,74.0,34.0,139.0,173.0,62.0,22.0,25.0,67.0,92.0,562.0,-33.0,76,938.3157894736842,71312.0
2440,Matt Barnes,3.9148936170212765,8.393617021276595,1.351063829787234,3.9680851063829787,1.2659574468085106,1.648936170212766,1.351063829787234,3.3404255319148937,4.691489361702128,1.4361702127659575,1.053191489361702,0.7659574468085106,1.2234042553191489,2.925531914893617,10.446808510638299,3.546511627906977,368.0,789.0,127.0,373.0,119.0,155.0,127.0,314.0,441.0,135.0,99.0,72.0,115.0,275.0,982.0,305.0,94,1418.8829787234042,133375.0
