PLAYER_ID,PLAYER_NAME,avg(FGM),avg(FGA),avg(FG3M),avg(FG3A),avg(FTM),avg(FTA),avg(OREB),avg(DREB),avg(REB),avg(AST),avg(STL),avg(BLK),avg(TO),avg(PF),avg(PTS),avg(PLUS_MINUS),sum(FGM),sum(FGA),sum(FG3M),sum(FG3A),sum(FTM),sum(FTA),sum(OREB),sum(DREB),sum(REB),sum(AST),sum(STL),sum(BLK),sum(TO),sum(PF),sum(PTS),sum(PLUS_MINUS),sum(ifminute),avg(seconds),sum(seconds)
201150,Spencer Hawes,4.53932584269663,9.831460674157304,0.38202247191011235,1.0674157303370786,1.4831460674157304,1.9213483146067416,2.044943820224719,4.910112359550562,6.955056179775281,2.337078651685393,0.3146067415730337,1.3820224719101124,1.595505617977528,2.8764044943820224,10.9438202247191,-1.6951219512195121,404.0,875.0,34.0,95.0,132.0,171.0,182.0,437.0,619.0,208.0,28.0,123.0,142.0,256.0,974.0,-139.0,89,1507.4044943820224,134159.0
202809,Cory Higgins,1.0,3.2,0.3,0.8,0.2,0.4,0.3,0.6,0.9,1.0,0.4,0.0,0.0,1.1,2.5,-1.1666666666666667,10.0,32.0,3.0,8.0,2.0,4.0,3.0,6.0,9.0,10.0,4.0,0.0,0.0,11.0,25.0,-7.0,10,197.8,1978.0
