PLAYER_ID,PLAYER_NAME,avg(FGM),avg(FGA),avg(FG3M),avg(FG3A),avg(FTM),avg(FTA),avg(OREB),avg(DREB),avg(REB),avg(AST),avg(STL),avg(BLK),avg(TO),avg(PF),avg(PTS),avg(PLUS_MINUS),sum(FGM),sum(FGA),sum(FG3M),sum(FG3A),sum(FTM),sum(FTA),sum(OREB),sum(DREB),sum(REB),sum(AST),sum(STL),sum(BLK),sum(TO),sum(PF),sum(PTS),sum(PLUS_MINUS),sum(ifminute),avg(seconds),sum(seconds)
201977,Marcus Thornton,4.620253164556962,10.721518987341772,1.9113924050632911,5.177215189873418,1.6708860759493671,1.8987341772151898,0.6962025316455697,1.8734177215189873,2.569620253164557,1.2531645569620253,0.9240506329113924,0.0759493670886076,0.9367088607594937,1.4683544303797469,12.822784810126583,-3.986111111111111,365.0,847.0,151.0,409.0,132.0,150.0,55.0,148.0,203.0,99.0,73.0,6.0,74.0,116.0,1013.0,-287.0,79,1313.506329113924,103767.0
