PLAYER_ID,PLAYER_NAME,avg(FGM),avg(FGA),avg(FG3M),avg(FG3A),avg(FTM),avg(FTA),avg(OREB),avg(DREB),avg(REB),avg(AST),avg(STL),avg(BLK),avg(TO),avg(PF),avg(PTS),avg(PLUS_MINUS),sum(FGM),sum(FGA),sum(FG3M),sum(FG3A),sum(FTM),sum(FTA),sum(OREB),sum(DREB),sum(REB),sum(AST),sum(STL),sum(BLK),sum(TO),sum(PF),sum(PTS),sum(PLUS_MINUS),sum(ifminute),avg(seconds),sum(seconds)
2754,Tony Allen,3.3626373626373627,7.43956043956044,0.10989010989010989,0.4725274725274725,2.131868131868132,2.7032967032967035,1.3736263736263736,2.4175824175824174,3.791208791208791,1.10989010989011,1.6703296703296704,0.6153846153846154,1.3736263736263736,2.4615384615384617,8.967032967032967,3.632183908045977,306.0,677.0,10.0,43.0,194.0,246.0,125.0,220.0,345.0,101.0,152.0,56.0,125.0,224.0,816.0,316.0,91,1490.2417582417581,135612.0
