TEAM_ID,PLAYER_ID,PLAYER_NAME,avg(FGM),avg(FGA),avg(FG3M),avg(FG3A),avg(FTM),avg(FTA),avg(OREB),avg(DREB),avg(REB),avg(AST),avg(STL),avg(BLK),avg(TO),avg(PF),avg(PTS),avg(PLUS_MINUS),sum(FGM),sum(FGA),sum(FG3M),sum(FG3A),sum(FTM),sum(FTA),sum(OREB),sum(DREB),sum(REB),sum(AST),sum(STL),sum(BLK),sum(TO),sum(PF),sum(PTS),sum(PLUS_MINUS),sum(ifminute),avg(seconds),sum(seconds)
1610612751,200770,Jordan Farmar,3.4683544303797467,8.835443037974683,1.5316455696202531,4.189873417721519,1.139240506329114,1.379746835443038,0.4050632911392405,2.037974683544304,2.4430379746835444,4.924050632911392,0.9113924050632911,0.08860759493670886,1.8860759493670887,1.7215189873417722,9.60759493670886,-2.3972602739726026,274.0,698.0,121.0,331.0,90.0,109.0,32.0,161.0,193.0,389.0,72.0,7.0,149.0,136.0,759.0,-175.0,79,1365.73417721519,107893.0
1610612742,101133,Ian Mahinmi,1.078125,1.96875,0.0,0.03125,1.09375,1.421875,0.9375,1.421875,2.359375,0.203125,0.28125,0.234375,0.46875,1.90625,3.25,1.1964285714285714,69.0,126.0,0.0,2.0,70.0,91.0,60.0,91.0,151.0,13.0,18.0,15.0,30.0,122.0,208.0,67.0,64,458.921875,29371.0
1610612761,201582,Alexis Ajinca,1.9583333333333333,4.208333333333333,0.375,1.125,0.4583333333333333,0.625,0.5,2.0416666666666665,2.5416666666666665,0.3333333333333333,0.3333333333333333,0.5833333333333334,0.7083333333333334,2.5,4.75,0.5833333333333334,47.0,101.0,9.0,27.0,11.0,15.0,12.0,49.0,61.0,8.0,8.0,14.0,17.0,60.0,114.0,14.0,24,661.5416666666666,15877.0
1610612764,1710,Mike Bibby,0.5,4.5,0.0,2.0,0.0,0.0,0.0,1.5,1.5,4.0,0.5,0.0,0.5,1.5,1.0,-6.0,1.0,9.0,0.0,4.0,0.0,0.0,0.0,3.0,3.0,8.0,1.0,0.0,1.0,3.0,2.0,-12.0,2,880.5,1761.0
1610612748,201976,Patrick Beverley,1.0,4.0,0.6,1.4,4.0,4.6,1.2,3.8,5.0,3.2,1.2,0.0,1.4,1.8,6.6,"",5.0,20.0,3.0,7.0,20.0,23.0,6.0,19.0,25.0,16.0,6.0,0.0,7.0,9.0,33.0,"",5,24.4,122.0
