TEAM_ID,PLAYER_ID,PLAYER_NAME,avg(FGM),avg(FGA),avg(FG3M),avg(FG3A),avg(FTM),avg(FTA),avg(OREB),avg(DREB),avg(REB),avg(AST),avg(STL),avg(BLK),avg(TO),avg(PF),avg(PTS),avg(PLUS_MINUS),sum(FGM),sum(FGA),sum(FG3M),sum(FG3A),sum(FTM),sum(FTA),sum(OREB),sum(DREB),sum(REB),sum(AST),sum(STL),sum(BLK),sum(TO),sum(PF),sum(PTS),sum(PLUS_MINUS),sum(ifminute),avg(seconds),sum(seconds)
1610612760,1737,Nazr Mohammed,3.125,5.458333333333333,0.0,0.0,0.625,1.0,1.9166666666666667,2.9166666666666665,4.833333333333333,0.25,0.6666666666666666,0.4166666666666667,0.7916666666666666,2.625,6.875,2.625,75.0,131.0,0.0,0.0,15.0,24.0,46.0,70.0,116.0,6.0,16.0,10.0,19.0,63.0,165.0,63.0,24,1071.7916666666667,25723.0
1610612763,2216,Zach Randolph,7.6419753086419755,15.197530864197532,0.09876543209876543,0.5432098765432098,4.037037037037037,5.345679012345679,4.135802469135802,7.493827160493828,11.62962962962963,2.1358024691358026,0.8395061728395061,0.32098765432098764,1.962962962962963,2.3209876543209877,19.419753086419753,3.48,619.0,1231.0,8.0,44.0,327.0,433.0,335.0,607.0,942.0,173.0,68.0,26.0,159.0,188.0,1573.0,261.0,81,2019.0864197530864,163546.0
1610612748,2592,James Jones,1.8850574712643677,4.459770114942529,1.5747126436781609,3.689655172413793,0.735632183908046,0.8850574712643678,0.26436781609195403,1.6896551724137931,1.9540229885057472,0.5402298850574713,0.3563218390804598,0.22988505747126436,0.3448275862068966,1.6896551724137931,6.080459770114943,2.9753086419753085,164.0,388.0,137.0,321.0,64.0,77.0,23.0,147.0,170.0,47.0,31.0,20.0,30.0,147.0,529.0,241.0,87,1070.2068965517242,93108.0
1610612751,202178,Sundiata Gaines,2.0,4.8,0.4,1.7,1.1,2.0,1.0,1.4,2.4,2.5,0.9,0.0,1.3,1.1,5.5,1.8,20.0,48.0,4.0,17.0,11.0,20.0,10.0,14.0,24.0,25.0,9.0,0.0,13.0,11.0,55.0,18.0,10,875.3,8753.0
1610612762,202421,Ryan Thompson,1.0,2.2,0.0,0.4,0.6,0.6,0.4,0.4,0.8,0.4,0.2,0.0,0.4,1.2,2.6,"",5.0,11.0,0.0,2.0,3.0,3.0,2.0,2.0,4.0,2.0,1.0,0.0,2.0,6.0,13.0,"",5,8.8,44.0
