TEAM_ID,PLAYER_ID,PLAYER_NAME,avg(FGM),avg(FGA),avg(FG3M),avg(FG3A),avg(FTM),avg(FTA),avg(OREB),avg(DREB),avg(REB),avg(AST),avg(STL),avg(BLK),avg(TO),avg(PF),avg(PTS),avg(PLUS_MINUS),sum(FGM),sum(FGA),sum(FG3M),sum(FG3A),sum(FTM),sum(FTA),sum(OREB),sum(DREB),sum(REB),sum(AST),sum(STL),sum(BLK),sum(TO),sum(PF),sum(PTS),sum(PLUS_MINUS),sum(ifminute),avg(seconds),sum(seconds)
1610612754,201954,Darren Collison,5.0,10.906976744186046,0.5697674418604651,1.6162790697674418,2.558139534883721,2.9302325581395348,0.5465116279069767,2.2790697674418605,2.8255813953488373,5.046511627906977,1.069767441860465,0.16279069767441862,2.511627906976744,1.3837209302325582,13.127906976744185,-1.7215189873417722,430.0,938.0,49.0,139.0,220.0,252.0,47.0,196.0,243.0,434.0,92.0,14.0,216.0,119.0,1129.0,-136.0,86,1648.8139534883721,141798.0
1610612764,201146,Yi Jianlian,2.414285714285714,5.728571428571429,0.07142857142857142,0.2857142857142857,1.042857142857143,1.5285714285714285,1.2714285714285714,2.8285714285714287,4.1,0.5142857142857142,0.4142857142857143,0.5285714285714286,0.8285714285714286,1.8857142857142857,5.942857142857143,-3.507936507936508,169.0,401.0,5.0,20.0,73.0,107.0,89.0,198.0,287.0,36.0,29.0,37.0,58.0,132.0,416.0,-221.0,70,955.2,66864.0
