TEAM_ID,PLAYER_ID,PLAYER_NAME,avg(FGM),avg(FGA),avg(FG3M),avg(FG3A),avg(FTM),avg(FTA),avg(OREB),avg(DREB),avg(REB),avg(AST),avg(STL),avg(BLK),avg(TO),avg(PF),avg(PTS),avg(PLUS_MINUS),sum(FGM),sum(FGA),sum(FG3M),sum(FG3A),sum(FTM),sum(FTA),sum(OREB),sum(DREB),sum(REB),sum(AST),sum(STL),sum(BLK),sum(TO),sum(PF),sum(PTS),sum(PLUS_MINUS),sum(ifminute),avg(seconds),sum(seconds)
1610612755,101150,Lou Williams,4.280487804878049,10.378048780487806,1.170731707317073,3.2804878048780486,3.9390243902439024,4.817073170731708,0.45121951219512196,1.5609756097560976,2.0121951219512195,3.292682926829268,0.6463414634146342,0.2073170731707317,1.3414634146341464,1.7804878048780488,13.670731707317072,1.24,351.0,851.0,96.0,269.0,323.0,395.0,37.0,128.0,165.0,270.0,53.0,17.0,110.0,146.0,1121.0,93.0,82,1280.378048780488,104991.0
1610612744,2429,Dan Gadzuric,1.1764705882352942,3.088235294117647,0.0,0.029411764705882353,0.20588235294117646,0.5,1.6764705882352942,1.2647058823529411,2.9411764705882355,0.38235294117647056,0.3235294117647059,0.6176470588235294,0.6764705882352942,2.1470588235294117,2.5588235294117645,-1.6071428571428572,40.0,105.0,0.0,1.0,7.0,17.0,57.0,43.0,100.0,13.0,11.0,21.0,23.0,73.0,87.0,-45.0,34,525.9411764705883,17882.0
