TEAM_ID,PLAYER_ID,PLAYER_NAME,avg(FGM),avg(FGA),avg(FG3M),avg(FG3A),avg(FTM),avg(FTA),avg(OREB),avg(DREB),avg(REB),avg(AST),avg(STL),avg(BLK),avg(TO),avg(PF),avg(PTS),avg(PLUS_MINUS),sum(FGM),sum(FGA),sum(FG3M),sum(FG3A),sum(FTM),sum(FTA),sum(OREB),sum(DREB),sum(REB),sum(AST),sum(STL),sum(BLK),sum(TO),sum(PF),sum(PTS),sum(PLUS_MINUS),sum(ifminute),avg(seconds),sum(seconds)
1610612741,201600,Omer Asik,1.0222222222222221,1.8666666666666667,0.0,0.0,0.9666666666666667,1.9222222222222223,1.5333333333333334,2.477777777777778,4.011111111111111,0.4111111111111111,0.3,0.7222222222222222,0.8222222222222222,2.011111111111111,3.011111111111111,2.8536585365853657,92.0,168.0,0.0,0.0,87.0,173.0,138.0,223.0,361.0,37.0,27.0,65.0,74.0,181.0,271.0,234.0,90,661.4,59526.0
1610612766,202395,Sherron Collins,0.5714285714285714,2.2142857142857144,0.17857142857142858,0.8214285714285714,0.03571428571428571,0.03571428571428571,0.07142857142857142,0.39285714285714285,0.4642857142857143,0.8571428571428571,0.14285714285714285,0.0,0.7857142857142857,0.6071428571428571,1.3571428571428572,-0.8,16.0,62.0,5.0,23.0,1.0,1.0,2.0,11.0,13.0,24.0,4.0,0.0,22.0,17.0,38.0,-16.0,28,146.35714285714286,4098.0
