TEAM_ID,PLAYER_ID,PLAYER_NAME,avg(FGM),avg(FGA),avg(FG3M),avg(FG3A),avg(FTM),avg(FTA),avg(OREB),avg(DREB),avg(REB),avg(AST),avg(STL),avg(BLK),avg(TO),avg(PF),avg(PTS),avg(PLUS_MINUS),sum(FGM),sum(FGA),sum(FG3M),sum(FG3A),sum(FTM),sum(FTA),sum(OREB),sum(DREB),sum(REB),sum(AST),sum(STL),sum(BLK),sum(TO),sum(PF),sum(PTS),sum(PLUS_MINUS),sum(ifminute),avg(seconds),sum(seconds)
1610612742,2217,Brendan Haywood,1.7625,3.075,0.0,0.0125,0.975,2.5375,1.8375,3.5125,5.35,0.2625,0.225,1.075,0.7625,2.0625,4.5,-0.16666666666666666,141.0,246.0,0.0,1.0,78.0,203.0,147.0,281.0,428.0,21.0,18.0,86.0,61.0,165.0,360.0,-12.0,80,1000.6,80048.0
1610612742,201958,Rodrigue Beaubois,3.357142857142857,7.964285714285714,0.8928571428571429,2.9642857142857144,0.8214285714285714,1.0714285714285714,0.25,1.6071428571428572,1.8571428571428572,2.2857142857142856,0.7142857142857143,0.2857142857142857,1.6785714285714286,2.7142857142857144,8.428571428571429,-0.6071428571428571,94.0,223.0,25.0,83.0,23.0,30.0,7.0,45.0,52.0,64.0,20.0,8.0,47.0,76.0,236.0,-17.0,28,1062.142857142857,29740.0
1610612748,711,Jerry Stackhouse,0.42857142857142855,1.7142857142857142,0.14285714285714285,0.5714285714285714,0.7142857142857143,1.0,0.14285714285714285,0.8571428571428571,1.0,0.42857142857142855,0.0,0.2857142857142857,0.2857142857142857,0.42857142857142855,1.7142857142857142,-0.5714285714285714,3.0,12.0,1.0,4.0,5.0,7.0,1.0,6.0,7.0,3.0,0.0,2.0,2.0,3.0,12.0,-4.0,7,426.42857142857144,2985.0
