TEAM_ID,PLAYER_ID,PLAYER_NAME,avg(FGM),avg(FGA),avg(FG3M),avg(FG3A),avg(FTM),avg(FTA),avg(OREB),avg(DREB),avg(REB),avg(AST),avg(STL),avg(BLK),avg(TO),avg(PF),avg(PTS),avg(PLUS_MINUS),sum(FGM),sum(FGA),sum(FG3M),sum(FG3A),sum(FTM),sum(FTA),sum(OREB),sum(DREB),sum(REB),sum(AST),sum(STL),sum(BLK),sum(TO),sum(PF),sum(PTS),sum(PLUS_MINUS),sum(ifminute),avg(seconds),sum(seconds)
1610612743,201814,Gary Forbes,2.0985915492957745,4.619718309859155,0.352112676056338,1.1126760563380282,1.1830985915492958,1.676056338028169,0.49295774647887325,1.4647887323943662,1.9577464788732395,0.9014084507042254,0.38028169014084506,0.09859154929577464,0.8450704225352113,1.1971830985915493,5.732394366197183,-0.5238095238095238,149.0,328.0,25.0,79.0,84.0,119.0,35.0,104.0,139.0,64.0,27.0,7.0,60.0,85.0,407.0,-33.0,71,670.4225352112676,47600.0
