TEAM_ID,PLAYER_ID,PLAYER_NAME,avg(FGM),avg(FGA),avg(FG3M),avg(FG3A),avg(FTM),avg(FTA),avg(OREB),avg(DREB),avg(REB),avg(AST),avg(STL),avg(BLK),avg(TO),avg(PF),avg(PTS),avg(PLUS_MINUS),sum(FGM),sum(FGA),sum(FG3M),sum(FG3A),sum(FTM),sum(FTA),sum(OREB),sum(DREB),sum(REB),sum(AST),sum(STL),sum(BLK),sum(TO),sum(PF),sum(PTS),sum(PLUS_MINUS),sum(ifminute),avg(seconds),sum(seconds)
1610612744,2294,Charlie Bell,0.68,2.56,0.28,1.24,0.16,0.24,0.28,0.68,0.96,0.72,0.48,0.04,0.4,0.6,1.8,0.0,17.0,64.0,7.0,31.0,4.0,6.0,7.0,17.0,24.0,18.0,12.0,1.0,10.0,15.0,45.0,0.0,25,413.0,10325.0
1610612749,2400,Drew Gooden,4.604651162790698,10.44186046511628,0.06976744186046512,0.5116279069767442,2.488372093023256,3.0697674418604652,2.116279069767442,4.27906976744186,6.395348837209302,1.1395348837209303,0.627906976744186,0.627906976744186,1.3953488372093024,2.697674418604651,11.767441860465116,-1.0571428571428572,198.0,449.0,3.0,22.0,107.0,132.0,91.0,184.0,275.0,49.0,27.0,27.0,60.0,116.0,506.0,-37.0,43,1203.8837209302326,51767.0
1610612766,201591,DJ White,3.375,6.416666666666667,0.0,0.08333333333333333,1.7083333333333333,2.25,1.2916666666666667,3.125,4.416666666666667,0.625,0.25,0.5,0.2916666666666667,1.9166666666666667,8.458333333333334,-3.875,81.0,154.0,0.0,2.0,41.0,54.0,31.0,75.0,106.0,15.0,6.0,12.0,7.0,46.0,203.0,-93.0,24,1163.9166666666667,27934.0
1610612764,201858,Cartier Martin,1.4035087719298245,3.473684210526316,0.7543859649122807,1.8596491228070176,0.5087719298245614,0.7368421052631579,0.38596491228070173,1.1228070175438596,1.5087719298245614,0.3684210526315789,0.38596491228070173,0.10526315789473684,0.3684210526315789,1.1228070175438596,4.0701754385964914,0.36538461538461536,80.0,198.0,43.0,106.0,29.0,42.0,22.0,64.0,86.0,21.0,22.0,6.0,21.0,64.0,232.0,19.0,57,572.1228070175439,32611.0
