TEAM_ID,PLAYER_ID,PLAYER_NAME,avg(FGM),avg(FGA),avg(FG3M),avg(FG3A),avg(FTM),avg(FTA),avg(OREB),avg(DREB),avg(REB),avg(AST),avg(STL),avg(BLK),avg(TO),avg(PF),avg(PTS),avg(PLUS_MINUS),sum(FGM),sum(FGA),sum(FG3M),sum(FG3A),sum(FTM),sum(FTA),sum(OREB),sum(DREB),sum(REB),sum(AST),sum(STL),sum(BLK),sum(TO),sum(PF),sum(PTS),sum(PLUS_MINUS),sum(ifminute),avg(seconds),sum(seconds)
1610612748,2548,Dwyane Wade,9.0,17.98701298701299,0.8181818181818182,2.675324675324675,6.415584415584416,8.467532467532468,1.5974025974025974,4.701298701298701,6.298701298701299,4.4935064935064934,1.4675324675324675,1.12987012987013,3.103896103896104,2.5584415584415585,25.233766233766232,7.552631578947368,693.0,1385.0,63.0,206.0,494.0,652.0,123.0,362.0,485.0,346.0,113.0,87.0,239.0,197.0,1943.0,574.0,77,2199.948051948052,169396.0
