TEAM_ID,PLAYER_ID,PLAYER_NAME,avg(FGM),avg(FGA),avg(FG3M),avg(FG3A),avg(FTM),avg(FTA),avg(OREB),avg(DREB),avg(REB),avg(AST),avg(STL),avg(BLK),avg(TO),avg(PF),avg(PTS),avg(PLUS_MINUS),sum(FGM),sum(FGA),sum(FG3M),sum(FG3A),sum(FTM),sum(FTA),sum(OREB),sum(DREB),sum(REB),sum(AST),sum(STL),sum(BLK),sum(TO),sum(PF),sum(PTS),sum(PLUS_MINUS),sum(ifminute),avg(seconds),sum(seconds)
1610612751,101130,Johan Petro,1.630952380952381,3.642857142857143,0.0,0.047619047619047616,0.20238095238095238,0.35714285714285715,0.7976190476190477,2.0238095238095237,2.8214285714285716,0.5357142857142857,0.4523809523809524,0.4523809523809524,0.5714285714285714,2.392857142857143,3.4642857142857144,-2.0259740259740258,137.0,306.0,0.0,4.0,17.0,30.0,67.0,170.0,237.0,45.0,38.0,38.0,48.0,201.0,291.0,-156.0,84,639.3333333333334,53704.0
