TEAM_ID,PLAYER_ID,PLAYER_NAME,avg(FGM),avg(FGA),avg(FG3M),avg(FG3A),avg(FTM),avg(FTA),avg(OREB),avg(DREB),avg(REB),avg(AST),avg(STL),avg(BLK),avg(TO),avg(PF),avg(PTS),avg(PLUS_MINUS),sum(FGM),sum(FGA),sum(FG3M),sum(FG3A),sum(FTM),sum(FTA),sum(OREB),sum(DREB),sum(REB),sum(AST),sum(STL),sum(BLK),sum(TO),sum(PF),sum(PTS),sum(PLUS_MINUS),sum(ifminute),avg(seconds),sum(seconds)
1610612757,2222,Gerald Wallace,5.826086956521739,11.695652173913043,1.173913043478261,3.4782608695652173,3.0,3.9130434782608696,1.6956521739130435,5.913043478260869,7.608695652173913,2.4782608695652173,2.0,0.6521739130434783,2.260869565217391,2.739130434782609,15.826086956521738,5.565217391304348,134.0,269.0,27.0,80.0,69.0,90.0,39.0,136.0,175.0,57.0,46.0,15.0,52.0,63.0,364.0,128.0,23,2141.695652173913,49259.0
