TEAM_ID,PLAYER_ID,PLAYER_NAME,avg(FGM),avg(FGA),avg(FG3M),avg(FG3A),avg(FTM),avg(FTA),avg(OREB),avg(DREB),avg(REB),avg(AST),avg(STL),avg(BLK),avg(TO),avg(PF),avg(PTS),avg(PLUS_MINUS),sum(FGM),sum(FGA),sum(FG3M),sum(FG3A),sum(FTM),sum(FTA),sum(OREB),sum(DREB),sum(REB),sum(AST),sum(STL),sum(BLK),sum(TO),sum(PF),sum(PTS),sum(PLUS_MINUS),sum(ifminute),avg(seconds),sum(seconds)
1610612763,201564,O.J. Mayo,4.1923076923076925,10.282051282051283,1.3076923076923077,3.628205128205128,1.435897435897436,1.8717948717948718,0.46153846153846156,1.8205128205128205,2.282051282051282,2.0641025641025643,1.0256410256410255,0.3333333333333333,1.435897435897436,1.794871794871795,11.128205128205128,1.704225352112676,327.0,802.0,102.0,283.0,112.0,146.0,36.0,142.0,178.0,161.0,80.0,26.0,112.0,140.0,868.0,121.0,78,1439.8974358974358,112312.0
1610612754,1902,Jeff Foster,1.3225806451612903,2.7419354838709675,0.0,0.04838709677419355,0.43548387096774194,0.8064516129032258,2.661290322580645,3.193548387096774,5.854838709677419,0.8870967741935484,0.4032258064516129,0.5,0.41935483870967744,2.2096774193548385,3.0806451612903225,0.8928571428571429,82.0,170.0,0.0,3.0,27.0,50.0,165.0,198.0,363.0,55.0,25.0,31.0,26.0,137.0,191.0,50.0,62,910.3225806451613,56440.0
