TEAM_ID,PLAYER_ID,PLAYER_NAME,avg(FGM),avg(FGA),avg(FG3M),avg(FG3A),avg(FTM),avg(FTA),avg(OREB),avg(DREB),avg(REB),avg(AST),avg(STL),avg(BLK),avg(TO),avg(PF),avg(PTS),avg(PLUS_MINUS),sum(FGM),sum(FGA),sum(FG3M),sum(FG3A),sum(FTM),sum(FTA),sum(OREB),sum(DREB),sum(REB),sum(AST),sum(STL),sum(BLK),sum(TO),sum(PF),sum(PTS),sum(PLUS_MINUS),sum(ifminute),avg(seconds),sum(seconds)
1610612743,2747,JR Smith,4.35632183908046,10.10344827586207,1.6091954022988506,4.137931034482759,1.9885057471264367,2.7011494252873565,0.5632183908045977,3.4597701149425286,4.022988505747127,2.2413793103448274,1.1839080459770115,0.1839080459770115,1.3333333333333333,2.1724137931034484,12.310344827586206,3.1645569620253164,379.0,879.0,140.0,360.0,173.0,235.0,49.0,301.0,350.0,195.0,103.0,16.0,116.0,189.0,1071.0,250.0,87,1359.1379310344828,118245.0
1610612748,2034,Mike Miller,2.111111111111111,5.2444444444444445,1.1333333333333333,3.1333333333333333,0.5777777777777777,0.8444444444444444,0.8888888888888888,3.5555555555555554,4.444444444444445,1.3777777777777778,0.5333333333333333,0.044444444444444446,0.9777777777777777,2.2,5.933333333333334,-0.8048780487804879,95.0,236.0,51.0,141.0,26.0,38.0,40.0,160.0,200.0,62.0,24.0,2.0,44.0,99.0,267.0,-33.0,45,1119.0444444444445,50357.0
