TEAM_ID,PLAYER_ID,PLAYER_NAME,avg(FGM),avg(FGA),avg(FG3M),avg(FG3A),avg(FTM),avg(FTA),avg(OREB),avg(DREB),avg(REB),avg(AST),avg(STL),avg(BLK),avg(TO),avg(PF),avg(PTS),avg(PLUS_MINUS),sum(FGM),sum(FGA),sum(FG3M),sum(FG3A),sum(FTM),sum(FTA),sum(OREB),sum(DREB),sum(REB),sum(AST),sum(STL),sum(BLK),sum(TO),sum(PF),sum(PTS),sum(PLUS_MINUS),sum(ifminute),avg(seconds),sum(seconds)
1610612758,201574,Jason Thompson,3.548780487804878,7.121951219512195,0.0,0.036585365853658534,1.6829268292682926,2.768292682926829,2.0121951219512195,4.170731707317073,6.182926829268292,1.2073170731707317,0.3902439024390244,0.6097560975609756,1.3902439024390243,2.926829268292683,8.78048780487805,-1.8666666666666667,291.0,584.0,0.0,3.0,138.0,227.0,165.0,342.0,507.0,99.0,32.0,50.0,114.0,240.0,720.0,-140.0,82,1281.0853658536585,105049.0
1610612764,202087,Alonzo Gee,1.0909090909090908,2.4545454545454546,0.0,0.18181818181818182,0.7272727272727273,1.0909090909090908,1.0,1.0,2.0,0.45454545454545453,0.6363636363636364,0.0,0.7272727272727273,0.9090909090909091,2.909090909090909,-5.0,12.0,27.0,0.0,2.0,8.0,12.0,11.0,11.0,22.0,5.0,7.0,0.0,8.0,10.0,32.0,-55.0,11,690.4545454545455,7595.0
1610612765,202358,Terrico White,0.0,1.0,0.0,1.0,0.0,0.0,0.0,0.0,0.0,1.0,0.0,0.0,2.0,1.0,0.0,"",0.0,1.0,0.0,1.0,0.0,0.0,0.0,0.0,0.0,1.0,0.0,0.0,2.0,1.0,0.0,"",1,4.0,4.0
