TEAM_ID,PLAYER_ID,PLAYER_NAME,avg(FGM),avg(FGA),avg(FG3M),avg(FG3A),avg(FTM),avg(FTA),avg(OREB),avg(DREB),avg(REB),avg(AST),avg(STL),avg(BLK),avg(TO),avg(PF),avg(PTS),avg(PLUS_MINUS),sum(FGM),sum(FGA),sum(FG3M),sum(FG3A),sum(FTM),sum(FTA),sum(OREB),sum(DREB),sum(REB),sum(AST),sum(STL),sum(BLK),sum(TO),sum(PF),sum(PTS),sum(PLUS_MINUS),sum(ifminute),avg(seconds),sum(seconds)
1610612757,202083,Wesley Matthews,5.287356321839081,11.724137931034482,1.839080459770115,4.517241379310345,3.264367816091954,3.8735632183908044,0.6206896551724138,2.4942528735632186,3.1149425287356323,2.0,1.1839080459770115,0.11494252873563218,1.6551724137931034,2.3448275862068964,15.67816091954023,1.9146341463414633,460.0,1020.0,160.0,393.0,284.0,337.0,54.0,217.0,271.0,174.0,103.0,10.0,144.0,204.0,1364.0,157.0,87,1903.528735632184,165607.0
1610612761,101181,Jose Calderon,3.6447368421052633,8.447368421052632,0.7763157894736842,2.210526315789474,1.3157894736842106,1.5394736842105263,0.42105263157894735,2.3289473684210527,2.75,8.513157894736842,1.1578947368421053,0.10526315789473684,2.0921052631578947,2.0657894736842106,9.381578947368421,-2.485294117647059,277.0,642.0,59.0,168.0,100.0,117.0,32.0,177.0,209.0,647.0,88.0,8.0,159.0,157.0,713.0,-169.0,76,1661.8552631578948,126301.0
1610612765,201649,Vernon Hamilton,0.0,0.4,0.0,0.0,0.0,0.0,0.2,0.6,0.8,0.6,0.0,0.0,0.0,1.0,0.0,"",0.0,2.0,0.0,0.0,0.0,0.0,1.0,3.0,4.0,3.0,0.0,0.0,0.0,5.0,0.0,"",5,3.8,19.0
1610612757,202074,Raymond Sykes,1.0,2.25,0.0,0.0,1.0,1.5,0.75,0.25,1.0,0.25,0.25,0.75,0.75,1.75,3.0,"",4.0,9.0,0.0,0.0,4.0,6.0,3.0,1.0,4.0,1.0,1.0,3.0,3.0,7.0,12.0,"",4,9.5,38.0
