TEAM_ID,PLAYER_ID,PLAYER_NAME,avg(FGM),avg(FGA),avg(FG3M),avg(FG3A),avg(FTM),avg(FTA),avg(OREB),avg(DREB),avg(REB),avg(AST),avg(STL),avg(BLK),avg(TO),avg(PF),avg(PTS),avg(PLUS_MINUS),sum(FGM),sum(FGA),sum(FG3M),sum(FG3A),sum(FTM),sum(FTA),sum(OREB),sum(DREB),sum(REB),sum(AST),sum(STL),sum(BLK),sum(TO),sum(PF),sum(PTS),sum(PLUS_MINUS),sum(ifminute),avg(seconds),sum(seconds)
1610612764,202380,Hamady Ndiaye,0.21052631578947367,0.3157894736842105,0.0,0.0,0.3157894736842105,0.631578947368421,0.15789473684210525,0.42105263157894735,0.5789473684210527,0.0,0.15789473684210525,0.3684210526315789,0.21052631578947367,1.1578947368421053,0.7368421052631579,-2.0625,4.0,6.0,0.0,0.0,6.0,12.0,3.0,8.0,11.0,0.0,3.0,7.0,4.0,22.0,14.0,-33.0,19,254.31578947368422,4832.0
1610612752,1497,Chauncey Billups,4.9523809523809526,12.285714285714286,1.9523809523809523,5.9523809523809526,5.666666666666667,6.285714285714286,0.6190476190476191,2.4761904761904763,3.0952380952380953,5.523809523809524,0.9047619047619048,0.09523809523809523,2.2857142857142856,2.4761904761904763,17.523809523809526,-0.7142857142857143,104.0,258.0,41.0,125.0,119.0,132.0,13.0,52.0,65.0,116.0,19.0,2.0,48.0,52.0,368.0,-15.0,21,1897.0,39837.0
