TEAM_ID,PLAYER_ID,PLAYER_NAME,avg(FGM),avg(FGA),avg(FG3M),avg(FG3A),avg(FTM),avg(FTA),avg(OREB),avg(DREB),avg(REB),avg(AST),avg(STL),avg(BLK),avg(TO),avg(PF),avg(PTS),avg(PLUS_MINUS),sum(FGM),sum(FGA),sum(FG3M),sum(FG3A),sum(FTM),sum(FTA),sum(OREB),sum(DREB),sum(REB),sum(AST),sum(STL),sum(BLK),sum(TO),sum(PF),sum(PTS),sum(PLUS_MINUS),sum(ifminute),avg(seconds),sum(seconds)
1610612759,200779,Steve Novak,1.3478260869565217,2.5652173913043477,1.0,1.826086956521739,0.34782608695652173,0.34782608695652173,0.17391304347826086,0.8260869565217391,1.0,0.13043478260869565,0.043478260869565216,0.21739130434782608,0.17391304347826086,0.4782608695652174,4.043478260869565,-1.0434782608695652,31.0,59.0,23.0,42.0,8.0,8.0,4.0,19.0,23.0,3.0,1.0,5.0,4.0,11.0,93.0,-24.0,23,514.5652173913044,11835.0
1610612739,201623,Semih Erden,1.0,3.5,0.0,0.0,1.25,1.5,1.5,1.25,2.75,0.25,0.5,0.75,0.5,3.0,3.25,-2.5,4.0,14.0,0.0,0.0,5.0,6.0,6.0,5.0,11.0,1.0,2.0,3.0,2.0,12.0,13.0,-10.0,4,960.5,3842.0
