TEAM_ID,PLAYER_ID,PLAYER_NAME,avg(FGM),avg(FGA),avg(FG3M),avg(FG3A),avg(FTM),avg(FTA),avg(OREB),avg(DREB),avg(REB),avg(AST),avg(STL),avg(BLK),avg(TO),avg(PF),avg(PTS),avg(PLUS_MINUS),sum(FGM),sum(FGA),sum(FG3M),sum(FG3A),sum(FTM),sum(FTA),sum(OREB),sum(DREB),sum(REB),sum(AST),sum(STL),sum(BLK),sum(TO),sum(PF),sum(PTS),sum(PLUS_MINUS),sum(ifminute),avg(seconds),sum(seconds)
1610612737,2037,Jamal Crawford,4.75,11.3625,1.5375,4.5125,2.9375,3.4625,0.275,1.4375,1.7125,3.1625,0.7625,0.2,1.95,1.275,13.975,0.02631578947368421,380.0,909.0,123.0,361.0,235.0,277.0,22.0,115.0,137.0,253.0,61.0,16.0,156.0,102.0,1118.0,2.0,80,1724.2125,137937.0
1610612766,200748,Tyrus Thomas,3.875,8.229166666666666,0.0,0.08333333333333333,3.0833333333333335,4.020833333333333,1.5416666666666667,3.9583333333333335,5.5,0.7708333333333334,0.7708333333333334,1.5416666666666667,1.7291666666666667,2.875,10.833333333333334,-0.5365853658536586,186.0,395.0,0.0,4.0,148.0,193.0,74.0,190.0,264.0,37.0,37.0,74.0,83.0,138.0,520.0,-22.0,48,1079.8333333333333,51832.0
1610612738,201175,Glen Davis,4.529411764705882,10.047058823529412,0.023529411764705882,0.17647058823529413,2.6705882352941175,3.6,1.2823529411764707,4.08235294117647,5.364705882352941,1.1411764705882352,1.011764705882353,0.38823529411764707,1.1176470588235294,2.9058823529411764,11.75294117647059,1.8076923076923077,385.0,854.0,2.0,15.0,227.0,306.0,109.0,347.0,456.0,97.0,86.0,33.0,95.0,247.0,999.0,141.0,85,1623.6470588235295,138010.0
1610612759,200809,Chris Quinn,0.8048780487804879,2.2195121951219514,0.2682926829268293,0.9024390243902439,0.0975609756097561,0.1951219512195122,0.07317073170731707,0.5365853658536586,0.6097560975609756,1.024390243902439,0.12195121951219512,0.024390243902439025,0.2926829268292683,0.7073170731707317,1.975609756097561,-0.8780487804878049,33.0,91.0,11.0,37.0,4.0,8.0,3.0,22.0,25.0,42.0,5.0,1.0,12.0,29.0,81.0,-36.0,41,427.3658536585366,17522.0
1610612753,2554,Mickael Pietrus,2.391304347826087,6.521739130434782,1.7391304347826086,4.869565217391305,0.2608695652173913,0.43478260869565216,0.30434782608695654,2.347826086956522,2.652173913043478,0.5652173913043478,0.5217391304347826,0.34782608695652173,0.7391304347826086,1.7826086956521738,6.782608695652174,0.631578947368421,55.0,150.0,40.0,112.0,6.0,10.0,7.0,54.0,61.0,13.0,12.0,8.0,17.0,41.0,156.0,12.0,23,1093.391304347826,25148.0
