TEAM_ID,PLAYER_ID,PLAYER_NAME,avg(FGM),avg(FGA),avg(FG3M),avg(FG3A),avg(FTM),avg(FTA),avg(OREB),avg(DREB),avg(REB),avg(AST),avg(STL),avg(BLK),avg(TO),avg(PF),avg(PTS),avg(PLUS_MINUS),sum(FGM),sum(FGA),sum(FG3M),sum(FG3A),sum(FTM),sum(FTA),sum(OREB),sum(DREB),sum(REB),sum(AST),sum(STL),sum(BLK),sum(TO),sum(PF),sum(PTS),sum(PLUS_MINUS),sum(ifminute),avg(seconds),sum(seconds)
1610612754,202362,Lance Stephenson,1.1764705882352942,3.764705882352941,0.058823529411764705,0.7647058823529411,0.8823529411764706,1.2941176470588236,0.11764705882352941,1.2941176470588236,1.411764705882353,1.4705882352941178,0.29411764705882354,0.0,1.2941176470588236,1.2352941176470589,3.2941176470588234,-0.08333333333333333,20.0,64.0,1.0,13.0,15.0,22.0,2.0,22.0,24.0,25.0,5.0,0.0,22.0,21.0,56.0,-1.0,17,409.1764705882353,6956.0
1610612766,2733,Shaun Livingston,2.5342465753424657,5.438356164383562,0.0136986301369863,0.0547945205479452,1.4794520547945205,1.7123287671232876,0.3972602739726027,1.643835616438356,2.041095890410959,2.2465753424657535,0.6438356164383562,0.3972602739726027,1.2054794520547945,1.4931506849315068,6.561643835616438,-0.958904109589041,185.0,397.0,1.0,4.0,108.0,125.0,29.0,120.0,149.0,164.0,47.0,29.0,88.0,109.0,479.0,-70.0,73,1036.2602739726028,75647.0
