TEAM_ID,PLAYER_ID,PLAYER_NAME,avg(FGM),avg(FGA),avg(FG3M),avg(FG3A),avg(FTM),avg(FTA),avg(OREB),avg(DREB),avg(REB),avg(AST),avg(STL),avg(BLK),avg(TO),avg(PF),avg(PTS),avg(PLUS_MINUS),sum(FGM),sum(FGA),sum(FG3M),sum(FG3A),sum(FTM),sum(FTA),sum(OREB),sum(DREB),sum(REB),sum(AST),sum(STL),sum(BLK),sum(TO),sum(PF),sum(PTS),sum(PLUS_MINUS),sum(ifminute),avg(seconds),sum(seconds)
1610612759,2210,Richard Jefferson,3.7093023255813953,7.906976744186046,1.6162790697674418,3.6744186046511627,1.930232558139535,2.5348837209302326,0.6511627906976745,3.1744186046511627,3.8255813953488373,1.3372093023255813,0.4883720930232558,0.43023255813953487,1.127906976744186,2.0232558139534884,10.965116279069768,3.5925925925925926,319.0,680.0,139.0,316.0,166.0,218.0,56.0,273.0,329.0,115.0,42.0,37.0,97.0,174.0,943.0,291.0,86,1716.860465116279,147650.0
1610612753,2749,Jameer Nelson,4.771084337349397,10.698795180722891,1.5060240963855422,3.819277108433735,1.6265060240963856,2.036144578313253,0.4578313253012048,2.4698795180722892,2.927710843373494,5.9879518072289155,0.9518072289156626,0.03614457831325301,2.433734939759036,2.6506024096385543,12.674698795180722,4.092105263157895,396.0,888.0,125.0,317.0,135.0,169.0,38.0,205.0,243.0,497.0,79.0,3.0,202.0,220.0,1052.0,311.0,83,1678.301204819277,139299.0
1610612755,2443,Darius Songaila,0.9285714285714286,1.7142857142857142,0.0,0.0,0.14285714285714285,0.2857142857142857,0.21428571428571427,0.7857142857142857,1.0,0.42857142857142855,0.0,0.0,0.42857142857142855,1.5714285714285714,2.0,-2.0,13.0,24.0,0.0,0.0,2.0,4.0,3.0,11.0,14.0,6.0,0.0,0.0,6.0,22.0,28.0,-20.0,14,306.2857142857143,4288.0
