TEAM_ID,PLAYER_ID,PLAYER_NAME,avg(FGM),avg(FGA),avg(FG3M),avg(FG3A),avg(FTM),avg(FTA),avg(OREB),avg(DREB),avg(REB),avg(AST),avg(STL),avg(BLK),avg(TO),avg(PF),avg(PTS),avg(PLUS_MINUS),sum(FGM),sum(FGA),sum(FG3M),sum(FG3A),sum(FTM),sum(FTA),sum(OREB),sum(DREB),sum(REB),sum(AST),sum(STL),sum(BLK),sum(TO),sum(PF),sum(PTS),sum(PLUS_MINUS),sum(ifminute),avg(seconds),sum(seconds)
1610612757,2853,Earl Barron,1.5,5.5,0.0,0.0,0.5,1.0,2.0,5.0,7.0,1.5,0.0,0.0,1.5,2.0,3.5,-16.5,3.0,11.0,0.0,0.0,1.0,2.0,4.0,10.0,14.0,3.0,0.0,0.0,3.0,4.0,7.0,-33.0,2,1116.5,2233.0
1610612760,201953,Eric Maynor,1.6781609195402298,4.137931034482759,0.4482758620689655,1.1839080459770115,0.6206896551724138,0.8160919540229885,0.3103448275862069,1.160919540229885,1.471264367816092,2.9655172413793105,0.45977011494252873,0.06896551724137931,1.0114942528735633,1.1839080459770115,4.425287356321839,2.3902439024390243,146.0,360.0,39.0,103.0,54.0,71.0,27.0,101.0,128.0,258.0,40.0,6.0,88.0,103.0,385.0,196.0,87,828.6321839080459,72091.0
1610612756,201166,Aaron Brooks,3.44,8.0,0.88,2.68,1.84,2.28,0.36,0.72,1.08,4.16,0.52,0.04,1.76,1.84,9.6,-2.44,86.0,200.0,22.0,67.0,46.0,57.0,9.0,18.0,27.0,104.0,13.0,1.0,44.0,46.0,240.0,-61.0,25,1135.52,28388.0
