PLAYER_ID,PLAYER_NAME,avg(FGM),avg(FGA),avg(FG3M),avg(FG3A),avg(FTM),avg(FTA),avg(OREB),avg(DREB),avg(REB),avg(AST),avg(STL),avg(BLK),avg(TO),avg(PF),avg(PTS),avg(PLUS_MINUS),sum(FGM),sum(FGA),sum(FG3M),sum(FG3A),sum(FTM),sum(FTA),sum(OREB),sum(DREB),sum(REB),sum(AST),sum(STL),sum(BLK),sum(TO),sum(PF),sum(PTS),sum(PLUS_MINUS),sum(ifminute),avg(seconds),sum(seconds)
2210,Richard Jefferson,2.0594059405940595,4.336633663366337,0.8613861386138614,2.237623762376238,0.8712871287128713,1.2376237623762376,0.31683168316831684,1.9504950495049505,2.267326732673267,0.7623762376237624,0.46534653465346537,0.1485148514851485,0.6435643564356436,1.7623762376237624,5.851485148514851,-0.13861386138613863,208.0,438.0,87.0,226.0,88.0,125.0,32.0,197.0,229.0,77.0,47.0,15.0,65.0,178.0,591.0,-14.0,101,1095.3366336633662,110629.0
203929,Melvin Ejim,2.0,4.0,0.3333333333333333,1.0,0.3333333333333333,0.6666666666666666,1.3333333333333333,1.3333333333333333,2.6666666666666665,0.3333333333333333,0.0,0.0,0.6666666666666666,2.0,4.666666666666667,3.0,6.0,12.0,1.0,3.0,1.0,2.0,4.0,4.0,8.0,1.0,0.0,0.0,2.0,6.0,14.0,9.0,3,545.0,1635.0
