PLAYER_ID,PLAYER_NAME,avg(FGM),avg(FGA),avg(FG3M),avg(FG3A),avg(FTM),avg(FTA),avg(OREB),avg(DREB),avg(REB),avg(AST),avg(STL),avg(BLK),avg(TO),avg(PF),avg(PTS),avg(PLUS_MINUS),sum(FGM),sum(FGA),sum(FG3M),sum(FG3A),sum(FTM),sum(FTA),sum(OREB),sum(DREB),sum(REB),sum(AST),sum(STL),sum(BLK),sum(TO),sum(PF),sum(PTS),sum(PLUS_MINUS),sum(ifminute),avg(seconds),sum(seconds)
203109,Jae Crowder,4.698795180722891,10.891566265060241,1.6385542168674698,4.951807228915663,2.5542168674698793,3.1566265060240966,0.9397590361445783,4.240963855421687,5.180722891566265,1.8674698795180722,1.6626506024096386,0.4578313253012048,1.108433734939759,2.6867469879518073,13.590361445783133,2.4939759036144578,390.0,904.0,136.0,411.0,212.0,262.0,78.0,352.0,430.0,155.0,138.0,38.0,92.0,223.0,1128.0,207.0,83,1862.1686746987953,154560.0
2216,Zach Randolph,6.2105263157894735,13.223684210526315,0.07894736842105263,0.34210526315789475,2.4210526315789473,3.0657894736842106,2.6184210526315788,5.092105263157895,7.7105263157894735,2.0526315789473686,0.6052631578947368,0.19736842105263158,1.5526315789473684,2.1842105263157894,14.921052631578947,-0.631578947368421,472.0,1005.0,6.0,26.0,184.0,233.0,199.0,387.0,586.0,156.0,46.0,15.0,118.0,166.0,1134.0,-48.0,76,1766.421052631579,134248.0
201202,Joel Anthony,0.4166666666666667,0.8333333333333334,0.0,0.0,0.375,0.5833333333333334,0.6666666666666666,0.875,1.5416666666666667,0.16666666666666666,0.125,0.875,0.125,0.9583333333333334,1.2083333333333333,-0.3333333333333333,10.0,20.0,0.0,0.0,9.0,14.0,16.0,21.0,37.0,4.0,3.0,21.0,3.0,23.0,29.0,-8.0,24,467.75,11226.0
203462,Archie Goodwin,3.015873015873016,7.190476190476191,0.3968253968253968,1.6666666666666667,2.126984126984127,3.1587301587301586,0.47619047619047616,1.8888888888888888,2.365079365079365,2.0476190476190474,0.5238095238095238,0.2222222222222222,1.6825396825396826,1.4126984126984128,8.555555555555555,-3.253968253968254,190.0,453.0,25.0,105.0,134.0,199.0,30.0,119.0,149.0,129.0,33.0,14.0,106.0,89.0,539.0,-205.0,63,1151.111111111111,72520.0
202322,John Wall,7.182926829268292,16.963414634146343,1.4390243902439024,4.121951219512195,3.451219512195122,4.365853658536586,0.524390243902439,4.2439024390243905,4.7682926829268295,10.134146341463415,1.8414634146341464,0.7195121951219512,4.121951219512195,2.024390243902439,19.25609756097561,1.4024390243902438,589.0,1391.0,118.0,338.0,283.0,358.0,43.0,348.0,391.0,831.0,151.0,59.0,338.0,166.0,1579.0,115.0,82,2119.6463414634145,173811.0
