PLAYER_ID,PLAYER_NAME,avg(FGM),avg(FGA),avg(FG3M),avg(FG3A),avg(FTM),avg(FTA),avg(OREB),avg(DREB),avg(REB),avg(AST),avg(STL),avg(BLK),avg(TO),avg(PF),avg(PTS),avg(PLUS_MINUS),sum(FGM),sum(FGA),sum(FG3M),sum(FG3A),sum(FTM),sum(FTA),sum(OREB),sum(DREB),sum(REB),sum(AST),sum(STL),sum(BLK),sum(TO),sum(PF),sum(PTS),sum(PLUS_MINUS),sum(ifminute),avg(seconds),sum(seconds)
203943,Noah Vonleh,1.4193548387096775,3.435483870967742,0.11290322580645161,0.4838709677419355,0.7096774193548387,0.967741935483871,1.5,2.6129032258064515,4.112903225806452,0.4032258064516129,0.3548387096774194,0.3064516129032258,0.6290322580645161,1.564516129032258,3.661290322580645,-1.7741935483870968,88.0,213.0,7.0,30.0,44.0,60.0,93.0,162.0,255.0,25.0,22.0,19.0,39.0,97.0,227.0,-110.0,62,881.741935483871,54668.0
202324,Derrick Favors,6.526315789473684,12.855263157894736,0.013157894736842105,0.09210526315789473,3.1052631578947367,4.592105263157895,2.776315789473684,5.447368421052632,8.223684210526315,1.4736842105263157,1.131578947368421,1.5526315789473684,1.618421052631579,2.710526315789474,16.17105263157895,1.3421052631578947,496.0,977.0,1.0,7.0,236.0,349.0,211.0,414.0,625.0,112.0,86.0,118.0,123.0,206.0,1229.0,102.0,76,1870.0657894736842,142125.0
202710,Jimmy Butler,6.376470588235295,14.6,1.2705882352941176,3.5176470588235293,5.2823529411764705,6.376470588235295,1.2588235294117647,3.9529411764705884,5.211764705882353,3.4823529411764707,1.9176470588235295,0.611764705882353,1.588235294117647,1.811764705882353,19.305882352941175,1.9294117647058824,542.0,1241.0,108.0,299.0,449.0,542.0,107.0,336.0,443.0,296.0,163.0,52.0,135.0,154.0,1641.0,164.0,85,2240.9411764705883,190480.0
202341,James Anderson,0.9,3.2,0.55,1.6,0.5,0.6,0.25,0.9,1.15,0.7,0.4,0.05,0.75,0.8,2.85,1.6,18.0,64.0,11.0,32.0,10.0,12.0,5.0,18.0,23.0,14.0,8.0,1.0,15.0,16.0,57.0,32.0,20,720.5,14410.0
101123,Gerald Green,4.219178082191781,10.027397260273972,1.5753424657534247,4.684931506849315,1.36986301369863,1.726027397260274,0.3835616438356164,2.1506849315068495,2.5342465753424657,1.0,0.4520547945205479,0.2602739726027397,1.1232876712328768,1.8082191780821917,11.383561643835616,0.3150684931506849,308.0,732.0,115.0,342.0,100.0,126.0,28.0,157.0,185.0,73.0,33.0,19.0,82.0,132.0,831.0,23.0,73,1254.5205479452054,91580.0
