PLAYER_ID,PLAYER_NAME,avg(FGM),avg(FGA),avg(FG3M),avg(FG3A),avg(FTM),avg(FTA),avg(OREB),avg(DREB),avg(REB),avg(AST),avg(STL),avg(BLK),avg(TO),avg(PF),avg(PTS),avg(PLUS_MINUS),sum(FGM),sum(FGA),sum(FG3M),sum(FG3A),sum(FTM),sum(FTA),sum(OREB),sum(DREB),sum(REB),sum(AST),sum(STL),sum(BLK),sum(TO),sum(PF),sum(PTS),sum(PLUS_MINUS),sum(ifminute),avg(seconds),sum(seconds)
2549,Chris Kaman,3.176470588235294,6.215686274509804,0.0,0.0,0.5490196078431373,0.7254901960784313,2.0588235294117645,4.078431372549019,6.137254901960785,0.9019607843137255,0.23529411764705882,0.5294117647058824,1.3137254901960784,1.6666666666666667,6.901960784313726,-1.3725490196078431,162.0,317.0,0.0,0.0,28.0,37.0,105.0,208.0,313.0,46.0,12.0,27.0,67.0,85.0,352.0,-70.0,51,1063.235294117647,54225.0
201142,Kevin Durant,8.958333333333334,17.479166666666668,2.3541666666666665,5.791666666666667,5.395833333333333,6.25,0.4791666666666667,6.541666666666667,7.020833333333333,4.291666666666667,0.9166666666666666,1.1458333333333333,2.7708333333333335,1.5,25.666666666666668,8.416666666666666,430.0,839.0,113.0,278.0,259.0,300.0,23.0,314.0,337.0,206.0,44.0,55.0,133.0,72.0,1232.0,404.0,48,2111.875,101370.0
1626153,Delon Wright,0.75,2.3333333333333335,0.16666666666666666,0.5,0.08333333333333333,0.25,0.25,1.1666666666666667,1.4166666666666667,0.6666666666666666,0.16666666666666666,0.0,0.75,0.25,1.75,-2.5833333333333335,9.0,28.0,2.0,6.0,1.0,3.0,3.0,14.0,17.0,8.0,2.0,0.0,9.0,3.0,21.0,-31.0,12,445.3333333333333,5344.0
