PLAYER_ID,PLAYER_NAME,avg(FGM),avg(FGA),avg(FG3M),avg(FG3A),avg(FTM),avg(FTA),avg(OREB),avg(DREB),avg(REB),avg(AST),avg(STL),avg(BLK),avg(TO),avg(PF),avg(PTS),avg(PLUS_MINUS),sum(FGM),sum(FGA),sum(FG3M),sum(FG3A),sum(FTM),sum(FTA),sum(OREB),sum(DREB),sum(REB),sum(AST),sum(STL),sum(BLK),sum(TO),sum(PF),sum(PTS),sum(PLUS_MINUS),sum(ifminute),avg(seconds),sum(seconds)
1626163,Frank Kaminsky,2.3947368421052633,6.026315789473684,0.8157894736842105,2.3421052631578947,1.4736842105263157,1.9210526315789473,0.7105263157894737,3.0789473684210527,3.789473684210526,1.1578947368421053,0.3684210526315789,0.6052631578947368,0.7368421052631579,1.4736842105263157,7.078947368421052,2.710526315789474,91.0,229.0,31.0,89.0,56.0,73.0,27.0,117.0,144.0,44.0,14.0,23.0,28.0,56.0,269.0,103.0,38,1163.921052631579,44229.0
1717,Dirk Nowitzki,6.2,13.529411764705882,1.4588235294117646,3.6823529411764704,2.9529411764705884,3.3411764705882354,0.6588235294117647,5.894117647058824,6.552941176470588,1.7647058823529411,0.5411764705882353,0.49411764705882355,1.0235294117647058,2.0,16.811764705882354,2.3294117647058825,527.0,1150.0,124.0,313.0,251.0,284.0,56.0,501.0,557.0,150.0,46.0,42.0,87.0,170.0,1429.0,198.0,85,1804.4,153374.0
