PLAYER_ID,PLAYER_NAME,avg(FGM),avg(FGA),avg(FG3M),avg(FG3A),avg(FTM),avg(FTA),avg(OREB),avg(DREB),avg(REB),avg(AST),avg(STL),avg(BLK),avg(TO),avg(PF),avg(PTS),avg(PLUS_MINUS),sum(FGM),sum(FGA),sum(FG3M),sum(FG3A),sum(FTM),sum(FTA),sum(OREB),sum(DREB),sum(REB),sum(AST),sum(STL),sum(BLK),sum(TO),sum(PF),sum(PTS),sum(PLUS_MINUS),sum(ifminute),avg(seconds),sum(seconds)
203087,Jeremy Lamb,3.36,7.506666666666667,0.8266666666666667,2.6133333333333333,1.0133333333333334,1.3333333333333333,0.6666666666666666,3.08,3.7466666666666666,1.1866666666666668,0.5866666666666667,0.41333333333333333,0.76,1.52,8.56,2.3333333333333335,252.0,563.0,62.0,196.0,76.0,100.0,50.0,231.0,281.0,89.0,44.0,31.0,57.0,114.0,642.0,175.0,75,1087.5333333333333,81565.0
203927,CJ Fair,0.6,1.4,0.0,0.2,0.4,0.4,0.6,2.0,2.6,0.6,0.2,0.4,0.2,0.2,1.6,4.4,3.0,7.0,0.0,1.0,2.0,2.0,3.0,10.0,13.0,3.0,1.0,2.0,1.0,1.0,8.0,22.0,5,568.4,2842.0
