PLAYER_ID,PLAYER_NAME,avg(FGM),avg(FGA),avg(FG3M),avg(FG3A),avg(FTM),avg(FTA),avg(OREB),avg(DREB),avg(REB),avg(AST),avg(STL),avg(BLK),avg(TO),avg(PF),avg(PTS),avg(PLUS_MINUS),sum(FGM),sum(FGA),sum(FG3M),sum(FG3A),sum(FTM),sum(FTA),sum(OREB),sum(DREB),sum(REB),sum(AST),sum(STL),sum(BLK),sum(TO),sum(PF),sum(PTS),sum(PLUS_MINUS),sum(ifminute),avg(seconds),sum(seconds)
204025,Tim Frazier,1.0789473684210527,3.1052631578947367,0.2894736842105263,0.9473684210526315,0.5263157894736842,0.8947368421052632,0.3684210526315789,1.3157894736842106,1.6842105263157894,2.6578947368421053,0.5,0.02631578947368421,1.4473684210526316,1.5789473684210527,2.973684210526316,-0.05263157894736842,41.0,118.0,11.0,36.0,20.0,34.0,14.0,50.0,64.0,101.0,19.0,1.0,55.0,60.0,113.0,-2.0,38,789.4736842105264,30000.0
101106,Andrew Bogut,2.642105263157895,4.431578947368421,0.0,0.010526315789473684,0.30526315789473685,0.6526315789473685,1.8631578947368421,5.568421052631579,7.431578947368421,2.305263157894737,0.49473684210526314,1.6,1.3473684210526315,3.0526315789473686,5.589473684210526,5.568421052631579,251.0,421.0,0.0,1.0,29.0,62.0,177.0,529.0,706.0,219.0,47.0,152.0,128.0,290.0,531.0,529.0,95,1328.536842105263,126211.0
202357,Nemanja Bjelica,1.8285714285714285,4.314285714285714,0.9714285714285714,2.657142857142857,0.5714285714285714,0.9142857142857143,0.9714285714285714,3.085714285714286,4.057142857142857,1.3142857142857143,0.4857142857142857,0.34285714285714286,0.9714285714285714,2.7142857142857144,5.2,-1.4285714285714286,64.0,151.0,34.0,93.0,20.0,32.0,34.0,108.0,142.0,46.0,17.0,12.0,34.0,95.0,182.0,-50.0,35,1157.9714285714285,40529.0
203798,PJ Hairston,2.017857142857143,5.785714285714286,1.1607142857142858,3.642857142857143,0.7142857142857143,0.8035714285714286,0.39285714285714285,1.7321428571428572,2.125,0.5357142857142857,0.42857142857142855,0.125,0.42857142857142855,1.9285714285714286,5.910714285714286,-1.9821428571428572,113.0,324.0,65.0,204.0,40.0,45.0,22.0,97.0,119.0,30.0,24.0,7.0,24.0,108.0,331.0,-111.0,56,1018.8928571428571,57058.0
1626162,Kelly Oubre Jr.,1.7142857142857142,4.5,0.6071428571428571,1.8571428571428572,1.25,1.6071428571428572,0.42857142857142855,2.0,2.4285714285714284,0.4642857142857143,0.5357142857142857,0.14285714285714285,0.5,2.0,5.285714285714286,-2.4642857142857144,48.0,126.0,17.0,52.0,35.0,45.0,12.0,56.0,68.0,13.0,15.0,4.0,14.0,56.0,148.0,-69.0,28,850.8214285714286,23823.0
