PLAYER_ID,PLAYER_NAME,avg(FGM),avg(FGA),avg(FG3M),avg(FG3A),avg(FTM),avg(FTA),avg(OREB),avg(DREB),avg(REB),avg(AST),avg(STL),avg(BLK),avg(TO),avg(PF),avg(PTS),avg(PLUS_MINUS),sum(FGM),sum(FGA),sum(FG3M),sum(FG3A),sum(FTM),sum(FTA),sum(OREB),sum(DREB),sum(REB),sum(AST),sum(STL),sum(BLK),sum(TO),sum(PF),sum(PTS),sum(PLUS_MINUS),sum(ifminute),avg(seconds),sum(seconds)
202714,Shelvin Mack,2.175438596491228,5.2631578947368425,0.631578947368421,2.1403508771929824,0.40350877192982454,0.5263157894736842,0.12280701754385964,0.9824561403508771,1.105263157894737,2.3508771929824563,0.631578947368421,0.0,0.7719298245614035,0.5263157894736842,5.385964912280702,-0.43859649122807015,124.0,300.0,36.0,122.0,23.0,30.0,7.0,56.0,63.0,134.0,36.0,0.0,44.0,30.0,307.0,-25.0,57,800.6491228070175,45637.0
203545,Miroslav Raduljica,0.6,1.6,0.0,0.0,0.4,0.4,0.4,0.6,1.0,0.0,0.2,0.0,0.4,1.6,1.6,-0.6,3.0,8.0,0.0,0.0,2.0,2.0,2.0,3.0,5.0,0.0,1.0,0.0,2.0,8.0,8.0,-3.0,5,273.0,1365.0
