PLAYER_ID,PLAYER_NAME,avg(FGM),avg(FGA),avg(FG3M),avg(FG3A),avg(FTM),avg(FTA),avg(OREB),avg(DREB),avg(REB),avg(AST),avg(STL),avg(BLK),avg(TO),avg(PF),avg(PTS),avg(PLUS_MINUS),sum(FGM),sum(FGA),sum(FG3M),sum(FG3A),sum(FTM),sum(FTA),sum(OREB),sum(DREB),sum(REB),sum(AST),sum(STL),sum(BLK),sum(TO),sum(PF),sum(PTS),sum(PLUS_MINUS),sum(ifminute),avg(seconds),sum(seconds)
203897,Zach LaVine,4.188888888888889,10.033333333333333,0.9222222222222223,2.7,2.2111111111111112,2.6222222222222222,0.4777777777777778,2.5444444444444443,3.022222222222222,3.3333333333333335,0.6111111111111112,0.13333333333333333,2.3222222222222224,1.9444444444444444,11.511111111111111,-5.266666666666667,377.0,903.0,83.0,243.0,199.0,236.0,43.0,229.0,272.0,300.0,55.0,12.0,209.0,175.0,1036.0,-474.0,90,1457.1888888888889,131147.0
101126,Nate Robinson,1.95,5.6,0.8,2.2,0.95,1.35,0.2,0.9,1.1,2.9,0.5,0.0,0.95,1.7,5.65,-4.9,39.0,112.0,16.0,44.0,19.0,27.0,4.0,18.0,22.0,58.0,10.0,0.0,19.0,34.0,113.0,-98.0,20,947.15,18943.0
203103,Perry Jones III,0.7241379310344828,2.413793103448276,0.1724137931034483,0.8275862068965517,0.13793103448275862,0.2413793103448276,0.10344827586206896,1.1724137931034482,1.2758620689655173,0.3103448275862069,0.3793103448275862,0.20689655172413793,0.3448275862068966,0.7241379310344828,1.7586206896551724,-2.8620689655172415,21.0,70.0,5.0,24.0,4.0,7.0,3.0,34.0,37.0,9.0,11.0,6.0,10.0,21.0,51.0,-83.0,29,534.0,15486.0
202706,Jordan Hamilton,1.0,2.5,0.7142857142857143,1.5,0.0,0.0,0.14285714285714285,1.0,1.1428571428571428,0.5,0.14285714285714285,0.0,0.2857142857142857,1.0,2.7142857142857144,-2.0714285714285716,14.0,35.0,10.0,21.0,0.0,0.0,2.0,14.0,16.0,7.0,2.0,0.0,4.0,14.0,38.0,-29.0,14,523.2142857142857,7325.0
203540,Gigi Datome,1.826086956521739,3.782608695652174,0.7391304347826086,1.6956521739130435,0.043478260869565216,0.043478260869565216,0.13043478260869565,1.1304347826086956,1.2608695652173914,0.391304347826087,0.043478260869565216,0.30434782608695654,0.34782608695652173,0.782608695652174,4.434782608695652,2.739130434782609,42.0,87.0,17.0,39.0,1.0,1.0,3.0,26.0,29.0,9.0,1.0,7.0,8.0,18.0,102.0,63.0,23,550.1739130434783,12654.0
