PLAYER_ID,PLAYER_NAME,avg(FGM),avg(FGA),avg(FG3M),avg(FG3A),avg(FTM),avg(FTA),avg(OREB),avg(DREB),avg(REB),avg(AST),avg(STL),avg(BLK),avg(TO),avg(PF),avg(PTS),avg(PLUS_MINUS),sum(FGM),sum(FGA),sum(FG3M),sum(FG3A),sum(FTM),sum(FTA),sum(OREB),sum(DREB),sum(REB),sum(AST),sum(STL),sum(BLK),sum(TO),sum(PF),sum(PTS),sum(PLUS_MINUS),sum(ifminute),avg(seconds),sum(seconds)
202704,Reggie Jackson,6.069767441860465,13.872093023255815,1.1511627906976745,3.36046511627907,2.988372093023256,3.5348837209302326,0.8255813953488372,3.3255813953488373,4.151162790697675,6.546511627906977,0.8488372093023255,0.12790697674418605,2.755813953488372,2.1744186046511627,16.27906976744186,3.2906976744186047,522.0,1193.0,99.0,289.0,257.0,304.0,71.0,286.0,357.0,563.0,73.0,11.0,237.0,187.0,1400.0,283.0,86,1737.0697674418604,149388.0
101111,Charlie Villanueva,2.5476190476190474,6.238095238095238,1.2142857142857142,3.5714285714285716,0.36904761904761907,0.5833333333333334,0.5119047619047619,2.2976190476190474,2.8095238095238093,0.44047619047619047,0.2857142857142857,0.32142857142857145,0.5357142857142857,1.2738095238095237,6.678571428571429,-1.3095238095238095,214.0,524.0,102.0,300.0,31.0,49.0,43.0,193.0,236.0,37.0,24.0,27.0,45.0,107.0,561.0,-110.0,84,728.9285714285714,61230.0
1890,Shawn Marion,1.4545454545454546,3.4242424242424243,0.030303030303030304,0.3333333333333333,0.36363636363636365,0.48484848484848486,1.121212121212121,2.0,3.121212121212121,0.6060606060606061,0.30303030303030304,0.15151515151515152,0.3333333333333333,0.7575757575757576,3.303030303030303,-0.45454545454545453,48.0,113.0,1.0,11.0,12.0,16.0,37.0,66.0,103.0,20.0,10.0,5.0,11.0,25.0,109.0,-15.0,33,789.2424242424242,26045.0
