PLAYER_ID,PLAYER_NAME,avg(FGM),avg(FGA),avg(FG3M),avg(FG3A),avg(FTM),avg(FTA),avg(OREB),avg(DREB),avg(REB),avg(AST),avg(STL),avg(BLK),avg(TO),avg(PF),avg(PTS),avg(PLUS_MINUS),sum(FGM),sum(FGA),sum(FG3M),sum(FG3A),sum(FTM),sum(FTA),sum(OREB),sum(DREB),sum(REB),sum(AST),sum(STL),sum(BLK),sum(TO),sum(PF),sum(PTS),sum(PLUS_MINUS),sum(ifminute),avg(seconds),sum(seconds)
203500,Steven Adams,3.3823529411764706,5.480392156862745,0.0,0.00980392156862745,1.6568627450980393,2.7941176470588234,2.872549019607843,4.313725490196078,7.186274509803922,0.803921568627451,0.5196078431372549,1.0490196078431373,1.0980392156862746,2.8333333333333335,8.42156862745098,5.3431372549019605,345.0,559.0,0.0,1.0,169.0,285.0,293.0,440.0,733.0,82.0,53.0,107.0,112.0,289.0,859.0,545.0,102,1572.5980392156862,160405.0
101179,Ronnie Price,1.9384615384615385,4.984615384615385,1.0923076923076922,3.1538461538461537,0.49230769230769234,0.6615384615384615,0.38461538461538464,1.2769230769230768,1.6615384615384616,2.3846153846153846,1.1846153846153846,0.2,1.1538461538461537,2.6307692307692307,5.461538461538462,-0.8153846153846154,126.0,324.0,71.0,205.0,32.0,43.0,25.0,83.0,108.0,155.0,77.0,13.0,75.0,171.0,355.0,-53.0,65,1177.6153846153845,76545.0
203076,Anthony Davis,9.074626865671641,18.55223880597015,0.6268656716417911,1.8059701492537314,5.432835820895522,7.17910447761194,2.1492537313432836,8.074626865671641,10.223880597014926,1.8805970149253732,1.2537313432835822,2.074626865671642,1.9701492537313432,2.388059701492537,24.208955223880597,-2.5970149253731343,608.0,1243.0,42.0,121.0,364.0,481.0,144.0,541.0,685.0,126.0,84.0,139.0,132.0,160.0,1622.0,-174.0,67,2094.597014925373,140338.0
203111,Orlando Johnson,1.2857142857142858,4.857142857142857,0.2857142857142857,1.4285714285714286,0.8571428571428571,1.1428571428571428,0.5714285714285714,1.5714285714285714,2.142857142857143,0.2857142857142857,0.42857142857142855,0.42857142857142855,0.5714285714285714,1.2857142857142858,3.7142857142857144,-5.285714285714286,9.0,34.0,2.0,10.0,6.0,8.0,4.0,11.0,15.0,2.0,3.0,3.0,4.0,9.0,26.0,-37.0,7,871.8571428571429,6103.0
200745,Andrea Bargnani,2.760869565217391,6.065217391304348,0.06521739130434782,0.34782608695652173,1.0217391304347827,1.2391304347826086,0.6086956521739131,1.5,2.108695652173913,0.391304347826087,0.08695652173913043,0.1956521739130435,0.5652173913043478,1.326086956521739,6.608695652173913,-4.1521739130434785,127.0,279.0,3.0,16.0,47.0,57.0,28.0,69.0,97.0,18.0,4.0,9.0,26.0,61.0,304.0,-191.0,46,826.5,38019.0
