PLAYER_ID,PLAYER_NAME,avg(FGM),avg(FGA),avg(FG3M),avg(FG3A),avg(FTM),avg(FTA),avg(OREB),avg(DREB),avg(REB),avg(AST),avg(STL),avg(BLK),avg(TO),avg(PF),avg(PTS),avg(PLUS_MINUS),sum(FGM),sum(FGA),sum(FG3M),sum(FG3A),sum(FTM),sum(FTA),sum(OREB),sum(DREB),sum(REB),sum(AST),sum(STL),sum(BLK),sum(TO),sum(PF),sum(PTS),sum(PLUS_MINUS),sum(ifminute),avg(seconds),sum(seconds)
201939,Stephen Curry,8.85981308411215,18.121495327102803,4.261682242990654,9.42056074766355,4.616822429906542,5.205607476635514,0.7570093457943925,3.7383177570093458,4.4953271028037385,7.02803738317757,1.9626168224299065,0.1588785046728972,3.3457943925233646,2.02803738317757,26.598130841121495,11.392523364485982,948.0,1939.0,456.0,1008.0,494.0,557.0,81.0,400.0,481.0,752.0,210.0,17.0,358.0,217.0,2846.0,1219.0,107,2031.6168224299065,217383.0
1897,Metta World Peace,1.5,4.636363636363637,0.7272727272727273,2.1363636363636362,1.0909090909090908,1.4545454545454546,0.45454545454545453,2.0454545454545454,2.5,1.0454545454545454,0.5,0.4090909090909091,0.5909090909090909,1.9090909090909092,4.818181818181818,0.13636363636363635,33.0,102.0,16.0,47.0,24.0,32.0,10.0,45.0,55.0,23.0,11.0,9.0,13.0,42.0,106.0,3.0,22,1005.8181818181819,22128.0
203925,Joe Harris,0.9523809523809523,2.642857142857143,0.5,1.6428571428571428,0.2857142857142857,0.4523809523809524,0.11904761904761904,0.5714285714285714,0.6904761904761905,0.4523809523809524,0.14285714285714285,0.047619047619047616,0.6190476190476191,0.9761904761904762,2.6904761904761907,-3.380952380952381,40.0,111.0,21.0,69.0,12.0,19.0,5.0,24.0,29.0,19.0,6.0,2.0,26.0,41.0,113.0,-142.0,42,523.2142857142857,21975.0
2694,Josh Powell,0.0,0.75,0.0,0.0,0.0,0.0,0.0,0.75,0.75,0.5,0.0,0.0,0.75,1.75,0.0,-5.25,0.0,3.0,0.0,0.0,0.0,0.0,0.0,3.0,3.0,2.0,0.0,0.0,3.0,7.0,0.0,-21.0,4,344.0,1376.0
200761,Shawne Williams,1.064516129032258,3.3870967741935485,0.3548387096774194,1.8064516129032258,0.2903225806451613,0.2903225806451613,0.45161290322580644,1.064516129032258,1.5161290322580645,0.3870967741935484,0.3548387096774194,0.16129032258064516,0.45161290322580644,1.3225806451612903,2.774193548387097,-1.3870967741935485,33.0,105.0,11.0,56.0,9.0,9.0,14.0,33.0,47.0,12.0,11.0,5.0,14.0,41.0,86.0,-43.0,31,615.2903225806451,19074.0
