PLAYER_ID,PLAYER_NAME,avg(FGM),avg(FGA),avg(FG3M),avg(FG3A),avg(FTM),avg(FTA),avg(OREB),avg(DREB),avg(REB),avg(AST),avg(STL),avg(BLK),avg(TO),avg(PF),avg(PTS),avg(PLUS_MINUS),sum(FGM),sum(FGA),sum(FG3M),sum(FG3A),sum(FTM),sum(FTA),sum(OREB),sum(DREB),sum(REB),sum(AST),sum(STL),sum(BLK),sum(TO),sum(PF),sum(PTS),sum(PLUS_MINUS),sum(ifminute),avg(seconds),sum(seconds)
101131,Jason Maxiell,1.4285714285714286,3.357142857142857,0.0,0.0,0.9047619047619048,1.5,1.7380952380952381,2.2142857142857144,3.9523809523809526,0.38095238095238093,0.3333333333333333,0.9523809523809523,0.5476190476190477,1.7857142857142858,3.761904761904762,-3.3095238095238093,60.0,141.0,0.0,0.0,38.0,63.0,73.0,93.0,166.0,16.0,14.0,40.0,23.0,75.0,158.0,-139.0,42,932.7380952380952,39175.0
