PLAYER_ID,PLAYER_NAME,avg(FGM),avg(FGA),avg(FG3M),avg(FG3A),avg(FTM),avg(FTA),avg(OREB),avg(DREB),avg(REB),avg(AST),avg(STL),avg(BLK),avg(TO),avg(PF),avg(PTS),avg(PLUS_MINUS),sum(FGM),sum(FGA),sum(FG3M),sum(FG3A),sum(FTM),sum(FTA),sum(OREB),sum(DREB),sum(REB),sum(AST),sum(STL),sum(BLK),sum(TO),sum(PF),sum(PTS),sum(PLUS_MINUS),sum(ifminute),avg(seconds),sum(seconds)
202083,Wesley Matthews,4.586206896551724,11.53448275862069,2.586206896551724,6.982758620689655,1.9310344827586208,2.3448275862068964,0.46551724137931033,2.9655172413793105,3.4310344827586206,2.0172413793103448,1.3620689655172413,0.22413793103448276,1.1551724137931034,2.1551724137931036,13.689655172413794,2.896551724137931,266.0,669.0,150.0,405.0,112.0,136.0,27.0,172.0,199.0,117.0,79.0,13.0,67.0,125.0,794.0,168.0,58,1937.4310344827586,112371.0
201580,JaVale McGee,1.6818181818181819,3.3181818181818183,0.0,0.0,0.5,1.0,0.9090909090909091,2.1363636363636362,3.0454545454545454,0.22727272727272727,0.0,0.45454545454545453,0.7727272727272727,0.9090909090909091,3.8636363636363638,-2.727272727272727,37.0,73.0,0.0,0.0,11.0,22.0,20.0,47.0,67.0,5.0,0.0,10.0,17.0,20.0,85.0,-60.0,22,605.7727272727273,13327.0
2030,Kenyon Martin,0.8181818181818182,2.0,0.0,0.0,0.18181818181818182,0.18181818181818182,0.5454545454545454,1.1818181818181819,1.7272727272727273,0.45454545454545453,0.45454545454545453,0.5454545454545454,0.2727272727272727,1.1818181818181819,1.8181818181818181,-0.8181818181818182,9.0,22.0,0.0,0.0,2.0,2.0,6.0,13.0,19.0,5.0,5.0,6.0,3.0,13.0,20.0,-9.0,11,567.6363636363636,6244.0
