PLAYER_ID,PLAYER_NAME,avg(FGM),avg(FGA),avg(FG3M),avg(FG3A),avg(FTM),avg(FTA),avg(OREB),avg(DREB),avg(REB),avg(AST),avg(STL),avg(BLK),avg(TO),avg(PF),avg(PTS),avg(PLUS_MINUS),sum(FGM),sum(FGA),sum(FG3M),sum(FG3A),sum(FTM),sum(FTA),sum(OREB),sum(DREB),sum(REB),sum(AST),sum(STL),sum(BLK),sum(TO),sum(PF),sum(PTS),sum(PLUS_MINUS),sum(ifminute),avg(seconds),sum(seconds)
201943,Brandon Jennings,6.6,15.266666666666667,2.3333333333333335,6.2,3.533333333333333,4.333333333333333,0.4,1.8,2.2,6.733333333333333,1.1333333333333333,0.06666666666666667,2.066666666666667,1.3333333333333333,19.066666666666666,5.2,99.0,229.0,35.0,93.0,53.0,65.0,6.0,27.0,33.0,101.0,17.0,1.0,31.0,20.0,286.0,78.0,15,1651.8666666666666,24778.0
203123,Kostas Papanikolaou,0.7692307692307693,2.25,0.36538461538461536,1.2692307692307692,0.23076923076923078,0.34615384615384615,0.3269230769230769,1.0576923076923077,1.3846153846153846,0.7115384615384616,0.4807692307692308,0.15384615384615385,0.8076923076923077,0.8846153846153846,2.1346153846153846,-0.46153846153846156,40.0,117.0,19.0,66.0,12.0,18.0,17.0,55.0,72.0,37.0,25.0,8.0,42.0,46.0,111.0,-24.0,52,626.5961538461538,32583.0
1626181,Norman Powell,1.3333333333333333,3.888888888888889,0.05555555555555555,0.8333333333333334,0.4444444444444444,0.6666666666666666,0.2777777777777778,0.7222222222222222,1.0,0.5,0.6666666666666666,0.1111111111111111,0.5,1.0,3.1666666666666665,-0.7777777777777778,24.0,70.0,1.0,15.0,8.0,12.0,5.0,13.0,18.0,9.0,12.0,2.0,9.0,18.0,57.0,-14.0,18,562.6666666666666,10128.0
202348,Jordan Crawford,1.0,3.6,0.6,1.4,0.6,0.6,0.4,1.4,1.8,1.0,0.0,0.0,0.4,0.8,3.2,-4.4,5.0,18.0,3.0,7.0,3.0,3.0,2.0,7.0,9.0,5.0,0.0,0.0,2.0,4.0,16.0,-22.0,5,434.0,2170.0
203957,Dante Exum,1.8,5.52,1.14,3.74,0.06,0.1,0.44,1.2,1.64,2.72,0.54,0.16,1.62,1.88,4.8,2.0,90.0,276.0,57.0,187.0,3.0,5.0,22.0,60.0,82.0,136.0,27.0,8.0,81.0,94.0,240.0,100.0,50,1482.34,74117.0
