PLAYER_ID,PLAYER_NAME,avg(FGM),avg(FGA),avg(FG3M),avg(FG3A),avg(FTM),avg(FTA),avg(OREB),avg(DREB),avg(REB),avg(AST),avg(STL),avg(BLK),avg(TO),avg(PF),avg(PTS),avg(PLUS_MINUS),sum(FGM),sum(FGA),sum(FG3M),sum(FG3A),sum(FTM),sum(FTA),sum(OREB),sum(DREB),sum(REB),sum(AST),sum(STL),sum(BLK),sum(TO),sum(PF),sum(PTS),sum(PLUS_MINUS),sum(ifminute),avg(seconds),sum(seconds)
1626153,Delon Wright,1.1162790697674418,2.604651162790698,0.16279069767441862,0.4418604651162791,0.813953488372093,1.186046511627907,0.2558139534883721,0.9767441860465116,1.2325581395348837,0.9534883720930233,0.3023255813953488,0.06976744186046512,0.6046511627906976,0.2558139534883721,3.2093023255813953,-0.23255813953488372,48.0,112.0,7.0,19.0,35.0,51.0,11.0,42.0,53.0,41.0,13.0,3.0,26.0,11.0,138.0,-10.0,43,478.6511627906977,20582.0
202689,Kemba Walker,6.894736842105263,16.347368421052632,2.1473684210526316,5.852631578947369,4.505263157894737,5.326315789473684,0.631578947368421,3.4526315789473685,4.08421052631579,4.968421052631579,1.4842105263157894,0.45263157894736844,2.0631578947368423,1.3578947368421053,20.442105263157895,2.305263157894737,655.0,1553.0,204.0,556.0,428.0,506.0,60.0,328.0,388.0,472.0,141.0,43.0,196.0,129.0,1942.0,219.0,95,2085.8526315789472,198156.0
203961,Eric Moreland,1.0,1.5,0.0,0.0,0.3,0.9,0.9,1.7,2.6,0.2,0.0,0.9,0.3,0.6,2.3,0.6,10.0,15.0,0.0,0.0,3.0,9.0,9.0,17.0,26.0,2.0,0.0,9.0,3.0,6.0,23.0,6.0,10,472.2,4722.0
