PLAYER_ID,PLAYER_NAME,avg(FGM),avg(FGA),avg(FG3M),avg(FG3A),avg(FTM),avg(FTA),avg(OREB),avg(DREB),avg(REB),avg(AST),avg(STL),avg(BLK),avg(TO),avg(PF),avg(PTS),avg(PLUS_MINUS),sum(FGM),sum(FGA),sum(FG3M),sum(FG3A),sum(FTM),sum(FTA),sum(OREB),sum(DREB),sum(REB),sum(AST),sum(STL),sum(BLK),sum(TO),sum(PF),sum(PTS),sum(PLUS_MINUS),sum(ifminute),avg(seconds),sum(seconds)
1626158,Richaun Holmes,2.1379310344827585,4.310344827586207,0.20689655172413793,0.9310344827586207,0.9482758620689655,1.4655172413793103,1.206896551724138,1.5172413793103448,2.7241379310344827,0.6379310344827587,0.3448275862068966,0.7413793103448276,0.7241379310344828,1.9310344827586208,5.431034482758621,-1.2241379310344827,124.0,250.0,12.0,54.0,55.0,85.0,70.0,88.0,158.0,37.0,20.0,43.0,42.0,112.0,315.0,-71.0,58,831.7413793103449,48241.0
204001,Kristaps Porzingis,5.12,12.2,1.0933333333333333,3.3066666666666666,2.68,3.2,1.8533333333333333,5.453333333333333,7.306666666666667,1.3733333333333333,0.7333333333333333,1.8266666666666667,1.6666666666666667,2.8133333333333335,14.013333333333334,0.18666666666666668,384.0,915.0,82.0,248.0,201.0,240.0,139.0,409.0,548.0,103.0,55.0,137.0,125.0,211.0,1051.0,14.0,75,1682.7733333333333,126208.0
1626263,Shannon Scott,0.5,1.0,0.0,0.0,0.0,0.0,0.0,2.0,2.0,1.0,1.0,0.0,1.0,1.5,1.0,2.0,1.0,2.0,0.0,0.0,0.0,0.0,0.0,4.0,4.0,2.0,2.0,0.0,2.0,3.0,2.0,4.0,2,469.5,939.0
