PLAYER_ID,PLAYER_NAME,avg(FGM),avg(FGA),avg(FG3M),avg(FG3A),avg(FTM),avg(FTA),avg(OREB),avg(DREB),avg(REB),avg(AST),avg(STL),avg(BLK),avg(TO),avg(PF),avg(PTS),avg(PLUS_MINUS),sum(FGM),sum(FGA),sum(FG3M),sum(FG3A),sum(FTM),sum(FTA),sum(OREB),sum(DREB),sum(REB),sum(AST),sum(STL),sum(BLK),sum(TO),sum(PF),sum(PTS),sum(PLUS_MINUS),sum(ifminute),avg(seconds),sum(seconds)
203382,Aron Baynes,2.1153846153846154,4.256410256410256,0.0,0.05128205128205128,1.0512820512820513,1.3076923076923077,1.5256410256410255,2.5641025641025643,4.089743589743589,0.5256410256410257,0.24358974358974358,0.32051282051282054,0.8333333333333334,1.858974358974359,5.282051282051282,0.44871794871794873,165.0,332.0,0.0,4.0,82.0,102.0,119.0,200.0,319.0,41.0,19.0,25.0,65.0,145.0,412.0,35.0,78,875.3717948717949,68279.0
