PLAYER_ID,PLAYER_NAME,avg(FGM),avg(FGA),avg(FG3M),avg(FG3A),avg(FTM),avg(FTA),avg(OREB),avg(DREB),avg(REB),avg(AST),avg(STL),avg(BLK),avg(TO),avg(PF),avg(PTS),avg(PLUS_MINUS),sum(FGM),sum(FGA),sum(FG3M),sum(FG3A),sum(FTM),sum(FTA),sum(OREB),sum(DREB),sum(REB),sum(AST),sum(STL),sum(BLK),sum(TO),sum(PF),sum(PTS),sum(PLUS_MINUS),sum(ifminute),avg(seconds),sum(seconds)
203092,Tyler Zeller,2.3823529411764706,4.985294117647059,0.0,0.0,1.4705882352941178,1.8088235294117647,1.0735294117647058,2.014705882352941,3.088235294117647,0.5147058823529411,0.16176470588235295,0.39705882352941174,0.7352941176470589,1.6029411764705883,6.235294117647059,-0.5588235294117647,162.0,339.0,0.0,0.0,100.0,123.0,73.0,137.0,210.0,35.0,11.0,27.0,50.0,109.0,424.0,-38.0,68,722.1617647058823,49107.0
1626260,Levi Randolph,0.5,0.5,0.0,0.0,0.5,0.5,0.5,0.0,0.5,0.0,0.0,0.0,0.0,0.0,1.5,0.5,1.0,1.0,0.0,0.0,1.0,1.0,1.0,0.0,1.0,0.0,0.0,0.0,0.0,0.0,3.0,1.0,2,19.0,38.0
