PLAYER_ID,PLAYER_NAME,avg(FGM),avg(FGA),avg(FG3M),avg(FG3A),avg(FTM),avg(FTA),avg(OREB),avg(DREB),avg(REB),avg(AST),avg(STL),avg(BLK),avg(TO),avg(PF),avg(PTS),avg(PLUS_MINUS),sum(FGM),sum(FGA),sum(FG3M),sum(FG3A),sum(FTM),sum(FTA),sum(OREB),sum(DREB),sum(REB),sum(AST),sum(STL),sum(BLK),sum(TO),sum(PF),sum(PTS),sum(PLUS_MINUS),sum(ifminute),avg(seconds),sum(seconds)
1626173,Rashad Vaughn,1.3125,3.8125,0.625,1.875,0.25,0.4375,0.15625,1.0625,1.21875,0.46875,0.21875,0.09375,0.625,0.90625,3.5,-3.25,42.0,122.0,20.0,60.0,8.0,14.0,5.0,34.0,39.0,15.0,7.0,3.0,20.0,29.0,112.0,-104.0,32,708.1875,22662.0
201933,Blake Griffin,8.94047619047619,17.464285714285715,0.11904761904761904,0.44047619047619047,4.380952380952381,6.035714285714286,1.8333333333333333,6.845238095238095,8.678571428571429,5.333333333333333,0.9047619047619048,0.6190476190476191,2.4166666666666665,2.8333333333333335,22.38095238095238,6.190476190476191,751.0,1467.0,10.0,37.0,368.0,507.0,154.0,575.0,729.0,448.0,76.0,52.0,203.0,238.0,1880.0,520.0,84,2105.4285714285716,176856.0
203495,Ricky Ledo,2.1333333333333333,6.333333333333333,0.6666666666666666,1.8,1.0666666666666667,1.4666666666666666,1.0,1.3333333333333333,2.3333333333333335,1.2666666666666666,0.4,0.06666666666666667,1.7333333333333334,1.4,6.0,-3.533333333333333,32.0,95.0,10.0,27.0,16.0,22.0,15.0,20.0,35.0,19.0,6.0,1.0,26.0,21.0,90.0,-53.0,15,967.3333333333334,14510.0
