PLAYER_ID,PLAYER_NAME,avg(FGM),avg(FGA),avg(FG3M),avg(FG3A),avg(FTM),avg(FTA),avg(OREB),avg(DREB),avg(REB),avg(AST),avg(STL),avg(BLK),avg(TO),avg(PF),avg(PTS),avg(PLUS_MINUS),sum(FGM),sum(FGA),sum(FG3M),sum(FG3A),sum(FTM),sum(FTA),sum(OREB),sum(DREB),sum(REB),sum(AST),sum(STL),sum(BLK),sum(TO),sum(PF),sum(PTS),sum(PLUS_MINUS),sum(ifminute),avg(seconds),sum(seconds)
1938,Manu Ginobili,3.164383561643836,6.8493150684931505,1.1506849315068493,2.835616438356164,1.643835616438356,2.0547945205479454,0.4520547945205479,2.041095890410959,2.493150684931507,2.9863013698630136,1.1232876712328768,0.2191780821917808,1.5342465753424657,1.8082191780821917,9.123287671232877,5.602739726027397,231.0,500.0,84.0,207.0,120.0,150.0,33.0,149.0,182.0,218.0,82.0,16.0,112.0,132.0,666.0,409.0,73,1154.2876712328766,84263.0
