PLAYER_ID,PLAYER_NAME,avg(FGM),avg(FGA),avg(FG3M),avg(FG3A),avg(FTM),avg(FTA),avg(OREB),avg(DREB),avg(REB),avg(AST),avg(STL),avg(BLK),avg(TO),avg(PF),avg(PTS),avg(PLUS_MINUS),sum(FGM),sum(FGA),sum(FG3M),sum(FG3A),sum(FTM),sum(FTA),sum(OREB),sum(DREB),sum(REB),sum(AST),sum(STL),sum(BLK),sum(TO),sum(PF),sum(PTS),sum(PLUS_MINUS),sum(ifminute),avg(seconds),sum(seconds)
2749,Jameer Nelson,3.5285714285714285,8.471428571428572,1.2714285714285714,3.757142857142857,0.5428571428571428,0.7714285714285715,0.44285714285714284,2.0428571428571427,2.4857142857142858,4.3,0.6571428571428571,0.1,1.8142857142857143,2.414285714285714,8.871428571428572,-2.3,247.0,593.0,89.0,263.0,38.0,54.0,31.0,143.0,174.0,301.0,46.0,7.0,127.0,169.0,621.0,-161.0,70,1387.2428571428572,97107.0
1627322,Bo McCalebb,1.25,4.75,0.0,0.5,0.25,0.5,0.25,0.5,0.75,2.25,0.25,0.0,1.75,2.0,2.75,-6.5,5.0,19.0,0.0,2.0,1.0,2.0,1.0,2.0,3.0,9.0,1.0,0.0,7.0,8.0,11.0,-26.0,4,830.5,3322.0
