PLAYER_ID,PLAYER_NAME,avg(FGM),avg(FGA),avg(FG3M),avg(FG3A),avg(FTM),avg(FTA),avg(OREB),avg(DREB),avg(REB),avg(AST),avg(STL),avg(BLK),avg(TO),avg(PF),avg(PTS),avg(PLUS_MINUS),sum(FGM),sum(FGA),sum(FG3M),sum(FG3A),sum(FTM),sum(FTA),sum(OREB),sum(DREB),sum(REB),sum(AST),sum(STL),sum(BLK),sum(TO),sum(PF),sum(PTS),sum(PLUS_MINUS),sum(ifminute),avg(seconds),sum(seconds)
203918,Rodney Hood,5.0813953488372094,12.104651162790697,1.9534883720930232,5.5,2.244186046511628,2.604651162790698,0.45348837209302323,2.86046511627907,3.313953488372093,2.616279069767442,0.8953488372093024,0.19767441860465115,1.569767441860465,2.546511627906977,14.36046511627907,1.558139534883721,437.0,1041.0,168.0,473.0,193.0,224.0,39.0,246.0,285.0,225.0,77.0,17.0,135.0,219.0,1235.0,134.0,86,1885.9883720930231,162195.0
203913,Jabari Brown,1.8,4.4,0.4,1.8,2.0,2.8,0.2,1.2,1.4,1.0,0.8,0.0,1.4,2.0,6.0,2.2,9.0,22.0,2.0,9.0,10.0,14.0,1.0,6.0,7.0,5.0,4.0,0.0,7.0,10.0,30.0,11.0,5,945.2,4726.0
