PLAYER_ID,PLAYER_NAME,avg(FGM),avg(FGA),avg(FG3M),avg(FG3A),avg(FTM),avg(FTA),avg(OREB),avg(DREB),avg(REB),avg(AST),avg(STL),avg(BLK),avg(TO),avg(PF),avg(PTS),avg(PLUS_MINUS),sum(FGM),sum(FGA),sum(FG3M),sum(FG3A),sum(FTM),sum(FTA),sum(OREB),sum(DREB),sum(REB),sum(AST),sum(STL),sum(BLK),sum(TO),sum(PF),sum(PTS),sum(PLUS_MINUS),sum(ifminute),avg(seconds),sum(seconds)
202695,Kawhi Leonard,7.545454545454546,15.090909090909092,1.7727272727272727,4.034090909090909,4.045454545454546,4.659090909090909,1.2954545454545454,5.340909090909091,6.636363636363637,2.5681818181818183,1.8181818181818181,0.9886363636363636,1.5227272727272727,1.8522727272727273,20.90909090909091,8.397727272727273,664.0,1328.0,156.0,355.0,356.0,410.0,114.0,470.0,584.0,226.0,160.0,87.0,134.0,163.0,1840.0,739.0,88,1949.0113636363637,171513.0
2581,Steve Blake,1.507936507936508,3.984126984126984,0.8412698412698413,2.492063492063492,0.2698412698412698,0.3492063492063492,0.14285714285714285,1.4126984126984128,1.5555555555555556,3.5238095238095237,0.38095238095238093,0.07936507936507936,1.3968253968253967,1.253968253968254,4.126984126984127,-1.0476190476190477,95.0,251.0,53.0,157.0,17.0,22.0,9.0,89.0,98.0,222.0,24.0,5.0,88.0,79.0,260.0,-66.0,63,1003.4444444444445,63217.0
201583,Ryan Anderson,5.835616438356165,13.794520547945206,1.9726027397260273,5.342465753424658,2.9315068493150687,3.3698630136986303,2.041095890410959,4.041095890410959,6.082191780821918,1.0410958904109588,0.6027397260273972,0.3698630136986301,1.3835616438356164,1.6986301369863013,16.575342465753426,-0.0547945205479452,426.0,1007.0,144.0,390.0,214.0,246.0,149.0,295.0,444.0,76.0,44.0,27.0,101.0,124.0,1210.0,-4.0,73,1789.890410958904,130662.0
