PLAYER_ID,PLAYER_NAME,avg(FGM),avg(FGA),avg(FG3M),avg(FG3A),avg(FTM),avg(FTA),avg(OREB),avg(DREB),avg(REB),avg(AST),avg(STL),avg(BLK),avg(TO),avg(PF),avg(PTS),avg(PLUS_MINUS),sum(FGM),sum(FGA),sum(FG3M),sum(FG3A),sum(FTM),sum(FTA),sum(OREB),sum(DREB),sum(REB),sum(AST),sum(STL),sum(BLK),sum(TO),sum(PF),sum(PTS),sum(PLUS_MINUS),sum(ifminute),avg(seconds),sum(seconds)
2548,Dwyane Wade,7.189473684210526,15.83157894736842,0.22105263157894736,0.7789473684210526,4.136842105263158,5.221052631578948,1.0315789473684212,3.221052631578947,4.252631578947368,4.442105263157894,1.0105263157894737,0.5894736842105263,2.6842105263157894,1.5473684210526315,18.736842105263158,-0.4,683.0,1504.0,21.0,74.0,393.0,496.0,98.0,306.0,404.0,422.0,96.0,56.0,255.0,147.0,1780.0,-38.0,95,1823.8,173261.0
201228,C.J. Watson,1.4615384615384615,4.487179487179487,0.4358974358974359,1.6153846153846154,1.0512820512820513,1.3076923076923077,0.358974358974359,1.8461538461538463,2.2051282051282053,3.051282051282051,0.7948717948717948,0.20512820512820512,0.8974358974358975,1.6153846153846154,4.410256410256411,-0.5128205128205128,57.0,175.0,17.0,63.0,41.0,51.0,14.0,72.0,86.0,119.0,31.0,8.0,35.0,63.0,172.0,-20.0,39,1247.5384615384614,48654.0
