PLAYER_ID,PLAYER_NAME,avg(FGM),avg(FGA),avg(FG3M),avg(FG3A),avg(FTM),avg(FTA),avg(OREB),avg(DREB),avg(REB),avg(AST),avg(STL),avg(BLK),avg(TO),avg(PF),avg(PTS),avg(PLUS_MINUS),sum(FGM),sum(FGA),sum(FG3M),sum(FG3A),sum(FTM),sum(FTA),sum(OREB),sum(DREB),sum(REB),sum(AST),sum(STL),sum(BLK),sum(TO),sum(PF),sum(PTS),sum(PLUS_MINUS),sum(ifminute),avg(seconds),sum(seconds)
203894,Shabazz Napier,1.5862068965517242,4.413793103448276,0.7758620689655172,2.086206896551724,0.8793103448275862,1.0689655172413792,0.20689655172413793,1.3448275862068966,1.5517241379310345,2.7586206896551726,0.5862068965517241,0.06896551724137931,1.2586206896551724,1.1724137931034482,4.827586206896552,0.017241379310344827,92.0,256.0,45.0,121.0,51.0,62.0,12.0,78.0,90.0,160.0,34.0,4.0,73.0,68.0,280.0,1.0,58,927.8793103448276,53817.0
200762,Oleksiy Pecherov,2.0,7.0,0.0,4.0,2.0,2.0,1.0,0.0,1.0,0.0,0.0,0.0,0.0,0.0,6.0,-6.0,2.0,7.0,0.0,4.0,2.0,2.0,1.0,0.0,1.0,0.0,0.0,0.0,0.0,0.0,6.0,-6.0,1,445.0,445.0
