PLAYER_ID,PLAYER_NAME,avg(FGM),avg(FGA),avg(FG3M),avg(FG3A),avg(FTM),avg(FTA),avg(OREB),avg(DREB),avg(REB),avg(AST),avg(STL),avg(BLK),avg(TO),avg(PF),avg(PTS),avg(PLUS_MINUS),sum(FGM),sum(FGA),sum(FG3M),sum(FG3A),sum(FTM),sum(FTA),sum(OREB),sum(DREB),sum(REB),sum(AST),sum(STL),sum(BLK),sum(TO),sum(PF),sum(PTS),sum(PLUS_MINUS),sum(ifminute),avg(seconds),sum(seconds)
2730,Dwight Howard,5.411764705882353,9.147058823529411,0.014705882352941176,0.029411764705882353,3.338235294117647,6.794117647058823,3.2794117647058822,8.294117647058824,11.573529411764707,1.2352941176470589,0.9705882352941176,1.5588235294117647,2.3676470588235294,3.2941176470588234,14.176470588235293,1.6176470588235294,368.0,622.0,1.0,2.0,227.0,462.0,223.0,564.0,787.0,84.0,66.0,106.0,161.0,224.0,964.0,110.0,68,1837.6764705882354,124962.0
2585,Zaza Pachulia,3.3908045977011496,7.471264367816092,0.0,0.022988505747126436,2.586206896551724,3.2528735632183907,3.2298850574712645,5.390804597701149,8.620689655172415,2.1724137931034484,1.1264367816091954,0.2988505747126437,1.7241379310344827,2.3908045977011496,9.367816091954023,2.8045977011494254,295.0,650.0,0.0,2.0,225.0,283.0,281.0,469.0,750.0,189.0,98.0,26.0,150.0,208.0,815.0,244.0,87,1530.4942528735633,133153.0
201964,Victor Claver,0.7142857142857143,1.2857142857142858,0.5714285714285714,1.1428571428571428,0.0,0.0,0.14285714285714285,1.1428571428571428,1.2857142857142858,0.0,0.0,0.14285714285714285,0.14285714285714285,0.5714285714285714,2.0,0.42857142857142855,5.0,9.0,4.0,8.0,0.0,0.0,1.0,8.0,9.0,0.0,0.0,1.0,1.0,4.0,14.0,3.0,7,308.85714285714283,2162.0
