PLAYER_ID,PLAYER_NAME,avg(FGM),avg(FGA),avg(FG3M),avg(FG3A),avg(FTM),avg(FTA),avg(OREB),avg(DREB),avg(REB),avg(AST),avg(STL),avg(BLK),avg(TO),avg(PF),avg(PTS),avg(PLUS_MINUS),sum(FGM),sum(FGA),sum(FG3M),sum(FG3A),sum(FTM),sum(FTA),sum(OREB),sum(DREB),sum(REB),sum(AST),sum(STL),sum(BLK),sum(TO),sum(PF),sum(PTS),sum(PLUS_MINUS),sum(ifminute),avg(seconds),sum(seconds)
203090,Maurice Harkless,2.765957446808511,5.914893617021277,0.6276595744680851,2.0851063829787235,0.9574468085106383,1.6063829787234043,1.3617021276595744,2.478723404255319,3.8404255319148937,0.8191489361702128,0.7021276595744681,0.425531914893617,0.8723404255319149,1.797872340425532,7.117021276595745,0.11702127659574468,260.0,556.0,59.0,196.0,90.0,151.0,128.0,233.0,361.0,77.0,66.0,40.0,82.0,169.0,669.0,11.0,94,1180.872340425532,111002.0
202334,Ed Davis,2.4444444444444446,4.151515151515151,0.0,0.020202020202020204,1.4545454545454546,2.5555555555555554,2.686868686868687,4.646464646464646,7.333333333333333,1.101010101010101,0.6767676767676768,0.898989898989899,0.8080808080808081,2.515151515151515,6.343434343434343,0.18181818181818182,242.0,411.0,0.0,2.0,144.0,253.0,266.0,460.0,726.0,109.0,67.0,89.0,80.0,249.0,628.0,18.0,99,1239.7575757575758,122736.0
1626202,Joe Young,1.607843137254902,4.372549019607843,0.27450980392156865,1.2941176470588236,0.6862745098039216,0.803921568627451,0.1568627450980392,1.0588235294117647,1.2156862745098038,1.6862745098039216,0.39215686274509803,0.0,0.9215686274509803,0.8627450980392157,4.176470588235294,-0.9411764705882353,82.0,223.0,14.0,66.0,35.0,41.0,8.0,54.0,62.0,86.0,20.0,0.0,47.0,44.0,213.0,-48.0,51,604.6862745098039,30839.0
203475,Erick Green,1.2142857142857142,3.357142857142857,0.35714285714285715,0.8571428571428571,0.5714285714285714,0.7142857142857143,0.35714285714285715,0.6428571428571429,1.0,0.9285714285714286,0.2857142857142857,0.0,0.2857142857142857,0.5714285714285714,3.357142857142857,-1.0714285714285714,17.0,47.0,5.0,12.0,8.0,10.0,5.0,9.0,14.0,13.0,4.0,0.0,4.0,8.0,47.0,-15.0,14,575.7857142857143,8061.0
