PLAYER_ID,PLAYER_NAME,avg(FGM),avg(FGA),avg(FG3M),avg(FG3A),avg(FTM),avg(FTA),avg(OREB),avg(DREB),avg(REB),avg(AST),avg(STL),avg(BLK),avg(TO),avg(PF),avg(PTS),avg(PLUS_MINUS),sum(FGM),sum(FGA),sum(FG3M),sum(FG3A),sum(FTM),sum(FTA),sum(OREB),sum(DREB),sum(REB),sum(AST),sum(STL),sum(BLK),sum(TO),sum(PF),sum(PTS),sum(PLUS_MINUS),sum(ifminute),avg(seconds),sum(seconds)
201936,Tyreke Evans,6.159420289855072,13.565217391304348,0.9855072463768116,2.9855072463768115,2.6231884057971016,3.5942028985507246,0.9710144927536232,4.3768115942028984,5.3478260869565215,7.057971014492754,1.2173913043478262,0.4782608695652174,3.1739130434782608,2.4927536231884058,15.927536231884059,1.2608695652173914,425.0,936.0,68.0,206.0,181.0,248.0,67.0,302.0,369.0,487.0,84.0,33.0,219.0,172.0,1099.0,87.0,69,1990.5797101449275,137350.0
201567,Kevin Love,5.5125,12.7875,2.1125,5.65,2.9125,3.7125,2.0375,7.6375,9.675,2.3,0.6875,0.525,1.675,1.7625,16.05,6.225,441.0,1023.0,169.0,452.0,233.0,297.0,163.0,611.0,774.0,184.0,55.0,42.0,134.0,141.0,1284.0,498.0,80,1903.95,152316.0
