PLAYER_ID,PLAYER_NAME,avg(FGM),avg(FGA),avg(FG3M),avg(FG3A),avg(FTM),avg(FTA),avg(OREB),avg(DREB),avg(REB),avg(AST),avg(STL),avg(BLK),avg(TO),avg(PF),avg(PTS),avg(PLUS_MINUS),sum(FGM),sum(FGA),sum(FG3M),sum(FG3A),sum(FTM),sum(FTA),sum(OREB),sum(DREB),sum(REB),sum(AST),sum(STL),sum(BLK),sum(TO),sum(PF),sum(PTS),sum(PLUS_MINUS),sum(ifminute),avg(seconds),sum(seconds)
2544,LeBron James,9.747474747474747,18.7979797979798,1.2323232323232323,3.878787878787879,4.4646464646464645,6.232323232323233,1.5454545454545454,6.252525252525253,7.797979797979798,6.888888888888889,1.606060606060606,0.7676767676767676,3.3333333333333335,2.04040404040404,25.19191919191919,8.353535353535353,965.0,1861.0,122.0,384.0,442.0,617.0,153.0,619.0,772.0,682.0,159.0,76.0,330.0,202.0,2494.0,827.0,99,2168.8888888888887,214720.0
203110,Draymond Green,4.837837837837838,10.306306306306306,1.2702702702702702,3.369369369369369,2.936936936936937,4.171171171171171,1.5765765765765767,7.8108108108108105,9.387387387387387,6.792792792792793,1.4774774774774775,1.4144144144144144,2.936936936936937,3.108108108108108,13.882882882882884,11.108108108108109,537.0,1144.0,141.0,374.0,326.0,463.0,175.0,867.0,1042.0,754.0,164.0,157.0,326.0,345.0,1541.0,1233.0,111,2073.036036036036,230107.0
202700,Donatas Motiejunas,2.5238095238095237,5.761904761904762,0.47619047619047616,1.5714285714285714,1.0,1.6666666666666667,1.119047619047619,2.0952380952380953,3.2142857142857144,1.0952380952380953,0.5,0.16666666666666666,1.3333333333333333,1.9047619047619047,6.523809523809524,0.5,106.0,242.0,20.0,66.0,42.0,70.0,47.0,88.0,135.0,46.0,21.0,7.0,56.0,80.0,274.0,21.0,42,921.4285714285714,38700.0
203956,Mitch McGary,0.8260869565217391,1.6521739130434783,0.043478260869565216,0.21739130434782608,0.21739130434782608,0.6086956521739131,0.2608695652173913,1.1304347826086956,1.391304347826087,0.30434782608695654,0.08695652173913043,0.17391304347826086,0.4782608695652174,0.6521739130434783,1.9130434782608696,-2.0869565217391304,19.0,38.0,1.0,5.0,5.0,14.0,6.0,26.0,32.0,7.0,2.0,4.0,11.0,15.0,44.0,-48.0,23,302.39130434782606,6955.0
203142,Chris Copeland,0.9629629629629629,2.7777777777777777,0.5925925925925926,1.962962962962963,0.5925925925925926,0.7037037037037037,0.07407407407407407,0.7407407407407407,0.8148148148148148,0.5185185185185185,0.1111111111111111,0.0,0.2222222222222222,0.7777777777777778,3.111111111111111,-2.962962962962963,26.0,75.0,16.0,53.0,16.0,19.0,2.0,20.0,22.0,14.0,3.0,0.0,6.0,21.0,84.0,-80.0,27,507.2962962962963,13697.0
