PLAYER_ID,PLAYER_NAME,avg(FGM),avg(FGA),avg(FG3M),avg(FG3A),avg(FTM),avg(FTA),avg(OREB),avg(DREB),avg(REB),avg(AST),avg(STL),avg(BLK),avg(TO),avg(PF),avg(PTS),avg(PLUS_MINUS),sum(FGM),sum(FGA),sum(FG3M),sum(FG3A),sum(FTM),sum(FTA),sum(OREB),sum(DREB),sum(REB),sum(AST),sum(STL),sum(BLK),sum(TO),sum(PF),sum(PTS),sum(PLUS_MINUS),sum(ifminute),avg(seconds),sum(seconds)
202683,Enes Kanter,5.9113924050632916,10.79746835443038,0.08860759493670886,0.20253164556962025,2.721518987341772,3.5063291139240507,3.7468354430379747,5.506329113924051,9.253164556962025,0.7341772151898734,0.379746835443038,0.3924050632911392,1.6455696202531647,2.278481012658228,14.632911392405063,1.3291139240506329,467.0,853.0,7.0,16.0,215.0,277.0,296.0,435.0,731.0,58.0,30.0,31.0,130.0,180.0,1156.0,105.0,79,1531.8481012658228,121016.0
2555,Nick Collison,1.3380281690140845,3.0422535211267605,0.07042253521126761,0.29577464788732394,0.5633802816901409,0.704225352112676,1.2535211267605635,2.3380281690140845,3.591549295774648,1.1830985915492958,0.4084507042253521,0.323943661971831,0.7464788732394366,2.1267605633802815,3.3098591549295775,1.0845070422535212,95.0,216.0,5.0,21.0,40.0,50.0,89.0,166.0,255.0,84.0,29.0,23.0,53.0,151.0,235.0,77.0,71,909.169014084507,64551.0
1626263,Shannon Scott,0.5,1.0,0.0,0.0,0.0,0.0,0.0,2.0,2.0,1.0,1.0,0.0,1.0,1.5,1.0,2.0,1.0,2.0,0.0,0.0,0.0,0.0,0.0,4.0,4.0,2.0,2.0,0.0,2.0,3.0,2.0,4.0,2,469.5,939.0
