PLAYER_ID,PLAYER_NAME,avg(FGM),avg(FGA),avg(FG3M),avg(FG3A),avg(FTM),avg(FTA),avg(OREB),avg(DREB),avg(REB),avg(AST),avg(STL),avg(BLK),avg(TO),avg(PF),avg(PTS),avg(PLUS_MINUS),sum(FGM),sum(FGA),sum(FG3M),sum(FG3A),sum(FTM),sum(FTA),sum(OREB),sum(DREB),sum(REB),sum(AST),sum(STL),sum(BLK),sum(TO),sum(PF),sum(PTS),sum(PLUS_MINUS),sum(ifminute),avg(seconds),sum(seconds)
203382,Aron Baynes,2.3146067415730336,4.595505617977528,0.0,0.02247191011235955,1.4831460674157304,1.9550561797752808,1.651685393258427,2.8876404494382024,4.53932584269663,0.6067415730337079,0.24719101123595505,0.6067415730337079,0.8089887640449438,1.8202247191011236,6.112359550561798,-0.8651685393258427,206.0,409.0,0.0,2.0,132.0,174.0,147.0,257.0,404.0,54.0,22.0,54.0,72.0,162.0,544.0,-77.0,89,898.9325842696629,80005.0
202353,Tibor Pleiss,0.8333333333333334,2.0555555555555554,0.0,0.2222222222222222,0.4444444444444444,0.4444444444444444,0.6111111111111112,1.2222222222222223,1.8333333333333333,0.1111111111111111,0.05555555555555555,0.16666666666666666,0.7777777777777778,1.6111111111111112,2.111111111111111,-2.1666666666666665,15.0,37.0,0.0,4.0,8.0,8.0,11.0,22.0,33.0,2.0,1.0,3.0,14.0,29.0,38.0,-39.0,18,475.77777777777777,8564.0
2400,Drew Gooden,1.2857142857142858,3.857142857142857,0.42857142857142855,1.8,0.2857142857142857,0.45714285714285713,0.8857142857142857,2.2,3.085714285714286,0.37142857142857144,0.22857142857142856,0.37142857142857144,0.45714285714285713,1.6857142857142857,3.2857142857142856,-1.8285714285714285,45.0,135.0,15.0,63.0,10.0,16.0,31.0,77.0,108.0,13.0,8.0,13.0,16.0,59.0,115.0,-64.0,35,675.2571428571429,23634.0
202338,Kevin Seraphin,1.7058823529411764,4.392156862745098,0.0,0.0392156862745098,0.37254901960784315,0.45098039215686275,0.6862745098039216,1.9019607843137254,2.588235294117647,0.9803921568627451,0.1568627450980392,0.7058823529411765,0.8627450980392157,1.4313725490196079,3.784313725490196,-1.6862745098039216,87.0,224.0,0.0,2.0,19.0,23.0,35.0,97.0,132.0,50.0,8.0,36.0,44.0,73.0,193.0,-86.0,51,659.8823529411765,33654.0
202690,Jimmer Fredette,0.5,1.875,0.125,0.625,0.5,0.625,0.25,0.5,0.75,0.375,0.125,0.0,0.625,0.375,1.625,-6.25,4.0,15.0,1.0,5.0,4.0,5.0,2.0,4.0,6.0,3.0,1.0,0.0,5.0,3.0,13.0,-50.0,8,329.75,2638.0
1627258,Sampson Carter,0.25,0.5,0.0,0.25,0.0,0.25,0.25,1.0,1.25,0.25,0.5,0.25,1.5,0.75,0.5,-0.75,1.0,2.0,0.0,1.0,0.0,1.0,1.0,4.0,5.0,1.0,2.0,1.0,6.0,3.0,2.0,-3.0,4,354.75,1419.0
