PLAYER_ID,PLAYER_NAME,avg(FGM),avg(FGA),avg(FG3M),avg(FG3A),avg(FTM),avg(FTA),avg(OREB),avg(DREB),avg(REB),avg(AST),avg(STL),avg(BLK),avg(TO),avg(PF),avg(PTS),avg(PLUS_MINUS),sum(FGM),sum(FGA),sum(FG3M),sum(FG3A),sum(FTM),sum(FTA),sum(OREB),sum(DREB),sum(REB),sum(AST),sum(STL),sum(BLK),sum(TO),sum(PF),sum(PTS),sum(PLUS_MINUS),sum(ifminute),avg(seconds),sum(seconds)
201167,Arron Afflalo,4.891891891891892,11.0,1.2702702702702702,3.2972972972972974,1.5,1.7837837837837838,0.3108108108108108,3.3783783783783785,3.689189189189189,1.9594594594594594,0.36486486486486486,0.13513513513513514,1.135135135135135,1.972972972972973,12.554054054054054,-2.0135135135135136,362.0,814.0,94.0,244.0,111.0,132.0,23.0,250.0,273.0,145.0,27.0,10.0,84.0,146.0,929.0,-149.0,74,1954.3648648648648,144623.0
204222,Greg Whittington,1.25,5.25,0.25,2.5,0.0,0.0,1.25,3.5,4.75,0.5,0.5,0.5,2.25,1.75,2.75,-3.25,5.0,21.0,1.0,10.0,0.0,0.0,5.0,14.0,19.0,2.0,2.0,2.0,9.0,7.0,11.0,-13.0,4,963.75,3855.0
203519,Adonis Thomas,1.0,2.0,0.0,0.0,0.0,0.0,0.0,0.0,0.0,1.0,0.0,0.0,0.0,0.0,2.0,-1.0,1.0,2.0,0.0,0.0,0.0,0.0,0.0,0.0,0.0,1.0,0.0,0.0,0.0,0.0,2.0,-1.0,1,582.0,582.0
1626203,Treveon Graham,0.0,4.0,0.0,1.0,0.5,1.0,0.5,0.5,1.0,0.5,0.0,0.0,0.0,0.5,0.5,-13.5,0.0,8.0,0.0,2.0,1.0,2.0,1.0,1.0,2.0,1.0,0.0,0.0,0.0,1.0,1.0,-27.0,2,547.0,1094.0
