PLAYER_ID,PLAYER_NAME,avg(FGM),avg(FGA),avg(FG3M),avg(FG3A),avg(FTM),avg(FTA),avg(OREB),avg(DREB),avg(REB),avg(AST),avg(STL),avg(BLK),avg(TO),avg(PF),avg(PTS),avg(PLUS_MINUS),sum(FGM),sum(FGA),sum(FG3M),sum(FG3A),sum(FTM),sum(FTA),sum(OREB),sum(DREB),sum(REB),sum(AST),sum(STL),sum(BLK),sum(TO),sum(PF),sum(PTS),sum(PLUS_MINUS),sum(ifminute),avg(seconds),sum(seconds)
201155,Rodney Stuckey,4.269230769230769,9.807692307692308,0.6794871794871795,1.9615384615384615,2.358974358974359,2.8333333333333335,0.4358974358974359,2.948717948717949,3.3846153846153846,2.9358974358974357,0.7307692307692307,0.16666666666666666,1.5256410256410255,1.5128205128205128,11.576923076923077,1.0897435897435896,333.0,765.0,53.0,153.0,184.0,221.0,34.0,230.0,264.0,229.0,57.0,13.0,119.0,118.0,903.0,85.0,78,1533.679487179487,119627.0
200751,Randy Foye,2.6933333333333334,7.506666666666667,1.5333333333333334,4.56,0.7733333333333333,0.9066666666666666,0.26666666666666666,1.5733333333333333,1.84,2.2666666666666666,0.6533333333333333,0.22666666666666666,1.2666666666666666,1.7466666666666666,7.693333333333333,-2.1333333333333333,202.0,563.0,115.0,342.0,58.0,68.0,20.0,118.0,138.0,170.0,49.0,17.0,95.0,131.0,577.0,-160.0,75,1297.92,97344.0
201593,Nikola Pekovic,4.590909090909091,10.818181818181818,0.0,0.0,3.5,4.2727272727272725,2.8181818181818183,4.5,7.318181818181818,0.9545454545454546,0.5909090909090909,0.45454545454545453,1.3636363636363635,1.9090909090909092,12.681818181818182,-1.0,101.0,238.0,0.0,0.0,77.0,94.0,62.0,99.0,161.0,21.0,13.0,10.0,30.0,42.0,279.0,-22.0,22,1568.590909090909,34509.0
1626253,Axel Toupane,0.0,1.0,0.0,0.0,0.0,0.0,0.5,0.5,1.0,0.5,0.0,0.0,0.0,1.5,0.0,-0.5,0.0,2.0,0.0,0.0,0.0,0.0,1.0,1.0,2.0,1.0,0.0,0.0,0.0,3.0,0.0,-1.0,2,644.5,1289.0
