PLAYER_ID,PLAYER_NAME,avg(FGM),avg(FGA),avg(FG3M),avg(FG3A),avg(FTM),avg(FTA),avg(OREB),avg(DREB),avg(REB),avg(AST),avg(STL),avg(BLK),avg(TO),avg(PF),avg(PTS),avg(PLUS_MINUS),sum(FGM),sum(FGA),sum(FG3M),sum(FG3A),sum(FTM),sum(FTA),sum(OREB),sum(DREB),sum(REB),sum(AST),sum(STL),sum(BLK),sum(TO),sum(PF),sum(PTS),sum(PLUS_MINUS),sum(ifminute),avg(seconds),sum(seconds)
201971,DeJuan Blair,1.275,2.9,0.0,0.025,0.325,0.55,1.025,1.75,2.775,0.25,0.375,0.125,0.575,2.025,2.875,-1.675,51.0,116.0,0.0,1.0,13.0,22.0,41.0,70.0,111.0,10.0,15.0,5.0,23.0,81.0,115.0,-67.0,40,493.05,19722.0
2449,Luis Scola,3.954022988505747,8.35632183908046,0.27586206896551724,0.6781609195402298,1.6896551724137931,2.32183908045977,1.632183908045977,4.597701149425287,6.2298850574712645,0.9770114942528736,0.5057471264367817,0.2413793103448276,1.0574712643678161,2.32183908045977,9.873563218390805,1.632183908045977,344.0,727.0,24.0,59.0,147.0,202.0,142.0,400.0,542.0,85.0,44.0,21.0,92.0,202.0,859.0,142.0,87,1284.7471264367816,111773.0
201584,Courtney Lee,3.806122448979592,8.5,1.030612244897959,2.836734693877551,1.469387755102041,1.6734693877551021,0.3163265306122449,2.0714285714285716,2.3877551020408165,1.6428571428571428,0.9897959183673469,0.17346938775510204,0.9693877551020408,1.6122448979591837,10.112244897959183,-0.22448979591836735,373.0,833.0,101.0,278.0,144.0,164.0,31.0,203.0,234.0,161.0,97.0,17.0,95.0,158.0,991.0,-22.0,98,1759.0408163265306,172386.0
