PLAYER_ID,PLAYER_NAME,avg(FGM),avg(FGA),avg(FG3M),avg(FG3A),avg(FTM),avg(FTA),avg(OREB),avg(DREB),avg(REB),avg(AST),avg(STL),avg(BLK),avg(TO),avg(PF),avg(PTS),avg(PLUS_MINUS),sum(FGM),sum(FGA),sum(FG3M),sum(FG3A),sum(FTM),sum(FTA),sum(OREB),sum(DREB),sum(REB),sum(AST),sum(STL),sum(BLK),sum(TO),sum(PF),sum(PTS),sum(PLUS_MINUS),sum(ifminute),avg(seconds),sum(seconds)
202694,Marcus Morris Sr.,5.0978260869565215,11.597826086956522,1.3369565217391304,3.641304347826087,2.608695652173913,3.4130434782608696,1.0869565217391304,3.869565217391304,4.956521739130435,2.4130434782608696,0.8369565217391305,0.2826086956521739,1.6630434782608696,2.3260869565217392,14.141304347826088,2.108695652173913,469.0,1067.0,123.0,335.0,240.0,314.0,100.0,356.0,456.0,222.0,77.0,26.0,153.0,214.0,1301.0,194.0,92,2080.054347826087,191365.0
2200,Pau Gasol,6.2727272727272725,13.415584415584416,0.36363636363636365,1.0129870129870129,3.1298701298701297,3.9740259740259742,2.064935064935065,8.675324675324676,10.74025974025974,3.961038961038961,0.5584415584415584,1.9350649350649352,2.220779220779221,2.051948051948052,16.038961038961038,0.07792207792207792,483.0,1033.0,28.0,78.0,241.0,306.0,159.0,668.0,827.0,305.0,43.0,149.0,171.0,158.0,1235.0,6.0,77,1873.8701298701299,144288.0
203959,Scottie Wilbekin,3.6,7.4,2.0,5.4,0.8,0.8,0.2,1.4,1.6,1.4,0.6,0.0,1.2,0.6,10.0,-4.6,18.0,37.0,10.0,27.0,4.0,4.0,1.0,7.0,8.0,7.0,3.0,0.0,6.0,3.0,50.0,-23.0,5,1055.6,5278.0
1626193,Robert Upshaw,1.6666666666666667,3.0,0.0,0.0,0.0,0.6666666666666666,0.6666666666666666,3.0,3.6666666666666665,0.6666666666666666,0.0,1.0,0.3333333333333333,3.0,3.3333333333333335,-1.3333333333333333,5.0,9.0,0.0,0.0,0.0,2.0,2.0,9.0,11.0,2.0,0.0,3.0,1.0,9.0,10.0,-4.0,3,939.6666666666666,2819.0
202394,Matt Janning,0.5,1.5,0.0,0.0,0.0,0.0,0.0,0.0,0.0,0.5,0.5,0.0,0.0,1.5,1.0,-5.5,1.0,3.0,0.0,0.0,0.0,0.0,0.0,0.0,0.0,1.0,1.0,0.0,0.0,3.0,2.0,-11.0,2,277.5,555.0
