PLAYER_ID,PLAYER_NAME,avg(FGM),avg(FGA),avg(FG3M),avg(FG3A),avg(FTM),avg(FTA),avg(OREB),avg(DREB),avg(REB),avg(AST),avg(STL),avg(BLK),avg(TO),avg(PF),avg(PTS),avg(PLUS_MINUS),sum(FGM),sum(FGA),sum(FG3M),sum(FG3A),sum(FTM),sum(FTA),sum(OREB),sum(DREB),sum(REB),sum(AST),sum(STL),sum(BLK),sum(TO),sum(PF),sum(PTS),sum(PLUS_MINUS),sum(ifminute),avg(seconds),sum(seconds)
1626242,Luis Montero,0.45,1.2,0.15,0.6,0.15,0.2,0.0,0.2,0.2,0.15,0.0,0.0,0.35,0.1,1.2,-2.15,9.0,24.0,3.0,12.0,3.0,4.0,0.0,4.0,4.0,3.0,0.0,0.0,7.0,2.0,24.0,-43.0,20,171.7,3434.0
2406,Caron Butler,1.3333333333333333,3.5714285714285716,0.19047619047619047,1.2857142857142858,0.5238095238095238,0.6666666666666666,0.23809523809523808,1.1904761904761905,1.4285714285714286,0.5714285714285714,0.5238095238095238,0.09523809523809523,0.3333333333333333,1.1904761904761905,3.380952380952381,-2.0476190476190474,28.0,75.0,4.0,27.0,11.0,14.0,5.0,25.0,30.0,12.0,11.0,2.0,7.0,25.0,71.0,-43.0,21,657.2857142857143,13803.0
203648,Thanasis Antetokounmpo,0.6,1.0,0.0,0.2,0.0,0.0,0.0,1.0,1.0,0.4,0.2,0.2,0.0,0.6,1.2,-3.4,3.0,5.0,0.0,1.0,0.0,0.0,0.0,5.0,5.0,2.0,1.0,1.0,0.0,3.0,6.0,-17.0,5,232.2,1161.0
202333,Xavier Henry,"","","","","","","","","","","","","","","","","","","","","","","","","","","","","","","","",0,"",""
202068,Marcus Landry,1.0,2.5,0.5,0.75,0.0,0.5,0.25,1.5,1.75,0.5,0.0,0.5,0.25,1.0,2.5,-5.5,4.0,10.0,2.0,3.0,0.0,2.0,1.0,6.0,7.0,2.0,0.0,2.0,1.0,4.0,10.0,-22.0,4,631.25,2525.0
