PLAYER_ID,PLAYER_NAME,avg(FGM),avg(FGA),avg(FG3M),avg(FG3A),avg(FTM),avg(FTA),avg(OREB),avg(DREB),avg(REB),avg(AST),avg(STL),avg(BLK),avg(TO),avg(PF),avg(PTS),avg(PLUS_MINUS),sum(FGM),sum(FGA),sum(FG3M),sum(FG3A),sum(FTM),sum(FTA),sum(OREB),sum(DREB),sum(REB),sum(AST),sum(STL),sum(BLK),sum(TO),sum(PF),sum(PTS),sum(PLUS_MINUS),sum(ifminute),avg(seconds),sum(seconds)
1626163,Frank Kaminsky,2.59375,6.541666666666667,0.8333333333333334,2.4791666666666665,1.4375,1.9375,0.84375,3.40625,4.25,1.1979166666666667,0.4895833333333333,0.53125,0.7291666666666666,1.5625,7.458333333333333,-0.07291666666666667,249.0,628.0,80.0,238.0,138.0,186.0,81.0,327.0,408.0,115.0,47.0,51.0,70.0,150.0,716.0,-7.0,96,1284.65625,123327.0
101139,CJ Miles,3.7532467532467533,9.506493506493506,2.0,5.766233766233766,1.3376623376623376,1.7792207792207793,0.38961038961038963,2.324675324675325,2.7142857142857144,0.9090909090909091,0.7662337662337663,0.38961038961038963,0.987012987012987,2.051948051948052,10.844155844155845,0.2597402597402597,289.0,732.0,154.0,444.0,103.0,137.0,30.0,179.0,209.0,70.0,59.0,30.0,76.0,158.0,835.0,20.0,77,1297.987012987013,99945.0
1626187,Michael Frazier,1.0,2.6666666666666665,0.3333333333333333,0.6666666666666666,0.3333333333333333,0.6666666666666666,0.0,2.3333333333333335,2.3333333333333335,1.0,0.3333333333333333,0.0,0.6666666666666666,1.0,2.6666666666666665,2.0,3.0,8.0,1.0,2.0,1.0,2.0,0.0,7.0,7.0,3.0,1.0,0.0,2.0,3.0,8.0,6.0,3,889.3333333333334,2668.0
