PLAYER_ID,PLAYER_NAME,avg(FGM),avg(FGA),avg(FG3M),avg(FG3A),avg(FTM),avg(FTA),avg(OREB),avg(DREB),avg(REB),avg(AST),avg(STL),avg(BLK),avg(TO),avg(PF),avg(PTS),avg(PLUS_MINUS),sum(FGM),sum(FGA),sum(FG3M),sum(FG3A),sum(FTM),sum(FTA),sum(OREB),sum(DREB),sum(REB),sum(AST),sum(STL),sum(BLK),sum(TO),sum(PF),sum(PTS),sum(PLUS_MINUS),sum(ifminute),avg(seconds),sum(seconds)
203613,Jonathon Simmons,2.03125,4.25,0.3125,0.84375,1.21875,1.625,0.328125,1.375,1.703125,1.046875,0.46875,0.078125,1.015625,1.8125,5.59375,1.03125,130.0,272.0,20.0,54.0,78.0,104.0,21.0,88.0,109.0,67.0,30.0,5.0,65.0,116.0,358.0,66.0,64,866.046875,55427.0
203917,Nik Stauskas,2.8767123287671232,7.465753424657534,1.452054794520548,4.4520547945205475,1.2465753424657535,1.6164383561643836,0.3150684931506849,2.191780821917808,2.506849315068493,1.8904109589041096,0.6027397260273972,0.273972602739726,1.2876712328767124,1.5753424657534247,8.452054794520548,-5.506849315068493,210.0,545.0,106.0,325.0,91.0,118.0,23.0,160.0,183.0,138.0,44.0,20.0,94.0,115.0,617.0,-402.0,73,1486.890410958904,108543.0
201645,Tre Kelley,1.5,3.5,0.0,0.5,0.5,1.0,0.0,0.5,0.5,4.0,0.0,0.0,1.5,1.0,3.5,4.0,3.0,7.0,0.0,1.0,1.0,2.0,0.0,1.0,1.0,8.0,0.0,0.0,3.0,2.0,7.0,8.0,2,826.5,1653.0
1626259,Malcolm Miller,0.0,0.0,0.0,0.0,0.0,0.0,0.0,0.0,0.0,0.0,0.0,0.0,0.0,0.0,0.0,0.0,0.0,0.0,0.0,0.0,0.0,0.0,0.0,0.0,0.0,0.0,0.0,0.0,0.0,0.0,0.0,0.0,1,12.0,12.0
