PLAYER_ID,PLAYER_NAME,avg(FGM),avg(FGA),avg(FG3M),avg(FG3A),avg(FTM),avg(FTA),avg(OREB),avg(DREB),avg(REB),avg(AST),avg(STL),avg(BLK),avg(TO),avg(PF),avg(PTS),avg(PLUS_MINUS),sum(FGM),sum(FGA),sum(FG3M),sum(FG3A),sum(FTM),sum(FTA),sum(OREB),sum(DREB),sum(REB),sum(AST),sum(STL),sum(BLK),sum(TO),sum(PF),sum(PTS),sum(PLUS_MINUS),sum(ifminute),avg(seconds),sum(seconds)
2590,Mo Williams,2.6271186440677967,6.305084745762712,0.7457627118644068,2.2711864406779663,0.8135593220338984,0.9152542372881356,0.13559322033898305,1.4745762711864407,1.6101694915254237,1.9830508474576272,0.3389830508474576,0.0847457627118644,1.3559322033898304,1.2881355932203389,6.813559322033898,-0.9322033898305084,155.0,372.0,44.0,134.0,48.0,54.0,8.0,87.0,95.0,117.0,20.0,5.0,80.0,76.0,402.0,-55.0,59,942.9830508474577,55636.0
202709,Cory Joseph,3.2990654205607477,7.355140186915888,0.38317757009345793,1.3177570093457944,1.5794392523364487,2.0841121495327104,0.4953271028037383,1.9626168224299065,2.457943925233645,2.9906542056074765,0.8130841121495327,0.21495327102803738,1.2429906542056075,1.766355140186916,8.560747663551401,1.9532710280373833,353.0,787.0,41.0,141.0,169.0,223.0,53.0,210.0,263.0,320.0,87.0,23.0,133.0,189.0,916.0,209.0,107,1484.2056074766356,158810.0
201973,Jonas Jerebko,1.6741573033707866,3.943820224719101,0.5842696629213483,1.5056179775280898,0.8426966292134831,1.101123595505618,1.0224719101123596,2.8876404494382024,3.9101123595505616,0.8202247191011236,0.2696629213483146,0.33707865168539325,0.7191011235955056,1.8089887640449438,4.775280898876405,0.38202247191011235,149.0,351.0,52.0,134.0,75.0,98.0,91.0,257.0,348.0,73.0,24.0,30.0,64.0,161.0,425.0,34.0,89,956.1011235955057,85093.0
203490,Otto Porter Jr.,4.518518518518518,9.444444444444445,1.2839506172839505,3.4444444444444446,1.3950617283950617,1.8024691358024691,1.2469135802469136,3.8518518518518516,5.098765432098766,1.6790123456790123,1.4074074074074074,0.43209876543209874,0.9629629629629629,2.1604938271604937,11.716049382716049,1.1481481481481481,366.0,765.0,104.0,279.0,113.0,146.0,101.0,312.0,413.0,136.0,114.0,35.0,78.0,175.0,949.0,93.0,81,1797.9506172839506,145634.0
