PLAYER_ID,PLAYER_NAME,avg(FGM),avg(FGA),avg(FG3M),avg(FG3A),avg(FTM),avg(FTA),avg(OREB),avg(DREB),avg(REB),avg(AST),avg(STL),avg(BLK),avg(TO),avg(PF),avg(PTS),avg(PLUS_MINUS),sum(FGM),sum(FGA),sum(FG3M),sum(FG3A),sum(FTM),sum(FTA),sum(OREB),sum(DREB),sum(REB),sum(AST),sum(STL),sum(BLK),sum(TO),sum(PF),sum(PTS),sum(PLUS_MINUS),sum(ifminute),avg(seconds),sum(seconds)
202330,Gordon Hayward,6.074074074074074,14.098765432098766,1.654320987654321,4.432098765432099,4.91358024691358,6.0246913580246915,0.8271604938271605,3.9876543209876543,4.814814814814815,3.54320987654321,1.3703703703703705,0.3333333333333333,2.5308641975308643,1.9012345679012346,18.71604938271605,1.3209876543209877,492.0,1142.0,134.0,359.0,398.0,488.0,67.0,323.0,390.0,287.0,111.0,27.0,205.0,154.0,1516.0,107.0,81,2024.3086419753085,163969.0
201946,Tyler Hansbrough,1.1944444444444444,2.2777777777777777,0.05555555555555555,0.1111111111111111,1.3194444444444444,1.9305555555555556,1.3194444444444444,2.236111111111111,3.5555555555555554,0.3055555555555556,0.3888888888888889,0.2361111111111111,0.4027777777777778,1.6944444444444444,3.763888888888889,1.1388888888888888,86.0,164.0,4.0,8.0,95.0,139.0,95.0,161.0,256.0,22.0,28.0,17.0,29.0,122.0,271.0,82.0,72,786.6527777777778,56639.0
202388,Donald Sloan,1.5952380952380953,3.642857142857143,0.2857142857142857,1.1428571428571428,0.8571428571428571,1.0476190476190477,0.14285714285714285,1.619047619047619,1.7619047619047619,2.761904761904762,0.40476190476190477,0.023809523809523808,0.9523809523809523,0.6904761904761905,4.333333333333333,-0.09523809523809523,67.0,153.0,12.0,48.0,36.0,44.0,6.0,68.0,74.0,116.0,17.0,1.0,40.0,29.0,182.0,-4.0,42,843.9761904761905,35447.0
