PLAYER_ID,PLAYER_NAME,avg(FGM),avg(FGA),avg(FG3M),avg(FG3A),avg(FTM),avg(FTA),avg(OREB),avg(DREB),avg(REB),avg(AST),avg(STL),avg(BLK),avg(TO),avg(PF),avg(PTS),avg(PLUS_MINUS),sum(FGM),sum(FGA),sum(FG3M),sum(FG3A),sum(FTM),sum(FTA),sum(OREB),sum(DREB),sum(REB),sum(AST),sum(STL),sum(BLK),sum(TO),sum(PF),sum(PTS),sum(PLUS_MINUS),sum(ifminute),avg(seconds),sum(seconds)
101145,Monta Ellis,5.212765957446808,12.117021276595745,1.0212765957446808,3.3085106382978724,1.925531914893617,2.4574468085106385,0.48936170212765956,2.75531914893617,3.24468085106383,4.553191489361702,1.8191489361702127,0.40425531914893614,2.4148936170212765,2.074468085106383,13.372340425531915,1.5106382978723405,490.0,1139.0,96.0,311.0,181.0,231.0,46.0,259.0,305.0,428.0,171.0,38.0,227.0,195.0,1257.0,142.0,94,1975.1808510638298,185667.0
