PLAYER_ID,PLAYER_NAME,avg(FGM),avg(FGA),avg(FG3M),avg(FG3A),avg(FTM),avg(FTA),avg(OREB),avg(DREB),avg(REB),avg(AST),avg(STL),avg(BLK),avg(TO),avg(PF),avg(PTS),avg(PLUS_MINUS),sum(FGM),sum(FGA),sum(FG3M),sum(FG3A),sum(FTM),sum(FTA),sum(OREB),sum(DREB),sum(REB),sum(AST),sum(STL),sum(BLK),sum(TO),sum(PF),sum(PTS),sum(PLUS_MINUS),sum(ifminute),avg(seconds),sum(seconds)
203926,Doug McDermott,2.610169491525424,6.1525423728813555,1.152542372881356,2.8135593220338984,0.4406779661016949,0.5423728813559322,0.3898305084745763,1.694915254237288,2.0847457627118646,0.6271186440677966,0.1016949152542373,0.05084745762711865,0.4915254237288136,1.1694915254237288,6.813559322033898,-0.5423728813559322,154.0,363.0,68.0,166.0,26.0,32.0,23.0,100.0,123.0,37.0,6.0,3.0,29.0,69.0,402.0,-32.0,59,1007.7966101694915,59460.0
1626245,Cristiano Felicio,1.1428571428571428,1.8571428571428572,0.14285714285714285,0.14285714285714285,0.14285714285714285,0.2857142857142857,1.4285714285714286,0.8571428571428571,2.2857142857142856,0.5714285714285714,0.2857142857142857,0.14285714285714285,0.5714285714285714,0.8571428571428571,2.5714285714285716,-2.4285714285714284,8.0,13.0,1.0,1.0,1.0,2.0,10.0,6.0,16.0,4.0,2.0,1.0,4.0,6.0,18.0,-17.0,7,404.2857142857143,2830.0
203457,Nerlens Noel,4.3580246913580245,9.074074074074074,0.0,0.0,2.2962962962962963,3.7037037037037037,2.45679012345679,5.9753086419753085,8.432098765432098,1.6049382716049383,1.8271604938271604,1.7901234567901234,2.1604938271604937,2.691358024691358,11.012345679012345,-6.1234567901234565,353.0,735.0,0.0,0.0,186.0,300.0,199.0,484.0,683.0,130.0,148.0,145.0,175.0,218.0,892.0,-496.0,81,1819.0987654320988,147347.0
202068,Marcus Landry,1.0,2.5,0.5,0.75,0.0,0.5,0.25,1.5,1.75,0.5,0.0,0.5,0.25,1.0,2.5,-5.5,4.0,10.0,2.0,3.0,0.0,2.0,1.0,6.0,7.0,2.0,0.0,2.0,1.0,4.0,10.0,-22.0,4,631.25,2525.0
