PLAYER_ID,PLAYER_NAME,avg(FGM),avg(FGA),avg(FG3M),avg(FG3A),avg(FTM),avg(FTA),avg(OREB),avg(DREB),avg(REB),avg(AST),avg(STL),avg(BLK),avg(TO),avg(PF),avg(PTS),avg(PLUS_MINUS),sum(FGM),sum(FGA),sum(FG3M),sum(FG3A),sum(FTM),sum(FTA),sum(OREB),sum(DREB),sum(REB),sum(AST),sum(STL),sum(BLK),sum(TO),sum(PF),sum(PTS),sum(PLUS_MINUS),sum(ifminute),avg(seconds),sum(seconds)
2563,Dahntay Jones,1.1,2.25,0.2,0.55,0.6,0.8,0.15,0.85,1.0,0.45,0.15,0.2,0.35,0.95,3.0,0.05,22.0,45.0,4.0,11.0,12.0,16.0,3.0,17.0,20.0,9.0,3.0,4.0,7.0,19.0,60.0,1.0,20,570.8,11416.0
202355,Hassan Whiteside,5.511627906976744,9.046511627906977,0.0,0.0,2.8372093023255816,4.546511627906977,3.2093023255813953,8.453488372093023,11.662790697674419,0.38372093023255816,0.6046511627906976,3.604651162790698,1.813953488372093,2.872093023255814,13.86046511627907,1.2209302325581395,474.0,778.0,0.0,0.0,244.0,391.0,276.0,727.0,1003.0,33.0,52.0,310.0,156.0,247.0,1192.0,105.0,86,1738.4651162790697,149508.0
202087,Alonzo Gee,1.7468354430379747,3.569620253164557,0.22784810126582278,0.810126582278481,0.6835443037974683,0.9873417721518988,0.7848101265822784,2.5569620253164556,3.3417721518987342,1.0,0.8860759493670886,0.17721518987341772,0.759493670886076,2.3544303797468356,4.405063291139241,-2.848101265822785,138.0,282.0,18.0,64.0,54.0,78.0,62.0,202.0,264.0,79.0,70.0,14.0,60.0,186.0,348.0,-225.0,79,1336.2278481012659,105562.0
101162,Marcin Gortat,5.765432098765432,10.074074074074074,0.0,0.012345679012345678,2.049382716049383,2.8271604938271606,2.8395061728395063,6.814814814814815,9.654320987654321,1.4444444444444444,0.6049382716049383,1.271604938271605,1.5925925925925926,2.5308641975308643,13.580246913580247,1.0864197530864197,467.0,816.0,0.0,1.0,166.0,229.0,230.0,552.0,782.0,117.0,49.0,103.0,129.0,205.0,1100.0,88.0,81,1783.8271604938273,144490.0
202711,Bojan Bogdanovic,4.085365853658536,9.487804878048781,1.6219512195121952,4.304878048780488,1.4146341463414633,1.7073170731707317,0.4634146341463415,2.768292682926829,3.231707317073171,1.2926829268292683,0.36585365853658536,0.07317073170731707,1.4878048780487805,1.4878048780487805,11.207317073170731,-4.890243902439025,335.0,778.0,133.0,353.0,116.0,140.0,38.0,227.0,265.0,106.0,30.0,6.0,122.0,122.0,919.0,-401.0,82,1610.8902439024391,132093.0
1626272,Lazeric Jones,2.0,5.4,1.2,1.8,1.4,1.6,0.6,1.2,1.8,1.8,0.2,0.0,1.0,0.6,6.6,3.0,10.0,27.0,6.0,9.0,7.0,8.0,3.0,6.0,9.0,9.0,1.0,0.0,5.0,3.0,33.0,15.0,5,953.4,4767.0
