PLAYER_ID,PLAYER_NAME,avg(FGM),avg(FGA),avg(FG3M),avg(FG3A),avg(FTM),avg(FTA),avg(OREB),avg(DREB),avg(REB),avg(AST),avg(STL),avg(BLK),avg(TO),avg(PF),avg(PTS),avg(PLUS_MINUS),sum(FGM),sum(FGA),sum(FG3M),sum(FG3A),sum(FTM),sum(FTA),sum(OREB),sum(DREB),sum(REB),sum(AST),sum(STL),sum(BLK),sum(TO),sum(PF),sum(PTS),sum(PLUS_MINUS),sum(ifminute),avg(seconds),sum(seconds)
203135,Robert Sacre,1.75,4.480769230769231,0.0,0.019230769230769232,0.9423076923076923,1.4423076923076923,1.5,2.2884615384615383,3.7884615384615383,0.9038461538461539,0.40384615384615385,0.6923076923076923,0.6153846153846154,2.0961538461538463,4.4423076923076925,-3.4615384615384617,91.0,233.0,0.0,1.0,49.0,75.0,78.0,119.0,197.0,47.0,21.0,36.0,32.0,109.0,231.0,-180.0,52,1054.7692307692307,54848.0
