PLAYER_ID,PLAYER_NAME,avg(FGM),avg(FGA),avg(FG3M),avg(FG3A),avg(FTM),avg(FTA),avg(OREB),avg(DREB),avg(REB),avg(AST),avg(STL),avg(BLK),avg(TO),avg(PF),avg(PTS),avg(PLUS_MINUS),sum(FGM),sum(FGA),sum(FG3M),sum(FG3A),sum(FTM),sum(FTA),sum(OREB),sum(DREB),sum(REB),sum(AST),sum(STL),sum(BLK),sum(TO),sum(PF),sum(PTS),sum(PLUS_MINUS),sum(ifminute),avg(seconds),sum(seconds)
201564,O.J. Mayo,2.8297872340425534,7.553191489361702,1.1914893617021276,3.723404255319149,0.7659574468085106,1.0,0.2978723404255319,2.2127659574468086,2.5106382978723403,2.9361702127659575,1.127659574468085,0.19148936170212766,1.702127659574468,2.893617021276596,7.617021276595745,-0.3404255319148936,133.0,355.0,56.0,175.0,36.0,47.0,14.0,104.0,118.0,138.0,53.0,9.0,80.0,136.0,358.0,-16.0,47,1517.4255319148936,71319.0
