PLAYER_ID,PLAYER_NAME,avg(FGM),avg(FGA),avg(FG3M),avg(FG3A),avg(FTM),avg(FTA),avg(OREB),avg(DREB),avg(REB),avg(AST),avg(STL),avg(BLK),avg(TO),avg(PF),avg(PTS),avg(PLUS_MINUS),sum(FGM),sum(FGA),sum(FG3M),sum(FG3A),sum(FTM),sum(FTA),sum(OREB),sum(DREB),sum(REB),sum(AST),sum(STL),sum(BLK),sum(TO),sum(PF),sum(PTS),sum(PLUS_MINUS),sum(ifminute),avg(seconds),sum(seconds)
202685,Jonas Valanciunas,5.050632911392405,8.936708860759493,0.0,0.0,2.607594936708861,3.4430379746835444,3.0759493670886076,6.050632911392405,9.126582278481013,0.6835443037974683,0.5063291139240507,1.2278481012658229,1.4683544303797469,2.607594936708861,12.708860759493671,2.329113924050633,399.0,706.0,0.0,0.0,206.0,272.0,243.0,478.0,721.0,54.0,40.0,97.0,116.0,206.0,1004.0,184.0,79,1533.2151898734178,121124.0
202337,Luke Babbitt,2.62,6.22,1.0,2.48,0.9,1.18,0.5,2.66,3.16,1.2,0.26,0.14,0.48,1.88,7.14,-0.68,131.0,311.0,50.0,124.0,45.0,59.0,25.0,133.0,158.0,60.0,13.0,7.0,24.0,94.0,357.0,-34.0,50,1103.04,55152.0
203186,Willie Reed,1.9,3.375,0.0,0.0,0.75,1.375,1.225,1.875,3.1,0.25,0.175,0.75,0.4,1.175,4.55,-1.875,76.0,135.0,0.0,0.0,30.0,55.0,49.0,75.0,124.0,10.0,7.0,30.0,16.0,47.0,182.0,-75.0,40,646.05,25842.0
203113,Quincy Miller,0.6666666666666666,2.0,0.0,0.0,0.0,0.0,0.0,1.6666666666666667,1.6666666666666667,0.0,0.3333333333333333,0.0,0.6666666666666666,1.3333333333333333,1.3333333333333333,4.666666666666667,2.0,6.0,0.0,0.0,0.0,0.0,0.0,5.0,5.0,0.0,1.0,0.0,2.0,4.0,4.0,14.0,3,483.0,1449.0
