PLAYER_ID,PLAYER_NAME,avg(FGM),avg(FGA),avg(FG3M),avg(FG3A),avg(FTM),avg(FTA),avg(OREB),avg(DREB),avg(REB),avg(AST),avg(STL),avg(BLK),avg(TO),avg(PF),avg(PTS),avg(PLUS_MINUS),sum(FGM),sum(FGA),sum(FG3M),sum(FG3A),sum(FTM),sum(FTA),sum(OREB),sum(DREB),sum(REB),sum(AST),sum(STL),sum(BLK),sum(TO),sum(PF),sum(PTS),sum(PLUS_MINUS),sum(ifminute),avg(seconds),sum(seconds)
2549,Chris Kaman,1.4090909090909092,3.4545454545454546,0.045454545454545456,0.18181818181818182,0.13636363636363635,0.13636363636363635,0.5,1.2727272727272727,1.7727272727272727,0.6818181818181818,0.13636363636363635,0.13636363636363635,0.7727272727272727,1.3181818181818181,3.0,-1.6818181818181819,31.0,76.0,1.0,4.0,3.0,3.0,11.0,28.0,39.0,15.0,3.0,3.0,17.0,29.0,66.0,-37.0,22,454.0,9988.0
201143,Al Horford,6.214285714285714,12.428571428571429,1.0714285714285714,3.061224489795918,1.316326530612245,1.5918367346938775,1.6938775510204083,5.469387755102041,7.163265306122449,3.142857142857143,0.8673469387755102,1.5510204081632653,1.3673469387755102,2.020408163265306,14.816326530612244,2.2142857142857144,609.0,1218.0,105.0,300.0,129.0,156.0,166.0,536.0,702.0,308.0,85.0,152.0,134.0,198.0,1452.0,217.0,98,1897.561224489796,185961.0
201589,Darrell Arthur,3.125,6.972222222222222,0.6527777777777778,1.7083333333333333,0.5972222222222222,0.7916666666666666,1.1944444444444444,2.9583333333333335,4.152777777777778,1.3472222222222223,0.75,0.6666666666666666,0.9444444444444444,2.625,7.5,-0.9861111111111112,225.0,502.0,47.0,123.0,43.0,57.0,86.0,213.0,299.0,97.0,54.0,48.0,68.0,189.0,540.0,-71.0,72,1292.3194444444443,93047.0
203955,Bryce Cotton,0.8,2.9,0.0,0.7,0.5,0.6,0.3,0.2,0.5,0.4,0.4,0.0,0.8,0.2,2.1,-5.0,8.0,29.0,0.0,7.0,5.0,6.0,3.0,2.0,5.0,4.0,4.0,0.0,8.0,2.0,21.0,-50.0,10,437.4,4374.0
