PLAYER_ID,PLAYER_NAME,avg(FGM),avg(FGA),avg(FG3M),avg(FG3A),avg(FTM),avg(FTA),avg(OREB),avg(DREB),avg(REB),avg(AST),avg(STL),avg(BLK),avg(TO),avg(PF),avg(PTS),avg(PLUS_MINUS),sum(FGM),sum(FGA),sum(FG3M),sum(FG3A),sum(FTM),sum(FTA),sum(OREB),sum(DREB),sum(REB),sum(AST),sum(STL),sum(BLK),sum(TO),sum(PF),sum(PTS),sum(PLUS_MINUS),sum(ifminute),avg(seconds),sum(seconds)
203546,Ian Clark,1.3888888888888888,3.2777777777777777,0.5740740740740741,1.3703703703703705,0.5,0.5370370370370371,0.2222222222222222,0.6851851851851852,0.9074074074074074,0.7592592592592593,0.25925925925925924,0.12962962962962962,0.6111111111111112,1.0185185185185186,3.8518518518518516,-1.5740740740740742,75.0,177.0,31.0,74.0,27.0,29.0,12.0,37.0,49.0,41.0,14.0,7.0,33.0,55.0,208.0,-85.0,54,525.0185185185185,28351.0
1891,Jason Terry,2.2708333333333335,5.291666666666667,1.40625,3.7604166666666665,0.5208333333333334,0.625,0.20833333333333334,1.2916666666666667,1.5,1.8541666666666667,0.7604166666666666,0.1875,0.875,1.78125,6.46875,1.2395833333333333,218.0,508.0,135.0,361.0,50.0,60.0,20.0,124.0,144.0,178.0,73.0,18.0,84.0,171.0,621.0,119.0,96,1203.90625,115575.0
201961,Wayne Ellington,3.546666666666667,9.026666666666667,1.28,3.5866666666666664,0.8133333333333334,0.9733333333333334,0.38666666666666666,2.3733333333333335,2.76,1.3066666666666666,0.6,0.02666666666666667,0.7866666666666666,1.1466666666666667,9.186666666666667,-4.066666666666666,266.0,677.0,96.0,269.0,61.0,73.0,29.0,178.0,207.0,98.0,45.0,2.0,59.0,86.0,689.0,-305.0,75,1434.56,107592.0
202347,Quincy Pondexter,2.981132075471698,6.69811320754717,1.4528301886792452,3.490566037735849,1.0566037735849056,1.3773584905660377,0.7735849056603774,2.3773584905660377,3.150943396226415,1.5471698113207548,0.39622641509433965,0.3584905660377358,0.8490566037735849,2.30188679245283,8.471698113207546,-0.6037735849056604,158.0,355.0,77.0,185.0,56.0,73.0,41.0,126.0,167.0,82.0,21.0,19.0,45.0,122.0,449.0,-32.0,53,1641.3962264150944,86994.0
